kod_pemaju,found,nama_pemaju,emel,telefon,alamat_perniagaan,alamat_daftar,status_pemaju,bilangan_projek,probe_code,projek_nama,negeri,daerah,status_projek
1,yes,CHONG TECK QUEE & SON SDN. BHD.,-,,"No. 1, Tingkat 2, Lorong Wawasan  2, Taman Wawasan , 27000, Jerantut, Pahang","Unit C-6-5, Block C, 6th Floor, Megan Avenue Ii, , No. 12, Jalan Yap Kwan Seng, 50450, Kuala Lumpur, Wp Kuala Lumpur",Aktif,5,1-1,Taman Cempaka,-,-,
2,no,,,,,,,,,,,,
3,no,,,,,,,,,,,,
4,no,,,,,,,,,,,,
5,yes,CHIN BROTHERS CO SDN. BHD.,-,,"101, Jalan Sultan Idris Shah, 30000, Kinta, Perak","101 Jalan Sultan Idris Shah, 30000, Kinta, Perak",Aktif,14,5-1,Taman Kinta,-,-,
6,no,,,,,,,,,,,,
7,no,,,,,,,,,,,,
8,yes,GLENVIEW DEVELOPMENT SDN. BHD.,-,,-,-,Aktif,1,8-1,Lot 10490 Mukim Klang,-,-,
9,yes,BOLTON BERHAD,-,,-,-,Aktif,15,9-1,Taman Midah,-,-,
10,yes,SIA HER YAM REALTY SDN BHD,srg_jpn@shyg.com.my,079311101,"Suite 8-02, Wisma Sia Her Yam, Jalan Ros, 85000, Segamat, Johor","Level 1, 2 & 2a, Jalan Ps 3, , Plaza Semabok, Semabok, , 75050, Melaka Tengah, Melaka",Aktif,10,10-1,Taman Asia Timur,-,-,
11,no,,,,,,,,,,,,
12,no,,,,,,,,,,,,
13,no,,,,,,,,,,,,
14,no,,,,,,,,,,,,
15,no,,,,,,,,,,,,
16,no,,,,,,,,,,,,
17,no,,,,,,,,,,,,
18,no,,,,,,,,,,,,
19,no,,,,,,,,,,,,
20,no,,,,,,,,,,,,
21,no,,,,,,,,,,,,
22,no,,,,,,,,,,,,
23,yes,TEH WAN SANG &SONS HOUSING DEVT. S/B ,-,,-,-,Aktif,1,23-1,Taman Bukit Kuchai,-,-,
24,no,,,,,,,,,,,,
25,yes,BAN LEE SENDIRIAN BERHAD,-,,-,-,Aktif,5,25-1,Taman Tan Sri Lee Yan Lian,-,-,
26,no,,,,,,,,,,,,
27,no,,,,,,,,,,,,
28,no,,,,,,,,,,,,
29,yes,MAH POH CHEONG COMPANY SDN. BHD.,-,,-,-,Aktif,3,29-1,"Pekan Baru, Teluk Intan",-,-,
30,no,,,,,,,,,,,,
31,no,,,,,,,,,,,,
32,yes,BRDB DEVELOPMENTS SDN. BHD.,-,,"Level 11 Menara Brdb, 285 Jalan Maarof, Bukit Bandaraya, 59000, Kuala Lumpur, Wp Kuala Lumpur","Level 11 Menara Brdb, 285 Jalan Maarof, Bukit Bandaraya, 59000, Kuala Lumpur, Wp Kuala Lumpur",Aktif,16,32-1,Menara Bangsar,-,-,
33,no,,,,,,,,,,,,
34,no,,,,,,,,,,,,
35,no,,,,,,,,,,,,
36,no,,,,,,,,,,,,
37,yes,PETALING GARDEN SDN. BHD.,valli.m@spsetia.com,0387062552,"Bandar Kinrara Welcome Centre, Eight Kinrara- Block B, Ground & 1st Floor , Jalan Bk 5a/1, Bandar Kinrara, 47180, Petaling , Selangor","S P Setia Berhad Corporate Hq, , No. 12, Persiaran Setia Dagang, , Setia Alam, Seksyen U13, , 40170, Petaling , Selangor",Aktif,10,37-1,Bandar Baru Seri Petaling,Wp Kuala Lumpur,Kuala Lumpur,
38,no,,,,,,,,,,,,
39,no,,,,,,,,,,,,
40,no,,,,,,,,,,,,
41,no,,,,,,,,,,,,
42,no,,,,,,,,,,,,
43,no,,,,,,,,,,,,
44,no,,,,,,,,,,,,
45,yes,S.E.A HOUSING CORPORATION SDN. BHD.,-,,-,-,Aktif,2,45-1,Taman Sea,-,-,
46,no,,,,,,,,,,,,
47,no,,,,,,,,,,,,
48,no,,,,,,,,,,,,
49,no,,,,,,,,,,,,
50,no,,,,,,,,,,,,
51,yes,THE UNITED ENTERPRISE (KEDAH) SDN. BERHAD ,unitedentk@gmail.com,047321217,"No.27, Lebuhraya Darulaman, 05000, Kota Setar, Kedah","119a & C, Macalister Lane, 10400, Daerah Timor Laut, Pulau Pinang",Aktif,4,51-1,Taman Sri Halban,Kedah,Kubang Pasu,
52,no,,,,,,,,,,,,
53,no,,,,,,,,,,,,
54,no,,,,,,,,,,,,
55,no,,,,,,,,,,,,
56,no,,,,,,,,,,,,
57,no,,,,,,,,,,,,
58,no,,,,,,,,,,,,
59,yes,CHEW LOY CONST.CO. SDN. BHD,-,,-,-,Aktif,1,59-1,Taman Bahagia,-,-,
60,no,,,,,,,,,,,,
61,no,,,,,,,,,,,,
62,no,,,,,,,,,,,,
63,no,,,,,,,,,,,,
64,no,,,,,,,,,,,,
65,yes,PENINSULAR LAND DEVELOPMENT SDN. BHD.,-,,-,-,Aktif,2,65-1,The Peninsular,-,-,
66,no,,,,,,,,,,,,
67,no,,,,,,,,,,,,
68,no,,,,,,,,,,,,
69,no,,,,,,,,,,,,
70,no,,,,,,,,,,,,
71,no,,,,,,,,,,,,
72,no,,,,,,,,,,,,
73,no,,,,,,,,,,,,
74,no,,,,,,,,,,,,
75,yes,QUEK & COMPANY SDN BHD,quekandco@gmail.com,095161921,"No. 55, Jalan Mahkota, 25000, Kuantan, Pahang","No.55,jalan Mahkota, 25000, Kuantan, Pahang",Aktif,35,75-1,Taman Kasturi,-,-,
76,no,,,,,,,,,,,,
77,no,,,,,,,,,,,,
78,no,,,,,,,,,,,,
79,yes,NAM FUAT (MALAYA) COMPANY SDN. BHD.,-,,"No.11-d, Jalan Mamanda 7/1, Off Jalan Ampang, 68000, Hulu Langat, Selangor","No 11-d, Jalan Memanda 7/1, Off Jalan Ampang,, 68000, Hulu Langat, Selangor",Aktif,4,79-1,Lot 11319-11345 & 11347-11374,-,-,
80,no,,,,,,,,,,,,
81,no,,,,,,,,,,,,
82,no,,,,,,,,,,,,
83,no,,,,,,,,,,,,
84,no,,,,,,,,,,,,
85,yes,ORIENTAL REALTY SDN. BERHAD,"lfong@bsg.com.my, keteh@bsg.com.my",04-2637888,"25-b, Lebuh Farquhar,, 10200, Daerah Timor Laut, Pulau Pinang","Suite 2-1, Tingkat 2, Menara Penang Garden, 42a Jalan Sultan Ahmad Shah, 10050, Daerah Timor Laut, Pulau Pinang",Aktif,6,85-1,Taman Saw Kit,Pulau Pinang,Daerah Barat Daya,
86,no,,,,,,,,,,,,
87,no,,,,,,,,,,,,
88,no,,,,,,,,,,,,
89,no,,,,,,,,,,,,
90,yes,TAN CHEE HOE & SONS SDN. BHD.,-,,-,-,Aktif,1,90-1,Taman Seremban Jaya,-,-,
91,no,,,,,,,,,,,,
92,no,,,,,,,,,,,,
93,no,,,,,,,,,,,,
94,no,,,,,,,,,,,,
95,no,,,,,,,,,,,,
96,no,,,,,,,,,,,,
97,no,,,,,,,,,,,,
98,no,,,,,,,,,,,,
99,no,,,,,,,,,,,,
100,no,,,,,,,,,,,,
101,no,,,,,,,,,,,,
102,no,,,,,,,,,,,,
103,no,,,,,,,,,,,,
104,no,,,,,,,,,,,,
105,no,,,,,,,,,,,,
106,no,,,,,,,,,,,,
107,no,,,,,,,,,,,,
108,no,,,,,,,,,,,,
109,no,,,,,,,,,,,,
110,no,,,,,,,,,,,,
111,no,,,,,,,,,,,,
112,no,,,,,,,,,,,,
113,yes,HOMEMAKERS SDN. BHD ,-,,-,-,Aktif,3,113-1,Ppp/l,-,-,
114,no,,,,,,,,,,,,
115,no,,,,,,,,,,,,
116,no,,,,,,,,,,,,
117,no,,,,,,,,,,,,
118,no,,,,,,,,,,,,
119,no,,,,,,,,,,,,
120,yes,JAYA HOUSING CORPORATION SDN. BHD.,-,,-,-,Aktif,2,120-1,Taman Selayang Jaya,-,-,
121,no,,,,,,,,,,,,
122,yes,HUAT COMPANY SDN. BHD.,-,,-,-,Aktif,2,122-1,Taman Berjaya Nibong Tebal,-,-,
123,no,,,,,,,,,,,,
124,no,,,,,,,,,,,,
125,no,,,,,,,,,,,,
126,no,,,,,,,,,,,,
127,no,,,,,,,,,,,,
128,no,,,,,,,,,,,,
129,no,,,,,,,,,,,,
130,no,,,,,,,,,,,,
131,yes,TANG KWOR HAM REALTY SDN. BHD.,-,06-2824648,"177-a, Jalan Tun Ali(industrial Road), 75300, Melaka Tengah, Melaka","177-a, Jalan Tun Ali(industrial Road), 75300, Melaka Tengah, Melaka",Aktif,8,131-1,Taman Sri Emas F-4 (p1),-,-,
132,yes,LIP SIN COMPANY SDN BHD,-,,"2-2-9 & 2-2-10, Bangunan Lip Sin, Lebuh Pekaka Satu, Sungai Dua, 11700, Daerah Barat Daya, Pulau Pinang","2-2-9 & 2-2-10 Bangunan Lip Sin, Lebuh Pekaka 1, Sungai Dua, 11700, Daerah Timor Laut, Pulau Pinang",Aktif,23,132-1,Taman Sri Tenang,-,-,
133,no,,,,,,,,,,,,
134,no,,,,,,,,,,,,
135,no,,,,,,,,,,,,
136,no,,,,,,,,,,,,
137,no,,,,,,,,,,,,
138,yes,SYARIKAT CHIT LOONG REALTY SDN. BHD.,-,,-,-,Aktif,4,138-1,Taman Bukit Bidor,-,-,
139,no,,,,,,,,,,,,
140,no,,,,,,,,,,,,
141,no,,,,,,,,,,,,
142,no,,,,,,,,,,,,
143,no,,,,,,,,,,,,
144,no,,,,,,,,,,,,
145,no,,,,,,,,,,,,
146,no,,,,,,,,,,,,
147,no,,,,,,,,,,,,
148,no,,,,,,,,,,,,
149,no,,,,,,,,,,,,
150,no,,,,,,,,,,,,
151,yes,PENANG LAND DEVELOPMENT SDN. BHD.,-,,-,-,Aktif,4,151-1,Taman Lembah Sungei,-,-,
152,yes,KUANTAN REALTY & ESTATE AGENCY SDN. BHD.,-,,-,-,Aktif,3,152-1,Seri Prima,-,-,
153,no,,,,,,,,,,,,
154,no,,,,,,,,,,,,
155,no,,,,,,,,,,,,
156,no,,,,,,,,,,,,
157,no,,,,,,,,,,,,
158,yes,CHONG COMPANY SDN BERHAD,-,,"54, Jalan Dato Keramat, 10150, Daerah Timor Laut, Pulau Pinang","54, Jalan Dato Keramat, 10150, Daerah Timor Laut, Pulau Pinang",Aktif,6,158-1,Pinang Court,-,-,
159,no,,,,,,,,,,,,
160,no,,,,,,,,,,,,
161,no,,,,,,,,,,,,
162,no,,,,,,,,,,,,
163,yes,HOOVER REALTY C0. SDN. BHD.,-,,-,-,Aktif,3,163-1,Taman Wah Keong,-,-,
164,no,,,,,,,,,,,,
165,no,,,,,,,,,,,,
166,no,,,,,,,,,,,,
167,no,,,,,,,,,,,,
168,no,,,,,,,,,,,,
169,no,,,,,,,,,,,,
170,no,,,,,,,,,,,,
171,no,,,,,,,,,,,,
172,no,,,,,,,,,,,,
173,no,,,,,,,,,,,,
174,no,,,,,,,,,,,,
175,no,,,,,,,,,,,,
176,no,,,,,,,,,,,,
177,no,,,,,,,,,,,,
178,no,,,,,,,,,,,,
179,no,,,,,,,,,,,,
180,no,,,,,,,,,,,,
181,no,,,,,,,,,,,,
182,no,,,,,,,,,,,,
183,no,,,,,,,,,,,,
184,no,,,,,,,,,,,,
185,no,,,,,,,,,,,,
186,no,,,,,,,,,,,,
187,no,,,,,,,,,,,,
188,no,,,,,,,,,,,,
189,no,,,,,,,,,,,,
190,no,,,,,,,,,,,,
191,no,,,,,,,,,,,,
192,no,,,,,,,,,,,,
193,yes,SIM NAM HOUSING DEVELOPMENT CO. SDN. BHD,simnam.co@gmail.com,03-79820899,"23-29, Jalan 2/128, Taman Gembira Off Jalan Kuchai Lama,, 58200, Kuala Lumpur, Wp Kuala Lumpur","23-29, Jalan 2/128, Taman Gembira Off Jalan Kuchai Lama,, 58200, Kuala Lumpur, Wp Kuala Lumpur",Aktif,7,193-1,Taman Gembira,-,-,
194,no,,,,,,,,,,,,
195,no,,,,,,,,,,,,
196,no,,,,,,,,,,,,
197,no,,,,,,,,,,,,
198,no,,,,,,,,,,,,
199,yes,UNITED PROPERTIES CO-OPERATION SDN. BHD,astbast@tm.net.my,06-7635203,"Lot 5994 Taman Ast, 70200, Seremban, Negeri Sembilan","Lot 5994 Taman Ast, 70200, Seremban, Negeri Sembilan",Aktif,6,199-1,Taman Permai 3,Negeri Sembilan,Seremban,
200,no,,,,,,,,,,,,
201,no,,,,,,,,,,,,
202,yes,LEE MAN CONSTRUCTION COMPANY SDN. BHD.,-,,-,-,Aktif,2,202-1,Taman Seri Berembang,-,-,
203,no,,,,,,,,,,,,
204,no,,,,,,,,,,,,
205,no,,,,,,,,,,,,
206,no,,,,,,,,,,,,
207,yes,ONG CONSTRUCTION SDN. BHD.,-,,-,-,Aktif,1,207-1,Taman Seri Intan,-,-,
208,no,,,,,,,,,,,,
209,no,,,,,,,,,,,,
210,no,,,,,,,,,,,,
211,no,,,,,,,,,,,,
212,no,,,,,,,,,,,,
213,yes,SIN HIN DEVELOPMENT SDN. BHD.,-,,-,-,Aktif,2,213-1,Taman Jaya,-,-,
214,no,,,,,,,,,,,,
215,no,,,,,,,,,,,,
216,no,,,,,,,,,,,,
217,no,,,,,,,,,,,,
218,no,,,,,,,,,,,,
219,no,,,,,,,,,,,,
220,no,,,,,,,,,,,,
221,no,,,,,,,,,,,,
222,no,,,,,,,,,,,,
223,no,,,,,,,,,,,,
224,no,,,,,,,,,,,,
225,no,,,,,,,,,,,,
226,no,,,,,,,,,,,,
227,no,,,,,,,,,,,,
228,no,,,,,,,,,,,,
229,no,,,,,,,,,,,,
230,no,,,,,,,,,,,,
231,no,,,,,,,,,,,,
232,no,,,,,,,,,,,,
233,no,,,,,,,,,,,,
234,no,,,,,,,,,,,,
235,no,,,,,,,,,,,,
236,no,,,,,,,,,,,,
237,yes,LIM CHOON HING & SONS SDN. BHD ,-,,-,-,Aktif,11,237-1,Taman Leboh Sepat 3,-,-,
238,no,,,,,,,,,,,,
239,no,,,,,,,,,,,,
240,yes,MALAYAN BUILDING DEVELOPMENT SDN. BHD.,-,,-,-,Aktif,1,240-1,Desa Tambun Ipoh,-,-,
241,no,,,,,,,,,,,,
242,no,,,,,,,,,,,,
243,yes,RUBY DEVELOPMENT SDN. BHD.,-,,-,-,Aktif,1,243-1,Pangsapuri Delima,-,-,
244,no,,,,,,,,,,,,
245,no,,,,,,,,,,,,
246,yes,KIMSAR SDN. BHD.,-,,-,-,Aktif,2,246-1,Kimsar Apartments,-,-,
247,yes,GOLDEN CITY PROPERTIES SDN. BHD,goldcity@tm.net.com,03-2145 6633,"Level 5, Wisma Golden City, No. 75, Jln Bukit Bintang, 55100, Kuala Lumpur, Wp Kuala Lumpur","No.90, Jalan Alor, 55100, Kuala Lumpur, Wp Kuala Lumpur",Aktif,3,247-1,Wisma Sayor,-,-,
248,no,,,,,,,,,,,,
249,no,,,,,,,,,,,,
250,no,,,,,,,,,,,,
251,no,,,,,,,,,,,,
252,yes,PERAK REAL ESTATES SDN. BHD,-,,-,-,Aktif,6,252-1,Taman Perak,-,-,
253,no,,,,,,,,,,,,
254,no,,,,,,,,,,,,
255,no,,,,,,,,,,,,
256,no,,,,,,,,,,,,
257,no,,,,,,,,,,,,
258,no,,,,,,,,,,,,
259,no,,,,,,,,,,,,
260,yes,CHIN PEK SOO & SONS SDN. BHD.,cpshldgs@streamyx.com,05-2543117,"87 Jalan Sultan Yussuf, 30000, Kinta, Perak","55 Medan Ipoh 1a, Medan Ipoh Bistari, 31400, Kinta, Perak",Aktif,6,260-1,Taman Grik,-,-,
261,no,,,,,,,,,,,,
262,no,,,,,,,,,,,,
263,yes,SUNRISE BERHAD,-,,"Level U2 Block C5 , Solaris Dutamas , No 1 Jalan Dutamas , 50480, Kuala Lumpur, Wp Kuala Lumpur","Level U6, Block C5,, Solaris Dutamas,, No. 1, Jalan Dutamas 1,, 50480, Kuala Lumpur, Wp Kuala Lumpur",Aktif,16,263-1,O.g. Heights,-,-,
264,no,,,,,,,,,,,,
265,yes,KINTA PROPERTIES SDN.BERHAD.,faraadisno@kintaproperties.com,052921333,"2, Sri Klebang A/12, Bandar Baru Sri Klebang, 31200, Kinta, Perak","No. 1 Jalan Lasam, 30350, Kinta, Perak",Aktif,26,265-1,Taman Pertama Fasa 2d,-,-,
266,no,,,,,,,,,,,,
267,no,,,,,,,,,,,,
268,no,,,,,,,,,,,,
269,no,,,,,,,,,,,,
270,no,,,,,,,,,,,,
271,no,,,,,,,,,,,,
272,no,,,,,,,,,,,,
273,no,,,,,,,,,,,,
274,no,,,,,,,,,,,,
275,no,,,,,,,,,,,,
276,no,,,,,,,,,,,,
277,no,,,,,,,,,,,,
278,no,,,,,,,,,,,,
279,no,,,,,,,,,,,,
280,no,,,,,,,,,,,,
281,no,,,,,,,,,,,,
282,no,,,,,,,,,,,,
283,yes,ENG LIAN ENTERPRISE SDN. BHD.,-,,-,-,Aktif,2,283-1,Bangsar Baru Fasa 6a,-,-,
284,no,,,,,,,,,,,,
285,no,,,,,,,,,,,,
286,no,,,,,,,,,,,,
287,no,,,,,,,,,,,,
288,no,,,,,,,,,,,,
289,yes,HOCK BAN SEONG & CO. SDN. BHD.,-,03-51624458,"19gf, Lorong Temenggung 15a, Off Jalan Sg Jati19gf, 41200, Klang, Selangor","Room 101, 2nd Floor Wisma Hup Tai, 1 Lorong Raja Bot,, 41400, Klang, Selangor",Aktif,3,289-1,Lot 10429,-,-,
290,no,,,,,,,,,,,,
291,no,,,,,,,,,,,,
292,yes,SAIWAI LAND SDN. BHD.,angie@lawassociate.com,03-21666122,"B-5-8 Megan Avenue 1, Jalan Tun Razak, 50400, Kuala Lumpur, Wp Kuala Lumpur","B-5-7 Suite 1, 5th Floor, Megan Avenue I, 50400, Kuala Lumpur, Wp Kuala Lumpur",Aktif,4,292-1,Taman Sri Segambut,-,-,
293,no,,,,,,,,,,,,
294,no,,,,,,,,,,,,
295,yes,UNION DEVELOPMENT SDN BHD.,-,,-,-,Aktif,1,295-1,Seri Gembira ,-,-,
296,no,,,,,,,,,,,,
297,no,,,,,,,,,,,,
298,no,,,,,,,,,,,,
299,yes,PERAK CONSTRUCTION SDN. BHD.,-,,-,-,Aktif,1,299-1,Taman Pusing (p1),-,-,
300,no,,,,,,,,,,,,
301,no,,,,,,,,,,,,
302,no,,,,,,,,,,,,
303,yes,BUKIT GAMBIR COMPANY SDN. BERHAD,maharani@binaik.com.my,069519891,"No. 23, Tingkat 1, , Jalan Majidi, 84000, Muar, Johor","No.10,1st Flr, Jalan Arab, 84000, Muar, Johor",Aktif,4,303-1,Taman Melor Jaya Fasa 1,Johor,Tangkak,
304,no,,,,,,,,,,,,
305,no,,,,,,,,,,,,
306,no,,,,,,,,,,,,
307,no,,,,,,,,,,,,
308,no,,,,,,,,,,,,
309,no,,,,,,,,,,,,
310,no,,,,,,,,,,,,
311,no,,,,,,,,,,,,
312,no,,,,,,,,,,,,
313,no,,,,,,,,,,,,
314,no,,,,,,,,,,,,
315,no,,,,,,,,,,,,
316,no,,,,,,,,,,,,
317,no,,,,,,,,,,,,
318,yes,SYARIKAT PERUMAHAN PEGAWAI KERAJAAN SENDIRIAN BERHAD,mdzulkarnain.ahmad@gmail.com,0380829542,"Eight Kinrara - Block B, Jalan Bk 5a/1, 47180, Petaling , Selangor","S P Setia Berhad Corporate Hq,, No. 12, Persiaran Setia Dagang,, Setia Alam, Seksyen U13,, 40170, Klang, Selangor",Aktif,24,318-1,Taman Bukit Cheras,-,-,
319,yes,HO SHEN CONSTRUCTION (M) SDN. BHD.,-,,-,-,Aktif,2,319-1,Taman Pelangi Ii,-,-,
320,no,,,,,,,,,,,,
321,no,,,,,,,,,,,,
322,no,,,,,,,,,,,,
323,no,,,,,,,,,,,,
324,no,,,,,,,,,,,,
325,no,,,,,,,,,,,,
326,no,,,,,,,,,,,,
327,no,,,,,,,,,,,,
328,no,,,,,,,,,,,,
329,no,,,,,,,,,,,,
330,no,,,,,,,,,,,,
331,no,,,,,,,,,,,,
332,no,,,,,,,,,,,,
333,no,,,,,,,,,,,,
334,no,,,,,,,,,,,,
335,no,,,,,,,,,,,,
336,no,,,,,,,,,,,,
337,no,,,,,,,,,,,,
338,no,,,,,,,,,,,,
339,no,,,,,,,,,,,,
340,no,,,,,,,,,,,,
341,no,,,,,,,,,,,,
342,no,,,,,,,,,,,,
343,no,,,,,,,,,,,,
344,no,,,,,,,,,,,,
345,no,,,,,,,,,,,,
346,no,,,,,,,,,,,,
347,no,,,,,,,,,,,,
348,yes,NAM SENG HOUSING DEVELOPMENT SDN. BHD.,-,06-2823844,"No. 40 Jalan Tun Perak, 75300, Melaka Tengah, Melaka","11-k (1st Floor) Jalan Tun Perak, 75300, Melaka Tengah, Melaka",Aktif,2,348-1,Taman Bacang,-,-,
349,no,,,,,,,,,,,,
350,no,,,,,,,,,,,,
351,yes,KLUANG DEVELOPMENT SDN. BHD.,-,,-,-,Aktif,3,351-1,Taman Sri Tengah,-,-,
352,no,,,,,,,,,,,,
353,no,,,,,,,,,,,,
354,yes,TAI LEE CREDIT CORPORATION SDN. BHD.,-,,-,-,Aktif,1,354-1,Taman Mas Taiping,-,-,
355,yes,KUAN WOH SDN. BERHAD,-,05-2538898,"No. 2, Jalan Bendahara, 31650, Kinta, Perak","No.11, Jalan Lau Ek Ching, 30300, Kinta, Perak",Aktif,2,355-1,Taman Kuan Woh,-,-,
356,no,,,,,,,,,,,,
357,yes,CITY INVESTMENT SDN. BHD.,-,,-,-,Aktif,3,357-1,Ast Ii,-,-,
358,no,,,,,,,,,,,,
359,no,,,,,,,,,,,,
360,no,,,,,,,,,,,,
361,no,,,,,,,,,,,,
362,yes,DAIMAN DEVELOPMENT BHD.,daiman@daiman.com.my,072255888,"Level 32 Menara Landmark, No. 12 Jalan Ngee Heng, Ibrahim International Business District, 80888, Johor Bahru, Johor","Suite 5.11 & 5.12,, 5th Floor, Menara Tjb,, No. 9, Jalan Syed Mohd. Mufti,, 80888, Johor Bahru, Johor",Aktif,14,362-1,Taman Johor Jaya Vila Pesona,Johor,Johor Bahru,
363,no,,,,,,,,,,,,
364,no,,,,,,,,,,,,
365,no,,,,,,,,,,,,
366,no,,,,,,,,,,,,
367,no,,,,,,,,,,,,
368,no,,,,,,,,,,,,
369,no,,,,,,,,,,,,
370,no,,,,,,,,,,,,
371,no,,,,,,,,,,,,
372,no,,,,,,,,,,,,
373,no,,,,,,,,,,,,
374,no,,,,,,,,,,,,
375,no,,,,,,,,,,,,
376,no,,,,,,,,,,,,
377,no,,,,,,,,,,,,
378,no,,,,,,,,,,,,
379,no,,,,,,,,,,,,
380,no,,,,,,,,,,,,
381,no,,,,,,,,,,,,
382,no,,,,,,,,,,,,
383,no,,,,,,,,,,,,
384,no,,,,,,,,,,,,
385,no,,,,,,,,,,,,
386,no,,,,,,,,,,,,
387,no,,,,,,,,,,,,
388,no,,,,,,,,,,,,
389,no,,,,,,,,,,,,
390,no,,,,,,,,,,,,
391,no,,,,,,,,,,,,
392,no,,,,,,,,,,,,
393,no,,,,,,,,,,,,
394,no,,,,,,,,,,,,
395,no,,,,,,,,,,,,
396,no,,,,,,,,,,,,
397,no,,,,,,,,,,,,
398,no,,,,,,,,,,,,
399,no,,,,,,,,,,,,
400,no,,,,,,,,,,,,
401,no,,,,,,,,,,,,
402,no,,,,,,,,,,,,
403,no,,,,,,,,,,,,
404,no,,,,,,,,,,,,
405,no,,,,,,,,,,,,
406,no,,,,,,,,,,,,
407,no,,,,,,,,,,,,
408,yes,BAN SENG HUAT SDN. BHD ,-,,-,-,Aktif,5,408-1,Xxx,-,-,
409,no,,,,,,,,,,,,
410,no,,,,,,,,,,,,
411,no,,,,,,,,,,,,
412,no,,,,,,,,,,,,
413,no,,,,,,,,,,,,
414,no,,,,,,,,,,,,
415,no,,,,,,,,,,,,
416,no,,,,,,,,,,,,
417,no,,,,,,,,,,,,
418,no,,,,,,,,,,,,
419,no,,,,,,,,,,,,
420,no,,,,,,,,,,,,
421,no,,,,,,,,,,,,
422,no,,,,,,,,,,,,
423,no,,,,,,,,,,,,
424,no,,,,,,,,,,,,
425,yes,AUN HUAT & BROTHERS SDN. BHD,-,,-,-,Aktif,3,425-1,Taman Anda ,-,-,
426,no,,,,,,,,,,,,
427,no,,,,,,,,,,,,
428,no,,,,,,,,,,,,
429,no,,,,,,,,,,,,
430,no,,,,,,,,,,,,
431,no,,,,,,,,,,,,
432,no,,,,,,,,,,,,
433,no,,,,,,,,,,,,
434,no,,,,,,,,,,,,
435,no,,,,,,,,,,,,
436,no,,,,,,,,,,,,
437,no,,,,,,,,,,,,
438,no,,,,,,,,,,,,
439,yes,SHARIKAT PERUMAHAN PACIFIC SDN. BHD.,-,,"A7,1st Floor,jalan Tun Ismail2, Sri Dagangan 2,, 25000, Kuantan, Pahang","No.13,tkt.2,jln.pasar Baru, 25000, Kuantan, Pahang",Aktif,26,439-1,Taman Peninsular Jaya,-,-,
440,no,,,,,,,,,,,,
441,no,,,,,,,,,,,,
442,no,,,,,,,,,,,,
443,no,,,,,,,,,,,,
444,no,,,,,,,,,,,,
445,no,,,,,,,,,,,,
446,no,,,,,,,,,,,,
447,no,,,,,,,,,,,,
448,no,,,,,,,,,,,,
449,no,,,,,,,,,,,,
450,no,,,,,,,,,,,,
451,no,,,,,,,,,,,,
452,no,,,,,,,,,,,,
453,no,,,,,,,,,,,,
454,no,,,,,,,,,,,,
455,no,,,,,,,,,,,,
456,no,,,,,,,,,,,,
457,no,,,,,,,,,,,,
458,no,,,,,,,,,,,,
459,no,,,,,,,,,,,,
460,no,,,,,,,,,,,,
461,no,,,,,,,,,,,,
462,yes,KAM SENG CO. (M) SDN. BHD.,chc_123@streamyx.com,05-3661378,"3, Jalan Kemajuan, 31000, Kinta, Perak","3, Jalan Kemajuan, 31000, Kinta, Perak",Aktif,5,462-1,Taman Mewah,-,-,
463,no,,,,,,,,,,,,
464,no,,,,,,,,,,,,
465,no,,,,,,,,,,,,
466,no,,,,,,,,,,,,
467,no,,,,,,,,,,,,
468,no,,,,,,,,,,,,
469,no,,,,,,,,,,,,
470,no,,,,,,,,,,,,
471,no,,,,,,,,,,,,
472,no,,,,,,,,,,,,
473,yes,SOUTH EAST ASIA LAND DEVT. (M) BHD.,-,,-,-,Aktif,1,473-1,Taman Kotamas,-,-,
474,no,,,,,,,,,,,,
475,no,,,,,,,,,,,,
476,no,,,,,,,,,,,,
477,no,,,,,,,,,,,,
478,no,,,,,,,,,,,,
479,no,,,,,,,,,,,,
480,no,,,,,,,,,,,,
481,yes,GIM HWA REALTY SDN. BHD.,-,,-,-,Aktif,4,481-1,Taman Intan (jalan Manggis),-,-,
482,no,,,,,,,,,,,,
483,no,,,,,,,,,,,,
484,no,,,,,,,,,,,,
485,no,,,,,,,,,,,,
486,no,,,,,,,,,,,,
487,no,,,,,,,,,,,,
488,no,,,,,,,,,,,,
489,no,,,,,,,,,,,,
490,yes,WIJAYA DEVELOPMENT SDN. BHD.,WIJAYA72@STREAMYX.COM,07-9251888,"No. 58 & 60, Jln. Tenang, 85300, Segamat, Johor","Unit 10-02(a), Level 10, Menara Tjb, No. 9, Jln. Syed Mohd Mufti, 80000, Johor Bahru, Johor",Aktif,26,490-1,"Taman Srijaya, Sagil",-,-,
491,no,,,,,,,,,,,,
492,no,,,,,,,,,,,,
493,no,,,,,,,,,,,,
494,yes,SYARIKAT MALURI SDN. BHD.,-,,-,-,Aktif,2,494-1,Taman Maluri,-,-,
495,no,,,,,,,,,,,,
496,no,,,,,,,,,,,,
497,no,,,,,,,,,,,,
498,no,,,,,,,,,,,,
499,no,,,,,,,,,,,,
500,no,,,,,,,,,,,,
501,no,,,,,,,,,,,,
502,no,,,,,,,,,,,,
503,no,,,,,,,,,,,,
504,no,,,,,,,,,,,,
505,yes,TASEK DEVELOPMENT SDN. BHD.,tmrjb@tasekmaju.com.my,07-2320088,"Suite 603-607, 6th Floor, Bangunan Ang, No. 1, Jalan Jeram, Taman Tasek,, 80200, Johor Bahru, Johor","Suite 7e, Level 7, Menara Ansar,65, Jalan Trus,, 80000, Johor Bahru, Johor",Aktif,1,505-1,Taman Tasek,-,-,
506,yes,SIN SOON LEE REALTY COMPANY (M) SENDIRIAN BERHAD,sinsoonlee.realtyco@gmail.com,,"No. 30 & 32, Jalan Perjiranan 4/2, Bandar Dato' Onn, 81100, Batu Pahat, Johor","Suite 5.11 & 5.12, 5th Floor, Menara Tjb, , No.9, Jalan Syed Mohd. Mufti,, 80888, Batu Pahat, Johor",Aktif,7,506-1,Taman Makmur,-,-,
507,no,,,,,,,,,,,,
508,no,,,,,,,,,,,,
509,yes,LEAN FUNG CONSTRUCTION SDN. BHD.,-,04-2611544,"306 & A-306, Weld Quay, Pdc Flats,, 10300, Daerah Timor Laut, Pulau Pinang","Suite 704 & 705, 7th Floor, 11, Lorong Kinta, 10400, Daerah Timor Laut, Pulau Pinang",Aktif,7,509-1,Lean Fung Garden,-,-,
510,no,,,,,,,,,,,,
511,no,,,,,,,,,,,,
512,no,,,,,,,,,,,,
513,no,,,,,,,,,,,,
514,no,,,,,,,,,,,,
515,no,,,,,,,,,,,,
516,no,,,,,,,,,,,,
517,yes,SYARIKAT MAJU JAYA SDN. BHD,chghin@tm.net.my,03-21429188,"4th Flr. Wisma Cheong Hin, 116-118 Jalan Pudu, 55100, Kuala Lumpur, Wp Kuala Lumpur","4th Flr. Wisma Cheong Hin, 116-118 Jalan Pudu, 55100, Kuala Lumpur, Wp Kuala Lumpur",Aktif,1,517-1,Medan Maju Jaya,Selangor,Petaling ,
518,no,,,,,,,,,,,,
519,no,,,,,,,,,,,,
520,no,,,,,,,,,,,,
521,no,,,,,,,,,,,,
522,no,,,,,,,,,,,,
523,no,,,,,,,,,,,,
524,no,,,,,,,,,,,,
525,no,,,,,,,,,,,,
526,no,,,,,,,,,,,,
527,no,,,,,,,,,,,,
528,no,,,,,,,,,,,,
529,no,,,,,,,,,,,,
530,no,,,,,,,,,,,,
531,no,,,,,,,,,,,,
532,no,,,,,,,,,,,,
533,yes,HENG KEE COMPANY SENDIRIAN BERHAD,-,,"No. 18, Jalan Penchala, 46050, Petaling , Selangor","B-6-16 (suite 1), Block B Ativo Plaza, No.1 Jalan Pju 9/1, Damansara Avenue, Bandar Sri Damansara, 52200, Kuala Lumpur, Wp Kuala Lumpur",Aktif,4,533-1,"Subb Lot 380-437-l0t 30, Bandar Cheras",-,-,
534,no,,,,,,,,,,,,
535,no,,,,,,,,,,,,
536,no,,,,,,,,,,,,
537,no,,,,,,,,,,,,
538,no,,,,,,,,,,,,
539,no,,,,,,,,,,,,
540,no,,,,,,,,,,,,
541,no,,,,,,,,,,,,
542,no,,,,,,,,,,,,
543,no,,,,,,,,,,,,
544,no,,,,,,,,,,,,
545,yes,LEAN TAT DEVELOPMENT CO. SDN. BHD.,leantat@gmail.com,04-2612288,"20, Lebuh Hong Kong, 10100, Daerah Timor Laut, Pulau Pinang","20 Lebuh Hong Kong, 10100, Daerah Timor Laut, Pulau Pinang",Aktif,8,545-1,Lot 1042,-,-,
546,no,,,,,,,,,,,,
547,yes,LAM CHEW DEVELOPMENT SDN. BHD,-,,-,-,Aktif,2,547-1,Taman Han Chiang,-,-,
548,no,,,,,,,,,,,,
549,no,,,,,,,,,,,,
550,no,,,,,,,,,,,,
551,no,,,,,,,,,,,,
552,no,,,,,,,,,,,,
553,no,,,,,,,,,,,,
554,no,,,,,,,,,,,,
555,no,,,,,,,,,,,,
556,no,,,,,,,,,,,,
557,no,,,,,,,,,,,,
558,no,,,,,,,,,,,,
559,no,,,,,,,,,,,,
560,no,,,,,,,,,,,,
561,no,,,,,,,,,,,,
562,no,,,,,,,,,,,,
563,no,,,,,,,,,,,,
564,no,,,,,,,,,,,,
565,yes,THONG BROTHERS PROPERTY DEVT. SDN. BHD.,-,05-2415633,"No. 2a, Jalan 3/32a, Off Batu  6 1/2, Jalan Kepong, 52100, Kuala Lumpur, Wp Kuala Lumpur","35 Jalan Hussein, 30250, Kinta, Perak",Aktif,1,565-1,Taman Melati,Perak,Hilir Perak,
566,no,,,,,,,,,,,,
567,no,,,,,,,,,,,,
568,no,,,,,,,,,,,,
569,no,,,,,,,,,,,,
570,no,,,,,,,,,,,,
571,no,,,,,,,,,,,,
572,yes,I & P INDERAWASIH JAYA SDN. BHD,-,03-42597600,"24-31, Jalan Setiawangsa 8, Taman Setiawangsa,, 54200, Kuala Lumpur, Wp Kuala Lumpur","24-31,jalan Setiawangsa 8,taman Setiawangsa., 54200, Kuala Lumpur, Wp Kuala Lumpur",Aktif,3,572-1,Taman Inderawasih,-,-,
573,no,,,,,,,,,,,,
574,no,,,,,,,,,,,,
575,no,,,,,,,,,,,,
576,no,,,,,,,,,,,,
577,no,,,,,,,,,,,,
578,yes,PEMBANGUNAN PERUMAHAN ASEAN SDN. BHD.,-,,-,-,Aktif,2,578-1,Taman Asean,-,-,
579,no,,,,,,,,,,,,
580,no,,,,,,,,,,,,
581,yes,SATO AMOY CONST. (M) SDN. BHD,-,,-,-,Aktif,1,581-1,"Lot 38085 , 38048 , 38047 , 38071.",-,-,
582,yes,ENG DEVELOPMENT CO. SDN. BHD.,enggroup@tm.net.my,6063357080,"No. 12, Blok A, Plaza Wang, Jalan Tun Perak, 75300, Melaka Tengah, Melaka","No.53k, 1st Floor, Jalan Ong Kim Wee, 75300, Melaka Tengah, Melaka",Aktif,20,582-1,Taman Sri Menanti                               ,-,-,
583,no,,,,,,,,,,,,
584,yes,LOH HOLDINGS SDN. BHD.,-,,-,-,Aktif,5,584-1,Taman Sri Jempul,-,-,
585,no,,,,,,,,,,,,
586,no,,,,,,,,,,,,
587,no,,,,,,,,,,,,
588,no,,,,,,,,,,,,
589,no,,,,,,,,,,,,
590,no,,,,,,,,,,,,
591,no,,,,,,,,,,,,
592,no,,,,,,,,,,,,
593,no,,,,,,,,,,,,
594,no,,,,,,,,,,,,
595,no,,,,,,,,,,,,
596,no,,,,,,,,,,,,
597,yes,SIME DARBY PROPERTY (KL EAST) SDN. BHD.,nur.nasihan.razak@simedarbyproperty.com,0378495299,"Kl East Operation Office, Lot Pt 3638, Off Middle Ring Road 2, Desa Melawati, 53100, Petaling , Wp Kuala Lumpur","Level 10, Block G, No. 2, Jalan Pju 1a/7a, Ara Damansara, Pju 1a, 47301, Petaling , Selangor",Aktif,15,597-1,Taman Melawati,-,-,
598,no,,,,,,,,,,,,
599,no,,,,,,,,,,,,
600,no,,,,,,,,,,,,
601,no,,,,,,,,,,,,
602,no,,,,,,,,,,,,
603,no,,,,,,,,,,,,
604,no,,,,,,,,,,,,
605,no,,,,,,,,,,,,
606,no,,,,,,,,,,,,
607,no,,,,,,,,,,,,
608,no,,,,,,,,,,,,
609,yes,CHIN NAM BEE DEVELOPMENT SDN. BHD.,-,,-,-,Aktif,3,609-1,Taman Yong Peng Jaya,-,-,
610,no,,,,,,,,,,,,
611,no,,,,,,,,,,,,
612,no,,,,,,,,,,,,
613,no,,,,,,,,,,,,
614,no,,,,,,,,,,,,
615,no,,,,,,,,,,,,
616,yes,KENLIBENZ PROPERTIES SDN. BHD,-,,-,-,Aktif,2,616-1,Ta,-,-,
617,no,,,,,,,,,,,,
618,no,,,,,,,,,,,,
619,no,,,,,,,,,,,,
620,no,,,,,,,,,,,,
621,no,,,,,,,,,,,,
622,no,,,,,,,,,,,,
623,no,,,,,,,,,,,,
624,no,,,,,,,,,,,,
625,no,,,,,,,,,,,,
626,no,,,,,,,,,,,,
627,no,,,,,,,,,,,,
628,no,,,,,,,,,,,,
629,no,,,,,,,,,,,,
630,no,,,,,,,,,,,,
631,no,,,,,,,,,,,,
632,no,,,,,,,,,,,,
633,no,,,,,,,,,,,,
634,no,,,,,,,,,,,,
635,no,,,,,,,,,,,,
636,no,,,,,,,,,,,,
637,no,,,,,,,,,,,,
638,no,,,,,,,,,,,,
639,no,,,,,,,,,,,,
640,no,,,,,,,,,,,,
641,no,,,,,,,,,,,,
642,no,,,,,,,,,,,,
643,no,,,,,,,,,,,,
644,no,,,,,,,,,,,,
645,no,,,,,,,,,,,,
646,yes,GOH TIONG SIN CONSTRUCTION SDN. BHD.,-,,-,-,Aktif,2,646-1,Taman Suria,-,-,
647,no,,,,,,,,,,,,
648,no,,,,,,,,,,,,
649,no,,,,,,,,,,,,
650,no,,,,,,,,,,,,
651,no,,,,,,,,,,,,
652,no,,,,,,,,,,,,
653,no,,,,,,,,,,,,
654,no,,,,,,,,,,,,
655,no,,,,,,,,,,,,
656,no,,,,,,,,,,,,
657,no,,,,,,,,,,,,
658,no,,,,,,,,,,,,
659,no,,,,,,,,,,,,
660,no,,,,,,,,,,,,
661,no,,,,,,,,,,,,
662,no,,,,,,,,,,,,
663,yes,SYARIKAT KUANTAN DEVELOPMENT SDN.BHD.,ktndev@yahoo.com,,"126, Jalan Teluk Sisek, 25000, Kuantan, Pahang","158-160,tingkat 2, Jalan Teluk Sisek,  , 25050, Kuantan, Pahang",Aktif,21,663-1,Lot 69,-,-,
664,no,,,,,,,,,,,,
665,no,,,,,,,,,,,,
666,no,,,,,,,,,,,,
667,no,,,,,,,,,,,,
668,no,,,,,,,,,,,,
669,no,,,,,,,,,,,,
670,no,,,,,,,,,,,,
671,no,,,,,,,,,,,,
672,no,,,,,,,,,,,,
673,yes,PELANGI SDN. BHD.,pelangi-sales@spsetia.com,072412255,"Wisma S P Setia S1-0106-0109, S20110-0112, S3-0111, Jalan Indah 15, Taman Bukit Indah, 79100, Johor Bahru, Johor","S P Setia Berhad Corporate Hq,, No. 12, Persiaran Setia Dagang,, Setia Alam, Seksyen U13,, 40170, Petaling , Selangor",Aktif,12,673-1,Taman Pelangi,-,-,
674,no,,,,,,,,,,,,
675,no,,,,,,,,,,,,
676,no,,,,,,,,,,,,
677,no,,,,,,,,,,,,
678,no,,,,,,,,,,,,
679,no,,,,,,,,,,,,
680,no,,,,,,,,,,,,
681,no,,,,,,,,,,,,
682,no,,,,,,,,,,,,
683,yes,KANG GIAP (PERLIS) SDN. BHD.,-,,-,-,Aktif,2,683-1,Taman Perlis,-,-,
684,no,,,,,,,,,,,,
685,no,,,,,,,,,,,,
686,yes,TAMAN UDA-MURNI SDN. BHD.,-,,-,-,Aktif,2,686-1,Taman Murni Permai,-,-,
687,no,,,,,,,,,,,,
688,no,,,,,,,,,,,,
689,no,,,,,,,,,,,,
690,no,,,,,,,,,,,,
691,no,,,,,,,,,,,,
692,no,,,,,,,,,,,,
693,no,,,,,,,,,,,,
694,no,,,,,,,,,,,,
695,no,,,,,,,,,,,,
696,yes,TEH TENG SENG REALTY SDN. BHD.,-,,"No. 227, 5th Floor, Plaza Teh Teng Seng, Jalan Kampar, 30250, Kinta, Perak","111, Jalan Dato' Onn Jaafar, 2nd Floor, 30300, Kinta, Perak",Aktif,11,696-1,Taman Seri Gajah,-,-,
697,no,,,,,,,,,,,,
698,no,,,,,,,,,,,,
699,no,,,,,,,,,,,,
700,no,,,,,,,,,,,,
701,no,,,,,,,,,,,,
702,no,,,,,,,,,,,,
703,no,,,,,,,,,,,,
704,no,,,,,,,,,,,,
705,yes,NAM TAK REALTY SDN. BHD.,-,,-,-,Aktif,2,705-1,Taman Sri Mujur,-,-,
706,no,,,,,,,,,,,,
707,yes,TAMPOI INVESTMENT CO. SDN. BHD.,-,,-,-,Aktif,1,707-1,Taman Gembira,-,-,
708,no,,,,,,,,,,,,
709,yes,ENG ANN REALTY COMPANY (KLANG) SDN BHD,-,,"3rd Floor, Brem House, Crystal Crown Hotel, No.12, Lorong Utara A, Off Jalan Utara                      , 46200, Petaling , Selangor","Tkt 3,brem House, Crystal Crown Hotel, No.12,lrg.utara A, 46200, Petaling , Selangor",Aktif,3,709-1,Taman Pertama,-,-,
710,no,,,,,,,,,,,,
711,no,,,,,,,,,,,,
712,no,,,,,,,,,,,,
713,yes,PERBIBA SDN. BHD.,-,,-,-,Aktif,9,713-1,Pekan Razaki,-,-,
714,no,,,,,,,,,,,,
715,no,,,,,,,,,,,,
716,no,,,,,,,,,,,,
717,no,,,,,,,,,,,,
718,no,,,,,,,,,,,,
719,no,,,,,,,,,,,,
720,no,,,,,,,,,,,,
721,no,,,,,,,,,,,,
722,no,,,,,,,,,,,,
723,no,,,,,,,,,,,,
724,no,,,,,,,,,,,,
725,no,,,,,,,,,,,,
726,no,,,,,,,,,,,,
727,no,,,,,,,,,,,,
728,no,,,,,,,,,,,,
729,no,,,,,,,,,,,,
730,no,,,,,,,,,,,,
731,no,,,,,,,,,,,,
732,no,,,,,,,,,,,,
733,no,,,,,,,,,,,,
734,yes,TTDI DEVELOPMENT SDN. BHD.,-,,-,-,Aktif,8,734-1,Taman Tun Dr. Ismail,-,-,
735,no,,,,,,,,,,,,
736,no,,,,,,,,,,,,
737,no,,,,,,,,,,,,
738,no,,,,,,,,,,,,
739,no,,,,,,,,,,,,
740,no,,,,,,,,,,,,
741,no,,,,,,,,,,,,
742,yes,GOLDEN DRAGON GARDEN SDN. BHD,-,,-,-,Aktif,3,742-1,Taman Emas (p1),-,-,
743,no,,,,,,,,,,,,
744,no,,,,,,,,,,,,
745,no,,,,,,,,,,,,
746,no,,,,,,,,,,,,
747,no,,,,,,,,,,,,
748,no,,,,,,,,,,,,
749,no,,,,,,,,,,,,
750,no,,,,,,,,,,,,
751,no,,,,,,,,,,,,
752,no,,,,,,,,,,,,
753,no,,,,,,,,,,,,
754,no,,,,,,,,,,,,
755,no,,,,,,,,,,,,
756,no,,,,,,,,,,,,
757,no,,,,,,,,,,,,
758,no,,,,,,,,,,,,
759,no,,,,,,,,,,,,
760,yes,FOCK WAH DEVELOPMENT SDN. BHD.,-,09-5137976,"A-1, Tingakt Bawah, Bloka , Lorong Sekilau 22, Bukit Sekilau, 25200, Kuantan, Pahang","112, Tingkat 1, Blok A, Lorong Seri Teruntum 1, Medan Warisan, 25100, Kuantan, Pahang",Aktif,10,760-1,Taman Bertuah (fail Lama),-,-,
761,yes,GOLDEN CITY DEVELOPMENT SDN. BHD.,-,,"Level 5, No. 75, Jalan Bukit Bintang, 55100, Kuala Lumpur, Wp Kuala Lumpur","No. 90, Jalan Alor, 55100, Kuala Lumpur, Wp Kuala Lumpur",Aktif,12,761-1,Taman Rasa Sayang ,-,-,
762,no,,,,,,,,,,,,
763,no,,,,,,,,,,,,
764,no,,,,,,,,,,,,
765,no,,,,,,,,,,,,
766,no,,,,,,,,,,,,
767,no,,,,,,,,,,,,
768,no,,,,,,,,,,,,
769,no,,,,,,,,,,,,
770,no,,,,,,,,,,,,
771,no,,,,,,,,,,,,
772,no,,,,,,,,,,,,
773,no,,,,,,,,,,,,
774,no,,,,,,,,,,,,
775,no,,,,,,,,,,,,
776,no,,,,,,,,,,,,
777,no,,,,,,,,,,,,
778,no,,,,,,,,,,,,
779,no,,,,,,,,,,,,
780,yes,CHIIN HO REALTY DEVELOPMENT (M) SDN. BHD.,-,,-,-,Aktif,3,780-1,Taman Sentosa Fasa Ii,-,-,
781,no,,,,,,,,,,,,
782,no,,,,,,,,,,,,
783,no,,,,,,,,,,,,
784,no,,,,,,,,,,,,
785,no,,,,,,,,,,,,
786,no,,,,,,,,,,,,
787,no,,,,,,,,,,,,
788,no,,,,,,,,,,,,
789,yes,CLONLEE REALTY SDN. BHD.,clonlee_realty@yahoo.com.my,06-4411461,"564 Taman Clonlee, 73000, Tampin, Negeri Sembilan","Suite B, 1st Floor, 40,jalan Tunku Hassan, 70000, Seremban, Negeri Sembilan",Aktif,1,789-1,Taman Clonlee,Negeri Sembilan,Tampin,
790,yes,CHIP AIK REALTY CO. SDN. BHD.,chipaik@gmail.com,06-7625518,"47, Jalan Tunku Hassan, 70000, Seremban, Negeri Sembilan","47, Jalan Tunku Hassan, 70000, Seremban, Negeri Sembilan",Aktif,4,790-1,Xxx,-,-,
791,no,,,,,,,,,,,,
792,yes,NG CHEE YEW SDN. BHD.,-,,-,-,Aktif,1,792-1,Taman Bukit Kaya,-,-,
793,yes,LEONG AUN ENTERPRISE SDN. BHD.,-,,-,-,Aktif,5,793-1,Taman Timur,-,-,
794,no,,,,,,,,,,,,
795,no,,,,,,,,,,,,
796,no,,,,,,,,,,,,
797,no,,,,,,,,,,,,
798,no,,,,,,,,,,,,
799,no,,,,,,,,,,,,
800,no,,,,,,,,,,,,
801,yes,NAM CHOON DEVELOPERS SDN. BHD.,-,09-5164491,"30/32 Jalan Telok Sisek, 25700, Kuantan, Pahang","30/32 Jalan Telok Sisek, 25700, Kuantan, Pahang",Aktif,6,801-1,Taman Setongkol,-,-,
802,no,,,,,,,,,,,,
803,no,,,,,,,,,,,,
804,no,,,,,,,,,,,,
805,no,,,,,,,,,,,,
806,no,,,,,,,,,,,,
807,no,,,,,,,,,,,,
808,no,,,,,,,,,,,,
809,no,,,,,,,,,,,,
810,no,,,,,,,,,,,,
811,no,,,,,,,,,,,,
812,no,,,,,,,,,,,,
813,no,,,,,,,,,,,,
814,no,,,,,,,,,,,,
815,no,,,,,,,,,,,,
816,no,,,,,,,,,,,,
817,yes,UNIPHOENIX JAYA SDN. BHD.,annie@fiamma.com.my,0362798995,"Wisma Fiamma, No.20, Jalan 7a/62a, Bandar Menjalara, 52200, Kuala Lumpur, Wp Kuala Lumpur","12th Floor, Menara Symphony,, No. 5, Jalan Prof. Khoo Kay Kim,, Seksyen 13,, 46200, Petaling , Selangor",Aktif,1,817-1,Taman Kota Jaya,Johor,Kota Tinggi,
818,no,,,,,,,,,,,,
819,no,,,,,,,,,,,,
820,no,,,,,,,,,,,,
821,no,,,,,,,,,,,,
822,no,,,,,,,,,,,,
823,no,,,,,,,,,,,,
824,no,,,,,,,,,,,,
825,no,,,,,,,,,,,,
826,no,,,,,,,,,,,,
827,no,,,,,,,,,,,,
828,no,,,,,,,,,,,,
829,yes,USAHA EHSAN SDN. BHD.,-,,-,-,Aktif,1,829-1,Taman Ehsan Fasa-3b (p1),-,-,
830,no,,,,,,,,,,,,
831,no,,,,,,,,,,,,
832,no,,,,,,,,,,,,
833,no,,,,,,,,,,,,
834,no,,,,,,,,,,,,
835,yes,PERMAS JAYA SDN. BHD.,thgan@brdb.com.my,073871333,"#g-33 Blok A, Permas Mall, No. 3 Jalan Permas Utara, Bandar Baru Permas Jaya, 81750, Johor Bahru, Johor","Level 11 Menara Brdb, 285 Jalan Maarof, Bukit Bandaraya, 59000, Kuala Lumpur, Wp Kuala Lumpur",Aktif,15,835-1,Bandar Baru Permas Jaya Dua,Johor,Johor Bahru,
836,yes,HARIMAU HOUSING DEVELOPMENT SDN. BHD.,-,,-,-,Aktif,1,836-1,Bandar Baru Permas Jaya,-,-,
837,no,,,,,,,,,,,,
838,no,,,,,,,,,,,,
839,yes,LANDBANQ SDN. BHD.,-,,-,-,Aktif,2,839-1,Taman Lake View,-,-,
840,no,,,,,,,,,,,,
841,no,,,,,,,,,,,,
842,no,,,,,,,,,,,,
843,no,,,,,,,,,,,,
844,no,,,,,,,,,,,,
845,no,,,,,,,,,,,,
846,no,,,,,,,,,,,,
847,yes,LEONG WAN DEVELOPMENT SDN. BHD.,-,,"No.42,tingkat 1, Jalan Haji Abdul Aziz, 25000, Kuantan, Pahang","No.87,(1st Floor),jalan Haji Abdul Aziz., 25000, Kuantan, Pahang",Aktif,9,847-1,Taman Telok Sisek,-,-,
848,no,,,,,,,,,,,,
849,no,,,,,,,,,,,,
850,no,,,,,,,,,,,,
851,no,,,,,,,,,,,,
852,no,,,,,,,,,,,,
853,no,,,,,,,,,,,,
854,no,,,,,,,,,,,,
855,yes,SOGA SDN. BHD,mkt@pcd.lion.com.my,03-21622999,"Tingkat 14,menara Citibank,no 165 Jalan Ampang, 50450, Kuala Lumpur, Wp Kuala Lumpur","Tingkat 14,menara Citibank,no 165 Jalan Ampang, 50450, Kuala Lumpur, Wp Kuala Lumpur",Aktif,4,855-1,Taman Soga,-,-,
856,no,,,,,,,,,,,,
857,no,,,,,,,,,,,,
858,no,,,,,,,,,,,,
859,no,,,,,,,,,,,,
860,no,,,,,,,,,,,,
861,no,,,,,,,,,,,,
862,no,,,,,,,,,,,,
863,no,,,,,,,,,,,,
864,no,,,,,,,,,,,,
865,no,,,,,,,,,,,,
866,no,,,,,,,,,,,,
867,no,,,,,,,,,,,,
868,no,,,,,,,,,,,,
869,no,,,,,,,,,,,,
870,no,,,,,,,,,,,,
871,no,,,,,,,,,,,,
872,no,,,,,,,,,,,,
873,no,,,,,,,,,,,,
874,no,,,,,,,,,,,,
875,no,,,,,,,,,,,,
876,no,,,,,,,,,,,,
877,no,,,,,,,,,,,,
878,no,,,,,,,,,,,,
879,no,,,,,,,,,,,,
880,no,,,,,,,,,,,,
881,no,,,,,,,,,,,,
882,no,,,,,,,,,,,,
883,no,,,,,,,,,,,,
884,no,,,,,,,,,,,,
885,yes,BONDS CORPORATION SDN. BHD.,-,,-,-,Aktif,2,885-1,Desa Cheras,-,-,
886,no,,,,,,,,,,,,
887,yes,BANDAR PARK SDN. BHD.,TIADA,03-42579899,"Lot 1537, Jalan Pengkalan, Bandar Lahat Baru, 31500 Lahat, Ipoh, 31500, Kinta, Perak","No. 332a-19, 19th Floor, Plaza Ampang City, Jalan Ampang, 50450 Kuala Lumpur, 50450, Kuala Lumpur, Wp Kuala Lumpur",Aktif,2,887-1,Bandar Lahat Baru,-,-,
888,no,,,,,,,,,,,,
889,no,,,,,,,,,,,,
890,no,,,,,,,,,,,,
891,no,,,,,,,,,,,,
892,no,,,,,,,,,,,,
893,no,,,,,,,,,,,,
894,no,,,,,,,,,,,,
895,no,,,,,,,,,,,,
896,no,,,,,,,,,,,,
897,yes,PEMBANGUNAN FARLIM SDN. BHD,-,,-,-,Aktif,1,897-1,Taman Raud Utama,-,-,
898,no,,,,,,,,,,,,
899,no,,,,,,,,,,,,
900,no,,,,,,,,,,,,
901,no,,,,,,,,,,,,
902,no,,,,,,,,,,,,
903,no,,,,,,,,,,,,
904,yes,MERITAGE LAND SDN. BHD.,ocsb23@gmail.com,095664022,"B-12, Tingkat 2, Lorong Haji Ahmad, 10, Sri Pahang Business Centre, 25300, Kuantan, Pahang","B-38,1st Floor, Lorong Sri Teruntum 139, Off Jalan Bukit Ubi, 25100, Kuantan, Pahang",Aktif,7,904-1,Taman Sri Air Putih (p1),-,-,
905,no,,,,,,,,,,,,
906,no,,,,,,,,,,,,
907,yes,YU LEE REALTY SDN. BHD.,-,,-,-,Aktif,3,907-1,Taman Seri Bukit,-,-,
908,no,,,,,,,,,,,,
909,no,,,,,,,,,,,,
910,yes,SYARIKAT KAR KING SDN. BHD,-,05-3218519,"No.73, Jalan Pengkalan Barat, Taman Kar King, 31650, Kinta, Perak","No.73,jalan Pengkalan Barat,taman Kar King, 31650, Kinta, Perak",Aktif,6,910-1,Taman Mas,-,-,
911,yes,SRI PINANG DEVELOPMENT SDN. BHD.,-,,-,-,Aktif,1,911-1,Sri Pinang,-,-,
912,no,,,,,,,,,,,,
913,no,,,,,,,,,,,,
914,no,,,,,,,,,,,,
915,no,,,,,,,,,,,,
916,no,,,,,,,,,,,,
917,no,,,,,,,,,,,,
918,no,,,,,,,,,,,,
919,no,,,,,,,,,,,,
920,yes,CHIP HOCK REALTY & DEVELOPMENT SDN. BHD.,-,,-,-,Aktif,5,920-1,Taman Bukit Melaka - Fasa Iii,-,-,
921,no,,,,,,,,,,,,
922,no,,,,,,,,,,,,
923,no,,,,,,,,,,,,
924,no,,,,,,,,,,,,
925,no,,,,,,,,,,,,
926,no,,,,,,,,,,,,
927,no,,,,,,,,,,,,
928,no,,,,,,,,,,,,
929,no,,,,,,,,,,,,
930,yes,SYARIKAT JAYA DIRI KEMAJUAN SDN. BHD.,-,,"Jalan Rahmat, Batu Pahat, 83000, Batu Pahat, Johor","No.176a, Jalan Rugayah, 83000, Batu Pahat, Johor",Aktif,13,930-1,Taman Mutiara,-,-,
931,yes,SYARIKAT SAKAN SENDIRIAN BERHAD,sakanhome@gmail.com,,"120a, Taman Nakishah, Jalan Datuk Kumbar, 05450, Kota Setar, Kedah","1465, 1st Floor, Jln Teratai, Taman Sultan Badlishah, 05150, Kota Setar, Kedah",Aktif,18,931-1,Taman Shahab,Kedah,Kota Setar,
932,no,,,,,,,,,,,,
933,no,,,,,,,,,,,,
934,no,,,,,,,,,,,,
935,no,,,,,,,,,,,,
936,no,,,,,,,,,,,,
937,no,,,,,,,,,,,,
938,no,,,,,,,,,,,,
939,no,,,,,,,,,,,,
940,no,,,,,,,,,,,,
941,no,,,,,,,,,,,,
942,no,,,,,,,,,,,,
943,no,,,,,,,,,,,,
944,no,,,,,,,,,,,,
945,no,,,,,,,,,,,,
946,no,,,,,,,,,,,,
947,no,,,,,,,,,,,,
948,no,,,,,,,,,,,,
949,no,,,,,,,,,,,,
950,no,,,,,,,,,,,,
951,no,,,,,,,,,,,,
952,no,,,,,,,,,,,,
953,no,,,,,,,,,,,,
954,no,,,,,,,,,,,,
955,no,,,,,,,,,,,,
956,no,,,,,,,,,,,,
957,no,,,,,,,,,,,,
958,no,,,,,,,,,,,,
959,no,,,,,,,,,,,,
960,no,,,,,,,,,,,,
961,no,,,,,,,,,,,,
962,no,,,,,,,,,,,,
963,no,,,,,,,,,,,,
964,no,,,,,,,,,,,,
965,no,,,,,,,,,,,,
966,no,,,,,,,,,,,,
967,no,,,,,,,,,,,,
968,no,,,,,,,,,,,,
969,no,,,,,,,,,,,,
970,no,,,,,,,,,,,,
971,no,,,,,,,,,,,,
972,no,,,,,,,,,,,,
973,no,,,,,,,,,,,,
974,no,,,,,,,,,,,,
975,no,,,,,,,,,,,,
976,no,,,,,,,,,,,,
977,no,,,,,,,,,,,,
978,yes,PANTAI VIEW SDN. BHD.,-,,-,-,Aktif,1,978-1,Pantai View,-,-,
979,no,,,,,,,,,,,,
980,no,,,,,,,,,,,,
981,no,,,,,,,,,,,,
982,yes,BESERI JAYA ENTERPRISE SDN. BHD.,-,,-,-,Aktif,6,982-1,Perumahan Awam Sg. Petani,-,-,
983,no,,,,,,,,,,,,
984,no,,,,,,,,,,,,
985,no,,,,,,,,,,,,
986,no,,,,,,,,,,,,
987,no,,,,,,,,,,,,
988,no,,,,,,,,,,,,
989,no,,,,,,,,,,,,
990,no,,,,,,,,,,,,
991,no,,,,,,,,,,,,
992,no,,,,,,,,,,,,
993,no,,,,,,,,,,,,
994,no,,,,,,,,,,,,
995,no,,,,,,,,,,,,
996,no,,,,,,,,,,,,
997,no,,,,,,,,,,,,
998,no,,,,,,,,,,,,
999,no,,,,,,,,,,,,
1000,no,,,,,,,,,,,,
1001,no,,,,,,,,,,,,
1002,yes,PULAU INDAH SDN. BHD.,-,,-,-,Aktif,1,1002-1,Taman Indah,-,-,
1003,no,,,,,,,,,,,,
1004,no,,,,,,,,,,,,
1005,no,,,,,,,,,,,,
1006,no,,,,,,,,,,,,
1007,no,,,,,,,,,,,,
1008,no,,,,,,,,,,,,
1009,no,,,,,,,,,,,,
1010,no,,,,,,,,,,,,
1011,no,,,,,,,,,,,,
1012,yes,SENG HONG ENTERPRISE SDN. BHD.,senghong_99@yahoo.com.my,047723260,"428, Lebuhraya Sultan Abdul Halim , (sungai Korok), 05400, Kota Setar, Kedah","Ground Floor, 1885-a,jalan Stadium,  , 05100, Kota Setar, Kedah",Aktif,16,1012-1,Taman Suria,-,-,
1013,no,,,,,,,,,,,,
1014,no,,,,,,,,,,,,
1015,no,,,,,,,,,,,,
1016,no,,,,,,,,,,,,
1017,no,,,,,,,,,,,,
1018,yes,C.K.C. DEVELOPMENTS SDN. BHD.,ckcdevelopments@gmail.com,6095134809,"C 708, 1st. Floor, Jalan Bukit Ubi, 25200, Kuantan, Pahang","4th Floor, Hsbc Bank Building, No.1, Jalan Mahkota, 25000, Kuantan, Pahang",Aktif,19,1018-1,Taman Desa Melor,-,-,
1019,no,,,,,,,,,,,,
1020,no,,,,,,,,,,,,
1021,no,,,,,,,,,,,,
1022,no,,,,,,,,,,,,
1023,no,,,,,,,,,,,,
1024,no,,,,,,,,,,,,
1025,yes,ALMA REALTY SDN. BHD.,-,04-5511011,"2050, Alma Estate, 14000, Seberang Perai Tengah, Pulau Pinang","2050, Alma Estate,, 14000, Seberang Perai Tengah, Pulau Pinang",Aktif,1,1025-1,Taman Alma,Pulau Pinang,Seberang Perai Tengah,
1026,no,,,,,,,,,,,,
1027,no,,,,,,,,,,,,
1028,no,,,,,,,,,,,,
1029,no,,,,,,,,,,,,
1030,yes,TENAGA DANAWA SDN. BHD.,-,05-2414488,"Perbadanan Kemajuan Negeri Perak, Wisma Wan Mohamed, Jalan Panglima Bukit Gantang Wahab,, 30000, Kinta, Perak","Blok Podium, Wisma Wan Mohamed, Jalan Panglima Bukit Gantang Wahab,, 30000, Kinta, Perak",Aktif,5,1030-1,Bandar Baru Menglembu,-,-,
1031,no,,,,,,,,,,,,
1032,no,,,,,,,,,,,,
1033,no,,,,,,,,,,,,
1034,yes,UDA LAND (PERUDA) SDN. BHD.,UHB@UDANET.COM,03-27138500,"No. 1961, Jalan Bertam, 13200, Seberang Perai Utara, Pulau Pinang","Menara Bb Plaza, Lot 111, Jalan Bukit Bintang,, 50704, Kuala Lumpur, Wp Kuala Lumpur",Aktif,5,1034-1,Taman Peruda Utama,-,-,
1035,no,,,,,,,,,,,,
1036,yes,SHEE HOCK LEONG & SONS CORPORATION SDN. BHD.,-,,-,-,Aktif,6,1036-1,Taman Galing,-,-,
1037,no,,,,,,,,,,,,
1038,no,,,,,,,,,,,,
1039,no,,,,,,,,,,,,
1040,no,,,,,,,,,,,,
1041,no,,,,,,,,,,,,
1042,no,,,,,,,,,,,,
1043,no,,,,,,,,,,,,
1044,no,,,,,,,,,,,,
1045,no,,,,,,,,,,,,
1046,no,,,,,,,,,,,,
1047,no,,,,,,,,,,,,
1048,no,,,,,,,,,,,,
1049,yes,DM ENTERPRISE SDN. BHD.,DME15620T@YAHOO.COM,09-6222214,"71-a, Wisma Dme, Jalan Sultan Ismail, 20200, Kuala Terengganu, Terengganu","Lot 507, Tingkat 5, Plaza Perdana, Jalan Engku Sar, 20300, Kuala Terengganu, Terengganu",Aktif,5,1049-1,Taman Sri Beruas Fasa 1-ii,-,-,
1050,no,,,,,,,,,,,,
1051,no,,,,,,,,,,,,
1052,no,,,,,,,,,,,,
1053,no,,,,,,,,,,,,
1054,no,,,,,,,,,,,,
1055,no,,,,,,,,,,,,
1056,no,,,,,,,,,,,,
1057,no,,,,,,,,,,,,
1058,no,,,,,,,,,,,,
1059,no,,,,,,,,,,,,
1060,no,,,,,,,,,,,,
1061,no,,,,,,,,,,,,
1062,no,,,,,,,,,,,,
1063,no,,,,,,,,,,,,
1064,no,,,,,,,,,,,,
1065,no,,,,,,,,,,,,
1066,no,,,,,,,,,,,,
1067,no,,,,,,,,,,,,
1068,no,,,,,,,,,,,,
1069,no,,,,,,,,,,,,
1070,no,,,,,,,,,,,,
1071,yes,SRI SELTRA SDN. BHD.,-,,"Lot No. 30442, Jalan Cempaka 6, Taman Nirwana, 68000, Selangor","95-2 Jalan Mega Mendung, Bandar Park Jalan Kelang Lama, 58200, Kuala Lumpur, Wp Kuala Lumpur",Aktif,4,1071-1,Taman Nirwana,Selangor,Hulu Langat,
1072,no,,,,,,,,,,,,
1073,no,,,,,,,,,,,,
1074,no,,,,,,,,,,,,
1075,yes,J.M. GHOUSE SDN. BHD.,-,,-,-,Aktif,2,1075-1,Taman Rasa Ria,-,-,
1076,no,,,,,,,,,,,,
1077,no,,,,,,,,,,,,
1078,no,,,,,,,,,,,,
1079,yes,PPB HARTABINA SDN. BHD.,tankv@ppb.com.my,0391305088,"7th Floor, Cheras Plaza, Jalan Manis 1, Taman Segar, Cheras, 56100, Kuala Lumpur, Wp Kuala Lumpur","12th Floor, Ubn Tower, 10 Jalan P. Ramlee, 50250, Kuala Lumpur, Wp Kuala Lumpur",Aktif,6,1079-1,Taman Segar Fasa Ii,-,-,
1080,no,,,,,,,,,,,,
1081,no,,,,,,,,,,,,
1082,no,,,,,,,,,,,,
1083,no,,,,,,,,,,,,
1084,no,,,,,,,,,,,,
1085,no,,,,,,,,,,,,
1086,no,,,,,,,,,,,,
1087,no,,,,,,,,,,,,
1088,no,,,,,,,,,,,,
1089,no,,,,,,,,,,,,
1090,no,,,,,,,,,,,,
1091,no,,,,,,,,,,,,
1092,no,,,,,,,,,,,,
1093,no,,,,,,,,,,,,
1094,no,,,,,,,,,,,,
1095,no,,,,,,,,,,,,
1096,no,,,,,,,,,,,,
1097,no,,,,,,,,,,,,
1098,no,,,,,,,,,,,,
1099,no,,,,,,,,,,,,
1100,no,,,,,,,,,,,,
1101,no,,,,,,,,,,,,
1102,no,,,,,,,,,,,,
1103,no,,,,,,,,,,,,
1104,no,,,,,,,,,,,,
1105,no,,,,,,,,,,,,
1106,no,,,,,,,,,,,,
1107,no,,,,,,,,,,,,
1108,no,,,,,,,,,,,,
1109,no,,,,,,,,,,,,
1110,no,,,,,,,,,,,,
1111,no,,,,,,,,,,,,
1112,no,,,,,,,,,,,,
1113,no,,,,,,,,,,,,
1114,no,,,,,,,,,,,,
1115,no,,,,,,,,,,,,
1116,no,,,,,,,,,,,,
1117,no,,,,,,,,,,,,
1118,yes,TANJONG PETRI ENTERPRISE SDN. BHD,-,,-,-,Aktif,1,1118-1,Taman Mawai,-,-,
1119,yes,WINMIN BUILDERS SDN. BHD,albertneo@bolton.com.my,03-26981366,"6th Floor, Campbell Complex, 98 Jalan Dang Wangi, 50100, Kuala Lumpur, Wp Kuala Lumpur","5th Floor, Campbell Complex, 98 Jalan Dang Wangi, 50100, Kuala Lumpur, Wp Kuala Lumpur",Aktif,4,1119-1,"Taman Muzaffar Syah Fasa 2a,3a,3b & 4a",-,-,
1120,no,,,,,,,,,,,,
1121,yes,TIMBUNAN ALAM PROPERTY SDN. BHD.,timbunanalam@yahoo.com,03-92748888,"No 42e, Jalan Perdana 10/14, Pandan Perdana, 55300 Kuala Lumpur, 55300, Kuala Lumpur, Wp Kuala Lumpur","No 42e, Jalan Perdana 10/14, Pandan Perdana, 55300 Kuala Lumpur, 55300, Kuala Lumpur, Wp Kuala Lumpur",Aktif,4,1121-1,Taman Bumi Jaya,-,-,
1122,no,,,,,,,,,,,,
1123,no,,,,,,,,,,,,
1124,no,,,,,,,,,,,,
1125,no,,,,,,,,,,,,
1126,no,,,,,,,,,,,,
1127,no,,,,,,,,,,,,
1128,no,,,,,,,,,,,,
1129,no,,,,,,,,,,,,
1130,no,,,,,,,,,,,,
1131,no,,,,,,,,,,,,
1132,no,,,,,,,,,,,,
1133,no,,,,,,,,,,,,
1134,no,,,,,,,,,,,,
1135,no,,,,,,,,,,,,
1136,yes,FARLIM GROUP (MALAYSIA) BERHAD,bidorcustomercare@farlim.com.my,01114995049,"No. 1 Lintang Angsana , Bandar Baru Ayer Itam , 11500, Daerah Timor Laut, Pulau Pinang","No. 2-8 Bangunan Farlim, Jalan Pjs 10/32, Taman Sri Subang, 46150, Petaling , Selangor",Aktif,20,1136-1,Bandar Baru Ayer Itam,-,-,
1137,no,,,,,,,,,,,,
1138,no,,,,,,,,,,,,
1139,no,,,,,,,,,,,,
1140,no,,,,,,,,,,,,
1141,no,,,,,,,,,,,,
1142,no,,,,,,,,,,,,
1143,no,,,,,,,,,,,,
1144,no,,,,,,,,,,,,
1145,yes,PETER'S BRICKWORKS SDN. BERHAD,-,,"Level 3, Wisma Peters, No.1, Jalan Pjs 1/2, Taman Petaling Utama, 46150, Petaling , Selangor","200, Jalan Sultan Iskandar,, 30000, Kinta, Perak",Aktif,9,1145-1,Taman Sri Gaya,-,-,
1146,no,,,,,,,,,,,,
1147,no,,,,,,,,,,,,
1148,yes,LIM CHEE WAH & SONS REALTY SDN. BHD.,-,,-,-,Aktif,1,1148-1,Taman Bandar Bahau,-,-,
1149,yes,FALIM DEVELOPMENT SDN. BHD.,falimdev@gmail.com,052553228,"1st And 2nd Floors, No.8-10, Jalan Dato Maharaja Lela, 30000, Kinta, Perak","No. 37b, Jalan Basco Kepayang 1,, Basco Avenue @ Kepayang,, 31400, Kinta, Perak",Aktif,4,1149-1,Taman Molek,Perak,Kinta,
1150,yes,UKAY LAKE HOLDINGS SDN. BHD.,-,,-,-,Aktif,1,1150-1,Taman Kelab Ukay,-,-,
1151,no,,,,,,,,,,,,
1152,no,,,,,,,,,,,,
1153,no,,,,,,,,,,,,
1154,no,,,,,,,,,,,,
1155,no,,,,,,,,,,,,
1156,no,,,,,,,,,,,,
1157,no,,,,,,,,,,,,
1158,no,,,,,,,,,,,,
1159,no,,,,,,,,,,,,
1160,no,,,,,,,,,,,,
1161,yes,SUMMIT DEVELOPMENT CORPORATION SDN. BHD,-,,-,-,Aktif,11,1161-1,Taman Kemuncak,-,-,
1162,no,,,,,,,,,,,,
1163,no,,,,,,,,,,,,
1164,yes,TAN & TAN DEVELOPMENTS BERHAD,-,,"Level 32, The Gardens South Tower, Mid Valley City,, 59200, Kuala Lumpur, Wp Kuala Lumpur","Level 32, The Gardens South Tower, Mid Valley City,, Lingkaran Syed Putra, 59200, Kuala Lumpur, Wp Kuala Lumpur",Aktif,9,1164-1,Desa Angkasa Fasa 1,-,-,
1165,no,,,,,,,,,,,,
1166,no,,,,,,,,,,,,
1167,no,,,,,,,,,,,,
1168,no,,,,,,,,,,,,
1169,no,,,,,,,,,,,,
1170,yes,LIM CHOR SENG SDN. BHD.,-,,-,-,Aktif,1,1170-1,Bagan Aman Lot 1652,-,-,
1171,no,,,,,,,,,,,,
1172,no,,,,,,,,,,,,
1173,yes,DOLOMITE PROPERTIES SDN. BHD.,dp@adamprimus.com,0362053019,"No.19 Dolomite Park Avenue, Jalan Batu Caves, 68100, Gombak, Selangor","Level 5, Tower 8, Avenue 5, Horizon 2,, Bangsar South City,, 59200, Kuala Lumpur, Wp Kuala Lumpur",Digulung,4,1173-1,Medan Batu Caves,Selangor,-,
1174,no,,,,,,,,,,,,
1175,no,,,,,,,,,,,,
1176,no,,,,,,,,,,,,
1177,no,,,,,,,,,,,,
1178,no,,,,,,,,,,,,
1179,no,,,,,,,,,,,,
1180,no,,,,,,,,,,,,
1181,yes,MEGAMAS DEVELOPMENT SDN. BHD.,-,,"No. 58 & 60, Jalan Tenang, 85300, Segamat, Johor","2nd Floor, 17 & 19jalan Brunei Barat, Pudu, 55100, Kuala Lumpur, Wp Kuala Lumpur",Aktif,9,1181-1,Taman Fajar Tangkak,-,-,
1182,no,,,,,,,,,,,,
1183,no,,,,,,,,,,,,
1184,no,,,,,,,,,,,,
1185,yes,CITY ATLAS SDN. BHD.,-,,-,-,Aktif,3,1185-1,Taman Bukit Indah,-,-,
1186,no,,,,,,,,,,,,
1187,no,,,,,,,,,,,,
1188,no,,,,,,,,,,,,
1189,no,,,,,,,,,,,,
1190,no,,,,,,,,,,,,
1191,no,,,,,,,,,,,,
1192,no,,,,,,,,,,,,
1193,no,,,,,,,,,,,,
1194,yes,SYARIKAT PERAK FOOD AGENCIES SDN. BHD.,-,,-,-,Aktif,1,1194-1,Taman Mujur ,-,-,
1195,no,,,,,,,,,,,,
1196,no,,,,,,,,,,,,
1197,no,,,,,,,,,,,,
1198,no,,,,,,,,,,,,
1199,no,,,,,,,,,,,,
1200,no,,,,,,,,,,,,
1201,no,,,,,,,,,,,,
1202,no,,,,,,,,,,,,
1203,no,,,,,,,,,,,,
1204,no,,,,,,,,,,,,
1205,no,,,,,,,,,,,,
1206,no,,,,,,,,,,,,
1207,no,,,,,,,,,,,,
1208,no,,,,,,,,,,,,
1209,no,,,,,,,,,,,,
1210,yes,KANGLIAN DEVELOPMENT SDN BHD,kangliandevelopment@gmail.com,055461300,"No. 15, Jalan Canning Estate, Taman Canning, 31400, Kinta, Perak","8a-1, Jalan Temenggong,, 31650, Kinta, Perak",Aktif,25,1210-1,Taman Orkid,-,-,
1211,yes,HILLCREST GARDENS SDN. BHD.,eric@hillcrest.com.my,0380699100,"6th Floor, Cheras Plaza, No. 11, Jalan Manis 1, Taman Segar, Cheras, 56100, Petaling , Wp Kuala Lumpur","12th Floor, Ubn Tower,, 10 Jalan P Ramlee,, 50250, Wp Kuala Lumpur",Aktif,24,1211-1,Taman Puchong Utama Fasa 1.,-,-,
1212,no,,,,,,,,,,,,
1213,no,,,,,,,,,,,,
1214,no,,,,,,,,,,,,
1215,no,,,,,,,,,,,,
1216,no,,,,,,,,,,,,
1217,no,,,,,,,,,,,,
1218,no,,,,,,,,,,,,
1219,no,,,,,,,,,,,,
1220,no,,,,,,,,,,,,
1221,no,,,,,,,,,,,,
1222,no,,,,,,,,,,,,
1223,no,,,,,,,,,,,,
1224,no,,,,,,,,,,,,
1225,no,,,,,,,,,,,,
1226,no,,,,,,,,,,,,
1227,no,,,,,,,,,,,,
1228,no,,,,,,,,,,,,
1229,no,,,,,,,,,,,,
1230,no,,,,,,,,,,,,
1231,no,,,,,,,,,,,,
1232,yes,HO KENG CONSTRUCTION SDN. BHD.,hokengconstruction@gmail.com,095161485,"No. 28, 1st. Floor, Jalan Teluk Sisek, 25000, Kuantan, Pahang","A-77, 1st Floor, Jalan Teluk Sisek,, 25000, Kuantan, Pahang",Aktif,14,1232-1,Taman Air Puteh,-,-,
1233,no,,,,,,,,,,,,
1234,no,,,,,,,,,,,,
1235,no,,,,,,,,,,,,
1236,no,,,,,,,,,,,,
1237,no,,,,,,,,,,,,
1238,no,,,,,,,,,,,,
1239,no,,,,,,,,,,,,
1240,no,,,,,,,,,,,,
1241,no,,,,,,,,,,,,
1242,no,,,,,,,,,,,,
1243,no,,,,,,,,,,,,
1244,no,,,,,,,,,,,,
1245,yes,TASEK MAJU REALTY SDN. BHD.,-,,"Suite 603-607, 6th Floor Bangunan Ang, No 1, Jalan Jeram, Taman Tasek, 80200, Johor Bahru, Johor","Suite 9d, Level 9, Menara Ansar,, 65 Jalan Trus,, 80000, Johor Bahru, Johor",Aktif,8,1245-1,Taman Ungku Tun Aminah,-,-,
1246,no,,,,,,,,,,,,
1247,no,,,,,,,,,,,,
1248,no,,,,,,,,,,,,
1249,no,,,,,,,,,,,,
1250,no,,,,,,,,,,,,
1251,no,,,,,,,,,,,,
1252,no,,,,,,,,,,,,
1253,no,,,,,,,,,,,,
1254,yes,SRI KURNIA SDN. BHD.,-,,-,-,Aktif,2,1254-1,Taman Saleng Maju,-,-,
1255,no,,,,,,,,,,,,
1256,no,,,,,,,,,,,,
1257,yes,RAMPAI ESTATES & DEVELOPMENT SDN. BHD,-,,-,-,Aktif,1,1257-1,Taman Sri Rampai ,-,-,
1258,no,,,,,,,,,,,,
1259,no,,,,,,,,,,,,
1260,no,,,,,,,,,,,,
1261,yes,HOUSING MANAGEMENT & DEVELOPMENT SDN. BHD.,-,,-,-,Aktif,1,1261-1,Taman Asa Jaya,-,-,
1262,yes,PENANG WELLESLEY REALTY SDN. BHD.,-,,-,-,Aktif,1,1262-1,Taman Chai Leng,-,-,
1263,no,,,,,,,,,,,,
1264,no,,,,,,,,,,,,
1265,no,,,,,,,,,,,,
1266,no,,,,,,,,,,,,
1267,yes,MEGAH COURT CONDOMINIUM DEVELOPMENT SDN. BHD.,-,,-,-,Aktif,1,1267-1,Megah Court,-,-,
1268,no,,,,,,,,,,,,
1269,no,,,,,,,,,,,,
1270,yes,SAZ CORPORATION SDN. BHD.,azman123@streamyx.com,05-2413286,"No. 31, Jalan Hussein, 30250, Kinta, Perak","No. 31, Jalan Hussein, 30250, Kinta, Perak",Aktif,3,1270-1,Pinggir Rapat Perdana,-,-,
1271,no,,,,,,,,,,,,
1272,no,,,,,,,,,,,,
1273,no,,,,,,,,,,,,
1274,no,,,,,,,,,,,,
1275,no,,,,,,,,,,,,
1276,no,,,,,,,,,,,,
1277,yes,SYARIKAT PERNIAGAAN CUEPACS BHD,-,,-,-,Aktif,1,1277-1,Taman Jayamas ,-,-,
1278,no,,,,,,,,,,,,
1279,no,,,,,,,,,,,,
1280,no,,,,,,,,,,,,
1281,no,,,,,,,,,,,,
1282,yes,UJONG TRADING SDN. BHD.,-,,-,-,Aktif,1,1282-1,Taman Ujong,-,-,
1283,no,,,,,,,,,,,,
1284,no,,,,,,,,,,,,
1285,no,,,,,,,,,,,,
1286,no,,,,,,,,,,,,
1287,yes,ANJARIA PROPERTIES SDN. BHD ,anjaria@streamyx.com,03-33431718,"No 88-a & 90-a, Batu 1 1/2, Jalan Meru, Selangor, 41050, Klang, Selangor","Lim Management Consultants Co. 42-2-2, Jalan 4/62d, Medan Putra Business Centre, Off Jalan Damansara, 52200, Kuala Lumpur, Wp Kuala Lumpur",Aktif,4,1287-1,"Taman Anjaria ,kulai.",-,-,
1288,yes,YEN DEVELOPMENT (M) SDN. BHD.,-,,-,-,Aktif,2,1288-1,Taman Gelang Emas,-,-,
1289,no,,,,,,,,,,,,
1290,yes,SYARIKAT LEE DEVELOPMENT SDN. BHD.,-,,"Lot 73-75, Semambu Industrial Estate, 25350, Kuantan, Pahang","Lot 73-75,, Semambu Industrial Estate, 25300, Kuantan, Pahang",Aktif,25,1290-1,Taman Pantai Cempedak Fasa Ii,-,-,
1291,no,,,,,,,,,,,,
1292,no,,,,,,,,,,,,
1293,no,,,,,,,,,,,,
1294,no,,,,,,,,,,,,
1295,no,,,,,,,,,,,,
1296,no,,,,,,,,,,,,
1297,no,,,,,,,,,,,,
1298,no,,,,,,,,,,,,
1299,no,,,,,,,,,,,,
1300,no,,,,,,,,,,,,
1301,no,,,,,,,,,,,,
1302,no,,,,,,,,,,,,
1303,no,,,,,,,,,,,,
1304,no,,,,,,,,,,,,
1305,no,,,,,,,,,,,,
1306,no,,,,,,,,,,,,
1307,no,,,,,,,,,,,,
1308,no,,,,,,,,,,,,
1309,no,,,,,,,,,,,,
1310,no,,,,,,,,,,,,
1311,no,,,,,,,,,,,,
1312,no,,,,,,,,,,,,
1313,no,,,,,,,,,,,,
1314,no,,,,,,,,,,,,
1315,no,,,,,,,,,,,,
1316,no,,,,,,,,,,,,
1317,no,,,,,,,,,,,,
1318,no,,,,,,,,,,,,
1319,no,,,,,,,,,,,,
1320,no,,,,,,,,,,,,
1321,no,,,,,,,,,,,,
1322,no,,,,,,,,,,,,
1323,no,,,,,,,,,,,,
1324,yes,BEE TECK TRADING CO. SDN. BHD ,-,,-,-,Aktif,2,1324-1,Taman Plaza,-,-,
1325,no,,,,,,,,,,,,
1326,no,,,,,,,,,,,,
1327,no,,,,,,,,,,,,
1328,yes,SEDAYA SENDIRIAN BERHAD,-,,"Gombak, Selangor",-,Aktif,1,1328-1,Taman Daya,-,-,
1329,yes,NOORIC SDN. BHD.,-,,-,-,Aktif,6,1329-1,Nooric Sdn.bhd,-,-,
1330,no,,,,,,,,,,,,
1331,no,,,,,,,,,,,,
1332,no,,,,,,,,,,,,
1333,no,,,,,,,,,,,,
1334,no,,,,,,,,,,,,
1335,no,,,,,,,,,,,,
1336,no,,,,,,,,,,,,
1337,no,,,,,,,,,,,,
1338,no,,,,,,,,,,,,
1339,no,,,,,,,,,,,,
1340,yes,SALIENT DEVELOPMENT SDN. BHD.,salientdevt@gmail.com,,"No. 203-3, Jalan Kenanga 3/29a, Taman Kenanga Seksyen 3, Jalan Gajah Berang, 75200, Melaka Tengah, Melaka","502, Jalan Melaka Raya 12,, Taman Melaka Raya,, 75000, Melaka Tengah, Melaka",Aktif,23,1340-1,Taman Wira,-,-,
1341,no,,,,,,,,,,,,
1342,yes,BANDONG DEVELOPMENT (K) SDN. BHD.,-,,-,-,Aktif,2,1342-1,Xxx,-,-,
1343,no,,,,,,,,,,,,
1344,no,,,,,,,,,,,,
1345,no,,,,,,,,,,,,
1346,no,,,,,,,,,,,,
1347,no,,,,,,,,,,,,
1348,no,,,,,,,,,,,,
1349,no,,,,,,,,,,,,
1350,no,,,,,,,,,,,,
1351,no,,,,,,,,,,,,
1352,yes,GAN KIM KIAT & BROTHERS REALTY SDN. BHD.,hsg23006@hotmail.com,064411648,"Lot 6755, Taman Gemencheh Baru, 73200, Tampin, Negeri Sembilan","561 & 562, Tmn. Clonlee, 73000, Tampin, Negeri Sembilan",Aktif,6,1352-1,Taman Gemencheh Baru,Negeri Sembilan,Tampin,
1353,no,,,,,,,,,,,,
1354,no,,,,,,,,,,,,
1355,no,,,,,,,,,,,,
1356,yes,AUN LOK BUILDING CONSTRUCTION SDN. BHD.,-,,-,-,Aktif,1,1356-1,Taman Perpaduan,-,-,
1357,no,,,,,,,,,,,,
1358,no,,,,,,,,,,,,
1359,no,,,,,,,,,,,,
1360,no,,,,,,,,,,,,
1361,yes,SRI LEMAK SDN. BHD.,-,,-,-,Aktif,2,1361-1,Taman Beringin,-,-,
1362,no,,,,,,,,,,,,
1363,no,,,,,,,,,,,,
1364,yes,ACME ASSET HOLDINGS SDN. BHD.,acmeahsb@tm.net.my,04-5518467,"No. 16, Lorong Rusa Dua, Taman Selamat, Alma, 14000, Seberang Perai Tengah, Pulau Pinang","1st Floor, Standard Chartered Bank Chambers, Lebuh Pantai, 10300, Daerah Timor Laut, Pulau Pinang",Aktif,5,1364-1,Taman Budiman,-,-,
1365,no,,,,,,,,,,,,
1366,no,,,,,,,,,,,,
1367,no,,,,,,,,,,,,
1368,yes,DATUK BANDAR HJ. AHMAD BIN HJ. ALI SDN. BHD.,-,,-,-,Aktif,1,1368-1,Taman Dato' Raja Mohd. Hanipah,-,-,
1369,no,,,,,,,,,,,,
1370,no,,,,,,,,,,,,
1371,no,,,,,,,,,,,,
1372,no,,,,,,,,,,,,
1373,no,,,,,,,,,,,,
1374,no,,,,,,,,,,,,
1375,yes,DUNIAGA SDN. BHD.,-,,-,-,Aktif,6,1375-1,Jawi Iv,-,-,
1376,no,,,,,,,,,,,,
1377,no,,,,,,,,,,,,
1378,no,,,,,,,,,,,,
1379,no,,,,,,,,,,,,
1380,no,,,,,,,,,,,,
1381,no,,,,,,,,,,,,
1382,no,,,,,,,,,,,,
1383,no,,,,,,,,,,,,
1384,no,,,,,,,,,,,,
1385,yes,TIAN YAN ONN DEVELOPMENT SDN. BHD.,-,,-,-,Aktif,2,1385-1,Taman Sungai Abong Baru,-,-,
1386,no,,,,,,,,,,,,
1387,yes,GREAT UNITED DEVELOPMENT (1978) SDN. BHD.,-,,"36-f, Tingkat 1, Jalan Bukit Kecil, 21100, Kuala Terengganu, Terengganu","#301, 3rd Floor, Hin Ann Building, No. 6, Jalan Air Jernih, 20300, Kuala Terengganu, Terengganu",Aktif,8,1387-1,Taman Sukaria,-,-,
1388,no,,,,,,,,,,,,
1389,no,,,,,,,,,,,,
1390,no,,,,,,,,,,,,
1391,no,,,,,,,,,,,,
1392,no,,,,,,,,,,,,
1393,no,,,,,,,,,,,,
1394,no,,,,,,,,,,,,
1395,no,,,,,,,,,,,,
1396,no,,,,,,,,,,,,
1397,no,,,,,,,,,,,,
1398,no,,,,,,,,,,,,
1399,no,,,,,,,,,,,,
1400,no,,,,,,,,,,,,
1401,yes,SRI SERDANG SDN. BHD.,fauzei@gplus.com.my,03-87332318,"No. 11, Jalan Kp 1/3, Kajang Prima, 43000, Hulu Langat, Selangor","No 11, Jalan Kp 1/3, Kajang Prima, 43000, Hulu Langat, Selangor",Aktif,9,1401-1,Taman Sri Serdang,-,-,
1402,no,,,,,,,,,,,,
1403,no,,,,,,,,,,,,
1404,no,,,,,,,,,,,,
1405,no,,,,,,,,,,,,
1406,no,,,,,,,,,,,,
1407,no,,,,,,,,,,,,
1408,no,,,,,,,,,,,,
1409,no,,,,,,,,,,,,
1410,no,,,,,,,,,,,,
1411,no,,,,,,,,,,,,
1412,no,,,,,,,,,,,,
1413,no,,,,,,,,,,,,
1414,no,,,,,,,,,,,,
1415,no,,,,,,,,,,,,
1416,no,,,,,,,,,,,,
1417,no,,,,,,,,,,,,
1418,no,,,,,,,,,,,,
1419,no,,,,,,,,,,,,
1420,yes,SIN CHUAN HONG (TRENGGANU) SDN. BHD.,WEEBENGYU@YAHOO.COM,609-6221148,"235-b, Jalan Kg Cina, 20100, Kuala Terengganu, Terengganu","Lot 507, 5th Floor, Plaza Perdana, Jalan Engku Sar, 20300, Kuala Terengganu, Terengganu",Aktif,4,1420-1,Pangsapuri Permai,-,-,
1421,no,,,,,,,,,,,,
1422,no,,,,,,,,,,,,
1423,no,,,,,,,,,,,,
1424,no,,,,,,,,,,,,
1425,no,,,,,,,,,,,,
1426,no,,,,,,,,,,,,
1427,no,,,,,,,,,,,,
1428,no,,,,,,,,,,,,
1429,no,,,,,,,,,,,,
1430,no,,,,,,,,,,,,
1431,yes,SUN FOON DEVELOPMENT SDN. BHD.,-,,-,-,Aktif,4,1431-1,Taman Kitasama,-,-,
1432,yes,MAJU RAPAT SDN. BHD.,-,,-,-,Aktif,2,1432-1,Taman Maju Rapat (p1),-,-,
1433,yes,TAJARIA SDN. BHD ,-,,-,-,Aktif,1,1433-1,Taman Selaseh,-,-,
1434,no,,,,,,,,,,,,
1435,no,,,,,,,,,,,,
1436,no,,,,,,,,,,,,
1437,yes,KEMAJUAN MALIM NAWAR SDN. BHD.,malim39669@yahoo.com.my,05-2532532,"No. 77 Market Street, 30000, Kinta, Perak","No. 77 Market Street, 30000, Kinta, Perak",Aktif,1,1437-1,Taman Malim  Nawar,Perak,Kinta,
1438,no,,,,,,,,,,,,
1439,no,,,,,,,,,,,,
1440,yes,KINTA MURNI SDN. BHD.,-,,-,-,Aktif,1,1440-1,Taman Ramai,-,-,
1441,yes,SYARIKAT TENAYA SAKTI SDN. BHD.,-,,-,-,Aktif,1,1441-1,Taman Indah Sakti.,-,-,
1442,no,,,,,,,,,,,,
1443,yes,SEASON ENTERPRISE SDN. BHD.,-,,-,-,Aktif,2,1443-1,Taman Labis Jaya,-,-,
1444,no,,,,,,,,,,,,
1445,no,,,,,,,,,,,,
1446,no,,,,,,,,,,,,
1447,no,,,,,,,,,,,,
1448,no,,,,,,,,,,,,
1449,no,,,,,,,,,,,,
1450,yes,VICTORY REALTY SDN. BHD,-,03-2697 8787,"Level 10 Menara Brdr,285 Jln Maarof,bukit Bandaraya, 59000, Kuala Lumpur, Wp Kuala Lumpur","Tingkat 38, Menara Multi - Purpose, Jalan Munshi Abdullah, 50100, Kuala Lumpur, Wp Kuala Lumpur",Aktif,4,1450-1,Taman Kajang Raya,-,-,
1451,yes,JURUAWAM PEMBINAAN SDN. BHD.,-,03-783815,"84 Jalan Ss 21/39 Damansara Utama, Petaling , Selangor","84 Jalan Ss 21/39 Damansara Utama, Petaling , Selangor",Aktif,1,1451-1,Taman Seri Tanjung,-,-,
1452,no,,,,,,,,,,,,
1453,yes,WONG MOOK WENG & SONS ENTPS S/B ,-,,-,-,Aktif,2,1453-1,Taman Cahaya - 1,-,-,
1454,no,,,,,,,,,,,,
1455,no,,,,,,,,,,,,
1456,no,,,,,,,,,,,,
1457,no,,,,,,,,,,,,
1458,no,,,,,,,,,,,,
1459,no,,,,,,,,,,,,
1460,no,,,,,,,,,,,,
1461,no,,,,,,,,,,,,
1462,no,,,,,,,,,,,,
1463,no,,,,,,,,,,,,
1464,no,,,,,,,,,,,,
1465,no,,,,,,,,,,,,
1466,no,,,,,,,,,,,,
1467,no,,,,,,,,,,,,
1468,yes,KOH LAY SEONG & SONS SDN. BHD.,-,,-,-,Aktif,16,1468-1,Taman Telok Pulai Indah,-,-,
1469,no,,,,,,,,,,,,
1470,no,,,,,,,,,,,,
1471,no,,,,,,,,,,,,
1472,no,,,,,,,,,,,,
1473,no,,,,,,,,,,,,
1474,yes,SIN LIAN HIN HOUSING SDN. BHD.,-,,-,-,Aktif,1,1474-1,Taman Sri Lalang Baru,-,-,
1475,no,,,,,,,,,,,,
1476,yes,CONFLUX DEVELOPMENT SDN. BHD.,-,,-,-,Aktif,1,1476-1,Taman Harmoni,-,-,
1477,no,,,,,,,,,,,,
1478,no,,,,,,,,,,,,
1479,no,,,,,,,,,,,,
1480,yes,AKMAR TRADING SDN. BHD.,-,,-,-,Aktif,1,1480-1,Taman Ampang (p1),-,-,
1481,yes,PEMBANGUNAN BRISDALE SDN. BHD,mohdfawzi60@gmail.com,03-55223888,"Lot 1a, Level 1a, Plaza Peransang, Persiaran Perbandaran, 40000, Petaling , Selangor","Lot 1a, Level 1a, Plaza Peransang, Persiaran Perbandaran, 40000, Petaling , Selangor",Aktif,3,1481-1,Taman Sebang Baru (p1),-,-,
1482,no,,,,,,,,,,,,
1483,no,,,,,,,,,,,,
1484,no,,,,,,,,,,,,
1485,no,,,,,,,,,,,,
1486,no,,,,,,,,,,,,
1487,yes,HUP HIN SOON SDN. BHD ,-,,-,-,Aktif,2,1487-1,Lot 1954,-,-,
1488,no,,,,,,,,,,,,
1489,no,,,,,,,,,,,,
1490,no,,,,,,,,,,,,
1491,no,,,,,,,,,,,,
1492,no,,,,,,,,,,,,
1493,no,,,,,,,,,,,,
1494,no,,,,,,,,,,,,
1495,no,,,,,,,,,,,,
1496,yes,POH LONG REALTY SDN. BHD.,-,,-,-,Aktif,5,1496-1,Taman Chaah Baru Fasa 2,-,-,
1497,no,,,,,,,,,,,,
1498,no,,,,,,,,,,,,
1499,no,,,,,,,,,,,,
1500,yes,METROPLEX DEVELOPMENT SDN. BHD.,-,,-,-,Aktif,2,1500-1,Taman Muda - Fasa 1-iv.,-,-,
1501,no,,,,,,,,,,,,
1502,no,,,,,,,,,,,,
1503,yes,MAJUBUMI SDN. BHD.,-,,-,-,Aktif,4,1503-1,Taman Tapah Fasa I & 11,-,-,
1504,no,,,,,,,,,,,,
1505,no,,,,,,,,,,,,
1506,no,,,,,,,,,,,,
1507,yes,A & M CONSTRUCTION SDN. BHD.,amreal@po.jaring.my,03-3373 2888,"9th Floor, Menara A & M, Garden Business Centre, No.3, Jalan Istana,, 41000, Klang, Selangor","36a Lorong Gelugor Off Persiaran Sultan Ibrahim, 41300, Klang, Selangor",Aktif,3,1507-1,Taman Sentosa Fasa Ii,-,-,
1508,no,,,,,,,,,,,,
1509,no,,,,,,,,,,,,
1510,no,,,,,,,,,,,,
1511,no,,,,,,,,,,,,
1512,no,,,,,,,,,,,,
1513,no,,,,,,,,,,,,
1514,yes,GHULAM DEVELOPMENT & CONSTRUCTION (M) SDN. BHD.,-,,-,-,Aktif,1,1514-1,Desa Sri Jaya,-,-,
1515,no,,,,,,,,,,,,
1516,no,,,,,,,,,,,,
1517,no,,,,,,,,,,,,
1518,no,,,,,,,,,,,,
1519,no,,,,,,,,,,,,
1520,no,,,,,,,,,,,,
1521,no,,,,,,,,,,,,
1522,no,,,,,,,,,,,,
1523,no,,,,,,,,,,,,
1524,no,,,,,,,,,,,,
1525,no,,,,,,,,,,,,
1526,no,,,,,,,,,,,,
1527,no,,,,,,,,,,,,
1528,no,,,,,,,,,,,,
1529,no,,,,,,,,,,,,
1530,no,,,,,,,,,,,,
1531,yes,TENG KOON DEVELOPMENT SDN. BHD.,-,09-8591311,"No. 330, Jalan Abd Rahman, 24000, Kemaman, Terengganu","No. 330, Jalan Abd Rahman, 24000, Kemaman, Terengganu",Aktif,11,1531-1,Taman Sri Pandan (p1),-,-,
1532,no,,,,,,,,,,,,
1533,no,,,,,,,,,,,,
1534,yes,SYARIKAT PERUMAHAN IRAMA SDN. BHD.,-,,-,-,Aktif,7,1534-1,Taman Galing Ii,-,-,
1535,yes,TAN KAY GARDEN SDN.BHD,-,,-,-,Aktif,1,1535-1,Taman Ku,-,-,
1536,no,,,,,,,,,,,,
1537,no,,,,,,,,,,,,
1538,no,,,,,,,,,,,,
1539,no,,,,,,,,,,,,
1540,no,,,,,,,,,,,,
1541,no,,,,,,,,,,,,
1542,no,,,,,,,,,,,,
1543,no,,,,,,,,,,,,
1544,no,,,,,,,,,,,,
1545,no,,,,,,,,,,,,
1546,no,,,,,,,,,,,,
1547,no,,,,,,,,,,,,
1548,no,,,,,,,,,,,,
1549,no,,,,,,,,,,,,
1550,no,,,,,,,,,,,,
1551,no,,,,,,,,,,,,
1552,yes,LUCKY HEIGHT DEVT. SDN. BHD.,-,,-,-,Aktif,1,1552-1,Taman Bukit Anggerik,-,-,
1553,no,,,,,,,,,,,,
1554,no,,,,,,,,,,,,
1555,no,,,,,,,,,,,,
1556,no,,,,,,,,,,,,
1557,no,,,,,,,,,,,,
1558,no,,,,,,,,,,,,
1559,no,,,,,,,,,,,,
1560,no,,,,,,,,,,,,
1561,no,,,,,,,,,,,,
1562,no,,,,,,,,,,,,
1563,no,,,,,,,,,,,,
1564,no,,,,,,,,,,,,
1565,yes,BUMI NEGERI SDN. BHD.,-,,-,-,Aktif,1,1565-1,Taman Desa Melor,-,-,
1566,no,,,,,,,,,,,,
1567,no,,,,,,,,,,,,
1568,no,,,,,,,,,,,,
1569,yes,ISLAND VIEW SDN. BHD.,-,,"54, Jalan Dato Keramat, Penang., 10150, Daerah Timor Laut, Pulau Pinang","54, Jalan Dato Keramat, 10150, Daerah Timor Laut, Pulau Pinang",Aktif,1,1569-1,Taman Pantai Indah 3,Pulau Pinang,Daerah Timor Laut,
1570,no,,,,,,,,,,,,
1571,yes,KOTA KOMPLEX SDN. BHD.,-,,-,-,Aktif,18,1571-1,Taman Mawar,-,-,
1572,no,,,,,,,,,,,,
1573,no,,,,,,,,,,,,
1574,no,,,,,,,,,,,,
1575,no,,,,,,,,,,,,
1576,no,,,,,,,,,,,,
1577,no,,,,,,,,,,,,
1578,no,,,,,,,,,,,,
1579,no,,,,,,,,,,,,
1580,no,,,,,,,,,,,,
1581,no,,,,,,,,,,,,
1582,no,,,,,,,,,,,,
1583,no,,,,,,,,,,,,
1584,no,,,,,,,,,,,,
1585,no,,,,,,,,,,,,
1586,no,,,,,,,,,,,,
1587,no,,,,,,,,,,,,
1588,no,,,,,,,,,,,,
1589,yes,ISLAND BAY RESORTS SDN. BHD.,-,03-2163 1200,"49th Floor, Empire Tower, City-square, Jalan Tun Razak, 50400, Kuala Lumpur, Wp Kuala Lumpur","Suites -704 & 705, 7th Floor, Lorong Kinta, 17400, Daerah Timor Laut, Pulau Pinang",Aktif,4,1589-1,Bukit Mewah (mount Pleasure Resort),-,-,
1590,no,,,,,,,,,,,,
1591,no,,,,,,,,,,,,
1592,yes,HWA SING & HONGLOK DEVELOPMENT (J/V),-,,-,-,Aktif,1,1592-1,Taman Permai,-,-,
1593,no,,,,,,,,,,,,
1594,no,,,,,,,,,,,,
1595,no,,,,,,,,,,,,
1596,yes,YOON LIAN REALTY SDN. BHD.,ipoh@huayang.com.my,052543812,"123a, Jalan Raja Permaisuri Bainun , (jalan Kampar), 30250, Kinta, Perak","C-21, Jalan Medan Selayang 1, Medan Selayang, 68100, Gombak, Selangor",Aktif,15,1596-1,Taman Indah,-,-,
1597,no,,,,,,,,,,,,
1598,no,,,,,,,,,,,,
1599,no,,,,,,,,,,,,
1600,no,,,,,,,,,,,,
1601,no,,,,,,,,,,,,
1602,no,,,,,,,,,,,,
1603,no,,,,,,,,,,,,
1604,no,,,,,,,,,,,,
1605,no,,,,,,,,,,,,
1606,no,,,,,,,,,,,,
1607,no,,,,,,,,,,,,
1608,no,,,,,,,,,,,,
1609,yes,SUILEEM REALTY SDN. BHD.,-,,-,-,Aktif,3,1609-1,Taman Laksamana,-,-,
1610,no,,,,,,,,,,,,
1611,no,,,,,,,,,,,,
1612,no,,,,,,,,,,,,
1613,no,,,,,,,,,,,,
1614,no,,,,,,,,,,,,
1615,no,,,,,,,,,,,,
1616,no,,,,,,,,,,,,
1617,yes,NG OO REALTY SDN. BHD.,-,,-,-,Aktif,1,1617-1,Taman Sentosa,-,-,
1618,no,,,,,,,,,,,,
1619,no,,,,,,,,,,,,
1620,no,,,,,,,,,,,,
1621,no,,,,,,,,,,,,
1622,no,,,,,,,,,,,,
1623,no,,,,,,,,,,,,
1624,no,,,,,,,,,,,,
1625,no,,,,,,,,,,,,
1626,no,,,,,,,,,,,,
1627,no,,,,,,,,,,,,
1628,no,,,,,,,,,,,,
1629,no,,,,,,,,,,,,
1630,no,,,,,,,,,,,,
1631,no,,,,,,,,,,,,
1632,yes,SOON TIEK DEVELOPMENT SDN. BHD,propertykl@pjdprop.com.my,03-90579992,"Pejabat Juala N Endah Promenade, Lot Pt 7221, Jalan Merah Caga, Tmn Sri Endah, Sri Petaling, 57100, Kuala Lumpur, Wp Kuala Lumpur","18th Floor, Plaza Osk, Jalan Ampang, 50450, Kuala Lumpur, Wp Kuala Lumpur",Aktif,4,1632-1,Taman Seri Endah Fasa I & Ii,-,-,
1633,no,,,,,,,,,,,,
1634,no,,,,,,,,,,,,
1635,no,,,,,,,,,,,,
1636,no,,,,,,,,,,,,
1637,no,,,,,,,,,,,,
1638,no,,,,,,,,,,,,
1639,no,,,,,,,,,,,,
1640,no,,,,,,,,,,,,
1641,yes,LAI LOY & SONS SDN. BHD.,-,,"No 218, 1st Floor, Kawasan Merah, 71700, Seremban, Negeri Sembilan","Suite B 1st Floor, 40 Jalan Tunku Hassan, 70000, Seremban, Negeri Sembilan",Aktif,8,1641-1,Sungai Nil,-,-,
1642,no,,,,,,,,,,,,
1643,no,,,,,,,,,,,,
1644,yes,MENANG DEVELOPMENT (M) SDN. BHD.,-,,-,-,Aktif,4,1644-1,Rasah Jaya,-,-,
1645,no,,,,,,,,,,,,
1646,no,,,,,,,,,,,,
1647,no,,,,,,,,,,,,
1648,no,,,,,,,,,,,,
1649,no,,,,,,,,,,,,
1650,no,,,,,,,,,,,,
1651,no,,,,,,,,,,,,
1652,no,,,,,,,,,,,,
1653,no,,,,,,,,,,,,
1654,no,,,,,,,,,,,,
1655,yes,LIVING DEVELOPMENT SDN. BHD.,-,,-,-,Aktif,1,1655-1,Taman Sayang,-,-,
1656,no,,,,,,,,,,,,
1657,no,,,,,,,,,,,,
1658,no,,,,,,,,,,,,
1659,no,,,,,,,,,,,,
1660,yes,KEMAJUAN PERBAKTI SDN. BHD ,-,,-,-,Aktif,6,1660-1,Taman Tualang Fasa Ii & Iii,-,-,
1661,no,,,,,,,,,,,,
1662,no,,,,,,,,,,,,
1663,no,,,,,,,,,,,,
1664,no,,,,,,,,,,,,
1665,no,,,,,,,,,,,,
1666,no,,,,,,,,,,,,
1667,no,,,,,,,,,,,,
1668,yes,JOHORE PROPERTY (M) SDN. BHD. ,-,,-,-,Aktif,9,1668-1,Bandar Pontian Lot 35,-,-,
1669,no,,,,,,,,,,,,
1670,no,,,,,,,,,,,,
1671,no,,,,,,,,,,,,
1672,no,,,,,,,,,,,,
1673,no,,,,,,,,,,,,
1674,no,,,,,,,,,,,,
1675,yes,WAYTATT ENTERPRISE SDN. BHD.,-,04-349985,"4541 Jalan Permatang Pauh, Daerah Barat Daya, Pulau Pinang","4541 Jalan Permatang Pauh, Daerah Barat Daya, Pulau Pinang",Aktif,1,1675-1,Taman Jati (p1),-,-,
1676,no,,,,,,,,,,,,
1677,no,,,,,,,,,,,,
1678,no,,,,,,,,,,,,
1679,no,,,,,,,,,,,,
1680,yes,SYARIKAT KEMAJUAN TATSOON JAYA SDN. BHD.,-,,-,-,Aktif,1,1680-1,Taman Pertama Taiping ,-,-,
1681,no,,,,,,,,,,,,
1682,no,,,,,,,,,,,,
1683,no,,,,,,,,,,,,
1684,no,,,,,,,,,,,,
1685,yes,PACIFIC CENTRE SDN. BHD.,-,,-,-,Aktif,1,1685-1,Menara Mbf,-,-,
1686,no,,,,,,,,,,,,
1687,no,,,,,,,,,,,,
1688,no,,,,,,,,,,,,
1689,no,,,,,,,,,,,,
1690,no,,,,,,,,,,,,
1691,no,,,,,,,,,,,,
1692,no,,,,,,,,,,,,
1693,no,,,,,,,,,,,,
1694,yes,VANNIC (M) SDN. BHD.,-,,-,-,Aktif,1,1694-1,Taman Ketoyong Permai,-,-,
1695,no,,,,,,,,,,,,
1696,no,,,,,,,,,,,,
1697,no,,,,,,,,,,,,
1698,no,,,,,,,,,,,,
1699,no,,,,,,,,,,,,
1700,no,,,,,,,,,,,,
1701,no,,,,,,,,,,,,
1702,no,,,,,,,,,,,,
1703,no,,,,,,,,,,,,
1704,no,,,,,,,,,,,,
1705,no,,,,,,,,,,,,
1706,no,,,,,,,,,,,,
1707,no,,,,,,,,,,,,
1708,no,,,,,,,,,,,,
1709,no,,,,,,,,,,,,
1710,yes,ALKAFF DEVELOPMENT SDN. BHD.,-,,"A-1-5, Endah Promenade, Jalan 3/149e, Taman Sri Endah, 57000, Kuala Lumpur, Wp Kuala Lumpur","No. 40-1 ( 1st Floor ), Jalan Manis 1 Taman Segar, Cheras, 56100, Kuala Lumpur, Wp Kuala Lumpur",Aktif,3,1710-1,Taman Alkaff,-,-,
1711,no,,,,,,,,,,,,
1712,no,,,,,,,,,,,,
1713,no,,,,,,,,,,,,
1714,no,,,,,,,,,,,,
1715,yes,BENARAYA DEVELOPMENT SDN. BHD.,-,,-,-,Aktif,1,1715-1,Taman Indah,-,-,
1716,no,,,,,,,,,,,,
1717,no,,,,,,,,,,,,
1718,no,,,,,,,,,,,,
1719,no,,,,,,,,,,,,
1720,no,,,,,,,,,,,,
1721,no,,,,,,,,,,,,
1722,yes,TRAVERS DEVELOPMENT SDN. BHD ,-,,-,-,Aktif,1,1722-1,"Lot 2,51,59 & 60",-,-,
1723,yes,MING HOOI DEVELOPMENT SDN. BHD.,minghooidev@gmail.com,095661931,"A-5086, Jalan Kubang Buaya, Off Jalan Beserah, 25250, Kuantan, Pahang","4 Th Floor Hsbc Bank Building, No. 1 Jalan Mahkota, 25000, Kuantan, Pahang",Aktif,115,1723-1,Taman Seri Kuantan,Pahang,-,
1724,no,,,,,,,,,,,,
1725,no,,,,,,,,,,,,
1726,no,,,,,,,,,,,,
1727,yes,SEGAMAT REALTY SDN BHD.,-,,-,-,Aktif,1,1727-1,Taman Sri Bekok-ii,-,-,
1728,no,,,,,,,,,,,,
1729,no,,,,,,,,,,,,
1730,no,,,,,,,,,,,,
1731,no,,,,,,,,,,,,
1732,no,,,,,,,,,,,,
1733,no,,,,,,,,,,,,
1734,no,,,,,,,,,,,,
1735,no,,,,,,,,,,,,
1736,no,,,,,,,,,,,,
1737,no,,,,,,,,,,,,
1738,yes,MASTIARA SDN. BHD.,-,,-,-,Aktif,11,1738-1,Taman Pelangi,-,-,
1739,no,,,,,,,,,,,,
1740,no,,,,,,,,,,,,
1741,no,,,,,,,,,,,,
1742,no,,,,,,,,,,,,
1743,no,,,,,,,,,,,,
1744,yes,SAP HOLDINGS BERHAD.,-,,"No. 23 Jalan Airport City 1, Airport City Business Centre, 43900, Sepang, Selangor","Lot 1a, Level 1a, Plaza Perangsang, Persiaran Perbandaran, P.o Box 7180, 40000, Petaling , Selangor",Aktif,34,1744-1,Taman Tun Abdul Razak,-,-,
1745,no,,,,,,,,,,,,
1746,no,,,,,,,,,,,,
1747,no,,,,,,,,,,,,
1748,no,,,,,,,,,,,,
1749,no,,,,,,,,,,,,
1750,no,,,,,,,,,,,,
1751,yes,SYARIKAT JAYA KENCANA SDN. BHD,-,03-4921873,"No. 33 & 35, Jalan Kencana 15, Taman Kencana, 56100, Kuala Lumpur, Wp Kuala Lumpur","No. 33 & 35, Jalan Kencana 15, Taman Kencana, 56100, Kuala Lumpur, Wp Kuala Lumpur",Aktif,1,1751-1,Taman Kencana Fasa I & Ii (p2),-,-,
1752,no,,,,,,,,,,,,
1753,no,,,,,,,,,,,,
1754,no,,,,,,,,,,,,
1755,no,,,,,,,,,,,,
1756,no,,,,,,,,,,,,
1757,yes,AROSA DEVELOPMENT SDN. BHD ,-,,-,-,Aktif,3,1757-1,Taman Putra Sulaiman,-,-,
1758,no,,,,,,,,,,,,
1759,no,,,,,,,,,,,,
1760,no,,,,,,,,,,,,
1761,no,,,,,,,,,,,,
1762,no,,,,,,,,,,,,
1763,no,,,,,,,,,,,,
1764,no,,,,,,,,,,,,
1765,no,,,,,,,,,,,,
1766,no,,,,,,,,,,,,
1767,no,,,,,,,,,,,,
1768,no,,,,,,,,,,,,
1769,no,,,,,,,,,,,,
1770,yes,HIN HOE HOLDINGS SDN. BHD.,-,,-,-,Aktif,2,1770-1,Taman Bukit Mas,-,-,
1771,yes,MAK LIEW TEIK SDN. BHD.,-,,-,-,Aktif,1,1771-1,Taman Aman,-,-,
1772,no,,,,,,,,,,,,
1773,yes,POKTA SENDIRIAN BERHAD,info@siacorp.com.my,,"Suite 7-08, Wisma Sia Her Yam, , Jalan Ros,, 85000, Segamat, Johor","No.29, (1st Floor), Jalan Utama 2/4, Taman Utama, 85000, Segamat, Johor",Aktif,10,1773-1,Taman Indah,-,-,
1774,no,,,,,,,,,,,,
1775,no,,,,,,,,,,,,
1776,no,,,,,,,,,,,,
1777,no,,,,,,,,,,,,
1778,no,,,,,,,,,,,,
1779,no,,,,,,,,,,,,
1780,no,,,,,,,,,,,,
1781,no,,,,,,,,,,,,
1782,yes,LOKE KEE DEVELOPMENT SDN. BHD.,-,03-79815795,"G-17, Plaza Sungei Besi, No. 831, Jalan Sungei Besi, 57100, Kuala Lumpur, Wp Kuala Lumpur","2-1, Jalan Vivekananda, Off Jalan Tun Sambanthan, 50470, Kuala Lumpur, Wp Kuala Lumpur",Aktif,1,1782-1,Kondominium Sri Emas,Wp Kuala Lumpur,Kuala Lumpur,
1783,no,,,,,,,,,,,,
1784,yes,IDEAL HOMES PROPERTIES SDN. BHD.,-,,"71, Ideal@the One, Jalan Mahsuri, 11950, Daerah Barat Daya, Pulau Pinang","Room B, 3rd Floor, 309-k Perak Road, 10150, Daerah Timor Laut, Pulau Pinang",Aktif,5,1784-1,Tree Sparina,Pulau Pinang,Daerah Barat Daya,
1785,no,,,,,,,,,,,,
1786,no,,,,,,,,,,,,
1787,yes,FIRST NATIONWIDE LANDBANK SDN. BHD. ,-,,-,-,Aktif,1,1787-1,Wangsa Jaya,-,-,
1788,no,,,,,,,,,,,,
1789,no,,,,,,,,,,,,
1790,no,,,,,,,,,,,,
1791,no,,,,,,,,,,,,
1792,no,,,,,,,,,,,,
1793,yes,WAHGIAP DEVT. SDN. BHD.,-,,-,-,Aktif,1,1793-1,Sri Sungai Batu,-,-,
1794,no,,,,,,,,,,,,
1795,no,,,,,,,,,,,,
1796,no,,,,,,,,,,,,
1797,no,,,,,,,,,,,,
1798,no,,,,,,,,,,,,
1799,no,,,,,,,,,,,,
1800,no,,,,,,,,,,,,
1801,no,,,,,,,,,,,,
1802,no,,,,,,,,,,,,
1803,no,,,,,,,,,,,,
1804,no,,,,,,,,,,,,
1805,no,,,,,,,,,,,,
1806,yes,TMLAND DEVELOPMENT SDN. BHD.(FORMERLY KNOWN AS TAMAN MUDA S.B.),-,03-90801888,"No 11, Jln 6/3, Bukit Sri Bintang,, 52100, Kuala Lumpur, Wp Kuala Lumpur","No. 2, Jalan Suadamai 1/3, Bandar Tun Hussein Onn, 43200, Hulu Langat, Selangor",Aktif,3,1806-1,Taman Muda.,-,-,
1807,no,,,,,,,,,,,,
1808,no,,,,,,,,,,,,
1809,no,,,,,,,,,,,,
1810,no,,,,,,,,,,,,
1811,yes,PUMAT SDN. BHD.,srg_jpn@shyg.com.my,079311101,"Suite 8-03, Wisma Sia Her Yam, Jalan Ros, 85000, Segamat, Johor","No. 29 (1st Floor), Jalan Utama 2/4, Taman Utama, 85000, Segamat, Johor",Aktif,31,1811-1,Taman Mewah,-,-,
1812,no,,,,,,,,,,,,
1813,no,,,,,,,,,,,,
1814,no,,,,,,,,,,,,
1815,no,,,,,,,,,,,,
1816,no,,,,,,,,,,,,
1817,no,,,,,,,,,,,,
1818,no,,,,,,,,,,,,
1819,no,,,,,,,,,,,,
1820,no,,,,,,,,,,,,
1821,no,,,,,,,,,,,,
1822,no,,,,,,,,,,,,
1823,no,,,,,,,,,,,,
1824,no,,,,,,,,,,,,
1825,no,,,,,,,,,,,,
1826,yes,PANGLOBAL DEVELOPMENT SDN. BHD.,-,,-,-,Aktif,1,1826-1,Taman Mutiara,-,-,
1827,no,,,,,,,,,,,,
1828,no,,,,,,,,,,,,
1829,no,,,,,,,,,,,,
1830,no,,,,,,,,,,,,
1831,no,,,,,,,,,,,,
1832,yes,GOLDEN PARK DEVELOPMENTS SDN. BHD.,-,,-,-,Aktif,3,1832-1,Taman Mas,-,-,
1833,no,,,,,,,,,,,,
1834,no,,,,,,,,,,,,
1835,no,,,,,,,,,,,,
1836,no,,,,,,,,,,,,
1837,yes,SUN LAND SDN. BHD.,kslim@propertysunland.com.my,055062888,"88, Lebuhraya 1, Taman Che Wan, 30010, Kinta, Perak","38c-2, Jalan Radin Anum,, Bandar Baru Seri Petaling,, 57000, Wp Kuala Lumpur",Aktif,6,1837-1,Taman Suria,Perak,Kinta,
1838,no,,,,,,,,,,,,
1839,no,,,,,,,,,,,,
1840,no,,,,,,,,,,,,
1841,yes,TANJONG DEVELOPER SDN. BHD.,tdsbkt@yahoo.com,096230940,"1085f, Lot 4202, Pt 1909p, Tingkat Satu, Jalan Sultan Sulaiman, 20000, Kuala Terengganu, Terengganu","No.1085f Lot 4202 , Lot 1909p,tingkat Satu, Jalan Sultan Sulaiman, 20000, Kuala Terengganu, Terengganu",Aktif,25,1841-1,Taman Sri Losong,-,-,
1842,yes,DALYA SDN. BHD.,-,,-,-,Aktif,5,1842-1,Taman Desa Paloh,-,-,
1843,no,,,,,,,,,,,,
1844,no,,,,,,,,,,,,
1845,no,,,,,,,,,,,,
1846,no,,,,,,,,,,,,
1847,no,,,,,,,,,,,,
1848,no,,,,,,,,,,,,
1849,no,,,,,,,,,,,,
1850,no,,,,,,,,,,,,
1851,no,,,,,,,,,,,,
1852,no,,,,,,,,,,,,
1853,no,,,,,,,,,,,,
1854,yes,TAHITI DEVELOPMENT SDN. BHD.,-,,-,-,Aktif,2,1854-1,Taman Seri Bahagia,-,-,
1855,no,,,,,,,,,,,,
1856,no,,,,,,,,,,,,
1857,no,,,,,,,,,,,,
1858,no,,,,,,,,,,,,
1859,no,,,,,,,,,,,,
1860,yes,LEE HOW SOO ENTERPRISE SDN. BHD.,lhse@yahoo.com,,"50 Jalan Selat, 36000, Hilir Perak, Perak","No.105, Jalan Veerasamy, 30300, Kinta, Perak",Aktif,19,1860-1,Taman Pelangi (fasa 2),-,-,
1861,no,,,,,,,,,,,,
1862,no,,,,,,,,,,,,
1863,no,,,,,,,,,,,,
1864,yes,ASIAH LATIF SDN. BHD.,-,,-,-,Aktif,2,1864-1,Taman Bidor Jaya,-,-,
1865,no,,,,,,,,,,,,
1866,yes,GROUP LINK CONSTRUCTION SDN BHD (DAHULU SYKT TUNG KAI LEONG & ANAK SDN BHD),-,,-,-,Aktif,1,1866-1,Lot 83 Mukim Kelanang,-,-,
1867,no,,,,,,,,,,,,
1868,no,,,,,,,,,,,,
1869,no,,,,,,,,,,,,
1870,no,,,,,,,,,,,,
1871,no,,,,,,,,,,,,
1872,no,,,,,,,,,,,,
1873,no,,,,,,,,,,,,
1874,no,,,,,,,,,,,,
1875,yes,EASTERN & ORIENTAL HOTEL (1951) SDN. BHD.,marketingandsales@easternandoriental.com,03-20956868,"Level 3a(annexe),menara Milenium,8 Jalan Damanlela,damansara Heights, 50490, Kuala Lumpur, Wp Kuala Lumpur","Level 3a(annexe),menara Milenium,8 Jalan Damanlela,damansara Heights, 50490, Kuala Lumpur, Wp Kuala Lumpur",Aktif,1,1875-1,Lot 124 & 125 Seksyen 14,Pulau Pinang,Daerah Timor Laut,
1876,no,,,,,,,,,,,,
1877,no,,,,,,,,,,,,
1878,no,,,,,,,,,,,,
1879,yes,HWA LOON CREDIT & LEASING SDN. BHD.,-,,-,-,Aktif,1,1879-1,Villa Setia Lot 45685,-,-,
1880,no,,,,,,,,,,,,
1881,no,,,,,,,,,,,,
1882,no,,,,,,,,,,,,
1883,no,,,,,,,,,,,,
1884,yes,YS DEVELOPMENT SDN. BHD.,-,,"No.2 Jalan Dahlia 3, Taman Dahlia, 28000, Temerloh, Pahang","23, First Floor, Jalan Bunga Matahari, 28400, Temerloh, Pahang",Aktif,5,1884-1,Taman Dahlia Fasa Ii,-,-,
1885,no,,,,,,,,,,,,
1886,no,,,,,,,,,,,,
1887,yes,MAJAYA ENTERPRISE SDN. BHD.,-,,-,-,Aktif,1,1887-1,Taman Bersatu,-,-,
1888,no,,,,,,,,,,,,
1889,no,,,,,,,,,,,,
1890,yes,DERGAHAYU SDN. BHD.,-,,"Wisma Dergahayu,level 5, 26 Jln.indah 23, 56100, Kuala Lumpur, Wp Kuala Lumpur","Wisma Dergahayu,level 5, 26 Jln.indah 23, Tmn.cheras Indah,kuala Lumpur, 56100, Kuala Lumpur, Wp Kuala Lumpur",Aktif,9,1890-1,Taman Bukit Teratai,Selangor,Hulu Langat,
1891,no,,,,,,,,,,,,
1892,no,,,,,,,,,,,,
1893,no,,,,,,,,,,,,
1894,no,,,,,,,,,,,,
1895,no,,,,,,,,,,,,
1896,yes,MEKAR JAYA SDN. BHD.,-,,-,-,Aktif,3,1896-1,Taman Pasir Mas,-,-,
1897,no,,,,,,,,,,,,
1898,yes,SYARIKAT MASINDA SDN. BHD.,-,,"Kinta, Perak","Kinta, Perak",Aktif,1,1898-1,Taman Diawan,-,-,
1899,no,,,,,,,,,,,,
1900,no,,,,,,,,,,,,
1901,no,,,,,,,,,,,,
1902,no,,,,,,,,,,,,
1903,no,,,,,,,,,,,,
1904,no,,,,,,,,,,,,
1905,no,,,,,,,,,,,,
1906,no,,,,,,,,,,,,
1907,no,,,,,,,,,,,,
1908,no,,,,,,,,,,,,
1909,no,,,,,,,,,,,,
1910,yes,VIGOL DEVELOPMENT SDN. BHD.,-,05-22166,"206 Jalan Burmah, Daerah Barat Daya, Pulau Pinang","206 Jalan Burmah, Daerah Barat Daya, Pulau Pinang",Aktif,1,1910-1,Bayshore  Apartment,-,-,
1911,no,,,,,,,,,,,,
1912,no,,,,,,,,,,,,
1913,no,,,,,,,,,,,,
1914,no,,,,,,,,,,,,
1915,no,,,,,,,,,,,,
1916,no,,,,,,,,,,,,
1917,no,,,,,,,,,,,,
1918,no,,,,,,,,,,,,
1919,no,,,,,,,,,,,,
1920,no,,,,,,,,,,,,
1921,no,,,,,,,,,,,,
1922,no,,,,,,,,,,,,
1923,no,,,,,,,,,,,,
1924,no,,,,,,,,,,,,
1925,no,,,,,,,,,,,,
1926,yes,SYARIKAT TAIWOOD SDN. BHD.,-,,-,-,Aktif,1,1926-1,Taman Sri Indah,-,-,
1927,no,,,,,,,,,,,,
1928,no,,,,,,,,,,,,
1929,no,,,,,,,,,,,,
1930,no,,,,,,,,,,,,
1931,no,,,,,,,,,,,,
1932,no,,,,,,,,,,,,
1933,no,,,,,,,,,,,,
1934,no,,,,,,,,,,,,
1935,no,,,,,,,,,,,,
1936,no,,,,,,,,,,,,
1937,no,,,,,,,,,,,,
1938,no,,,,,,,,,,,,
1939,no,,,,,,,,,,,,
1940,no,,,,,,,,,,,,
1941,no,,,,,,,,,,,,
1942,no,,,,,,,,,,,,
1943,no,,,,,,,,,,,,
1944,no,,,,,,,,,,,,
1945,no,,,,,,,,,,,,
1946,no,,,,,,,,,,,,
1947,no,,,,,,,,,,,,
1948,no,,,,,,,,,,,,
1949,no,,,,,,,,,,,,
1950,no,,,,,,,,,,,,
1951,no,,,,,,,,,,,,
1952,no,,,,,,,,,,,,
1953,no,,,,,,,,,,,,
1954,no,,,,,,,,,,,,
1955,no,,,,,,,,,,,,
1956,yes,KIM LONG CREDIT DEVELOPMENT SDN. BHD.,-,,"612,jln.perak, Kepala Batas, 13200, Seberang Perai Utara, Pulau Pinang","612,jln.perak, Kepala Batas, Province Wellesley, 13200, Seberang Perai Utara, Pulau Pinang",Aktif,2,1956-1,Taman Sena,-,-,
1957,no,,,,,,,,,,,,
1958,no,,,,,,,,,,,,
1959,no,,,,,,,,,,,,
1960,no,,,,,,,,,,,,
1961,no,,,,,,,,,,,,
1962,no,,,,,,,,,,,,
1963,no,,,,,,,,,,,,
1964,no,,,,,,,,,,,,
1965,no,,,,,,,,,,,,
1966,no,,,,,,,,,,,,
1967,yes,DAKA PEMBINA SDN. BHD.,dakapembina@yahoo.com,03-87391693,"3rd Floor, No. 8, Jalan Sri Kota 1, Taman Sri Kota, 43000, Hulu Langat, Selangor","3rd Floor,bangunan Fung Keong, 108,jalan Tun H.s.lee, Kuala Lumpur., 50000, Kuala Lumpur, Wp Kuala Lumpur",Aktif,5,1967-1,Taman Ria,-,-,
1968,no,,,,,,,,,,,,
1969,no,,,,,,,,,,,,
1970,no,,,,,,,,,,,,
1971,no,,,,,,,,,,,,
1972,no,,,,,,,,,,,,
1973,no,,,,,,,,,,,,
1974,no,,,,,,,,,,,,
1975,no,,,,,,,,,,,,
1976,no,,,,,,,,,,,,
1977,no,,,,,,,,,,,,
1978,no,,,,,,,,,,,,
1979,no,,,,,,,,,,,,
1980,no,,,,,,,,,,,,
1981,no,,,,,,,,,,,,
1982,no,,,,,,,,,,,,
1983,yes,MALAYSIA PACIFIC DEVT. CO. SDN. BHD.,-,,-,-,Aktif,1,1983-1,Taman Megah Ria,-,-,
1984,no,,,,,,,,,,,,
1985,no,,,,,,,,,,,,
1986,yes,PERUMAHAN TAG SDN. BHD ,simleongtimber@ jaring.my,07-7557254,"Lot 323, Batu 45, Jalan Johor, 86200, Kluang, Johor","No. 20a, Jalan Kuning, Taman Bukit Pasir, 83000, Batu Pahat, Johor",Aktif,2,1986-1,Taman Purnama (p1),-,-,
1987,yes,SYARIKAT NAZATI SDN. BHD,-,03-4411188,"Tingkat 22, Igb Plaza, Jalan Kampar, Off Jalan Tun Razak, 50706, Kuala Lumpur, Wp Kuala Lumpur","No. 205, Tingkat 1, Jalan Bagan,, Kuala Selangor, Selangor",Aktif,1,1987-1,Taman Masdi,-,-,
1988,no,,,,,,,,,,,,
1989,no,,,,,,,,,,,,
1990,no,,,,,,,,,,,,
1991,no,,,,,,,,,,,,
1992,no,,,,,,,,,,,,
1993,no,,,,,,,,,,,,
1994,no,,,,,,,,,,,,
1995,no,,,,,,,,,,,,
1996,no,,,,,,,,,,,,
1997,no,,,,,,,,,,,,
1998,no,,,,,,,,,,,,
1999,no,,,,,,,,,,,,
2000,no,,,,,,,,,,,,
2001,no,,,,,,,,,,,,
2002,no,,,,,,,,,,,,
2003,yes,PARAMOUNT PROPERTY (UTARA) SDN. BHD.,yjkoay@paramountproperty.my,044413388,"Wisma Paramount, No.1, Jalan Banyan 1, Bukit Banyan, 08000, Kuala Muda, Kedah","Level 12, Tower B,, Pusat Perdagangan Dataran  Atwater,, Jalan Profesor Diraja Ungku Aziz,, 46200, Petaling , Selangor",Aktif,76,2003-1,Taman Patani Jaya,-,-,
2004,no,,,,,,,,,,,,
2005,no,,,,,,,,,,,,
2006,yes,BINANUSA SDN. BHD.,-,04-2271225,"368-4-15 Bellisa Row, Jalan Burmah, 10350, Daerah Timor Laut, Pulau Pinang","368-4-15 Bellisa Row, Jalan Burmah, 10350, Daerah Timor Laut, Pulau Pinang",Aktif,8,2006-1,Taman Terubong Jaya,Pulau Pinang,Daerah Timor Laut,
2007,no,,,,,,,,,,,,
2008,yes,CAYMAN DEVELOPMENT (KEDAH) SDN. BHD.,-,,-,-,Aktif,19,2008-1,Taman Seri Berjaya,-,-,
2009,no,,,,,,,,,,,,
2010,yes,BERKAT TIMOR SDN. BHD.,-,,-,-,Aktif,1,2010-1,Taman Berkat,-,-,
2011,yes,RETHIKO SDN. BHD.,-,04-3237618,"4925, 3rd Floor, Jalan Bagan Luar, 12000, Seberang Perai Utara, Pulau Pinang","4223 Tingkat 2 Jalan Bagan Luar, 12000, Seberang Perai Utara, Pulau Pinang",Aktif,5,2011-1,Taman Tasik Rethina,-,-,
2012,yes,WINAIK MANAGEMENT SDN. BHD.,-,,-,-,Aktif,1,2012-1,Taman Kuala Jaya,-,-,
2013,no,,,,,,,,,,,,
2014,no,,,,,,,,,,,,
2015,no,,,,,,,,,,,,
2016,no,,,,,,,,,,,,
2017,yes,JESULAANG SDN. BHD.,-,,-,-,Aktif,1,2017-1,Taman Raja Muda Musa Iii,-,-,
2018,no,,,,,,,,,,,,
2019,no,,,,,,,,,,,,
2020,no,,,,,,,,,,,,
2021,yes,HOBIN KEMAJUAN SDN. BHD.,-,,-,-,Aktif,2,2021-1,Taman Rakyat (p1),-,-,
2022,no,,,,,,,,,,,,
2023,no,,,,,,,,,,,,
2024,no,,,,,,,,,,,,
2025,no,,,,,,,,,,,,
2026,no,,,,,,,,,,,,
2027,no,,,,,,,,,,,,
2028,no,,,,,,,,,,,,
2029,no,,,,,,,,,,,,
2030,yes,YONLIAN REALTY SDN. BHD.,-,,-,-,Aktif,3,2030-1,Lot 1089 - 1093,-,-,
2031,no,,,,,,,,,,,,
2032,no,,,,,,,,,,,,
2033,no,,,,,,,,,,,,
2034,no,,,,,,,,,,,,
2035,no,,,,,,,,,,,,
2036,yes,WEILY REALTY SDN. BHD ,-,,-,-,Aktif,4,2036-1,Taman Makmur,-,-,
2037,no,,,,,,,,,,,,
2038,no,,,,,,,,,,,,
2039,yes,SRI DONGLAI SDN. BHD ,-,,-,-,Aktif,1,2039-1,Taman Cheras Indah,-,-,
2040,no,,,,,,,,,,,,
2041,no,,,,,,,,,,,,
2042,no,,,,,,,,,,,,
2043,no,,,,,,,,,,,,
2044,no,,,,,,,,,,,,
2045,no,,,,,,,,,,,,
2046,no,,,,,,,,,,,,
2047,no,,,,,,,,,,,,
2048,no,,,,,,,,,,,,
2049,no,,,,,,,,,,,,
2050,no,,,,,,,,,,,,
2051,no,,,,,,,,,,,,
2052,no,,,,,,,,,,,,
2053,no,,,,,,,,,,,,
2054,no,,,,,,,,,,,,
2055,no,,,,,,,,,,,,
2056,yes,LEISURE HOLIDAYS HOLDINGS SDN.BHD.,-,,-,-,Aktif,3,2056-1,Villa Ampang,-,-,
2057,no,,,,,,,,,,,,
2058,no,,,,,,,,,,,,
2059,no,,,,,,,,,,,,
2060,no,,,,,,,,,,,,
2061,no,,,,,,,,,,,,
2062,no,,,,,,,,,,,,
2063,no,,,,,,,,,,,,
2064,no,,,,,,,,,,,,
2065,no,,,,,,,,,,,,
2066,yes,PUTRA PERDANA DEVELOPMENT SDN. BHD.,-,,-,-,Aktif,1,2066-1,Taman Melaka Raya,-,-,
2067,no,,,,,,,,,,,,
2068,no,,,,,,,,,,,,
2069,no,,,,,,,,,,,,
2070,yes,KUM YEUN ENTERPRISE SDN. BHD.,-,,-,-,Aktif,2,2070-1,Taman Mengembu Berlian,-,-,
2071,no,,,,,,,,,,,,
2072,no,,,,,,,,,,,,
2073,no,,,,,,,,,,,,
2074,no,,,,,,,,,,,,
2075,no,,,,,,,,,,,,
2076,no,,,,,,,,,,,,
2077,no,,,,,,,,,,,,
2078,no,,,,,,,,,,,,
2079,no,,,,,,,,,,,,
2080,yes,BSJ HIGHLAND SDN. BHD.,bsj_project@yahoo.com,07-5112717,"No. 4 & 6, Jln Silat Harimau 2, Bandar Selesa Jaya, Skudai, 81300, Johor Bahru, Johor","4a, Tingkat 1, Jln Skudai Kiri, Kg. Skudai Kiri, Off Jln Skudai, 81200, Johor Bahru, Johor",Aktif,2,2080-1,Taman Cantik,-,-,
2081,no,,,,,,,,,,,,
2082,no,,,,,,,,,,,,
2083,no,,,,,,,,,,,,
2084,no,,,,,,,,,,,,
2085,no,,,,,,,,,,,,
2086,no,,,,,,,,,,,,
2087,yes,AIR TERANG SDN. BHD.,-,,-,-,Aktif,1,2087-1,Bandar Baru Kota Putri ,-,-,
2088,no,,,,,,,,,,,,
2089,no,,,,,,,,,,,,
2090,no,,,,,,,,,,,,
2091,no,,,,,,,,,,,,
2092,no,,,,,,,,,,,,
2093,no,,,,,,,,,,,,
2094,yes,KEMAJUAN TENAGA SDN. BHD.,-,,-,-,Aktif,1,2094-1,Taman Ampang Hilir (fawina Court),-,-,
2095,no,,,,,,,,,,,,
2096,no,,,,,,,,,,,,
2097,yes,PEMAJU HO HOCK LAI SDN. BHD.,-,,-,-,Aktif,5,2097-1,Taman Nik,-,-,
2098,no,,,,,,,,,,,,
2099,no,,,,,,,,,,,,
2100,no,,,,,,,,,,,,
2101,no,,,,,,,,,,,,
2102,no,,,,,,,,,,,,
2103,no,,,,,,,,,,,,
2104,no,,,,,,,,,,,,
2105,no,,,,,,,,,,,,
2106,yes,PEMBANGUNAN MUTINIAGA SDN. BHD.,-,,-,-,Aktif,1,2106-1,Taman Desa Anggerik,-,-,
2107,no,,,,,,,,,,,,
2108,no,,,,,,,,,,,,
2109,yes,SALAK PARK DEVELOPMENT SDN. BHD,-,,-,-,Aktif,4,2109-1,Desa Petaling,-,-,
2110,no,,,,,,,,,,,,
2111,no,,,,,,,,,,,,
2112,yes,LEAN TEIK SENG DEVELOPMENT SDN. BHD.,-,,-,-,Aktif,1,2112-1,Taman Mutiara ,-,-,
2113,no,,,,,,,,,,,,
2114,no,,,,,,,,,,,,
2115,yes,KEMAJUAN PEMANDANGAN SDN. BHD.,-,,-,-,Aktif,2,2115-1,Taman Bukit Sentosa,-,-,
2116,yes,YUEN LUM SDN. BHD.,-,,-,-,Aktif,1,2116-1,Taman Teja(p1),-,-,
2117,yes,CHIN LEAN REALTY CO. SDN. BHD.,-,,-,-,Aktif,1,2117-1,Taman Cahaya,-,-,
2118,no,,,,,,,,,,,,
2119,no,,,,,,,,,,,,
2120,no,,,,,,,,,,,,
2121,no,,,,,,,,,,,,
2122,yes,TH PROPERTIES SDN. BHD.,-,,-,-,Aktif,12,2122-1,Taman Tabung Haji (p1),-,-,
2123,yes,BUMIBAKTI DEVELOPMENT SDN. BHD.,marketing@hata.com.my,0392263666,"8th Floor Wisma Bh, 361 Jalan Pudu, 55100, Kuala Lumpur, Wp Kuala Lumpur","Suite 1, Level 6, Block B, Wisma Ntp World,, Excella Business Park, Jalan Ampang Putra,, 55100, Kuala Lumpur, Wp Kuala Lumpur",Aktif,1,2123-1,Taman Melur Fasa 3,-,-,
2124,no,,,,,,,,,,,,
2125,no,,,,,,,,,,,,
2126,no,,,,,,,,,,,,
2127,no,,,,,,,,,,,,
2128,yes,SUI SDN. BHD.,-,,-,-,Aktif,6,2128-1,Ptb 5514-5555,-,-,
2129,no,,,,,,,,,,,,
2130,no,,,,,,,,,,,,
2131,no,,,,,,,,,,,,
2132,no,,,,,,,,,,,,
2133,no,,,,,,,,,,,,
2134,no,,,,,,,,,,,,
2135,no,,,,,,,,,,,,
2136,yes,SEGAMBUT JAYA SDN. BHD,-,,-,-,Aktif,1,2136-1,Taman Sri Sinar,-,-,
2137,no,,,,,,,,,,,,
2138,no,,,,,,,,,,,,
2139,yes,MATRIX DEVT. & CONST. SDN. BHD.,-,,-,-,Aktif,1,2139-1,Pusat Pdagangan Bkt. Mertajam,-,-,
2140,no,,,,,,,,,,,,
2141,no,,,,,,,,,,,,
2142,no,,,,,,,,,,,,
2143,no,,,,,,,,,,,,
2144,no,,,,,,,,,,,,
2145,no,,,,,,,,,,,,
2146,no,,,,,,,,,,,,
2147,no,,,,,,,,,,,,
2148,no,,,,,,,,,,,,
2149,no,,,,,,,,,,,,
2150,no,,,,,,,,,,,,
2151,no,,,,,,,,,,,,
2152,yes,SRI NISUH SDN. BHD.,-,,-,-,Aktif,1,2152-1,Taman Permai,-,-,
2153,no,,,,,,,,,,,,
2154,yes,HIMA DEVELOPMENT SDN. BHD.,hd_jc@hotmail.com,09-7483282,"2668 A & B Jalan Kuala Krai, 15050, Kota Bharu, Kelantan","2668 A & B Jalan Kuala Krai, 15050, Kota Bharu, Kelantan",Aktif,5,2154-1,Taman Sri Intan,-,-,
2155,no,,,,,,,,,,,,
2156,no,,,,,,,,,,,,
2157,no,,,,,,,,,,,,
2158,no,,,,,,,,,,,,
2159,no,,,,,,,,,,,,
2160,no,,,,,,,,,,,,
2161,no,,,,,,,,,,,,
2162,yes,KASIH SAYANG REALTY SDN. BHD.,-,,-,-,Aktif,1,2162-1,Taman Kasih Sayang Fasa I&ii,-,-,
2163,no,,,,,,,,,,,,
2164,no,,,,,,,,,,,,
2165,no,,,,,,,,,,,,
2166,no,,,,,,,,,,,,
2167,no,,,,,,,,,,,,
2168,no,,,,,,,,,,,,
2169,no,,,,,,,,,,,,
2170,no,,,,,,,,,,,,
2171,no,,,,,,,,,,,,
2172,yes,NEWACRES SDN. BHD.,-,,-,-,Aktif,1,2172-1,Taman Sri Muda ,-,-,
2173,no,,,,,,,,,,,,
2174,no,,,,,,,,,,,,
2175,no,,,,,,,,,,,,
2176,yes,PERNIAGAAN MUDA BUMI SDN. BHD.,-,,-,-,Aktif,1,2176-1,Taman Bachang Baru Fasa-1,-,-,
2177,no,,,,,,,,,,,,
2178,no,,,,,,,,,,,,
2179,no,,,,,,,,,,,,
2180,no,,,,,,,,,,,,
2181,no,,,,,,,,,,,,
2182,yes,COMFORT ENTERPRISE SDN. BHD.,-,,-,-,Aktif,2,2182-1,Taman Jubilee,-,-,
2183,yes,PERUSAHAAN BERJAYA TRIANG SDN. BHD.,-,,-,-,Aktif,2,2183-1,Taman Triang Jaya (p1),-,-,
2184,no,,,,,,,,,,,,
2185,no,,,,,,,,,,,,
2186,no,,,,,,,,,,,,
2187,no,,,,,,,,,,,,
2188,no,,,,,,,,,,,,
2189,no,,,,,,,,,,,,
2190,no,,,,,,,,,,,,
2191,no,,,,,,,,,,,,
2192,no,,,,,,,,,,,,
2193,no,,,,,,,,,,,,
2194,no,,,,,,,,,,,,
2195,no,,,,,,,,,,,,
2196,no,,,,,,,,,,,,
2197,no,,,,,,,,,,,,
2198,no,,,,,,,,,,,,
2199,no,,,,,,,,,,,,
2200,no,,,,,,,,,,,,
2201,no,,,,,,,,,,,,
2202,yes,SAZURA SDN. BHD.,-,,-,-,Aktif,1,2202-1,Taman Ros (p1),-,-,
2203,no,,,,,,,,,,,,
2204,no,,,,,,,,,,,,
2205,no,,,,,,,,,,,,
2206,no,,,,,,,,,,,,
2207,yes,ZIMBINA DINDINGS SDN. BHD.,-,,-,-,Aktif,4,2207-1,Xxx,-,-,
2208,no,,,,,,,,,,,,
2209,no,,,,,,,,,,,,
2210,no,,,,,,,,,,,,
2211,no,,,,,,,,,,,,
2212,no,,,,,,,,,,,,
2213,no,,,,,,,,,,,,
2214,no,,,,,,,,,,,,
2215,no,,,,,,,,,,,,
2216,no,,,,,,,,,,,,
2217,no,,,,,,,,,,,,
2218,no,,,,,,,,,,,,
2219,yes,YONSEN CONSTRUCTIONS SDN. BHD.,-,06-3373902,"37-2, Jln Kesidang 3/11,mka Mall,off Jln Tun Perak, 75300, Melaka Tengah, Melaka","37-2, Jln Kesidang 3/11,mka Mall,off Jln Tun Perak, 75300, Melaka Tengah, Melaka",Aktif,23,2219-1,Taman Setia Jaya Ii,-,-,
2220,no,,,,,,,,,,,,
2221,no,,,,,,,,,,,,
2222,no,,,,,,,,,,,,
2223,no,,,,,,,,,,,,
2224,no,,,,,,,,,,,,
2225,no,,,,,,,,,,,,
2226,no,,,,,,,,,,,,
2227,yes,KEDAH PROPERTY SDN. BHD.,-,,-,-,Aktif,2,2227-1,Taman Pulasan 11,-,-,
2228,no,,,,,,,,,,,,
2229,no,,,,,,,,,,,,
2230,yes,SELAMAN SDN. BHD.,-,,"Lot 82, Lorong Mamanda 1, Ampang Point,bt 4 1/2, Jalan Ampang, 68000, Hulu Langat, Selangor","Lot 82,lorong Mamanda Satu, Bt 4 1/2,tmn Dato' Ahmad Razali, Selangor, 68000, Hulu Langat, Selangor",Aktif,5,2230-1,Taman Dato Ahmad Razali.,-,-,
2231,no,,,,,,,,,,,,
2232,no,,,,,,,,,,,,
2233,no,,,,,,,,,,,,
2234,yes,PMC PROPERTIES SDN. BHD. (FORMERLY PASIR MAS CONSTRUCTION & DEVT. SDN. BHD.),-,,"No 29, Tingkat 1, Bangunan Mara, Jalan Tengku Ahmad, 17000, Pasir Mas, Kelantan","No. 29 Tingkat 1, Bangunan Mara, Jalan Tengku Ahmad, 17000, Pasir Mas, Kelantan",Digulung,8,2234-1,Taman Mesra,-,-,
2235,no,,,,,,,,,,,,
2236,no,,,,,,,,,,,,
2237,no,,,,,,,,,,,,
2238,no,,,,,,,,,,,,
2239,yes,BANANG BERSAMA SEGAMAT SDN. BHD.,banangbs@tm.net.my,07-9432500,"No 1, Jalan Nagasari 16, Bandar Segamat Baru, 85000, Segamat, Johor","Suite 1301, 13th Floor, City Plaza, Jalan Tebrau, 80300, Johor Bahru, Johor",Aktif,2,2239-1,Taman Segamat Baru,-,-,
2240,no,,,,,,,,,,,,
2241,no,,,,,,,,,,,,
2242,no,,,,,,,,,,,,
2243,yes,LIM YEW CHYE & SONS REALTY DEVELOPMENT SDN. BHD.,-,,"No.4-6, Jalan Gopeng,, Off Jalan Pasar, Kaw 18, P.o Box 222, 41720, Klang, Selangor","No. 4-6, Jln Gopeng, Off Jln Pasar, Kaw.18, P.o. Box 222,, 41720, Klang, Selangor",Aktif,5,2243-1,Taman Mutu,-,-,
2244,no,,,,,,,,,,,,
2245,no,,,,,,,,,,,,
2246,no,,,,,,,,,,,,
2247,no,,,,,,,,,,,,
2248,no,,,,,,,,,,,,
2249,no,,,,,,,,,,,,
2250,no,,,,,,,,,,,,
2251,no,,,,,,,,,,,,
2252,no,,,,,,,,,,,,
2253,no,,,,,,,,,,,,
2254,no,,,,,,,,,,,,
2255,yes,KIAT TA HUP CHEONG DEVT. SDN. BHD.,-,,-,-,Aktif,8,2255-1,Taman Sri Ayu,-,-,
2256,no,,,,,,,,,,,,
2257,no,,,,,,,,,,,,
2258,no,,,,,,,,,,,,
2259,no,,,,,,,,,,,,
2260,no,,,,,,,,,,,,
2261,no,,,,,,,,,,,,
2262,no,,,,,,,,,,,,
2263,yes,SUM CHOW SDN. BHD.,-,075576888,"No.6, Jalan Putra 1, Taman Sri Putra, 81200, Johor Bahru, Johor","115 & 117, Jalan Bahru, Off Jalan Kampar,, 30250, Kinta, Perak",Aktif,3,2263-1,Sum Chow`,-,-,
2264,no,,,,,,,,,,,,
2265,no,,,,,,,,,,,,
2266,no,,,,,,,,,,,,
2267,no,,,,,,,,,,,,
2268,no,,,,,,,,,,,,
2269,no,,,,,,,,,,,,
2270,no,,,,,,,,,,,,
2271,yes,LLB INDAH PERMAI SDN. BHD.,mkt@pcd.lion.com my,03-21622555,"Tingkat 14 Menara Citibank,no 165 Jalan Ampang, 50450, Kuala Lumpur, Wp Kuala Lumpur","Tingkat 14 Menara Citibank,no 165 Jalan Ampang, 50450, Kuala Lumpur, Wp Kuala Lumpur",Aktif,3,2271-1,Taman Kota Permai,-,-,
2272,no,,,,,,,,,,,,
2273,no,,,,,,,,,,,,
2274,no,,,,,,,,,,,,
2275,yes,KUALA KUBU UTAMA SDN. BHD.,-,,-,-,Aktif,1,2275-1,Taman Seruling,-,-,
2276,no,,,,,,,,,,,,
2277,yes,ADVANCE DEVELOPMENT SDN. BHD.,simi.sisis@jland.com.my,0177070343,"Kompleks Mutiara Johor Land, Jalan Bukit Mutiara , Bandar Dato Onn , 81100, Johor Bahru, Johor","Level 16, Menara Komtar,, 80888, Johor Bahru, Johor",Aktif,12,2277-1,Taman Bukit Tiram ,-,-,
2278,no,,,,,,,,,,,,
2279,no,,,,,,,,,,,,
2280,no,,,,,,,,,,,,
2281,no,,,,,,,,,,,,
2282,no,,,,,,,,,,,,
2283,yes,TAN TAY YOK REALTY SDN. BHD.,-,,-,-,Aktif,1,2283-1,Taman Labis,-,-,
2284,no,,,,,,,,,,,,
2285,no,,,,,,,,,,,,
2286,no,,,,,,,,,,,,
2287,no,,,,,,,,,,,,
2288,yes,TANMING BERHAD,sales@tanming.com.my,03-22826633,"7-2, Tingkat 2, The Boulevard, Mid Valley City, Lingkaran Syed Putra Kuala Lumpur, 59200, Kuala Lumpur, Wp Kuala Lumpur","7-2 Tingkat 2 The Boulevard Mid Valley City Lingkaran Syed Putra Kl, 59200, Kuala Lumpur, Wp Kuala Lumpur",Aktif,16,2288-1, ,-,-,
2289,no,,,,,,,,,,,,
2290,no,,,,,,,,,,,,
2291,no,,,,,,,,,,,,
2292,no,,,,,,,,,,,,
2293,yes,ZAIBI REALTY SDN. BHD.,-,,-,-,Aktif,5,2293-1,Taman Desa Wangi,-,-,
2294,no,,,,,,,,,,,,
2295,no,,,,,,,,,,,,
2296,no,,,,,,,,,,,,
2297,no,,,,,,,,,,,,
2298,yes,POLYWELL ENTERPRISE SDN. BHD.,-,,-,-,Aktif,6,2298-1,Taman Air Bemban,-,-,
2299,no,,,,,,,,,,,,
2300,no,,,,,,,,,,,,
2301,no,,,,,,,,,,,,
2302,no,,,,,,,,,,,,
2303,no,,,,,,,,,,,,
2304,no,,,,,,,,,,,,
2305,yes,SYARIKAT BINAAN KENALI SDN. BHD.,-,,-,-,Aktif,14,2305-1,Taman Sri Bunut,-,-,
2306,no,,,,,,,,,,,,
2307,no,,,,,,,,,,,,
2308,no,,,,,,,,,,,,
2309,no,,,,,,,,,,,,
2310,no,,,,,,,,,,,,
2311,no,,,,,,,,,,,,
2312,no,,,,,,,,,,,,
2313,no,,,,,,,,,,,,
2314,no,,,,,,,,,,,,
2315,no,,,,,,,,,,,,
2316,no,,,,,,,,,,,,
2317,no,,,,,,,,,,,,
2318,no,,,,,,,,,,,,
2319,no,,,,,,,,,,,,
2320,no,,,,,,,,,,,,
2321,no,,,,,,,,,,,,
2322,no,,,,,,,,,,,,
2323,no,,,,,,,,,,,,
2324,no,,,,,,,,,,,,
2325,no,,,,,,,,,,,,
2326,no,,,,,,,,,,,,
2327,no,,,,,,,,,,,,
2328,no,,,,,,,,,,,,
2329,no,,,,,,,,,,,,
2330,no,,,,,,,,,,,,
2331,no,,,,,,,,,,,,
2332,no,,,,,,,,,,,,
2333,no,,,,,,,,,,,,
2334,no,,,,,,,,,,,,
2335,no,,,,,,,,,,,,
2336,no,,,,,,,,,,,,
2337,no,,,,,,,,,,,,
2338,yes,HWEE HONG HOUSING DEVELOPMENT SDN. BHD.,-,,-,-,Aktif,4,2338-1,Taman Damai Jaya,-,-,
2339,no,,,,,,,,,,,,
2340,no,,,,,,,,,,,,
2341,no,,,,,,,,,,,,
2342,no,,,,,,,,,,,,
2343,no,,,,,,,,,,,,
2344,no,,,,,,,,,,,,
2345,no,,,,,,,,,,,,
2346,no,,,,,,,,,,,,
2347,no,,,,,,,,,,,,
2348,yes,RUPEE ENTERPRISE SDN. BHD.,-,,"No.4, Jalan Keliling,, 70100, Seremban, Negeri Sembilan","No.58, Wisma Rupee, Jalan Tuanku Antah, 70100 Seremban, 70100, Seremban, Negeri Sembilan",Aktif,13,2348-1,Taman Bukit Kelana Fasa 2,-,-,
2349,no,,,,,,,,,,,,
2350,no,,,,,,,,,,,,
2351,no,,,,,,,,,,,,
2352,no,,,,,,,,,,,,
2353,yes,CHYE SENG DEVT. SDN. BHD.,-,,-,-,Aktif,2,2353-1,Taman Sri Lalang Lot 9 & 511,-,-,
2354,yes,SYARIKAT MAJUPERAK BHD.,info@majuperak.com.my,052262888,"Aras 1, Bazar Ipoh, Jalan Sultan Nazrin Shah, 31350, Kinta, Perak","Aras 1, Bazar Ipoh, Jalan Sultan Nazrin Shah, 31350, Kinta, Perak",Aktif,8,2354-1,Taman Keramat (p1),-,-,
2355,no,,,,,,,,,,,,
2356,no,,,,,,,,,,,,
2357,no,,,,,,,,,,,,
2358,no,,,,,,,,,,,,
2359,yes,CRESCENT REALTY SDN. BHD.,tampincrescent@gmail.com,064413355,"2644, Taman Indah, 73000, Tampin, Negeri Sembilan","38 Tingkat 2, Jalan Dato Bandar Tunggal, 70000, Seremban, Negeri Sembilan",Aktif,13,2359-1,Taman Indah,-,-,
2360,no,,,,,,,,,,,,
2361,no,,,,,,,,,,,,
2362,no,,,,,,,,,,,,
2363,no,,,,,,,,,,,,
2364,yes,YUE FOONG REALTY SDN. BHD.,-,,-,-,Aktif,3,2364-1,Taman Berjaya Baru Tanjung Rambutan,-,-,
2365,no,,,,,,,,,,,,
2366,no,,,,,,,,,,,,
2367,no,,,,,,,,,,,,
2368,no,,,,,,,,,,,,
2369,no,,,,,,,,,,,,
2370,no,,,,,,,,,,,,
2371,yes,SRI SAUJANA DEVELOPMENT CORPORATION SDN. BHD.,-,,-,-,Aktif,2,2371-1,Taman Sri Terap,-,-,
2372,no,,,,,,,,,,,,
2373,yes,CHEN HUA TRADING SDN. BHD.,-,,-,-,Aktif,3,2373-1,Taman Delima (p1),-,-,
2374,no,,,,,,,,,,,,
2375,no,,,,,,,,,,,,
2376,no,,,,,,,,,,,,
2377,yes,BINARIAZ DEVT. SDN. BHD.,-,,-,-,Aktif,1,2377-1,Taman Mahsuri,-,-,
2378,yes,GUNUNG BAYU SDN. BHD. ,-,,-,-,Aktif,2,2378-1,Taman Tunku Putra,-,-,
2379,no,,,,,,,,,,,,
2380,no,,,,,,,,,,,,
2381,no,,,,,,,,,,,,
2382,no,,,,,,,,,,,,
2383,no,,,,,,,,,,,,
2384,no,,,,,,,,,,,,
2385,yes,NORTH SOUTH DEVELOPMENT SDN. BHD,-,,-,-,Aktif,1,2385-1,Menara Titiwangsa,-,-,
2386,yes,LIGHT INDUSTRIES DEVT. CORP. SDN. BHD.,-,,-,-,Aktif,1,2386-1,Taman Pilah,-,-,
2387,yes,TAMAN GUNONG HIJAU SDN. BHD.,tr-sales@spsetia.com,073829188,"Ptd 46378, Jalan Balau, Taman Rinting, 81750, Johor Bahru, Johor","S P Setia Berhad Corporate Hq,, No. 12, Persiaran Setia Dagang,, Setia Alam, Seksyen U13,, 40170, Petaling , Selangor",Aktif,23,2387-1,Taman Rinting,-,-,
2388,no,,,,,,,,,,,,
2389,no,,,,,,,,,,,,
2390,no,,,,,,,,,,,,
2391,no,,,,,,,,,,,,
2392,yes,MOK'S REALTY SDN. BHD.,-,,-,-,Aktif,1,2392-1,Taman Sri Kayangan,-,-,
2393,no,,,,,,,,,,,,
2394,no,,,,,,,,,,,,
2395,yes,PROSPERITY DEVELOPMENT SDN. BHD.,-,,-,-,Aktif,2,2395-1,Taman Makmur,-,-,
2396,no,,,,,,,,,,,,
2397,no,,,,,,,,,,,,
2398,no,,,,,,,,,,,,
2399,yes,PENG YEE DEVT. SDN. BHD.,-,,-,-,Aktif,1,2399-1,Lot 2356,-,-,
2400,no,,,,,,,,,,,,
2401,no,,,,,,,,,,,,
2402,yes,PERUMAHAN WIRA SEBERANG SDN. BHD.,-,04-2294626,"5th Floor, Wisma Lister Gaden, No. 123-p, Macalister Road, Tiada Maklumat Daerah, Pulau Pinang","5th Floor, Wisma Lister Gaden, No. 123-p, Macalister Road, 10400, Daerah Timor Laut, Pulau Pinang",Aktif,2,2402-1,Taman Perwira Fasa Ii (p1),-,-,
2403,no,,,,,,,,,,,,
2404,no,,,,,,,,,,,,
2405,no,,,,,,,,,,,,
2406,no,,,,,,,,,,,,
2407,no,,,,,,,,,,,,
2408,yes,FONSIANG DEVELOPMENT SDN. BHD.,-,,-,-,Aktif,7,2408-1,Taman Sri Pagoh,-,-,
2409,yes,SIN CHOR CHIT CONST. SDN. BHD.,pgsccckh@tm.net.my,604-2625087,"44, Jalan C Y Choy, 10300, Daerah Timor Laut, Pulau Pinang","102, Madras Lane, 10400, Daerah Timor Laut, Pulau Pinang",Aktif,1,2409-1,Taman Permatang,Pulau Pinang,Daerah Barat Daya,
2410,no,,,,,,,,,,,,
2411,no,,,,,,,,,,,,
2412,no,,,,,,,,,,,,
2413,no,,,,,,,,,,,,
2414,no,,,,,,,,,,,,
2415,no,,,,,,,,,,,,
2416,yes,MAHARANI PROPERTIES SDN. BERHAD,-,,"No.23, Tingkat 1, Jalan Majidi, 84000, Muar, Johor","L2-02, 1 Medini Hub,, Persiaran Medini Utara 3,, Medini Iskandar,, 79000, Johor",Aktif,16,2416-1,Taman Pertama (p2),-,-,
2417,no,,,,,,,,,,,,
2418,no,,,,,,,,,,,,
2419,no,,,,,,,,,,,,
2420,yes,GOLDY LAND MANAGEMENT SDN. BHD.,thseng43@streamyx.com,079311151,"14-k Jalan Buloh Kasap, 85000, Segamat, Johor","14-k Jalan Buloh Kasap, 85000, Segamat, Johor",Aktif,7,2420-1,Taman Goldy,-,-,
2421,no,,,,,,,,,,,,
2422,no,,,,,,,,,,,,
2423,no,,,,,,,,,,,,
2424,no,,,,,,,,,,,,
2425,no,,,,,,,,,,,,
2426,no,,,,,,,,,,,,
2427,no,,,,,,,,,,,,
2428,no,,,,,,,,,,,,
2429,no,,,,,,,,,,,,
2430,yes,BINARAYA PKINK SDN. BHD.,salesspp.pkink@gmail.com,097414300,"Aras 1 & 2, Lk6, D'perdana Sri Cemerlang, Jalan Sri Cemerlang, Seksyen 27, 15300, Kota Bharu, Kelantan","Tkt 4 , Bangunan Pkink, Jalan Tengku Maharani, 15000, Kota Bharu, Kelantan",Aktif,36,2430-1,Desa Darul Nain Fasa 2 (p1),-,-,
2431,no,,,,,,,,,,,,
2432,no,,,,,,,,,,,,
2433,no,,,,,,,,,,,,
2434,yes,MALIM JAYA (MELAKA) SDN.BHD.,MKT@PCD.LION.COM.MY,03-21432299,"Level 2-4, Lion Office Tower, No. 1, Jalan Nagasari, 50200, Kuala Lumpur, Wp Kuala Lumpur","Level 14,lion Office Tower, No.1,jalan Nagasari, 50200, Kuala Lumpur, Wp Kuala Lumpur",Aktif,5,2434-1,Taman Malim Jaya,-,-,
2435,no,,,,,,,,,,,,
2436,no,,,,,,,,,,,,
2437,no,,,,,,,,,,,,
2438,no,,,,,,,,,,,,
2439,no,,,,,,,,,,,,
2440,no,,,,,,,,,,,,
2441,yes,PEMBINAAN PELINDUNG SDN. BHD.,pelindung.sdnbhd@yahoo.com,095096868,"A 385, Tingkat Bawah, Jalan Air Putih, 25300, Kuantan, Pahang","75, Bilik A, Tingkat 1, Jalan Haji Abdul Aziz, 25000, Kuantan, Pahang",Aktif,17,2441-1,Taman Desa Jaya (p1).,Pahang,Pekan,
2442,no,,,,,,,,,,,,
2443,no,,,,,,,,,,,,
2444,no,,,,,,,,,,,,
2445,no,,,,,,,,,,,,
2446,no,,,,,,,,,,,,
2447,no,,,,,,,,,,,,
2448,no,,,,,,,,,,,,
2449,no,,,,,,,,,,,,
2450,no,,,,,,,,,,,,
2451,no,,,,,,,,,,,,
2452,no,,,,,,,,,,,,
2453,no,,,,,,,,,,,,
2454,no,,,,,,,,,,,,
2455,no,,,,,,,,,,,,
2456,no,,,,,,,,,,,,
2457,no,,,,,,,,,,,,
2458,no,,,,,,,,,,,,
2459,no,,,,,,,,,,,,
2460,no,,,,,,,,,,,,
2461,no,,,,,,,,,,,,
2462,no,,,,,,,,,,,,
2463,yes,PERDANA PARKCITY SDN. BHD.,espa-desaparkcity@ppcity.com.my,,"C-3-1, Plaza Arkadia, No. 3, Jalan Intisari Perdana, Desa Parkcity, 52200, Kuala Lumpur, Wp Kuala Lumpur","Suite 16-03, Level 16 , Wisma Uoa Ii , No. 21, Jalan Pinang , 50450, Kuala Lumpur, Wp Kuala Lumpur",Aktif,23,2463-1,Satu Avenue Ampang,-,-,
2464,no,,,,,,,,,,,,
2465,no,,,,,,,,,,,,
2466,no,,,,,,,,,,,,
2467,no,,,,,,,,,,,,
2468,no,,,,,,,,,,,,
2469,no,,,,,,,,,,,,
2470,no,,,,,,,,,,,,
2471,no,,,,,,,,,,,,
2472,no,,,,,,,,,,,,
2473,yes,SPRING DEVELOPMENT SDN. BHD.,-,,-,-,Aktif,1,2473-1,Taman Sri Rasah,-,-,
2474,no,,,,,,,,,,,,
2475,no,,,,,,,,,,,,
2476,yes,SRI GEMAS SDN. BHD.,-,,-,-,Aktif,1,2476-1,Taman Tasik Ria,-,-,
2477,no,,,,,,,,,,,,
2478,yes,GLENMARIE PUCHONG SDN. BHD.,-,,"Level 5, Wisma Drb-hicom, No. 2, Jalan Usahawan U1/8, Seksyen U1, Shah Alam, 40150, Petaling , Selangor",-,Aktif,1,2478-1,Taman Sri Puchong (p1),-,-,
2479,no,,,,,,,,,,,,
2480,no,,,,,,,,,,,,
2481,no,,,,,,,,,,,,
2482,yes,GUH PROPERTIES SDN. BHD.,-,,"No. 32 & 33, Jalan Mpk 6,, Medan Perdagangan Kepayang, 70200, Negeri Sembilan","Part Of Plot 1240 & 1241,, Bayan Lepas Free Industrial Zone,, Phase 3, 11900, Daerah Barat Daya, Pulau Pinang",Aktif,12,2482-1,Taman Bukit Kepayang (p1),-,-,
2483,yes,RESORT & LEISURE HOMES SDN. BHD.,-,,-,-,Aktif,1,2483-1,Pasirindu,-,-,
2484,no,,,,,,,,,,,,
2485,no,,,,,,,,,,,,
2486,yes,SABEKAL DEVELOPMENT SDN BHD.,-,,-,-,Aktif,1,2486-1,Persiaran Sari Ayu,-,-,
2487,yes,BSJ PROPERTIES SDN. BHD.,-,,-,-,Aktif,1,2487-1,Bandar Selesa Jaya,-,-,
2488,no,,,,,,,,,,,,
2489,no,,,,,,,,,,,,
2490,no,,,,,,,,,,,,
2491,no,,,,,,,,,,,,
2492,no,,,,,,,,,,,,
2493,no,,,,,,,,,,,,
2494,no,,,,,,,,,,,,
2495,yes,MARIBENA SDN. BHD.,-,,-,-,Aktif,1,2495-1,Taman Sri Kenari F.2 (p1),-,-,
2496,no,,,,,,,,,,,,
2497,no,,,,,,,,,,,,
2498,yes,PLAZA DEVT. SDN. BHD.,-,,-,-,Aktif,1,2498-1,Taman Alor,-,-,
2499,no,,,,,,,,,,,,
2500,no,,,,,,,,,,,,
2501,no,,,,,,,,,,,,
2502,no,,,,,,,,,,,,
2503,no,,,,,,,,,,,,
2504,no,,,,,,,,,,,,
2505,no,,,,,,,,,,,,
2506,no,,,,,,,,,,,,
2507,no,,,,,,,,,,,,
2508,yes,TIJUARA PEMBANGUNAN SDN. BHD ,-,,-,-,Aktif,1,2508-1,Taman Juara ,-,-,
2509,no,,,,,,,,,,,,
2510,no,,,,,,,,,,,,
2511,no,,,,,,,,,,,,
2512,yes,TANJONG MALIM DEVT. SDN. BHD.,-,,-,-,Aktif,1,2512-1,Taman Universiti,-,-,
2513,no,,,,,,,,,,,,
2514,no,,,,,,,,,,,,
2515,no,,,,,,,,,,,,
2516,no,,,,,,,,,,,,
2517,no,,,,,,,,,,,,
2518,no,,,,,,,,,,,,
2519,no,,,,,,,,,,,,
2520,no,,,,,,,,,,,,
2521,no,,,,,,,,,,,,
2522,no,,,,,,,,,,,,
2523,no,,,,,,,,,,,,
2524,no,,,,,,,,,,,,
2525,yes,SRI KEMANTANG DEVT. SDN. BHD.,-,,-,-,Aktif,2,2525-1,Taman Timah Jaya,-,-,
2526,no,,,,,,,,,,,,
2527,yes,LANGKAP CITY DEVLOPMENT SDN. BHD.,-,,-,-,Aktif,4,2527-1,Taman Langkap Fasa Ii & Iii,-,-,
2528,yes,TAN HIOK KEE REALTY SDN. BHD.,-,,-,-,Aktif,1,2528-1,Taman Tampoi Lot 12 & 863,-,-,
2529,no,,,,,,,,,,,,
2530,no,,,,,,,,,,,,
2531,yes,LAKSAMANA REALTY SDN. BHD.,-,,-,-,Aktif,26,2531-1,Taman Serindit,-,-,
2532,yes,WIRACON SDN. BHD.,smd.lckgroup@gmail.com,0333437777,"No.4-6, Jalan Gopeng, Off Jalan Pasar, 41400, Klang, Selangor","20-m,lrg.gopeng, Klang, Selangor, 41400, Klang, Selangor",Aktif,7,2532-1,Taman Kuala Selangor Fasa Iii,-,-,
2533,no,,,,,,,,,,,,
2534,no,,,,,,,,,,,,
2535,no,,,,,,,,,,,,
2536,no,,,,,,,,,,,,
2537,yes,PEMBANGUNAN CHIN HIN SDN. BHD.,pembangunanchinhin@gmail.com,,"No. 564 Taman Clonlee, Tampin, 73000, Tampin, Negeri Sembilan","Suite B, 1st Floor, 40 Jalan Tunku Hassan, 70000, Seremban, Negeri Sembilan",Aktif,7,2537-1,Taman Clonlee,-,-,
2538,no,,,,,,,,,,,,
2539,no,,,,,,,,,,,,
2540,no,,,,,,,,,,,,
2541,no,,,,,,,,,,,,
2542,no,,,,,,,,,,,,
2543,no,,,,,,,,,,,,
2544,no,,,,,,,,,,,,
2545,no,,,,,,,,,,,,
2546,no,,,,,,,,,,,,
2547,no,,,,,,,,,,,,
2548,no,,,,,,,,,,,,
2549,no,,,,,,,,,,,,
2550,no,,,,,,,,,,,,
2551,no,,,,,,,,,,,,
2552,no,,,,,,,,,,,,
2553,no,,,,,,,,,,,,
2554,no,,,,,,,,,,,,
2555,no,,,,,,,,,,,,
2556,no,,,,,,,,,,,,
2557,no,,,,,,,,,,,,
2558,no,,,,,,,,,,,,
2559,no,,,,,,,,,,,,
2560,no,,,,,,,,,,,,
2561,no,,,,,,,,,,,,
2562,no,,,,,,,,,,,,
2563,no,,,,,,,,,,,,
2564,yes,SYARIKAT JURUMAHAN HOONG TATTT SDN. BHD.,-,,-,-,Aktif,1,2564-1,Taman Bunga Raya Fasa 11,-,-,
2565,yes,TAMAN BROLEH SDN. BHD ,-,,-,-,Aktif,3,2565-1,Taman Broleh,-,-,
2566,no,,,,,,,,,,,,
2567,no,,,,,,,,,,,,
2568,no,,,,,,,,,,,,
2569,no,,,,,,,,,,,,
2570,yes,GENASA SDN. BHD.,-,,-,-,Aktif,2,2570-1,Ria Apartments (pahang Tower),-,-,
2571,no,,,,,,,,,,,,
2572,yes,KUMPULAN CHENG LAN PHIN SDN. BHD.,-,,-,-,Aktif,2,2572-1,Xxx,-,-,
2573,no,,,,,,,,,,,,
2574,no,,,,,,,,,,,,
2575,yes,SILIH PAKAT SDN. BHD.,-,,-,-,Aktif,2,2575-1,Taman Sepakat Fasa 6c,-,-,
2576,no,,,,,,,,,,,,
2577,no,,,,,,,,,,,,
2578,yes,NAGA SAKTI SDN. BHD ,-,06-6779241,"531, Jalan 1/3, Taman Tuanku Ja'afar, 71450, Seremban, Negeri Sembilan","2nd Floor, Wisma Antah, Changkat Semantan, Damansara Heights, 50490, Kuala Lumpur, Wp Kuala Lumpur",Aktif,4,2578-1,Taman Tuanku Jaafar ,-,-,
2579,yes,SETIA JAYA ENT. SDN. BHD.,-,,"Lot C-gr-2, Blok C, Menara Uncang Emas, 85, Jalan Loke Yew, 55200, Kuala Lumpur, Wp Kuala Lumpur","A-5-4a,5th Floor,northpoint Office,northpoint Mid-valley City,no:1,medan Syed Putra  Utara, 59200, Kuala Lumpur, Wp Kuala Lumpur",Aktif,3,2579-1,Taman Sentosa F2 (p1),-,-,
2580,yes,BELANJA SDN. BHD ,-,,-,-,Aktif,8,2580-1,Taman Indera,-,-,
2581,no,,,,,,,,,,,,
2582,no,,,,,,,,,,,,
2583,no,,,,,,,,,,,,
2584,no,,,,,,,,,,,,
2585,no,,,,,,,,,,,,
2586,no,,,,,,,,,,,,
2587,no,,,,,,,,,,,,
2588,no,,,,,,,,,,,,
2589,no,,,,,,,,,,,,
2590,yes,TIM DEVELOPMENT & CONSTRUCTION SDN. BHD.,-,,"A-17-3 Level 17 Menara Uoa Bangsar, No. 5 Jalan Bangsar Utama 1, 59000, Kuala Lumpur, Wp Kuala Lumpur","A-17-3, Level 17, Menara Uoa Bangsar, No. 5 Jalan Bangsar Utama 1, , 59000, Kuala Lumpur, Wp Kuala Lumpur",Aktif,7,2590-1,Taman Muda (p1),-,-,
2591,no,,,,,,,,,,,,
2592,no,,,,,,,,,,,,
2593,yes,PROP. DEVELOPMENT SDN. BHD.,-,,"No 1 Jalan Angsana 2, Taman Pinggiran Golf, 70400, Seremban, Negeri Sembilan","Suite 2.02, Level 2, Wisma E & C, No. 2 Lorong Dungun Kiri, Damansara Heights, 50490, Kuala Lumpur, Wp Kuala Lumpur",Aktif,5,2593-1,Taman Pinggiran Golf,-,-,
2594,no,,,,,,,,,,,,
2595,no,,,,,,,,,,,,
2596,no,,,,,,,,,,,,
2597,yes,AMINEST SDN. BHD.,-,,-,-,Aktif,1,2597-1,Taman Sri Bahagia,-,-,
2598,no,,,,,,,,,,,,
2599,yes,KOTA MULIA SDN. BHD.,karentu@kulai.pjdprop.com.my,07-6637318,"No 4806 & 4807, Jalan Sri Putri  5/8, Taman Putri Kulai, 81000, Johor Bahru, Johor","Tingkat 18, Plaza Osk, Jalan Ampang, 50450, Kuala Lumpur, Wp Kuala Lumpur",Aktif,20,2599-1,Kota Kulai (bandar Sri Putri),-,-,
2600,yes,YEAP BOON YANG CONSTRUCTION SDN. BHD.,chasyhc@tm.net.my,09-9557163,"B-839, Taman Tanah Merah, 17500, Tanah Merah, Kelantan","Lot 345, Aras 2, Seksyen 27, Jalan Pengkalan Chepa, 15400, Tanah Merah, Kelantan",Aktif,5,2600-1,Taman Tanah Merah (p1),-,-,
2601,no,,,,,,,,,,,,
2602,no,,,,,,,,,,,,
2603,no,,,,,,,,,,,,
2604,no,,,,,,,,,,,,
2605,yes,URBAN RESOURCES SDN. BHD.,-,,-,-,Aktif,2,2605-1,Taman Padang Tembak,-,-,
2606,no,,,,,,,,,,,,
2607,no,,,,,,,,,,,,
2608,yes,PAKATAN PERAKBINA SDN. BHD.,mhyap@ytl.com,0320380888,"36th Floor, Menara Ytl, 205 Jalan Bukit Bintang, 55100, Kuala Lumpur, Wp Kuala Lumpur","33rd Floor, Menara Ytl, , 205 Jalan Bukit Bintang, , 55100, Kuala Lumpur, Wp Kuala Lumpur",Aktif,6,2608-1,Seri Manjong Fasa 2a (p1),-,-,
2609,no,,,,,,,,,,,,
2610,yes,AH TONG ENTERPRISE SDN. BHD.,-,,-,-,Aktif,1,2610-1,Taman Bukit Bentong,-,-,
2611,no,,,,,,,,,,,,
2612,no,,,,,,,,,,,,
2613,yes,TANMING DAYA SDN. BHD.,sales@tanming.com.my,03-22826633,"7-2, Tingkat 2, The Boulevard, Mid Valley City, Lingkaran Syed Putra, Kuala Lumpur, 59200, Kuala Lumpur, Wp Kuala Lumpur","7-2, Tingkat 2, The Boulevard, Mid Valley City, Lingkaran Syed Putra, Kuala Lumpur, 59200, Kuala Lumpur, Wp Kuala Lumpur",Aktif,2,2613-1,Taman Daya,-,-,
2614,no,,,,,,,,,,,,
2615,no,,,,,,,,,,,,
2616,no,,,,,,,,,,,,
2617,yes,J.B. PROPERTIES SDN. BHD.,-,,-,-,Aktif,2,2617-1,Taman Sri Putri (p1),-,-,
2618,no,,,,,,,,,,,,
2619,yes,NIENITA SDN. BHD.,-,,-,-,Aktif,3,2619-1,Taman Bunga Raya,-,-,
2620,no,,,,,,,,,,,,
2621,no,,,,,,,,,,,,
2622,yes,COLUMBIA KINTA SDN. BHD.,-,,-,-,Aktif,1,2622-1,Taman Sri Emas (p1),Perak,Kampar,
2623,no,,,,,,,,,,,,
2624,no,,,,,,,,,,,,
2625,no,,,,,,,,,,,,
2626,no,,,,,,,,,,,,
2627,no,,,,,,,,,,,,
2628,no,,,,,,,,,,,,
2629,no,,,,,,,,,,,,
2630,no,,,,,,,,,,,,
2631,no,,,,,,,,,,,,
2632,no,,,,,,,,,,,,
2633,no,,,,,,,,,,,,
2634,no,,,,,,,,,,,,
2635,no,,,,,,,,,,,,
2636,no,,,,,,,,,,,,
2637,yes,KHOO SOO TEONG SDN. BHD.,-,,-,-,Aktif,1,2637-1,Indahmas,-,-,
2638,no,,,,,,,,,,,,
2639,no,,,,,,,,,,,,
2640,no,,,,,,,,,,,,
2641,no,,,,,,,,,,,,
2642,no,,,,,,,,,,,,
2643,no,,,,,,,,,,,,
2644,no,,,,,,,,,,,,
2645,no,,,,,,,,,,,,
2646,yes,BINTANG MURNI SDN. BHD.,-,09-7434700,"Pt 383, Depan Mbb Wakaf Siku, Jln Sultan Yahya Petra, 15200, Kota Bharu, Kelantan","Pt 177, First Floor, Lorong Nyior Cabang, Jln Hospital, 15200, Kota Bharu, Kelantan",Aktif,12,2646-1,Xxx,-,-,
2647,no,,,,,,,,,,,,
2648,yes,MAHANG DEVELOPMENT SDN. BHD.,-,,-,-,Aktif,1,2648-1,Taman Puspa Jaya ,-,-,
2649,no,,,,,,,,,,,,
2650,no,,,,,,,,,,,,
2651,yes,KLANG GAN BROTHERS REALTY SDN. BHD.,-,,-,-,Aktif,4,2651-1,Taman Mooi,-,-,
2652,no,,,,,,,,,,,,
2653,no,,,,,,,,,,,,
2654,no,,,,,,,,,,,,
2655,no,,,,,,,,,,,,
2656,no,,,,,,,,,,,,
2657,yes,ABADI MAN NIEN SDN BHD,abadi@abadiheights.com.my,0379828000,"Wisma Abadi Man Nien, No. 6-1a, Jalan 3/109c, Taman Abadi Indah, Off Jalan Klang Lama, 58100, Kuala Lumpur, Wp Kuala Lumpur","6-1a,jalan 3/109c, Taman Abadi Indah, Off Jalan Klang Lama, 58100, Kuala Lumpur, Wp Kuala Lumpur",Aktif,7,2657-1,Taman Abadi Indah,Wp Kuala Lumpur,Kuala Lumpur,
2658,no,,,,,,,,,,,,
2659,no,,,,,,,,,,,,
2660,no,,,,,,,,,,,,
2661,no,,,,,,,,,,,,
2662,no,,,,,,,,,,,,
2663,no,,,,,,,,,,,,
2664,no,,,,,,,,,,,,
2665,no,,,,,,,,,,,,
2666,no,,,,,,,,,,,,
2667,no,,,,,,,,,,,,
2668,no,,,,,,,,,,,,
2669,yes,ALEMRAN (CONST) SDN. BHD.,-,,"No. 39, Tingkat 2, Jalan Kampung Dalam, 20100, Kuala Terengganu, Terengganu","Lot 3899, 3rd Floor, Jalan Sultan Sulaiman, 20000, Kuala Terengganu, Terengganu",Aktif,17,2669-1,Taman Desa Jaya,-,-,
2670,no,,,,,,,,,,,,
2671,no,,,,,,,,,,,,
2672,no,,,,,,,,,,,,
2673,no,,,,,,,,,,,,
2674,yes,BERJAYA LAND DEVELOPMENT SDN. BHD.,property@berjaya.com.my,0321491999,"Level 12, Berjaya Times Square, No.1 Jalan Imbi, 55100, Kuala Lumpur, Wp Kuala Lumpur","Lot 13-01a,level 13 (east Wing), Berjaya Times Square, No.1, Jalan Imbi, 55100, Kuala Lumpur, Wp Kuala Lumpur",Aktif,7,2674-1,Taman Upc (p1),-,-,
2675,no,,,,,,,,,,,,
2676,no,,,,,,,,,,,,
2677,no,,,,,,,,,,,,
2678,no,,,,,,,,,,,,
2679,no,,,,,,,,,,,,
2680,no,,,,,,,,,,,,
2681,no,,,,,,,,,,,,
2682,yes,SYARIKAT TENAGA SAHABAT SDN. BHD,sales@equine.com.my,03-89417878,"No.1, Jalan Putra Permai 1a, Taman Equine, Seri Kembangan, 43300, Petaling , Selangor","No.1, Jalan Putra Permai 1a, Taman Equine, Seri Kembangan, 43300, Petaling , Selangor",Aktif,4,2682-1,Taman Mestika,-,-,
2683,no,,,,,,,,,,,,
2684,no,,,,,,,,,,,,
2685,no,,,,,,,,,,,,
2686,no,,,,,,,,,,,,
2687,yes,ASAS DUNIA BERHAD,chooi@asasdunia.com,042559999,"Wisma Asas, , 228, Lebuh Chulia, 10200, Daerah Timor Laut, Pulau Pinang","Wisma Asas, 228 Lebuh Chulia, 10200, Daerah Timor Laut, Pulau Pinang",Aktif,71,2687-1,Taman Haji Mohd Amin,-,-,
2688,no,,,,,,,,,,,,
2689,no,,,,,,,,,,,,
2690,no,,,,,,,,,,,,
2691,no,,,,,,,,,,,,
2692,yes,POSHAN REALTY SDN. BHD.,-,,-,-,Aktif,1,2692-1,Taman Kampar.,-,-,
2693,yes,INNOVATION & CONCEPT DEVELOPMENT CO. SDN. BHD.,-,,-,-,Aktif,1,2693-1,Desa Damansara,-,-,
2694,no,,,,,,,,,,,,
2695,no,,,,,,,,,,,,
2696,no,,,,,,,,,,,,
2697,no,,,,,,,,,,,,
2698,no,,,,,,,,,,,,
2699,yes,PEMBINAAN KOTA LAKSAMANA (MELAKA) SDN. BHD.,-,,-,-,Aktif,3,2699-1,Taman Kota Laksamana (p1),-,-,
2700,yes,SYARIKAT BATU SINAR SDN. BHD.,-,,-,-,Aktif,1,2700-1,Taman Bandar Baru Kampar,-,-,
2701,yes,CHENG WAH DEVELOPMENT SDN. BHD.,-,,-,-,Aktif,1,2701-1,Taman Cemerlang,-,-,
2702,no,,,,,,,,,,,,
2703,no,,,,,,,,,,,,
2704,no,,,,,,,,,,,,
2705,no,,,,,,,,,,,,
2706,yes,SEEMA DEVELOPMENT SDN. BHD.,-,,-,-,Aktif,5,2706-1,Taman Cangkat Rebian (p1),-,-,
2707,no,,,,,,,,,,,,
2708,no,,,,,,,,,,,,
2709,no,,,,,,,,,,,,
2710,no,,,,,,,,,,,,
2711,no,,,,,,,,,,,,
2712,no,,,,,,,,,,,,
2713,yes,TAI CHONG REALTY (MALACCA) SDN. BHD.,-,,-,-,Aktif,11,2713-1,Taman Payamas (p1),-,-,
2714,no,,,,,,,,,,,,
2715,no,,,,,,,,,,,,
2716,no,,,,,,,,,,,,
2717,no,,,,,,,,,,,,
2718,no,,,,,,,,,,,,
2719,no,,,,,,,,,,,,
2720,yes,SUPERVIEW DEVELOPMENT SDN. BHD,-,,-,-,Aktif,1,2720-1,Wangsa Ukay,-,-,
2721,no,,,,,,,,,,,,
2722,no,,,,,,,,,,,,
2723,no,,,,,,,,,,,,
2724,no,,,,,,,,,,,,
2725,no,,,,,,,,,,,,
2726,no,,,,,,,,,,,,
2727,no,,,,,,,,,,,,
2728,no,,,,,,,,,,,,
2729,no,,,,,,,,,,,,
2730,no,,,,,,,,,,,,
2731,no,,,,,,,,,,,,
2732,yes,AMA CONSTRUCTION SDN. BHD.,-,712333,"280a, Jalan Tunku Antah Rahang, Seremban, Negeri Sembilan","280a, Jalan Tunku Antah Rahang, Seremban, Negeri Sembilan",Aktif,1,2732-1,Taman Temiang Jaya ,-,-,
2733,no,,,,,,,,,,,,
2734,no,,,,,,,,,,,,
2735,no,,,,,,,,,,,,
2736,no,,,,,,,,,,,,
2737,no,,,,,,,,,,,,
2738,no,,,,,,,,,,,,
2739,no,,,,,,,,,,,,
2740,no,,,,,,,,,,,,
2741,no,,,,,,,,,,,,
2742,no,,,,,,,,,,,,
2743,no,,,,,,,,,,,,
2744,no,,,,,,,,,,,,
2745,yes,PEMBANGUNAN CIPTA SARANA SDN. BHD.,-,,-,-,Aktif,1,2745-1,Sri Mutiara,-,-,
2746,yes,INROAD HOUSING DEVT. SDN. BHD.,-,,-,-,Aktif,2,2746-1,Taman Intan Fasa 1 Hingga 8,-,-,
2747,no,,,,,,,,,,,,
2748,no,,,,,,,,,,,,
2749,no,,,,,,,,,,,,
2750,no,,,,,,,,,,,,
2751,no,,,,,,,,,,,,
2752,no,,,,,,,,,,,,
2753,no,,,,,,,,,,,,
2754,yes,GRAND HOOVER PROPERTY SDN. BHD.,tktan@hoover.com.my,03-51222968,"No. 63-g, Jalan Anggerik Vanilla T31/t, Kota Kemuning, Section 31, 40460, Petaling , Selangor","No. 63-g, Jalan Anggerik Vanilla T31/t, Kota Kemuning, Section 31,, 40460, Petaling , Selangor",Aktif,1,2754-1,Taman Bukit Impiana,Selangor,Hulu Langat,
2755,no,,,,,,,,,,,,
2756,no,,,,,,,,,,,,
2757,no,,,,,,,,,,,,
2758,no,,,,,,,,,,,,
2759,no,,,,,,,,,,,,
2760,no,,,,,,,,,,,,
2761,yes,ANGSANA SDN. BHD,-,,-,-,Aktif,4,2761-1,Taman Desa Sri Mahkota (p1),-,-,
2762,yes,KOI KIM SENG DEVT. SDN. BHD.,-,,-,-,Aktif,14,2762-1,Taman Panglima Jaya,-,-,
2763,no,,,,,,,,,,,,
2764,no,,,,,,,,,,,,
2765,no,,,,,,,,,,,,
2766,no,,,,,,,,,,,,
2767,no,,,,,,,,,,,,
2768,yes,CHIN HONG REALTY SDN. BHD.,-,,-,-,Aktif,2,2768-1,Taman Gopeng ,-,-,
2769,no,,,,,,,,,,,,
2770,no,,,,,,,,,,,,
2771,no,,,,,,,,,,,,
2772,no,,,,,,,,,,,,
2773,no,,,,,,,,,,,,
2774,no,,,,,,,,,,,,
2775,no,,,,,,,,,,,,
2776,no,,,,,,,,,,,,
2777,no,,,,,,,,,,,,
2778,no,,,,,,,,,,,,
2779,no,,,,,,,,,,,,
2780,no,,,,,,,,,,,,
2781,no,,,,,,,,,,,,
2782,no,,,,,,,,,,,,
2783,no,,,,,,,,,,,,
2784,no,,,,,,,,,,,,
2785,no,,,,,,,,,,,,
2786,no,,,,,,,,,,,,
2787,no,,,,,,,,,,,,
2788,no,,,,,,,,,,,,
2789,no,,,,,,,,,,,,
2790,no,,,,,,,,,,,,
2791,yes,WAIMUN HOLDINGS & DEVT. SDN. BHD.,-,,-,-,Aktif,2,2791-1,Lot 85,-,-,
2792,no,,,,,,,,,,,,
2793,yes,SEMBAU ENTERPRISE SDN. BHD.,-,,-,-,Aktif,3,2793-1,Xxx,-,-,
2794,no,,,,,,,,,,,,
2795,no,,,,,,,,,,,,
2796,no,,,,,,,,,,,,
2797,no,,,,,,,,,,,,
2798,no,,,,,,,,,,,,
2799,no,,,,,,,,,,,,
2800,no,,,,,,,,,,,,
2801,no,,,,,,,,,,,,
2802,no,,,,,,,,,,,,
2803,no,,,,,,,,,,,,
2804,yes,REMAJA JAYA SDN. BHD.,-,,-,-,Aktif,2,2804-1,Taman Wilayah Selayang ,-,-,
2805,no,,,,,,,,,,,,
2806,no,,,,,,,,,,,,
2807,no,,,,,,,,,,,,
2808,yes,SYARIKAT MULIAJAYA SDN. BHD ,-,,-,-,Aktif,1,2808-1,Taman Muliajaya,-,-,
2809,no,,,,,,,,,,,,
2810,yes,M.K. ASSOCIATES SDN. BHD,-,,-,-,Aktif,4,2810-1,Serendah Golf Resort,-,-,
2811,no,,,,,,,,,,,,
2812,no,,,,,,,,,,,,
2813,no,,,,,,,,,,,,
2814,yes,HIASREKA INDUSTRIES SDN. BHD.,-,,-,-,Aktif,1,2814-1,Taman Sri Tanjung (p1),-,-,
2815,no,,,,,,,,,,,,
2816,no,,,,,,,,,,,,
2817,yes,FUNG YIK SDN. BHD.,enquiries@asasdunia.com,04-2631999,"Wisma Asas , 228-b, Lebuh Chulia, 10200, Daerah Timor Laut, Pulau Pinang","Wisma Asas, 228-b,lebuh Chulia, Penang, 10200, Daerah Timor Laut, Pulau Pinang",Aktif,5,2817-1,Taman Impian Ria,-,-,
2818,no,,,,,,,,,,,,
2819,no,,,,,,,,,,,,
2820,yes,PASIR MAS REALTY SDN. BHD.,-,,-,-,Aktif,1,2820-1,Taman Rantau Baru,-,-,
2821,no,,,,,,,,,,,,
2822,yes,SYARIKAT CHANGKAT KURNIA SDN. BHD.,timkew@yahoo.com,05-2538213,"88, Jalan Leong Boon Swee, 31650, Kinta, Perak","88, Jalan Leong Boon Swee, 31650, Kinta, Perak",Aktif,4,2822-1,Taman Sri Tambun (p1),-,-,
2823,yes,KECK SENG (MALAYSIA) BERHAD ,sales@keckseng.com,073555866,"8 1/2 M.s. , Off Kong Kong Road, 81757, Johor Bahru, Johor","L2-02, 1 Medini Hub,, Persiaran Medini Utara 3,, Medini Iskandar,, 79000, Johor Bahru, Johor",Aktif,51,2823-1,Tanjung Puteri,-,-,
2824,no,,,,,,,,,,,,
2825,yes,DIONG HOLDINGS SDN. BHD.,-,,-,-,Aktif,3,2825-1,Taman Singa Baru (p1),-,-,
2826,no,,,,,,,,,,,,
2827,yes,GLAMO HOUSING SDN. BHD.,-,,"47-02, Jalan Tun Abdul Razak, Susur 1/1, 80000, Johor Bahru, Johor","47-02, Jalan Tun Abdul Razak, Susur 1/1, 80000, Johor Bahru, Johor",Aktif,5,2827-1,Taman Anggerik,Johor,Johor Bahru,
2828,no,,,,,,,,,,,,
2829,yes,PADUTAMA SDN. BHD.,florahomes_36a@yahoo.com,074327899,"36a, 1st Floor, Jalan Persiaran Flora Utama,, Taman Flora Utama, 83000, Batu Pahat, Johor","No: 110, Jalan Melaka Raya 25, Taman Melaka  Raya, 75000, Melaka Tengah, Melaka",Aktif,1,2829-1,Taman Harmoni,Johor,Segamat,
2830,no,,,,,,,,,,,,
2831,no,,,,,,,,,,,,
2832,yes,TAMAN BUNGA MERLIMAU SDN. BHD.,tbm@asiaselatan.com,062837167,"No. 189-g-06, Jalan Persisiran Bunga Raya, 75100, Melaka Tengah, Melaka","No. 189-g-07,, Jalan Persisiran Bunga Raya,, 75100, Melaka Tengah, Melaka",Aktif,17,2832-1,Taman Muhibbah,-,-,
2833,no,,,,,,,,,,,,
2834,no,,,,,,,,,,,,
2835,no,,,,,,,,,,,,
2836,no,,,,,,,,,,,,
2837,no,,,,,,,,,,,,
2838,no,,,,,,,,,,,,
2839,no,,,,,,,,,,,,
2840,no,,,,,,,,,,,,
2841,no,,,,,,,,,,,,
2842,yes,HAJI EMBONG SDN.BHD.,hesb2004@streamyx.com,09-6664339,"No. 7, Bangunan Sedc, Batu 8, Jalan Kelantan, 21200, Kuala Terengganu, Terengganu","No. 7, Bangunan Sedc, Batu 8, Jalan Kelantan, 21200, Kuala Terengganu, Terengganu",Digulung,6,2842-1,Taman Ehsan 1,-,-,
2843,yes,TAIMIMA SDN. BHD.,taimima@tm.net.my,04-6435520,"1a, Jalan Sg Ara 1, Desa Ara, 11900, Daerah Barat Daya, Pulau Pinang","51-21-a, Menara Bhl Bank, Jalan Sultan Ahmad Shah, 10050, Daerah Timor Laut, Pulau Pinang",Aktif,8,2843-1,Taman Sungai Ara (p1),-,-,
2844,no,,,,,,,,,,,,
2845,no,,,,,,,,,,,,
2846,no,,,,,,,,,,,,
2847,no,,,,,,,,,,,,
2848,no,,,,,,,,,,,,
2849,no,,,,,,,,,,,,
2850,no,,,,,,,,,,,,
2851,no,,,,,,,,,,,,
2852,no,,,,,,,,,,,,
2853,yes,KIN CHONG LOONG PERUMAHAN SDN. BHD.,-,,-,-,Aktif,1,2853-1,Taman Mewah Senai,-,-,
2854,no,,,,,,,,,,,,
2855,yes,RUSLAN AR PROPERTIES SDN. BHD.,-,,-,-,Aktif,1,2855-1,Taman Desa Mesra ,-,-,
2856,no,,,,,,,,,,,,
2857,no,,,,,,,,,,,,
2858,no,,,,,,,,,,,,
2859,no,,,,,,,,,,,,
2860,no,,,,,,,,,,,,
2861,no,,,,,,,,,,,,
2862,no,,,,,,,,,,,,
2863,no,,,,,,,,,,,,
2864,no,,,,,,,,,,,,
2865,no,,,,,,,,,,,,
2866,yes,MEGAH REALTY SDN. BHD.,-,,-,-,Aktif,3,2866-1,Taman Tangkak Jaya (p1),-,-,
2867,yes,BUKIT GAMBIR DEVT. SDN. BHD.,-,,-,-,Aktif,1,2867-1,"Taman Sri Jaya, Bukit Gambir",-,-,
2868,no,,,,,,,,,,,,
2869,no,,,,,,,,,,,,
2870,no,,,,,,,,,,,,
2871,no,,,,,,,,,,,,
2872,no,,,,,,,,,,,,
2873,no,,,,,,,,,,,,
2874,yes,SOBROUN SDN BHD.,-,,-,-,Aktif,2,2874-1,"Lot 801 Mukim Losong , K.trengganu",-,-,
2875,yes,BULATAN JAYA SDN. BHD.,-,,-,-,Aktif,1,2875-1,Taman Jaya (p1),-,-,
2876,no,,,,,,,,,,,,
2877,no,,,,,,,,,,,,
2878,no,,,,,,,,,,,,
2879,no,,,,,,,,,,,,
2880,no,,,,,,,,,,,,
2881,yes,GEA HIN CONSTRUCTION & ENGINEERING SDN. BHD.,-,,-,-,Aktif,2,2881-1,Lot 349 - 373,-,-,
2882,no,,,,,,,,,,,,
2883,no,,,,,,,,,,,,
2884,no,,,,,,,,,,,,
2885,no,,,,,,,,,,,,
2886,no,,,,,,,,,,,,
2887,yes,WOON TANAH MERAH SDN. BHD.,-,,-,-,Aktif,2,2887-1,Taman Woon Tanah Merah,-,-,
2888,yes,UNITED MALAYSIAN PROPERTIES SDN. BHD.,-,,-,-,Aktif,2,2888-1,Taman Teratai Mewah,-,-,
2889,no,,,,,,,,,,,,
2890,no,,,,,,,,,,,,
2891,yes,BINAGA JAYA SDN. BHD,-,,-,-,Aktif,11,2891-1,Taman Mewah Jaya (p1),-,-,
2892,yes,DAMAI CHERAS SDN. BHD.,-,,"No. 10, Jalan Emas 3,, Taman Emas,, 43200, Hulu Langat, Selangor","Unit A-6-2a, Wisma Yoon Cheng, No 726, Batu 4 1/2, Jalan Ipoh, 51200, Kuala Lumpur, Wp Kuala Lumpur",Aktif,3,2892-1,Taman Damai Jaya (p1),-,-,
2893,no,,,,,,,,,,,,
2894,no,,,,,,,,,,,,
2895,no,,,,,,,,,,,,
2896,no,,,,,,,,,,,,
2897,no,,,,,,,,,,,,
2898,yes,TAI TRADING DEVT. SDN. BHD.,-,,-,-,Aktif,7,2898-1,Lot 36512,-,-,
2899,no,,,,,,,,,,,,
2900,no,,,,,,,,,,,,
2901,no,,,,,,,,,,,,
2902,no,,,,,,,,,,,,
2903,no,,,,,,,,,,,,
2904,yes,CHONG SANG ONN SDN. BHD.,chongsangonn@gmail.com,,"No. 237, Jalan Intan 10, Bandar Baru Teluk Intan, 36000, Hilir Perak, Perak","No. 237, Jalan Intan 10, Bandar Baru Teluk Intan, 36000, Hilir Perak, Perak",Aktif,22,2904-1,Taman Aman Fasa Ii,-,-,
2905,no,,,,,,,,,,,,
2906,no,,,,,,,,,,,,
2907,yes,YONLIY HOUSING DEVELOPMENT SDN. BHD.,yonliyhsb@gmail.com,0333418240,"7j, 1st Floor, Wisma Tan Chor Eng, Jalan Sena, Off Jalan Nanas, 41400, Klang, Selangor","No.34b, 2nd Floor, Jalan Cungah, 42000, Klang, Selangor",Aktif,4,2907-1,Taman Ria Fasa Ii,-,-,
2908,no,,,,,,,,,,,,
2909,no,,,,,,,,,,,,
2910,no,,,,,,,,,,,,
2911,no,,,,,,,,,,,,
2912,no,,,,,,,,,,,,
2913,no,,,,,,,,,,,,
2914,no,,,,,,,,,,,,
2915,yes,NEW LAHAT DEVT. SDN. BHD.,-,,-,-,Aktif,1,2915-1,Bandar Lahat Baru F1a-2 (p1),-,-,
2916,yes,KENGTON SDN. BHD.,-,,-,-,Aktif,3,2916-1,Taman Kota Lukut,-,-,
2917,no,,,,,,,,,,,,
2918,yes,BOON SIEW DEVELOPMENT SDN. BHD.,joisho@bsg.com.my,,"25-b, Lebuh Farquhar, 10200, Daerah Timor Laut, Pulau Pinang","Suite-i, Tingkat 2, Wisma Lister Garden, 123 Jalan Macalister, 10400, Daerah Timor Laut, Pulau Pinang",Aktif,8,2918-1,Taman Sungai Nibong (p1),-,-,
2919,no,,,,,,,,,,,,
2920,no,,,,,,,,,,,,
2921,no,,,,,,,,,,,,
2922,no,,,,,,,,,,,,
2923,no,,,,,,,,,,,,
2924,no,,,,,,,,,,,,
2925,no,,,,,,,,,,,,
2926,yes,BDB LAND SDN. BHD.,ruhaina@bdb.com.my,6049199080,"P.o Box 12, Darulaman Suites, Lot 888, Bandar Darulaman, 06007, Kubang Pasu, Kedah","Aras 9,menara Bdb, 88 Lebuhraya Darulaman, Alor Star, 05100, Kota Setar, Kedah",Aktif,62,2926-1,Bandar Darulaman Fasa 1,-,-,
2927,yes,MAJURAMA DEVELOPMENT SDN. BHD.,-,,-,-,Aktif,2,2927-1,Pusat Bandar Senawang,-,-,
2928,no,,,,,,,,,,,,
2929,no,,,,,,,,,,,,
2930,no,,,,,,,,,,,,
2931,no,,,,,,,,,,,,
2932,no,,,,,,,,,,,,
2933,no,,,,,,,,,,,,
2934,no,,,,,,,,,,,,
2935,no,,,,,,,,,,,,
2936,no,,,,,,,,,,,,
2937,no,,,,,,,,,,,,
2938,no,,,,,,,,,,,,
2939,no,,,,,,,,,,,,
2940,no,,,,,,,,,,,,
2941,yes,PEMBINAAN SETIA ABADI SDN. BHD.,sabadisb@streamyx.com,03-33445311,"27a Jalan Goh Hock Huat,klang, 41400, Klang, Selangor","52 Lebuh Enggang, Klang, 41150, Klang, Selangor",Aktif,5,2941-1,Taman Sri Setia (p1),-,-,
2942,yes,SILVER CREEK DEVELOPMENT SDN. BHD.,hsg23006@hotmail.com,064411648,"Lot 6755, Taman Gemencheh Baru, 73200, Tampin, Negeri Sembilan","561 & 562,taman Clonlee, Tampin, Negeri Sembilan., 73000, Tampin, Negeri Sembilan",Aktif,4,2942-1,Taman Sentosa (p1),-,-,
2943,no,,,,,,,,,,,,
2944,no,,,,,,,,,,,,
2945,yes,DATO TAN TENG KUAY REALTY SDN. BHD.,-,,-,-,Aktif,2,2945-1,Taman Sri Tanjung (p1),-,-,
2946,no,,,,,,,,,,,,
2947,yes,THE KL REGENCY SDN. BHD.,-,,-,-,Aktif,1,2947-1,Indra Kayangan,-,-,
2948,no,,,,,,,,,,,,
2949,no,,,,,,,,,,,,
2950,no,,,,,,,,,,,,
2951,yes,SYARIKAT PEMBENAAN YEOH TIONG LAY SDN. BHD.,-,,"Tingkat 10 Plaza Yeoh Tiong Lay, 55 Jalan Bukit Bintang, 55100, Kuala Lumpur, Wp Kuala Lumpur","Tkt.11,plaza Yeoh Tiong Lay, 55,jln.bukit Bintang, Kuala Lumpur, 55100, Kuala Lumpur, Wp Kuala Lumpur",Aktif,9,2951-1,Taman Sentosa (p1),-,-,
2952,no,,,,,,,,,,,,
2953,no,,,,,,,,,,,,
2954,no,,,,,,,,,,,,
2955,no,,,,,,,,,,,,
2956,no,,,,,,,,,,,,
2957,no,,,,,,,,,,,,
2958,no,,,,,,,,,,,,
2959,no,,,,,,,,,,,,
2960,no,,,,,,,,,,,,
2961,no,,,,,,,,,,,,
2962,no,,,,,,,,,,,,
2963,no,,,,,,,,,,,,
2964,no,,,,,,,,,,,,
2965,no,,,,,,,,,,,,
2966,no,,,,,,,,,,,,
2967,no,,,,,,,,,,,,
2968,no,,,,,,,,,,,,
2969,yes,ERA BARU SDN. BHD.,-,,"No.49, 2nd & 3rd Floor, Jalan Era Square 3, 70200, Seremban, Negeri Sembilan","2nd Floor, No.411, Jalan Haruan 4, Oakland Commercial Centre, 70300, Seremban, Negeri Sembilan",Aktif,5,2969-1,Taman Indah (p1),-,-,
2970,no,,,,,,,,,,,,
2971,no,,,,,,,,,,,,
2972,no,,,,,,,,,,,,
2973,no,,,,,,,,,,,,
2974,no,,,,,,,,,,,,
2975,no,,,,,,,,,,,,
2976,yes,ZINMA HOUSING DEVELOPMENT SDN. BHD.,-,,-,-,Aktif,1,2976-1,Taman Senai Jaya,-,-,
2977,no,,,,,,,,,,,,
2978,no,,,,,,,,,,,,
2979,no,,,,,,,,,,,,
2980,no,,,,,,,,,,,,
2981,no,,,,,,,,,,,,
2982,no,,,,,,,,,,,,
2983,no,,,,,,,,,,,,
2984,no,,,,,,,,,,,,
2985,yes,SYARIKAT WAN AWANG NIK SDN. BHD.,-,,-,-,Aktif,2,2985-1,Taman Sri Kepong,-,-,
2986,yes,SRI CAMAR SDN. BHD.,-,,-,-,Aktif,2,2986-1,Taman Sri Saga (p1),-,-,
2987,no,,,,,,,,,,,,
2988,no,,,,,,,,,,,,
2989,no,,,,,,,,,,,,
2990,yes,KOTA KELANG DEVELOPMENT SDN. BHD.,-,,"No. 5571a, Jalan Kapar, Batu 4, 42100, Klang, Selangor","41-a(back) Jalan Goh Hock Huat, Klang,selangor., 41400, Klang, Selangor",Aktif,10,2990-1,Taman Kota Jaya (p1),-,-,
2991,yes,CHUNG LING ENTERPRISES SDN. BHD.,-,,-,-,Aktif,3,2991-1,Lot 643-646 (p1),-,-,
2992,no,,,,,,,,,,,,
2993,no,,,,,,,,,,,,
2994,no,,,,,,,,,,,,
2995,no,,,,,,,,,,,,
2996,no,,,,,,,,,,,,
2997,no,,,,,,,,,,,,
2998,yes,OIB PROPERTIES (K) SDN. BHD.,oib_sp@yahoo.com,044481888,"34 & 35, Lengkok Cempaka 2, Bandar Amanjaya, 08000, Kulim, Kedah","170-09-01, Livingston Tower, Jalan Argyll,, 10050, Daerah Timor Laut, Pulau Pinang",Aktif,50,2998-1,Taman Kenari,-,-,
2999,no,,,,,,,,,,,,
3000,no,,,,,,,,,,,,
3001,no,,,,,,,,,,,,
3002,no,,,,,,,,,,,,
3003,no,,,,,,,,,,,,
3004,no,,,,,,,,,,,,
3005,no,,,,,,,,,,,,
3006,no,,,,,,,,,,,,
3007,no,,,,,,,,,,,,
3008,no,,,,,,,,,,,,
3009,no,,,,,,,,,,,,
3010,no,,,,,,,,,,,,
3011,no,,,,,,,,,,,,
3012,no,,,,,,,,,,,,
3013,no,,,,,,,,,,,,
3014,no,,,,,,,,,,,,
3015,no,,,,,,,,,,,,
3016,no,,,,,,,,,,,,
3017,no,,,,,,,,,,,,
3018,no,,,,,,,,,,,,
3019,no,,,,,,,,,,,,
3020,no,,,,,,,,,,,,
3021,no,,,,,,,,,,,,
3022,no,,,,,,,,,,,,
3023,no,,,,,,,,,,,,
3024,no,,,,,,,,,,,,
3025,no,,,,,,,,,,,,
3026,no,,,,,,,,,,,,
3027,no,,,,,,,,,,,,
3028,no,,,,,,,,,,,,
3029,yes,JOHAWAKI DEVELOPMENT SDN. BHD.,hisdayanty.wahab@johawaki.com.my,0378471111,"Lot 3669, Jalan Batu 3, Sungai Buloh, Seksyen U6, 40150, Petaling , Selangor","No 36a, Jalan Datuk Sulaiman, Taman Tun Dr Ismail, 60000, Kuala Lumpur, Wp Kuala Lumpur",Aktif,5,3029-1,Taman Bakti (p1),-,-,
3030,no,,,,,,,,,,,,
3031,no,,,,,,,,,,,,
3032,no,,,,,,,,,,,,
3033,no,,,,,,,,,,,,
3034,no,,,,,,,,,,,,
3035,no,,,,,,,,,,,,
3036,no,,,,,,,,,,,,
3037,no,,,,,,,,,,,,
3038,no,,,,,,,,,,,,
3039,yes,SYARIKAT K.S. TAN CONSTRUCTION SDN. BHD.,-,,-,-,Aktif,3,3039-1,Taman Rimau,-,-,
3040,no,,,,,,,,,,,,
3041,no,,,,,,,,,,,,
3042,no,,,,,,,,,,,,
3043,no,,,,,,,,,,,,
3044,no,,,,,,,,,,,,
3045,no,,,,,,,,,,,,
3046,yes,MARKZ CORPORATION SDN. BHD.,-,,-,-,Aktif,2,3046-1,Taman Keramat Indah ,-,-,
3047,no,,,,,,,,,,,,
3048,no,,,,,,,,,,,,
3049,yes,SRITA PERUSAHAAN SDN. BHD.,-,,-,-,Aktif,1,3049-1,'taman Pertama',-,-,
3050,no,,,,,,,,,,,,
3051,no,,,,,,,,,,,,
3052,no,,,,,,,,,,,,
3053,no,,,,,,,,,,,,
3054,no,,,,,,,,,,,,
3055,no,,,,,,,,,,,,
3056,no,,,,,,,,,,,,
3057,yes,JEBONG HOUSING DEVELOPMENT SDN. BHD.,-,,-,-,Aktif,4,3057-1,Xxx,-,-,
3058,no,,,,,,,,,,,,
3059,no,,,,,,,,,,,,
3060,no,,,,,,,,,,,,
3061,no,,,,,,,,,,,,
3062,no,,,,,,,,,,,,
3063,yes,HEAVY INDUSTRIES VALLEY SDN. BHD.,-,03-20322688,"26th Floor Wisma Denmark 86 Jalan Ampang, 50450, Kuala Lumpur, Wp Kuala Lumpur","26th Floor Wisma Denmark 86 Jalan Ampang, 50450, Kuala Lumpur, Wp Kuala Lumpur",Aktif,6,3063-1,Taman Bunga Negara,-,-,
3064,no,,,,,,,,,,,,
3065,yes,INSUN DEVELOPMENT SDN. BHD.,limaiheiong@gmail.com,03-22873533,"15-5, Signature Office, The Boulevard, Mid Valley City, Lingkaran Syed Putra, 59200, Kuala Lumpur, Wp Kuala Lumpur","Suite 11.1a, Level 11, Menara Weld, 76 Jalan Raja Chulan, 50200, Kuala Lumpur, Wp Kuala Lumpur",Aktif,4,3065-1,Taman Puteri Wangsa,Johor,Johor Bahru,
3066,no,,,,,,,,,,,,
3067,yes,GSM SDN. BERHAD,gsmsdnbhd@yahoo.com,056226554,"7-1,menara Gsm, , Jalan Padang Tembak, Off Jalan Maharaja Lela, 36000, Hilir Perak, Perak","7-1,menara Gsm, Jalan Padang Tembak, Off Jalan Maharaja Lela, 36000, Hilir Perak, Perak",Aktif,20,3067-1,Taman Laksamana (p1),-,-,
3068,no,,,,,,,,,,,,
3069,no,,,,,,,,,,,,
3070,no,,,,,,,,,,,,
3071,no,,,,,,,,,,,,
3072,no,,,,,,,,,,,,
3073,yes,BUKIT FRASER JAYA SDN. BHD ,-,,-,-,Aktif,1,3073-1,"Taman Mesra Indah  , Kelang",-,-,
3074,yes,BAYVIEW PROPERTIES SDN. BHD ,-,,-,-,Aktif,1,3074-1,"Lot 62,121,(1)412,414,450,451,456-464",-,-,
3075,no,,,,,,,,,,,,
3076,yes,JEN JAYA SDN. BERHAD.,-,06-2831133,"319-a Taman Melaka Raya,, 75000, Melaka Tengah, Melaka","26 Jalan Istana 41000 Klang, Selangor, 41000, Klang, Selangor",Aktif,8,3076-1,Taman Sri Krubong,-,-,
3077,no,,,,,,,,,,,,
3078,yes,GUNONG BATU SDN. BHD.,-,,-,-,Aktif,4,3078-1,Taman Sri Gading,-,-,
3079,no,,,,,,,,,,,,
3080,yes,HOCKSENG  HOUSING DEVT. SDN. BHD.,-,,-,-,Aktif,5,3080-1,Taman Sentosa,-,-,
3081,no,,,,,,,,,,,,
3082,no,,,,,,,,,,,,
3083,no,,,,,,,,,,,,
3084,no,,,,,,,,,,,,
3085,no,,,,,,,,,,,,
3086,no,,,,,,,,,,,,
3087,no,,,,,,,,,,,,
3088,no,,,,,,,,,,,,
3089,no,,,,,,,,,,,,
3090,yes,HO SENG LEE DEVELOPMENT SDN BHD,-,,"No. 14 (1st Floor), Jalan Muar, 84900, Tangkak, Johor","No.104-01, Jalan Rosmerah 2/16,, Taman Johor Jaya,, 81100, Tangkak, Johor",Aktif,8,3090-1,Taman Pelangi,-,-,
3091,no,,,,,,,,,,,,
3092,no,,,,,,,,,,,,
3093,no,,,,,,,,,,,,
3094,no,,,,,,,,,,,,
3095,no,,,,,,,,,,,,
3096,no,,,,,,,,,,,,
3097,yes,MCL LAND (MALAYSIA)  SDN. BHD.,chiulyn.tan@mclland.com.my,0341428888,"Lot G93a, Wangsa Walk Mall, Wangsa Avenue, 9, Jalan Wangsa Perdana 1, 53300, Kuala Lumpur, Wp Kuala Lumpur","Level 16, Menara Sunway,, Jalan Lagoon Timur,, Bandar Sunway,, 47500, Selangor",Aktif,11,3097-1,Bandar Wangsa Maju,-,-,
3098,no,,,,,,,,,,,,
3099,no,,,,,,,,,,,,
3100,yes,SIN HEAP LEE DEVELOPMENT SDN. BHD.,-,,"Tingkat 15, Wisma Sin Heap Lee, 346, Jalan Tun Razak, 50400, Kuala Lumpur, Wp Kuala Lumpur","6th Floor,, Wisma Sin Heap Lee, 346 Jln Tun Razak, 50400, Kuala Lumpur, Wp Kuala Lumpur",Aktif,25,3100-1,Taman Putra Indah,Selangor,-,
3101,no,,,,,,,,,,,,
3102,yes,ANG CHUAN SDN. BHD.,-,,-,-,Aktif,1,3102-1,Taman Port Dickson Baru,-,-,
3103,no,,,,,,,,,,,,
3104,no,,,,,,,,,,,,
3105,no,,,,,,,,,,,,
3106,no,,,,,,,,,,,,
3107,no,,,,,,,,,,,,
3108,no,,,,,,,,,,,,
3109,no,,,,,,,,,,,,
3110,no,,,,,,,,,,,,
3111,no,,,,,,,,,,,,
3112,no,,,,,,,,,,,,
3113,no,,,,,,,,,,,,
3114,no,,,,,,,,,,,,
3115,no,,,,,,,,,,,,
3116,no,,,,,,,,,,,,
3117,no,,,,,,,,,,,,
3118,yes,CHIN SUN SDN. BHD ,chinsun_cs@yahoo.com,09-2771192,"Batu 3, Jalan Mentakab, 28000, Temerloh, Pahang","K.l.tian & Co, 40-b, Jalan Sultan Ismail,, 50250, Kuala Lumpur, Wp Kuala Lumpur",Aktif,6,3118-1,Lot 1844 Mukim Perak Jeram Sg Rabit,-,-,
3119,no,,,,,,,,,,,,
3120,no,,,,,,,,,,,,
3121,yes,PERBADANAN KEMAJUAN TANAH ADAT MELAKA CONST. SDN .BHD.,-,,-,-,Aktif,10,3121-1,Taman Seri Bayu ,-,-,
3122,no,,,,,,,,,,,,
3123,no,,,,,,,,,,,,
3124,no,,,,,,,,,,,,
3125,no,,,,,,,,,,,,
3126,no,,,,,,,,,,,,
3127,no,,,,,,,,,,,,
3128,no,,,,,,,,,,,,
3129,no,,,,,,,,,,,,
3130,yes,MIRAMAS DEVELOPMENT SDN BHD ,shahoons@yahoo.com.sg,03-79824855,"No.21, Jalan 109e, Jalan Desa, Taman Desa, Off Jalan Kelang Lama,, 58100, Kuala Lumpur, Wp Kuala Lumpur","No.21, Jalan 109e, Jalan Desa, Taman Desa, Off Jalan Kelang Lama,, 58100, Kuala Lumpur, Wp Kuala Lumpur",Aktif,12,3130-1,Medan Bakri,-,-,
3131,yes,TAMAN PAHLAWAN SDN. BHD.,-,,"Ph1 Austin 18, Jalan Austin Perdana 3, Taman Austin Perdana, 81100, Pontian, Johor","Ph1, Austin 18, Jalan Austin Perdana 3, Taman Austin Perdana, 81100, Pontian, Johor",Aktif,9,3131-1,Taman Ros (p1),-,-,
3132,no,,,,,,,,,,,,
3133,no,,,,,,,,,,,,
3134,no,,,,,,,,,,,,
3135,no,,,,,,,,,,,,
3136,no,,,,,,,,,,,,
3137,no,,,,,,,,,,,,
3138,no,,,,,,,,,,,,
3139,no,,,,,,,,,,,,
3140,no,,,,,,,,,,,,
3141,no,,,,,,,,,,,,
3142,no,,,,,,,,,,,,
3143,no,,,,,,,,,,,,
3144,no,,,,,,,,,,,,
3145,no,,,,,,,,,,,,
3146,no,,,,,,,,,,,,
3147,no,,,,,,,,,,,,
3148,yes,PEMBANGUNAN MESRA SDN. BHD.,-,04-3995544,"10 Jalan Sembilang 2, Bandar Seberang Jaya, Pulau Pinang","10 Jalan Sembilang 2, Bandar Seberang Jaya, 13700, Tiada Maklumat Daerah, Pulau Pinang",Aktif,4,3148-1,Taman Sepadu,-,-,
3149,yes,PARK PROPERTIES SDN. BHD.,parkpropertiessdnbhd@gmail.com,0362013288,"Suite A-10-p2, Plaza Mont' Kiara, 2 Jalan Kiara, Mont' Kiara, 50480, Kuala Lumpur, Wp Kuala Lumpur","12th Floor, Menara Symphony,, No. 5, Jalan Professor Khoo Kay Kim,, Seksyen 13,, 46200, Tiada Maklumat Daerah, Selangor",Aktif,33,3149-1,Taman Tasik Jaya,-,-,
3150,no,,,,,,,,,,,,
3151,no,,,,,,,,,,,,
3152,no,,,,,,,,,,,,
3153,no,,,,,,,,,,,,
3154,no,,,,,,,,,,,,
3155,yes,PEKELILING TRIANGLE SDN. BHD.,-,,-,-,Aktif,1,3155-1,Marinara,-,-,
3156,yes,CHIN TEIK TRADING & DEVELOPMENT SDN. BHD.,-,,-,-,Aktif,1,3156-1,Taman Permai (p1),-,-,
3157,no,,,,,,,,,,,,
3158,no,,,,,,,,,,,,
3159,no,,,,,,,,,,,,
3160,no,,,,,,,,,,,,
3161,no,,,,,,,,,,,,
3162,no,,,,,,,,,,,,
3163,no,,,,,,,,,,,,
3164,no,,,,,,,,,,,,
3165,yes,PEMBINAAN SRI JATI SDN. BHD.,mmgoh@hlpm.hongleong.com.my,03-21647878,"Tingkat 8, Wisma Hon Leong, 50450, Kuala Lumpur, Wp Kuala Lumpur","Tingkat 8, Wisma Hong Leong, 18 Jalan Perak, 50450, Kuala Lumpur, Wp Kuala Lumpur",Aktif,2,3165-1,Taman Megah Cheras,-,-,
3166,yes,ISDIN SDN. BHD.,spmtpg@yahoo.com,058088888,"No. 3, Jalan Medan Taiping 5, Medan Taiping, 34000, Larut & Matang, Perak","No. 400, Jalan Kamunting Batu 2, Taman Saujana, 34600, Larut & Matang, Perak",Aktif,7,3166-1,Medan Taiping.,-,-,
3167,no,,,,,,,,,,,,
3168,yes,FINE YEAR ENTERPRISE SDN. BHD.,-,,-,-,Aktif,2,3168-1,Tamann Suria,-,-,
3169,no,,,,,,,,,,,,
3170,no,,,,,,,,,,,,
3171,no,,,,,,,,,,,,
3172,no,,,,,,,,,,,,
3173,no,,,,,,,,,,,,
3174,no,,,,,,,,,,,,
3175,no,,,,,,,,,,,,
3176,no,,,,,,,,,,,,
3177,yes,KUCHAI ESTATES SDN. BHD.,-,,-,-,Aktif,2,3177-1,Kuchailama,-,-,
3178,no,,,,,,,,,,,,
3179,no,,,,,,,,,,,,
3180,no,,,,,,,,,,,,
3181,no,,,,,,,,,,,,
3182,no,,,,,,,,,,,,
3183,no,,,,,,,,,,,,
3184,no,,,,,,,,,,,,
3185,no,,,,,,,,,,,,
3186,no,,,,,,,,,,,,
3187,no,,,,,,,,,,,,
3188,yes,SYARIKAT CINTA BINA SDN. BHD.,-,,-,-,Aktif,1,3188-1,Taman Damai (p1),-,-,
3189,no,,,,,,,,,,,,
3190,no,,,,,,,,,,,,
3191,yes,SHAMELIN HOLDINGS SDN. BHD ,-,,-,-,Aktif,1,3191-1,Taman Shamelin Perkasa,-,-,
3192,no,,,,,,,,,,,,
3193,no,,,,,,,,,,,,
3194,no,,,,,,,,,,,,
3195,no,,,,,,,,,,,,
3196,no,,,,,,,,,,,,
3197,yes,FOOK BAN SIN REALTY SDN. BHD.,fbs_realty@yahoo.com,05-4597220,"No.18,taman Loke Yew (bangunan Baru), 35900, Batang Padang, Perak","No.62a (1st Floor), Jalan Leong Sin Nam, 30300, Kinta, Perak",Aktif,8,3197-1,Taman Juta (p1),-,-,
3198,no,,,,,,,,,,,,
3199,no,,,,,,,,,,,,
3200,no,,,,,,,,,,,,
3201,no,,,,,,,,,,,,
3202,no,,,,,,,,,,,,
3203,no,,,,,,,,,,,,
3204,yes,HUSIN RASHID CONSTRUCTION SDN. BHD.,-,,-,-,Aktif,1,3204-1,"Lot Asal 997, Lot Pt 974k",-,-,
3205,yes,FOUNTAIN VIEW LAND SDN. BHD. ( REDZTIKAH SDN. BHD.),fountainviewland@gmail.com,03-79608122,"No 1005, 10th Flr, Block E, Pusat Perdagangan Phileo Damansara 1, No. 9, Jln 16/11 Off Jln Damansara, 46350, Petaling , Selangor","No 1005, 10th Flr, Block E, Pusat Perdagangan Phileo Damansara 1, No. 9, Jln 16/11 Off Jln Damansara, 46350, Petaling , Selangor",Aktif,5,3205-1,Taman Jenang (p1),-,-,
3206,no,,,,,,,,,,,,
3207,no,,,,,,,,,,,,
3208,no,,,,,,,,,,,,
3209,no,,,,,,,,,,,,
3210,no,,,,,,,,,,,,
3211,no,,,,,,,,,,,,
3212,yes,CAHAYA KOTA DEVELOPMENT SDN. BHD.,sales@ijm.com,04-2293999,"Two Ioi Square, Ioi Resort,, 62502, Putrajaya, Wp Putrajaya","Two Ioi Square, Ioi Resort,, 62502, Putrajaya, Wp Putrajaya",Aktif,2,3212-1,Taman Mayang Jaya,-,-,
3213,no,,,,,,,,,,,,
3214,no,,,,,,,,,,,,
3215,no,,,,,,,,,,,,
3216,no,,,,,,,,,,,,
3217,no,,,,,,,,,,,,
3218,no,,,,,,,,,,,,
3219,no,,,,,,,,,,,,
3220,no,,,,,,,,,,,,
3221,yes,METROPLEX PROJECT MANAGEMENT SDN. BHD.,tkconsent@gmail.com,0321661152,"3rd Floor Wisma Equity , No 150 Jalan Ampang , 50450, Kuala Lumpur, Wp Kuala Lumpur","4th Floor Wisma Equity, No 150 Jalan Ampang, 50450, Kuala Lumpur, Wp Kuala Lumpur",Aktif,3,3221-1,Taman Kosas,Selangor,Hulu Langat,
3222,no,,,,,,,,,,,,
3223,no,,,,,,,,,,,,
3224,no,,,,,,,,,,,,
3225,no,,,,,,,,,,,,
3226,no,,,,,,,,,,,,
3227,no,,,,,,,,,,,,
3228,no,,,,,,,,,,,,
3229,no,,,,,,,,,,,,
3230,no,,,,,,,,,,,,
3231,no,,,,,,,,,,,,
3232,no,,,,,,,,,,,,
3233,no,,,,,,,,,,,,
3234,no,,,,,,,,,,,,
3235,no,,,,,,,,,,,,
3236,no,,,,,,,,,,,,
3237,no,,,,,,,,,,,,
3238,no,,,,,,,,,,,,
3239,no,,,,,,,,,,,,
3240,yes,SUNGAI BESAR DEVELOPMENT SDN. BHD.,-,,-,-,Aktif,4,3240-1,Taman Raya (p1),-,-,
3241,no,,,,,,,,,,,,
3242,no,,,,,,,,,,,,
3243,no,,,,,,,,,,,,
3244,no,,,,,,,,,,,,
3245,yes,MZ DEVELOPMENT SDN. BHD.,mzdevelopment@gmail.com,03-79608122,"No 1005, 10th Flr, Block E, Pusat Perdagangan Phileo Damansara 1, No 9, Jln 16/11, Off Jln Damansara, 46350, Petaling , Selangor","No 1005, 10th Flr, Block E, Pusat Perdagangan Phileo Damansara 1, No 9, Jln 16/11, Off Jln Damansara, 46350, Petaling , Selangor",Aktif,1,3245-1,Alam Mutiara,Selangor,Kuala Selangor,
3246,no,,,,,,,,,,,,
3247,no,,,,,,,,,,,,
3248,no,,,,,,,,,,,,
3249,no,,,,,,,,,,,,
3250,yes,PAYA KEMUNTING DEVELOPMENT SDN. BHD.,-,,-,-,Aktif,1,3250-1,Taman Kelab Tuanku N.s. (p1),-,-,
3251,no,,,,,,,,,,,,
3252,no,,,,,,,,,,,,
3253,yes,I & P SETIAWANGSA SDN. BHD ,-,03-42597600,"24-31,jalan Setiawangsa 8,taman Setiawangsa., 54200, Kuala Lumpur, Wp Kuala Lumpur","24-31,jalan Setiawangsa 8,taman Setiawangsa., 54200, Kuala Lumpur, Wp Kuala Lumpur",Aktif,5,3253-1,Taman Setiawangsa,-,-,
3254,no,,,,,,,,,,,,
3255,no,,,,,,,,,,,,
3256,yes,SRI PENGKALAN BINAAN SDN. BHD.,rita@spb.my,,"No. 17b, Plaza Seri Kubu, Jalan Tan Chay Yan, 75300, Melaka Tengah, Melaka","50-1, 52-1 & 54-1, Jalan Bpm 2, Taman Bukit Piatu Mutiara, 75150, Melaka Tengah, Melaka",Aktif,15,3256-1,Taman Bakti Air Keroh,-,-,
3257,no,,,,,,,,,,,,
3258,no,,,,,,,,,,,,
3259,no,,,,,,,,,,,,
3260,no,,,,,,,,,,,,
3261,yes,PERUMAHAN CONCORD SDN. BHD ,-,,-,-,Aktif,3,3261-1,Taman Bukit Gemuruh,-,-,
3262,no,,,,,,,,,,,,
3263,no,,,,,,,,,,,,
3264,no,,,,,,,,,,,,
3265,no,,,,,,,,,,,,
3266,no,,,,,,,,,,,,
3267,no,,,,,,,,,,,,
3268,no,,,,,,,,,,,,
3269,no,,,,,,,,,,,,
3270,no,,,,,,,,,,,,
3271,no,,,,,,,,,,,,
3272,no,,,,,,,,,,,,
3273,yes,WINMIN PROPERTY SDN. BHD ,sales@mahajaya,03-90513333,"3-1-1 Blok A Megan Salak Park, Jalan 2/125e Taman Desa Petaling , 57100, Kuala Lumpur, Wp Kuala Lumpur","3-3-1 Blok A Megan Salak Park, Jalan 2/125e Taman Desa Petaling, 57100, Kuala Lumpur, Wp Kuala Lumpur",Aktif,2,3273-1,Lot 26421-26430 (p1),-,-,
3274,no,,,,,,,,,,,,
3275,yes,WOLTAMINA KEMAJUAN SDN. BHD.,-,,-,-,Aktif,1,3275-1,Taman Lily,-,-,
3276,no,,,,,,,,,,,,
3277,no,,,,,,,,,,,,
3278,no,,,,,,,,,,,,
3279,no,,,,,,,,,,,,
3280,no,,,,,,,,,,,,
3281,no,,,,,,,,,,,,
3282,no,,,,,,,,,,,,
3283,no,,,,,,,,,,,,
3284,yes,SRI LUKUT SDN. BHD. (DI BAWAH PENERIMAAN),-,,-,-,Aktif,1,3284-1,Taman P.d Utama,-,-,
3285,yes,LOKE KING LOONG DEVELOPMENT SDN. BHD.,-,,-,-,Aktif,6,3285-1,Mambau Jaya (p1),-,-,
3286,no,,,,,,,,,,,,
3287,no,,,,,,,,,,,,
3288,no,,,,,,,,,,,,
3289,no,,,,,,,,,,,,
3290,no,,,,,,,,,,,,
3291,no,,,,,,,,,,,,
3292,no,,,,,,,,,,,,
3293,no,,,,,,,,,,,,
3294,yes,G-TWO DEVELOPMENT SDN. BHD.,-,,-,-,Aktif,3,3294-1,Bangsar Permai,-,-,
3295,yes,DARO (M) SDN. BHD ,-,,-,-,Aktif,5,3295-1,Taman Sentosa,-,-,
3296,yes,SALHAFA SDN. BHD.,-,,-,-,Aktif,1,3296-1,Taman Mahkota,-,-,
3297,no,,,,,,,,,,,,
3298,no,,,,,,,,,,,,
3299,yes,HARP SOON CONSTRUCTION SDN.BHD.,harpsoonsb@yahoo.com,0333435885,"155-d, Wisma Harp Soon, Batu 2, Jalan Meru, 41050, Klang, Selangor","12-1, Jalan Remia 4/ks6, Bandar Botanic, 41200, Klang, Selangor",Aktif,38,3299-1,Taman Intan,-,-,
3300,no,,,,,,,,,,,,
3301,yes,SENAI BESAR DEVELOPMENT SDN. BHD.,-,,-,-,Aktif,2,3301-1,Wwwww,-,-,
3302,no,,,,,,,,,,,,
3303,no,,,,,,,,,,,,
3304,no,,,,,,,,,,,,
3305,no,,,,,,,,,,,,
3306,no,,,,,,,,,,,,
3307,no,,,,,,,,,,,,
3308,no,,,,,,,,,,,,
3309,no,,,,,,,,,,,,
3310,no,,,,,,,,,,,,
3311,no,,,,,,,,,,,,
3312,no,,,,,,,,,,,,
3313,no,,,,,,,,,,,,
3314,no,,,,,,,,,,,,
3315,no,,,,,,,,,,,,
3316,no,,,,,,,,,,,,
3317,no,,,,,,,,,,,,
3318,no,,,,,,,,,,,,
3319,no,,,,,,,,,,,,
3320,no,,,,,,,,,,,,
3321,no,,,,,,,,,,,,
3322,yes,PECK SEONG REALTY SDN. BHD.,-,,"93 Jalan Hashim, 84000, Muar, Johor","No.67, 3rd Floor Jalan Ali, 84000, Muar, Johor",Aktif,36,3322-1,Taman Parit Jawa,-,-,
3323,no,,,,,,,,,,,,
3324,no,,,,,,,,,,,,
3325,no,,,,,,,,,,,,
3326,no,,,,,,,,,,,,
3327,no,,,,,,,,,,,,
3328,no,,,,,,,,,,,,
3329,yes,I & P DEVELOPMENT SDN. BHD.,-,,"54200, Kuala Lumpur, Wp Kuala Lumpur",-,Aktif,2,3329-1,Desa Mutiara,-,-,
3330,no,,,,,,,,,,,,
3331,no,,,,,,,,,,,,
3332,no,,,,,,,,,,,,
3333,no,,,,,,,,,,,,
3334,no,,,,,,,,,,,,
3335,no,,,,,,,,,,,,
3336,yes,INSANIAGA (MALAYSIA) SDN. BHD.,fattahinsaniaga@gmail.com,049770772,"45, Taman Suriani, Persiaran Jubli Emas, 01000, Perlis, Perlis","Level 1, 8a Jalan Tengah, 05100, Kedah",Aktif,11,3336-1,Taman Kodiang ,-,-,
3337,no,,,,,,,,,,,,
3338,no,,,,,,,,,,,,
3339,no,,,,,,,,,,,,
3340,no,,,,,,,,,,,,
3341,yes,SYARIKAT KEMAJUAN MUHIBBAH SDN. BHD.,-,,-,-,Aktif,4,3341-1,"Taman Mewah Fasa 10,11,12.",-,-,
3342,no,,,,,,,,,,,,
3343,no,,,,,,,,,,,,
3344,no,,,,,,,,,,,,
3345,yes,MAHA EMAS SDN. BHD.,-,,-,-,Aktif,2,3345-1,Taman Emas (p1),-,-,
3346,no,,,,,,,,,,,,
3347,no,,,,,,,,,,,,
3348,no,,,,,,,,,,,,
3349,yes,ZIMA PROPERTIES SDN. BHD.,-,,"Pt 100, Tingkat 1, Jalan Buluh Kubu, 15000, Kota Bharu, Kelantan","Pt 100, Tingkat 1, Jalan Buluh Kubu, Seksyen 7, 15000, Kota Bharu, Kelantan",Aktif,11,3349-1,Desa Pinggiran Golf,-,-,
3350,no,,,,,,,,,,,,
3351,no,,,,,,,,,,,,
3352,yes,KAB CORPORATION SDN. BHD.,-,,-,-,Aktif,1,3352-1,Taman Dagang (p1),-,-,
3353,no,,,,,,,,,,,,
3354,no,,,,,,,,,,,,
3355,yes,PING WAH DEVELOPMENT CO. SDN. BHD.,pktg-pwd@streamyx.com,04-3313479,"No.6908, Jalan Kampung Paya,, 12200, Seberang Perai Tengah, Pulau Pinang","No.6908, Jalan Kampung Paya,, 12200, Seberang Perai Tengah, Pulau Pinang",Aktif,2,3355-1,Lot 1061-1066 (p1),-,-,
3356,no,,,,,,,,,,,,
3357,no,,,,,,,,,,,,
3358,no,,,,,,,,,,,,
3359,yes,WOO BROTHERS DEVELOPMENT SDN. BHD.,-,,"C/o Heritage Hotel, Tingkat 1, Jalan Raja Dihilir, 30350, Kinta, Perak","No. 41, Jalan Medan Ipoh 6, Bandar Baru Medan Ipoh, 31400, Kinta, Perak",Aktif,3,3359-1,Lot 3102n-3115n (p1),-,-,
3360,no,,,,,,,,,,,,
3361,yes,WINLORD ENTERPRISES SDN. BHD.,-,03-2420551,"270a, Tingkat 1, Jalan Changkat Thambi Dollah, 55100, Kuala Lumpur, Wp Kuala Lumpur","No. 30 Tingkat 1, Jalan Besar, 72100, Jelebu, Negeri Sembilan",Aktif,1,3361-1,"Taman Rasa Sayang, Pt 700",-,-,
3362,no,,,,,,,,,,,,
3363,no,,,,,,,,,,,,
3364,no,,,,,,,,,,,,
3365,no,,,,,,,,,,,,
3366,no,,,,,,,,,,,,
3367,no,,,,,,,,,,,,
3368,no,,,,,,,,,,,,
3369,no,,,,,,,,,,,,
3370,no,,,,,,,,,,,,
3371,no,,,,,,,,,,,,
3372,no,,,,,,,,,,,,
3373,yes,PERPENA ARTRENS SDN. BHD.,-,,-,-,Aktif,4,3373-1,Taman Silibin,-,-,
3374,no,,,,,,,,,,,,
3375,no,,,,,,,,,,,,
3376,no,,,,,,,,,,,,
3377,no,,,,,,,,,,,,
3378,no,,,,,,,,,,,,
3379,yes,LUXCOURT SDN. BHD.,-,,-,-,Aktif,4,3379-1,Taman Jaya Banting (p1),-,-,
3380,no,,,,,,,,,,,,
3381,no,,,,,,,,,,,,
3382,no,,,,,,,,,,,,
3383,no,,,,,,,,,,,,
3384,no,,,,,,,,,,,,
3385,no,,,,,,,,,,,,
3386,no,,,,,,,,,,,,
3387,no,,,,,,,,,,,,
3388,no,,,,,,,,,,,,
3389,no,,,,,,,,,,,,
3390,yes,KHOO SOON LEE REALTY SDN. BHD.,gt@ksl.my,079311430,"Wisma Ksl, 148, Batu 1 1/2, Jalan Buloh Kasap, 85000, Segamat, Johor","A-3-55, Pusat Komersial Bayu Tasek, Persiaran Southkey 1, Kota Southkey, 80150, Johor Bahru, Johor",Aktif,86,3390-1,Taman Gemereh (p1),-,-,
3391,no,,,,,,,,,,,,
3392,no,,,,,,,,,,,,
3393,no,,,,,,,,,,,,
3394,no,,,,,,,,,,,,
3395,no,,,,,,,,,,,,
3396,no,,,,,,,,,,,,
3397,no,,,,,,,,,,,,
3398,no,,,,,,,,,,,,
3399,yes,RAWANG JATI SDN. BHD.,-,,-,-,Aktif,3,3399-1,Taman Jati Indah,-,-,
3400,no,,,,,,,,,,,,
3401,yes,BILLION DEVELOPMENT SDN. BHD.,-,09-3551862,"No. 245, Taman Bukit Koman, Jalan Tengku Abdul Samad, 27600, Raub, Pahang","6.01, Office Block, Plaza Pudu, Jalan Landak, Off Jalan Pudu, 55100, Kuala Lumpur, Wp Kuala Lumpur",Aktif,1,3401-1,Taman Bukit Koman,Pahang,Raub,
3402,no,,,,,,,,,,,,
3403,no,,,,,,,,,,,,
3404,no,,,,,,,,,,,,
3405,no,,,,,,,,,,,,
3406,no,,,,,,,,,,,,
3407,yes,UPDIC ENTERPRISE (M) SDN. BHD.,eupdic@gmail.com,,"1135-a Jalan Syed Abu Bakar, 36000, Hilir Perak, Perak","1135-b,ground Floor, Jalan Syed Abu Bakar, 36000, Hilir Perak, Perak",Aktif,9,3407-1,Taman Sri Intan (p1),-,-,
3408,no,,,,,,,,,,,,
3409,no,,,,,,,,,,,,
3410,yes,P.J.PLAZA DEVELOPMENT SDN BHD ,-,,-,-,Aktif,3,3410-1,Kl,-,-,
3411,no,,,,,,,,,,,,
3412,no,,,,,,,,,,,,
3413,no,,,,,,,,,,,,
3414,no,,,,,,,,,,,,
3415,no,,,,,,,,,,,,
3416,no,,,,,,,,,,,,
3417,no,,,,,,,,,,,,
3418,no,,,,,,,,,,,,
3419,no,,,,,,,,,,,,
3420,no,,,,,,,,,,,,
3421,no,,,,,,,,,,,,
3422,no,,,,,,,,,,,,
3423,no,,,,,,,,,,,,
3424,no,,,,,,,,,,,,
3425,no,,,,,,,,,,,,
3426,no,,,,,,,,,,,,
3427,yes,I & P NIBONG SDN. BHD. ,-,,-,-,Aktif,5,3427-1,Taman Sri Nibong (p1),-,-,
3428,no,,,,,,,,,,,,
3429,no,,,,,,,,,,,,
3430,no,,,,,,,,,,,,
3431,no,,,,,,,,,,,,
3432,yes,LCI PROPERTY DEVELOPMENT SDN. BHD.,-,,-,-,Aktif,5,3432-1,Taman Boundry,-,-,
3433,yes,Y.K. SAW & COMPANY SDN. BHD.,-,,-,-,Aktif,1,3433-1,Taman Setia Jaya,-,-,
3434,no,,,,,,,,,,,,
3435,no,,,,,,,,,,,,
3436,yes,HANABINA SDN. BHD.,-,,-,-,Aktif,2,3436-1,Taman Melaka Indah,-,-,
3437,no,,,,,,,,,,,,
3438,no,,,,,,,,,,,,
3439,no,,,,,,,,,,,,
3440,yes,CITI MAS CORPORATION SDN. BHD.,-,,-,-,Aktif,1,3440-1,Taman Batu Belah (p1),-,-,
3441,yes,MM HOLDINGS SDN. BHD.,-,,"Lot 3090-a-t/1, Jalan Sultan Yahya Petra, 16150, Kota Bharu, Kelantan","Lot 3090-a-t/1, Jalan Sultan Yahya Petra, Kubang Kerian, 16150, Kota Bharu, Kelantan",Aktif,5,3441-1,Taman Putih (p1),-,-,
3442,no,,,,,,,,,,,,
3443,no,,,,,,,,,,,,
3444,no,,,,,,,,,,,,
3445,no,,,,,,,,,,,,
3446,no,,,,,,,,,,,,
3447,yes,KASSIM MAON DEVELOPMENT & SUPPLY SDN. BHD.,-,,-,-,Aktif,2,3447-1,Taman Bayu Baru (p1),-,-,
3448,no,,,,,,,,,,,,
3449,no,,,,,,,,,,,,
3450,no,,,,,,,,,,,,
3451,no,,,,,,,,,,,,
3452,yes,TRAFMATE CORPORATION SDN. BHD.,trafmate@gmail.com,0331871435,"No. 19b (2nd Floor), Jalan Bunga Pekan 3, Kaw. 6, 42700, Kuala Langat, Selangor","No.28,lorong Tapah, Off Jalan Goh Hock Huat, 41400, Klang, Selangor",Aktif,28,3452-1,Taman Muhibbah (p1),-,-,
3453,no,,,,,,,,,,,,
3454,no,,,,,,,,,,,,
3455,no,,,,,,,,,,,,
3456,no,,,,,,,,,,,,
3457,yes,TAMAN RATU SDN. BHD.,-,,"55-11-a, Menara Northam,, Jalan Sultan Ahmad Shah, 10050, Daerah Timor Laut, Pulau Pinang","58-a, Jalan Cantonment, 10250, Daerah Timor Laut, Pulau Pinang",Aktif,3,3457-1,Ratu Mutiara,Pulau Pinang,Daerah Timor Laut,
3458,no,,,,,,,,,,,,
3459,no,,,,,,,,,,,,
3460,no,,,,,,,,,,,,
3461,no,,,,,,,,,,,,
3462,no,,,,,,,,,,,,
3463,no,,,,,,,,,,,,
3464,yes,D-TAJ BINA SDN. BHD.,-,,-,-,Aktif,2,3464-1,Lot 5618 (p1),-,-,
3465,yes,LH BINTANG DEVELOPMENT SDN. BHD.,-,,-,-,Aktif,3,3465-1,Xxx,-,-,
3466,no,,,,,,,,,,,,
3467,no,,,,,,,,,,,,
3468,no,,,,,,,,,,,,
3469,yes,BEACHTOWN REALTY SDN. BHD.,-,,-,-,Aktif,5,3469-1,Taman Ria (p1),-,-,
3470,no,,,,,,,,,,,,
3471,no,,,,,,,,,,,,
3472,no,,,,,,,,,,,,
3473,no,,,,,,,,,,,,
3474,no,,,,,,,,,,,,
3475,no,,,,,,,,,,,,
3476,no,,,,,,,,,,,,
3477,yes,MOLOP CORPORATION SDN. BHD.,-,06-3847162,"Lot 5b, Tingkat 1, Bangunan Tabung Haji,, 78300, Melaka Tengah, Melaka","Lot 5b, Tingkat 1, Bangunan Tabung Haji,, 78300, Melaka Tengah, Melaka",Aktif,1,3477-1,Rumah Awam Sungai Baru Iii,-,-,
3478,no,,,,,,,,,,,,
3479,no,,,,,,,,,,,,
3480,no,,,,,,,,,,,,
3481,no,,,,,,,,,,,,
3482,no,,,,,,,,,,,,
3483,no,,,,,,,,,,,,
3484,no,,,,,,,,,,,,
3485,no,,,,,,,,,,,,
3486,no,,,,,,,,,,,,
3487,no,,,,,,,,,,,,
3488,yes,MESTIJAYA HOLDINGS SDN. BHD.,-,,-,-,Aktif,1,3488-1,Taman Muhibbah ,-,-,
3489,no,,,,,,,,,,,,
3490,no,,,,,,,,,,,,
3491,no,,,,,,,,,,,,
3492,yes,MARCO DEVELOPMENT SDN. BHD.,-,,-,-,Aktif,1,3492-1,Taman Makmur (p1),-,-,
3493,no,,,,,,,,,,,,
3494,yes,DATARAN TINGGI DEVELOPMENT SDN. BHD.,-,,-,-,Aktif,1,3494-1,Taman Sri Muhibbah,-,-,
3495,no,,,,,,,,,,,,
3496,no,,,,,,,,,,,,
3497,no,,,,,,,,,,,,
3498,yes,U-MENG CORPORATION SDN. BHD.,-,,-,-,Aktif,1,3498-1,Taman Bertuah,-,-,
3499,no,,,,,,,,,,,,
3500,no,,,,,,,,,,,,
3501,yes,TTDI HARTA SDN. BHD.,masa@nazattdi.com,0126201699,"1 Jalan Marathon 13/31, Seksyen 13, 40100, Petaling , Selangor","1 Jalan Marathon 13/31, Seksyen 13, Shah Alam;selangor, 40100, Petaling , Selangor",Aktif,6,3501-1,Desa Pandan ( Menara Polo),-,-,
3502,no,,,,,,,,,,,,
3503,no,,,,,,,,,,,,
3504,no,,,,,,,,,,,,
3505,no,,,,,,,,,,,,
3506,no,,,,,,,,,,,,
3507,no,,,,,,,,,,,,
3508,no,,,,,,,,,,,,
3509,no,,,,,,,,,,,,
3510,yes,OVERSEAS UNION HOUSING SDN. BHD ,oug@myjaring.net,603-20725973,"7th Floor Bangkok Bank Building, 105 Jalan Tun H.s. Lee, 50000, Tiada Maklumat Daerah, Wp Kuala Lumpur","10th Floor Wisma Havela Thakardas, No. 1 Jalan Tiong Nam, Off Jalan Raja Laut, 50350, Kuala Lumpur, Wp Kuala Lumpur",Aktif,1,3510-1,Taman Overseas Union (p1),Wp Kuala Lumpur,Kuala Lumpur,
3511,no,,,,,,,,,,,,
3512,no,,,,,,,,,,,,
3513,no,,,,,,,,,,,,
3514,no,,,,,,,,,,,,
3515,no,,,,,,,,,,,,
3516,no,,,,,,,,,,,,
3517,no,,,,,,,,,,,,
3518,no,,,,,,,,,,,,
3519,no,,,,,,,,,,,,
3520,no,,,,,,,,,,,,
3521,no,,,,,,,,,,,,
3522,no,,,,,,,,,,,,
3523,no,,,,,,,,,,,,
3524,no,,,,,,,,,,,,
3525,no,,,,,,,,,,,,
3526,no,,,,,,,,,,,,
3527,no,,,,,,,,,,,,
3528,no,,,,,,,,,,,,
3529,no,,,,,,,,,,,,
3530,no,,,,,,,,,,,,
3531,no,,,,,,,,,,,,
3532,yes,WISMA ENHUA REALTY SDN. BHD.,-,,-,-,Aktif,1,3532-1,Kondominium Ruby,-,-,
3533,no,,,,,,,,,,,,
3534,no,,,,,,,,,,,,
3535,no,,,,,,,,,,,,
3536,no,,,,,,,,,,,,
3537,yes,PEDAS HARDWARE SDN. BHD.,-,,-,-,Aktif,2,3537-1,Taman Port Dickson (p1),-,-,
3538,no,,,,,,,,,,,,
3539,no,,,,,,,,,,,,
3540,no,,,,,,,,,,,,
3541,no,,,,,,,,,,,,
3542,no,,,,,,,,,,,,
3543,no,,,,,,,,,,,,
3544,no,,,,,,,,,,,,
3545,no,,,,,,,,,,,,
3546,no,,,,,,,,,,,,
3547,no,,,,,,,,,,,,
3548,yes,KIAT PIN DEVELOPMENT SDN. BHD.,-,,-,-,Aktif,2,3548-1,Taman Selesa (p1),-,-,
3549,no,,,,,,,,,,,,
3550,yes,A.K. JAYA SDN. BHD.,-,,-,-,Aktif,1,3550-1,Taman Jeram Jaya,-,-,
3551,no,,,,,,,,,,,,
3552,yes,NEXUS SDN. BHD.,corinchien@lcd.com.my,03-21712222,"Lot 10-03, Level 10, Menara Hla, No. 3 Jalan Kia Peng, 50450, Kuala Lumpur, Wp Kuala Lumpur","3rd Floor, No. 79 (room A) Jalan Ss 21/60, Damansara Utama, 47400, Petaling , Selangor",Aktif,4,3552-1,Wickham Manor,-,-,
3553,no,,,,,,,,,,,,
3554,yes,LIEW YIN YIN LAND SDN. BHD.,yinyinliew@yahoo.com,055471128,"No. 136, Jalan Tambun, 31400, Kinta, Perak","No.136, Jalan Tambun, Ipoh., 31400, Kinta, Perak",Aktif,11,3554-1,Lot 34364-34380 (p1),-,-,
3555,yes,GOH CHENG SEE REALTY SDN. BHD ,-,,-,-,Aktif,1,3555-1,Menara Pemandangan Sungai,-,-,
3556,no,,,,,,,,,,,,
3557,no,,,,,,,,,,,,
3558,no,,,,,,,,,,,,
3559,no,,,,,,,,,,,,
3560,no,,,,,,,,,,,,
3561,no,,,,,,,,,,,,
3562,no,,,,,,,,,,,,
3563,no,,,,,,,,,,,,
3564,no,,,,,,,,,,,,
3565,no,,,,,,,,,,,,
3566,yes,POWER HOLDINGS SDN. BHD.,-,,-,-,Aktif,1,3566-1,Taman Emas,-,-,
3567,no,,,,,,,,,,,,
3568,no,,,,,,,,,,,,
3569,no,,,,,,,,,,,,
3570,yes,SURIA CAPITAL HOLDINGS BERHAD,-,,-,-,Aktif,2,3570-1,Taman Alam Megah,-,-,
3571,yes,KIM SAR TATT CONSTRUCTION SDN. BHD.,-,,-,-,Aktif,2,3571-1,Taman Maju (p1),-,-,
3572,yes,TAMAN BATU TIGA SDN. BHD.,-,,-,-,Aktif,2,3572-1,Taman Mesra (p1),-,-,
3573,no,,,,,,,,,,,,
3574,yes,HARTA SEGAMBUT SDN. BHD.,property@gadang.com,03-62756888,"No. 52, Jalan Tago 2, Off Persiaran Utama, Sri Damansara,, 52200, Kuala Lumpur, Wp Kuala Lumpur","D-12, Tingkat 1, Plaza Pekeliling, No. 2, Jalan Tun Razak,, 50400, Kuala Lumpur, Wp Kuala Lumpur",Aktif,3,3574-1,Taman Desa Segambut,-,-,
3575,no,,,,,,,,,,,,
3576,no,,,,,,,,,,,,
3577,no,,,,,,,,,,,,
3578,no,,,,,,,,,,,,
3579,no,,,,,,,,,,,,
3580,no,,,,,,,,,,,,
3581,no,,,,,,,,,,,,
3582,yes,MRCB UTAMA SDN. BHD.,elizajmd@mrcb.com.my,03-27868080,"Level 20, 1 Sentral, Jalan Travers, Kuala Lumpur Sentral, 50470, Kuala Lumpur, Wp Kuala Lumpur","Level 22, 1 Sentral, Jalan Travers, Kuala Lumpur Sentral, 50470, Kuala Lumpur, Wp Kuala Lumpur",Aktif,5,3582-1,Kajang Utama,-,-,
3583,yes,BOON SIA TRADING CO. SDN. BHD.,-,,-,-,Aktif,1,3583-1,Taman Ikhlas,-,-,
3584,yes,SUNWAYMAS SDN. BHD.,wonglm@sunway.com.my,03-56399998,"Level 5, Menara Sunway, Jalan Lagoon Timur, 46150, Petaling , Selangor","Level 5, Menara Sunway, Jalan Lagoon Timur, 46150, Petaling , Selangor",Aktif,16,3584-1,"Lot Seksyen 9, Shah Alam.",-,-,
3585,yes,EMKO PR0PERTIES SDN. BHD.,SALES@IJM.COM,03-79858188,"2nd Floor,wisma Ijm,jln Yong Shook Lin, 46050, Petaling , Selangor","2nd Floor, Wisma Ijm, Jalan Yong Shook Lin , 46050, Petaling , Selangor",Aktif,4,3585-1,Wangsa Baiduri- Boulevard Subang,-,-,
3586,yes,BEAUFORD BARU SDN. BHD.,-,,-,-,Aktif,2,3586-1,Taman Pantai Mas,-,-,
3587,no,,,,,,,,,,,,
3588,no,,,,,,,,,,,,
3589,yes,SAM HUAT (KEDAH) DEVELOPMENT SDN. BHD.,-,,-,-,Aktif,1,3589-1,Taman Sri Indah (p1),-,-,
3590,no,,,,,,,,,,,,
3591,yes,RAWANG INDUSTRIALS&PROP.SDN.BHD,-,,-,-,Aktif,1,3591-1,Taman Bukit Rawang Jaya,-,-,
3592,no,,,,,,,,,,,,
3593,no,,,,,,,,,,,,
3594,yes,BURHANUDDIN DEVELOPMENT SDN. BHD.,-,,-,-,Aktif,1,3594-1,Taman Indah,-,-,
3595,no,,,,,,,,,,,,
3596,yes,INDAHASA SDN. BHD.,-,,-,-,Aktif,1,3596-1,Taman Mawar Murni,-,-,
3597,no,,,,,,,,,,,,
3598,yes,BINTANG REKA SDN. BHD.,-,,-,-,Aktif,1,3598-1,Taman Bintang,-,-,
3599,no,,,,,,,,,,,,
3600,yes,HONG YE DEVELOPMENT SDN. BHD.,-,,"No. 3a, Tingkat 1, Taman Emas, Jalan Sialang, 84900, Tangkak, Johor","Suite 2, 1st Floor, Lc 448, Jalan Payamas, 84900, Tangkak, Johor",Aktif,3,3600-1,Taman Kaya (p1),-,-,
3601,no,,,,,,,,,,,,
3602,no,,,,,,,,,,,,
3603,no,,,,,,,,,,,,
3604,no,,,,,,,,,,,,
3605,no,,,,,,,,,,,,
3606,no,,,,,,,,,,,,
3607,no,,,,,,,,,,,,
3608,no,,,,,,,,,,,,
3609,no,,,,,,,,,,,,
3610,no,,,,,,,,,,,,
3611,no,,,,,,,,,,,,
3612,no,,,,,,,,,,,,
3613,no,,,,,,,,,,,,
3614,no,,,,,,,,,,,,
3615,yes,RUMAH PERTAMA SDN. BHD ,njhlim@hotmail.com,03-92213512,"39 Jalan Sungai Besi, 57100, Kuala Lumpur, Wp Kuala Lumpur","39 Jalan Sungai Besi, 57100, Kuala Lumpur, Wp Kuala Lumpur",Aktif,1,3615-1,Taman Bukit Permai Ii,-,-,
3616,no,,,,,,,,,,,,
3617,no,,,,,,,,,,,,
3618,no,,,,,,,,,,,,
3619,no,,,,,,,,,,,,
3620,no,,,,,,,,,,,,
3621,yes,WOON SEEN REALTY SDN. BHD.,-,09 - 517 1919,"No. 162, Tingkat Satu, Jalan Teluk Sisek, 25000, Kuantan, Pahang","158 - 160,  2nd. Floor, Jalan Teluk Sisek, 25000, Kuantan, Pahang",Aktif,18,3621-1,Taman Sungai Galing (p1),-,-,
3622,yes,CHANG GIAP DEVELOPMENT SDN. BHD.,-,,-,-,Aktif,3,3622-1,Taman Bakar Arang,-,-,
3623,no,,,,,,,,,,,,
3624,no,,,,,,,,,,,,
3625,yes,ISHTIHAR PROPERTIES & DEVELOPMENT SDN. BHD.,ishtihar.segamat@gmail.com,079441959,"No. 1 & 2 Jalan Bistari 5/2, Taman Yayasan , 85010, Segamat, Johor","Penthouse Wisma Miramas, No 1 Jalan 2/109e Taman Desa, Jalan Kelang Lama, 58100, Kuala Lumpur, Wp Kuala Lumpur",Aktif,5,3625-1,Taman Yayasan,Johor,Segamat,
3626,no,,,,,,,,,,,,
3627,no,,,,,,,,,,,,
3628,no,,,,,,,,,,,,
3629,no,,,,,,,,,,,,
3630,no,,,,,,,,,,,,
3631,yes,KEAN TEIK SENG DEVELOPMENT SDN. BHD.,-,,"75 A, Jalan Nagore, 05000, Kota Setar, Kedah","65, 1st Floor, (room B) Irving Road, 10400, Daerah Timor Laut, Pulau Pinang",Aktif,8,3631-1,Taman Sena (p1),-,-,
3632,yes,SRI KONDOMAS SDN. BHD.,-,,-,-,Aktif,2,3632-1,Desa Green,-,-,
3633,no,,,,,,,,,,,,
3634,no,,,,,,,,,,,,
3635,yes,SEGAR PEMBENAAN SDN. BHD.,-,,-,-,Aktif,1,3635-1,Taman Berlian,-,-,
3636,no,,,,,,,,,,,,
3637,no,,,,,,,,,,,,
3638,no,,,,,,,,,,,,
3639,no,,,,,,,,,,,,
3640,no,,,,,,,,,,,,
3641,no,,,,,,,,,,,,
3642,no,,,,,,,,,,,,
3643,no,,,,,,,,,,,,
3644,no,,,,,,,,,,,,
3645,no,,,,,,,,,,,,
3646,no,,,,,,,,,,,,
3647,no,,,,,,,,,,,,
3648,no,,,,,,,,,,,,
3649,yes,SIMPANG CERIA SDN BHD (FORMELY KNOW AS CHERATING HOTELS SDN. BHD.),-,03-2445955,"Suite 50-03-01, 3rd Floor, Wisma Uoa Damansara, 50 Jalan Dungun, 50490, Kuala Lumpur, Wp Kuala Lumpur","Suite 50-03-01, 3rd Floor, Wisma Uoa Damansara, 50 Jalan Dungun, 50490, Kuala Lumpur, Wp Kuala Lumpur",Aktif,1,3649-1,Taman Bukit Indah,-,-,
3650,yes,LONGWAY SDN. BHD.,-,,-,-,Aktif,2,3650-1,Taman Delima (p1),-,-,
3651,no,,,,,,,,,,,,
3652,no,,,,,,,,,,,,
3653,no,,,,,,,,,,,,
3654,no,,,,,,,,,,,,
3655,yes,JADI HOUSING DEVELOPMENT SDN. BHD.,-,,-,-,Aktif,1,3655-1,Taman Sri Indah,-,-,
3656,yes,AKED DEVELOPMENT SDN. BHD,-,,-,-,Aktif,12,3656-1,Taman Desa (p1),-,-,
3657,no,,,,,,,,,,,,
3658,no,,,,,,,,,,,,
3659,yes,PEMBANGUNAN SERING SDN. BHD.,-,,-,-,Aktif,1,3659-1,"Lot 492, Mukim Ulu Klang,",-,-,
3660,no,,,,,,,,,,,,
3661,no,,,,,,,,,,,,
3662,no,,,,,,,,,,,,
3663,yes,T.T. LEE SDN. BHD.,ttlee_3123@yahoo.com.my,05-6222563,"89a Dan B, Jln. Changkat Jong,, 36000, Hilir Perak, Perak","89a & B, Jln. Changkat Jong,, 36000, Hilir Perak, Perak",Aktif,2,3663-1,Taman Megah.,-,-,
3664,yes,HENG CHIN DEVELOPMENT SDN. BHD.,hcdsb@tm.net.my,07-7718113,"No.499, (1st Floor), Jalan Mersing, 86000, Kluang, Johor","No.499, (1st Floor), Jalan Mersing, 86000, Kluang, Johor",Aktif,10,3664-1,Taman Sri Paya,-,-,
3665,no,,,,,,,,,,,,
3666,no,,,,,,,,,,,,
3667,yes,GEMILANG JAYA DEVELOPMENT SDN. BHD.,-,,-,-,Aktif,2,3667-1,Taman Megah,-,-,
3668,yes,KAM KOK DEVELOPMENT SDN. BHD.,-,,-,-,Aktif,4,3668-1,Cherry Apartment,-,-,
3669,yes,FBO LAND (SETAPAK) SDN. BHD.  (DANAU KOTA DEVT.SDN. BHD),sharron4444@yahoo.com,03-41498200,"No. 24, Jalan 8/23e, Taman Danau Kota, Setapak, 53300, Kuala Lumpur, Wp Kuala Lumpur","No.70-2, Tingkat 2 (room A), Wisma Mahamewah, Jalan Sungai Besi, 57100, Kuala Lumpur, Wp Kuala Lumpur",Aktif,1,3669-1,Taman Danau Kota,Wp Kuala Lumpur,Kuala Lumpur,
3670,no,,,,,,,,,,,,
3671,no,,,,,,,,,,,,
3672,yes,SENG TAT PROPERTIES SDN. BHD.,-,,-,-,Aktif,1,3672-1,Taman Sri Maju,-,-,
3673,yes,ZED ENTEPRISE (M) SDN. BHD.,-,03-4063573,"E-21, Blok E, Riverdale  Park Apartment, Jalan Bukit Antarabangsa, 68000, Gombak, Selangor","E-21, Blok E, Riverdale  Park Apartment, Jalan Bukit Antarabangsa, 68000, Gombak, Selangor",Aktif,1,3673-1,Riverdale Park,-,-,
3674,no,,,,,,,,,,,,
3675,no,,,,,,,,,,,,
3676,no,,,,,,,,,,,,
3677,no,,,,,,,,,,,,
3678,no,,,,,,,,,,,,
3679,yes,LEE HONG DEVELOPMENT SDN  BHD,-,,-,-,Aktif,2,3679-1,Taman Ria,-,-,
3680,no,,,,,,,,,,,,
3681,no,,,,,,,,,,,,
3682,no,,,,,,,,,,,,
3683,no,,,,,,,,,,,,
3684,yes,GABONG HOLDING SDN.BERHAD,yammie@teamkeris.com.my,6052427000,"Tkb Tower, Times Square Ipoh, A-g-1, Jalan Sultan Nazrin Shah, 30250, Kinta, Perak","No. 37b, Jalan Basco Kepayang 1,, Basco Avenue @ Kepayang,, 31400, Kinta, Perak",Aktif,4,3684-1,Gabong Holding Sdn Bhd,-,-,
3685,no,,,,,,,,,,,,
3686,no,,,,,,,,,,,,
3687,yes,FU FON SDN. BHD.,-,,-,-,Aktif,3,3687-1,Taman Gemas,-,-,
3688,yes,BEDFORD DEVELOPMENT SDN. BHD ,-,,-,-,Aktif,1,3688-1,Sri Sentosa,-,-,
3689,no,,,,,,,,,,,,
3690,no,,,,,,,,,,,,
3691,yes,TENG KANG LENG & SONS SDN. BHD.,-,,-,-,Aktif,5,3691-1,Taman Suria Jaya (p1),-,-,
3692,no,,,,,,,,,,,,
3693,no,,,,,,,,,,,,
3694,no,,,,,,,,,,,,
3695,no,,,,,,,,,,,,
3696,no,,,,,,,,,,,,
3697,no,,,,,,,,,,,,
3698,no,,,,,,,,,,,,
3699,no,,,,,,,,,,,,
3700,no,,,,,,,,,,,,
3701,no,,,,,,,,,,,,
3702,no,,,,,,,,,,,,
3703,no,,,,,,,,,,,,
3704,yes,INTEGRATED REALTY SDN. BHD ,-,,-,-,Aktif,1,3704-1,Taman Damar,-,-,
3705,no,,,,,,,,,,,,
3706,no,,,,,,,,,,,,
3707,no,,,,,,,,,,,,
3708,no,,,,,,,,,,,,
3709,no,,,,,,,,,,,,
3710,no,,,,,,,,,,,,
3711,yes,UNIKAWAN PROPERTY DEVELOPMENT SDN. BHD.,-,,-,-,Aktif,1,3711-1,Taman Bersatu Jaya,-,-,
3712,yes,TECHNIC DEVELOPMENT SDN BHD,technicdevelopment@hotmail.com,043328759,"7290-7294 2nd Floor, Jalan Bagan Jermal, Taman Bayu, 12300, Seberang Perai Utara, Pulau Pinang","14-03 Menara Penang Garden,, 42a Jalan Sultan Ahmad Shah,, 10050, Daerah Timor Laut, Pulau Pinang",Aktif,9,3712-1,Taman Dedap,-,-,
3713,no,,,,,,,,,,,,
3714,no,,,,,,,,,,,,
3715,no,,,,,,,,,,,,
3716,yes,IDEAL HEIGHTS PROPERTIES SDN. BHD.,ihp@po.jaring.my,03-61386102,"No. 1 & 2, Jalan Bukit Idaman 8/1, Bukit Idaman, 68100 Selayang, Selangor., 68100, Gombak, Selangor","No. 1 & 2, Jalan Bukit Idaman 8/1, Bukit  Idaman, 68100 Selayang, Selangor, 68100, Gombak, Selangor",Aktif,3,3716-1,Bukit Idaman,-,-,
3717,yes,KEMAJUAN SRI PERHENTIAN SDN BHD ,-,,-,-,Aktif,5,3717-1,Taman Merdeka (p1),-,-,
3718,no,,,,,,,,,,,,
3719,no,,,,,,,,,,,,
3720,no,,,,,,,,,,,,
3721,no,,,,,,,,,,,,
3722,yes,PENGKALAN KUNDOR DEVELOPMENT SDN. BHD.,-,,-,-,Aktif,1,3722-1,Taman Saga,-,-,
3723,no,,,,,,,,,,,,
3724,yes,TIEN FOOK ENTERPRISE SDN. BHD.,-,,-,-,Aktif,1,3724-1,Taman Ria ,-,-,
3725,yes,SRI HARTAMAS CORPORATION BHD,-,07-2412066,"16005 Amoda, Jalan Imbi, P.o Box 6237, 55100, Kuala Lumpur, Wp Kuala Lumpur","Tingkat 3, No. 346 Jalan Pudu, 55100, Kuala Lumpur, Wp Kuala Lumpur",Aktif,3,3725-1,Xxx,-,-,
3726,no,,,,,,,,,,,,
3727,no,,,,,,,,,,,,
3728,no,,,,,,,,,,,,
3729,yes,NATION HOLDINGS SDN. BHD.,-,,-,-,Aktif,2,3729-1,20784,-,-,
3730,yes,BUMIDA ENGINEERING & CONSTRUCTION SDN.BHD.,-,,"Lot G-01, Grd. Floor, Tower B, Pj City Development, No. 15a, Jalan 219, Seksyen 51, 46100, Petaling , Selangor","No. 2-1 Jalan Sri Hartamas 8, Sri Hartamas, 50480, Kuala Lumpur, Wp Kuala Lumpur",Aktif,2,3730-1,Lot 3362-3365,-,-,
3731,no,,,,,,,,,,,,
3732,no,,,,,,,,,,,,
3733,no,,,,,,,,,,,,
3734,yes,SHEIKHMAH DEVELOPMENT SDN. BHD,sheikhmah_dev@yahoo.com,,"No 46a, Solok Pendamar Indah 1,, Taman Pendamar Indah, 42000, Klang, Selangor","23m, Jalan Thamby Adbullah Satu, Off Jalan Tun Sambanthan, 50470, Kuala Lumpur, Wp Kuala Lumpur",Aktif,4,3734-1,Taman Murni Sepang Baru,-,-,
3735,no,,,,,,,,,,,,
3736,yes,KENSINGTON GARDENS SDN. BHD.,-,,-,-,Aktif,3,3736-1,Taman Senangin,-,-,
3737,no,,,,,,,,,,,,
3738,yes,LIAN SOON THIAM SDN. BHD.,larisanmaju@yahoo.com,0332161344,"No. 14 Jalan Bunga Matahari, Taman Pertama Fasa 4, 45200, Sabak Bernam, Selangor","Lot 512,jalan Menteri, Sabak Bernam, Selangor, 45200, Sabak Bernam, Selangor",Aktif,1,3738-1,Taman Pertama,-,-,
3739,no,,,,,,,,,,,,
3740,no,,,,,,,,,,,,
3741,no,,,,,,,,,,,,
3742,no,,,,,,,,,,,,
3743,yes,DASARAYA DEVELOPMENT SDN. BHD.,-,,-,-,Aktif,1,3743-1,Taman Dasa,-,-,
3744,no,,,,,,,,,,,,
3745,no,,,,,,,,,,,,
3746,no,,,,,,,,,,,,
3747,yes,ONNAS CONSTRUCTION & DEVELOPMENT SDN. BHD.,-,,-,-,Aktif,1,3747-1,Taman Aman Fasa Iii,-,-,
3748,no,,,,,,,,,,,,
3749,yes,JURU BENA TENAGA SDN. BHD ,-,,-,-,Aktif,7,3749-1,Kg Tasek Tambahan Ampang,-,-,
3750,no,,,,,,,,,,,,
3751,yes,COUNTRY VIEW  BERHAD,-,,-,-,Aktif,2,3751-1,Taman Universiti ,-,-,
3752,no,,,,,,,,,,,,
3753,no,,,,,,,,,,,,
3754,no,,,,,,,,,,,,
3755,no,,,,,,,,,,,,
3756,no,,,,,,,,,,,,
3757,no,,,,,,,,,,,,
3758,no,,,,,,,,,,,,
3759,no,,,,,,,,,,,,
3760,no,,,,,,,,,,,,
3761,no,,,,,,,,,,,,
3762,no,,,,,,,,,,,,
3763,no,,,,,,,,,,,,
3764,no,,,,,,,,,,,,
3765,no,,,,,,,,,,,,
3766,no,,,,,,,,,,,,
3767,yes,SYARIKAT KEMAJUAN JERAI SDN. BHD,corp@spsetia.com.my,03-42932255,"No.1g & 3g, Medan Bukit Indah Satu, Bukit Indah,, 68000, Hulu Langat, Selangor","Wisma Sp Setia, No.1, Jalan Bandar Satu, Pusat Bandar Puchong,, 47100, Petaling , Selangor",Aktif,4,3767-1,Bukit Indah,-,-,
3768,yes,BUMIKRISTAL SDN. BHD.,-,,-,-,Aktif,2,3768-1,Taman Desa Aman (p1),-,-,
3769,yes,TAMAN EKAR SDN. BHD.,-,06-7633659,"No. 28, Lorong Permata 4/1, Jalan Permata 4, Taman Permata 4,, 70300, Seremban, Negeri Sembilan","No. 659, 2nd Floor, Jalan Haruan 4/10, Oakland Industrial Park, 70300, Seremban, Negeri Sembilan",Aktif,1,3769-1,Bandar Sunggala,Negeri Sembilan,Port Dickson,
3770,no,,,,,,,,,,,,
3771,no,,,,,,,,,,,,
3772,no,,,,,,,,,,,,
3773,no,,,,,,,,,,,,
3774,no,,,,,,,,,,,,
3775,no,,,,,,,,,,,,
3776,no,,,,,,,,,,,,
3777,no,,,,,,,,,,,,
3778,yes,SERI ALAM PROPERTIES SDN. BHD.,mary@umland.com.my,073881111,"Galleria Seri Alam, 8, Jalan Suria, Bandar Seri Alam, 81750, Johor Bahru, Johor","Suasana Bukit Ceylon, No. 2, Persiaran Raja Chulan, 50200, Kuala Lumpur, Wp Kuala Lumpur",Aktif,44,3778-1,Bandar Seri Alam,-,-,
3779,no,,,,,,,,,,,,
3780,yes,SIME DARBY PROPERTY (SJ7) SDN. BHD.,nur.nasihan.razak@simedarbyproperty.com,0378495299,"Level 10, Block G, No. 2, Jalan Pju 1a/7a, Ara Damansara, Pju 1a, 47301, Petaling , Selangor","Level 10, Block G, No. 2, Jalan Pju 1a/7a, Ara Damansara, Pju 1a, 47301, Petaling , Selangor",Aktif,7,3780-1,Taman Sungai Dingin,-,-,
3781,no,,,,,,,,,,,,
3782,no,,,,,,,,,,,,
3783,no,,,,,,,,,,,,
3784,no,,,,,,,,,,,,
3785,yes,SENVIC ENTERPRISE (M) SDN. BHD.,-,,-,-,Aktif,2,3785-1,Lihat Kpkt/880/3785,-,-,
3786,no,,,,,,,,,,,,
3787,no,,,,,,,,,,,,
3788,no,,,,,,,,,,,,
3789,no,,,,,,,,,,,,
3790,no,,,,,,,,,,,,
3791,no,,,,,,,,,,,,
3792,yes,WEE CHONG MOTOR & HOUSING DEVELOPER SDN. BHD.,-,,-,-,Aktif,6,3792-1,Taman Pudina (p1),-,-,
3793,no,,,,,,,,,,,,
3794,no,,,,,,,,,,,,
3795,no,,,,,,,,,,,,
3796,no,,,,,,,,,,,,
3797,yes,AZRAT & HASHIM SDN. BHD (UPDATE:25.7.05),azrat_hashim@yahoo.co.uk,03-40218699,"Lot 14404 Jln Tmn Pelangi Tmn Pelangi Sentul Pasar 51100 Kl, 51100, Kuala Lumpur, Wp Kuala Lumpur","Lot 14404 Jln Tmn Pelangi Tmn Pelangi Sentul Pasar 51100 Kl, 51100, Kuala Lumpur, Wp Kuala Lumpur",Aktif,5,3797-1,Azrat & Hashim,-,-,
3798,no,,,,,,,,,,,,
3799,no,,,,,,,,,,,,
3800,no,,,,,,,,,,,,
3801,yes,DRALAND SENDIRIAN BERHAD,-,,-,-,Aktif,1,3801-1,Garden City,-,-,
3802,no,,,,,,,,,,,,
3803,no,,,,,,,,,,,,
3804,yes,BROADLINK SDN. BHD.,-,,-,-,Aktif,2,3804-1,Taman  Jaya.,-,-,
3805,yes,HARTA SETIA SDN. BHD.,-,609-7430896,"Lot 4, Tingkat 2, Menara Perbadanan, Jalan Tengku Petra Semerak,, 15000, Kota Bharu, Kelantan","Unit B10-8, Megan Phileo Promenade, 189, Jalan Tun Razak,, 50400, Kuala Lumpur, Wp Kuala Lumpur",Aktif,1,3805-1,Bandar Sri Aman,Kelantan,Machang,
3806,yes,HOONG KEN HOUSING DEVELOPMENT SDN. BHD.,-,,-,-,Aktif,1,3806-1,Taman Setapak,-,-,
3807,no,,,,,,,,,,,,
3808,no,,,,,,,,,,,,
3809,no,,,,,,,,,,,,
3810,no,,,,,,,,,,,,
3811,no,,,,,,,,,,,,
3812,yes,J & S HOLDINGS SDN.BHD.,marketing@sycalberhad.com,0379839099,"Lot 4.39, 4h Floor, Plaza Prima, 4 1/2 Miles, Jalan Kelang Lama, 58200, Temerloh, Wp Kuala Lumpur","L8-02, 8th Floor, Brem Mall, Off Jalan Kepong, 52000, Kuala Lumpur, Wp Kuala Lumpur",Aktif,2,3812-1,Taman Setia Jasa,Pahang,Temerloh,
3813,yes,HICOM INDUNGAN SDN. BHD.,hpsb@hpsb.com.my,20528500,"Tkt 1, Wisma Drb-hicom, No. 2 Jln Usahawan U1/8, Seksyen U1,, 40150, Petaling , Selangor","Tkt 5, Wisma Drb-hicom, No. 2 Jln Usahawan U1/8, Seksyen U1,, 40150, Petaling , Selangor",Aktif,8,3813-1,Taman Bukit Saga,-,-,
3814,no,,,,,,,,,,,,
3815,no,,,,,,,,,,,,
3816,no,,,,,,,,,,,,
3817,no,,,,,,,,,,,,
3818,yes,SRI SEMBILAN PROPERTY SDN. BHD,-,03-7755923,"M2d-29, Jalan Pandan Indah 4/1a, Taman Pandan Indah,, 55100, Kuala Lumpur, Wp Kuala Lumpur","M2d-29, Jalan Pandan Indah 4/1a, Taman Pandan Indah,, 55100, Kuala Lumpur, Wp Kuala Lumpur",Aktif,1,3818-1,Taman Desa Gemas,-,-,
3819,no,,,,,,,,,,,,
3820,no,,,,,,,,,,,,
3821,no,,,,,,,,,,,,
3822,no,,,,,,,,,,,,
3823,no,,,,,,,,,,,,
3824,yes,OAKFIELD ENTERPRISES SDN. BHD.,-,,-,-,Aktif,1,3824-1,Taman Aman,-,-,
3825,no,,,,,,,,,,,,
3826,yes,PEMBANGUNAN PASIR SDN. BHD.,-,,-,-,Aktif,1,3826-1,Taman Pasir Emas,-,-,
3827,no,,,,,,,,,,,,
3828,yes,EUPE KEMAJUAN SDN. BHD,nurulakmar@eupe.com.my,044414888,"5th. Floor, Wisma Ria, Taman Ria, 08000, Kuala Muda, Kedah","1st Floor,b2 & B3, Jalan Bakar Arang, Sungai Petani,kedah, 08000, Kuala Muda, Kedah",Aktif,53,3828-1,Persiaran Cinta Sayang,Kedah,-,
3829,no,,,,,,,,,,,,
3830,no,,,,,,,,,,,,
3831,no,,,,,,,,,,,,
3832,no,,,,,,,,,,,,
3833,no,,,,,,,,,,,,
3834,no,,,,,,,,,,,,
3835,no,,,,,,,,,,,,
3836,no,,,,,,,,,,,,
3837,no,,,,,,,,,,,,
3838,no,,,,,,,,,,,,
3839,no,,,,,,,,,,,,
3840,no,,,,,,,,,,,,
3841,no,,,,,,,,,,,,
3842,no,,,,,,,,,,,,
3843,no,,,,,,,,,,,,
3844,no,,,,,,,,,,,,
3845,yes,N.K.L. HOLDINGS SDN. BHD.,-,,-,-,Aktif,3,3845-1,Lot 42079 & 87671,-,-,
3846,no,,,,,,,,,,,,
3847,yes,DATARAN SEGAR SDN. BHD.,miladssb@yahoo.com,,"Segar Homes Building, Pt 4703 Jalan Ds 3/1, Bandar Dataran Segar, Lukut, 71010, Port Dickson, Negeri Sembilan","Suite 226,tkt 1, Fas Business Avenue, 1,jln Perbandaran;p.jaya,selangor, 47301, Petaling , Selangor",Aktif,14,3847-1,Bandar Dataran Segar,-,-,
3848,no,,,,,,,,,,,,
3849,yes,MILLION-PURPOSE PROPERTIES SDN.BHD.,reciprocal2801@yahoo.com,,"55 Jalan Lahat, 30200, Kinta, Perak","55 Jalan Lahat, 30200, Kinta, Perak",Aktif,6,3849-1,Taman Rasi Jaya,-,-,
3850,yes,PLENITUDE HEIGHTS SDN. BHD.,northern.marketing@plenitude.com.my,044300333,"Bukit Bintang Sales Gallery, Persiaran Bukit Bintang , 08000, Kuala Muda, Kedah","Suite 31-02, Level 31, , Ilham Tower, , No. 8, Jalan Binjai,, 50450, Kuala Lumpur, Wp Kuala Lumpur",Aktif,16,3850-1,"Taman Keladi Fasa I, Ii",-,-,
3851,no,,,,,,,,,,,,
3852,no,,,,,,,,,,,,
3853,no,,,,,,,,,,,,
3854,no,,,,,,,,,,,,
3855,no,,,,,,,,,,,,
3856,yes,WARICIN SDN. BHD.,-,,-,-,Aktif,1,3856-1,Taman Simpang Dua,-,-,
3857,no,,,,,,,,,,,,
3858,no,,,,,,,,,,,,
3859,no,,,,,,,,,,,,
3860,no,,,,,,,,,,,,
3861,no,,,,,,,,,,,,
3862,no,,,,,,,,,,,,
3863,no,,,,,,,,,,,,
3864,no,,,,,,,,,,,,
3865,no,,,,,,,,,,,,
3866,no,,,,,,,,,,,,
3867,no,,,,,,,,,,,,
3868,no,,,,,,,,,,,,
3869,yes,PARAMOUNT REALTY SDN. BHD.,-,,-,-,Aktif,1,3869-1,Taman Sejahtera,-,-,
3870,no,,,,,,,,,,,,
3871,no,,,,,,,,,,,,
3872,no,,,,,,,,,,,,
3873,no,,,,,,,,,,,,
3874,no,,,,,,,,,,,,
3875,no,,,,,,,,,,,,
3876,no,,,,,,,,,,,,
3877,no,,,,,,,,,,,,
3878,no,,,,,,,,,,,,
3879,no,,,,,,,,,,,,
3880,no,,,,,,,,,,,,
3881,no,,,,,,,,,,,,
3882,no,,,,,,,,,,,,
3883,no,,,,,,,,,,,,
3884,no,,,,,,,,,,,,
3885,no,,,,,,,,,,,,
3886,yes,KUMPULAN SRI MAJU SDN. BHD.,-,,-,-,Aktif,1,3886-1,Taman Sulim,-,-,
3887,no,,,,,,,,,,,,
3888,yes,JIWA PROPERTY SDN. BHD.,-,,"No.1-3-2, Wisma Mahajaya, Megan Salak Park, Jalan 2/125e,, Taman Desa Petaling, 57100, Kuala Lumpur, Selangor","No. 1-3-2, Wisma Mahajaya, Megan Salak Park, Jalan 2/125e, Taman Desa Petaling, 57100, Kuala Lumpur, Wp Kuala Lumpur",Aktif,6,3888-1,Taman Kepong Indah,-,-,
3889,no,,,,,,,,,,,,
3890,yes,UNI-GREEN DEVELOPMENT SDN. BHD.,anna@parkavenue.com.my,04-4318888,"No. 18 The Penthouse, Wisma Uni-green, Taman Sejati Indah,, 08000, Kuala Muda, Kedah","No 70b Lebuh Beringin,, 42000, Klang, Selangor",Aktif,1,3890-1,Taman Sejati,Kedah,Kuala Muda,
3891,no,,,,,,,,,,,,
3892,no,,,,,,,,,,,,
3893,no,,,,,,,,,,,,
3894,no,,,,,,,,,,,,
3895,no,,,,,,,,,,,,
3896,no,,,,,,,,,,,,
3897,yes,RAZLIM DEVELOPMENT SDN. BHD.,-,,-,-,Aktif,1,3897-1,Taman Pedah Jaya,-,-,
3898,no,,,,,,,,,,,,
3899,no,,,,,,,,,,,,
3900,yes,SAFEWAY ENTERPRISE SDN. BHD.,-,,-,-,Aktif,4,3900-1,Taman Datuk Leow Yan Sip,-,-,
3901,yes,NIAN FOON DEVELOPMENT & REALTY SDN. BHD.,calvingan1221@gmail.com,07-6638299,"No.97, Jalan Kenanga 29/6, Indahpura 81000 Kulai, Johor., 81000, Johor Bahru, Johor","170a, Taman Melaka Raya, 75000, Melaka Tengah, Melaka",Aktif,3,3901-1,Taman Gemencheh Indah,-,-,
3902,yes,SYARIKAT PERUMAHAN SEJATI SDN. BHD.,-,,-,-,Aktif,1,3902-1,Taman Raja Ekram,-,-,
3903,no,,,,,,,,,,,,
3904,no,,,,,,,,,,,,
3905,no,,,,,,,,,,,,
3906,no,,,,,,,,,,,,
3907,no,,,,,,,,,,,,
3908,no,,,,,,,,,,,,
3909,no,,,,,,,,,,,,
3910,no,,,,,,,,,,,,
3911,no,,,,,,,,,,,,
3912,no,,,,,,,,,,,,
3913,no,,,,,,,,,,,,
3914,no,,,,,,,,,,,,
3915,no,,,,,,,,,,,,
3916,no,,,,,,,,,,,,
3917,no,,,,,,,,,,,,
3918,no,,,,,,,,,,,,
3919,yes,SETAPAK HEIGHTS DEVELOPMENT SDN. BHD.,shdsb36615@gmail.com,0348107790,"332a-18, 18th Floor, Plaza Ampang City, Jalan Ampang, 50450, Kuala Lumpur, Wp Kuala Lumpur","41b Damai Complex, Jalan Dato' Haji Eusoff, 50400, Kuala Lumpur, Wp Kuala Lumpur",Aktif,3,3919-1,Taman Desa Setapak,-,-,
3920,yes,SETIALAND REALTY SDN. BHD.,-,07-6871878,"785, (ground Floor) Medan Ko-op, Jalan Bakek, 82000, Pontian, Johor","Suite 18-03, 18th Floor, Menara Maa, No. 15, Jalan Dato  Abdullah Tahir, 80300, Johor Bahru, Johor",Aktif,8,3920-1,Taman Sri Pantai,-,-,
3921,no,,,,,,,,,,,,
3922,no,,,,,,,,,,,,
3923,no,,,,,,,,,,,,
3924,no,,,,,,,,,,,,
3925,yes,TUAH BAKTI SDN. BHD.,-,06-9529090,"Lot 1, 2 & 3, Taman Sri Temenggong, Jalan Temenggong Ahmad,, 84000, Muar, Johor","Lot 1, 2 & 3, Taman Sri Temenggong, Jalan Temenggong Ahmad,, 84000, Muar, Johor",Aktif,6,3925-1,Taman Sri Temenggong - Muar,-,-,
3926,no,,,,,,,,,,,,
3927,yes,SIME DARBY PROPERTY (BUKIT RAJA) SDN. BHD.,nur.nasihan.razak@simedarbyproperty.com,0378495299,"Usj Heights Sales Gallery, Jalan Usj Heights 1/1a, 47610, Klang, Selangor","Level 10, Block G, No 2, Jalan Pju 1a/7a, Ara Damansara, Pju 1a, 47301, Petaling , Selangor",Aktif,167,3927-1,Uep Subang Jaya Fasa 39-70,-,-,
3928,yes,NEWFOUNDLAND DEVELOPMENT SDN.BHD.,NFL1772@TM.NET.MY,06-2823325,"177-2 & 3, Bangunan Munshi Abdullah, Jln Munshi Abdullah, 75100, Melaka Tengah, Melaka","54, Jalan Tokong, 75100, Melaka Tengah, Melaka",Aktif,8,3928-1,Taman Bukit Bruang Utama,-,-,
3929,no,,,,,,,,,,,,
3930,no,,,,,,,,,,,,
3931,no,,,,,,,,,,,,
3932,yes,AIMA DEVELOPMENT SDN. BHD.,nhl.halim@gmail.com,047329546,"1881, Jalan Stadium, 05100, Kota Setar, Kedah","1881, Jalan Stadium,  , 05100, Kota Setar, Kedah",Aktif,67,3932-1,Taman Aman (p1),-,-,
3933,no,,,,,,,,,,,,
3934,no,,,,,,,,,,,,
3935,yes,THONG HIAP ENTERPRISE & DEVELOPMENT SDN. BHD.,-,,-,-,Aktif,1,3935-1,Taman Sri Jaya,-,-,
3936,yes,USAHA MENANG SDN. BHD.,-,,-,-,Aktif,1,3936-1,Taman Muhibbah,-,-,
3937,no,,,,,,,,,,,,
3938,no,,,,,,,,,,,,
3939,no,,,,,,,,,,,,
3940,no,,,,,,,,,,,,
3941,yes,SYARIKAT TANJAK SDN. BHD.,-,,-,-,Aktif,1,3941-1,Bandar Baru Kuala Kubu,-,-,
3942,no,,,,,,,,,,,,
3943,no,,,,,,,,,,,,
3944,no,,,,,,,,,,,,
3945,no,,,,,,,,,,,,
3946,no,,,,,,,,,,,,
3947,yes,YEE HOONG LOONG CORPORATION SDN. BHD.,-,05-5477055,"193a, Taman Musim Bunga, Jalan Tasek,, 31400, Kinta, Perak","193a, Taman Musim Bunga, Jalan Tasek,, 31400, Kinta, Perak",Aktif,5,3947-1,Taman Sri Manong,Perak,Kinta,
3948,yes,PANCASILA BERSATU SDN. BHD.,-,,-,-,Aktif,2,3948-1,Taman Mesra,-,-,
3949,yes,GENTING VIEW RESORT DEVELOPMENT SDN. BHD.,-,,-,-,Aktif,1,3949-1,Genting View Resort,-,-,
3950,no,,,,,,,,,,,,
3951,no,,,,,,,,,,,,
3952,no,,,,,,,,,,,,
3953,no,,,,,,,,,,,,
3954,no,,,,,,,,,,,,
3955,no,,,,,,,,,,,,
3956,no,,,,,,,,,,,,
3957,no,,,,,,,,,,,,
3958,no,,,,,,,,,,,,
3959,no,,,,,,,,,,,,
3960,no,,,,,,,,,,,,
3961,no,,,,,,,,,,,,
3962,no,,,,,,,,,,,,
3963,yes,BANDAR SUBANG SDN. BHD.,bssbmkt@yahoo.com,,"No. 2-8, Bangunan Farlim, Jalan Pjs 10/32,, Bandar Sri Subang, 46000, Selangor","No:1 Lintang Angsana, 11500, Daerah Timor Laut, Pulau Pinang",Aktif,12,3963-1,Taman Sri Subang .,-,-,
3964,no,,,,,,,,,,,,
3965,yes,MWE PROPERTIES SDN  BHD,-,,-,-,Aktif,13,3965-1,Bukit Sri Bintang,-,-,
3966,no,,,,,,,,,,,,
3967,no,,,,,,,,,,,,
3968,no,,,,,,,,,,,,
3969,yes,SRI KANAKAM HOLDINGS SDN. BHD.,mrao777@yahoo.com,05-6411346,"3b Taman Cenderawasih, 36400, Bagan Datuk, Perak","3b Taman Cenderawasih, 36400, Bagan Datuk, Perak",Aktif,7,3969-1,Taman Inderawasih,-,-,
3970,no,,,,,,,,,,,,
3971,no,,,,,,,,,,,,
3972,no,,,,,,,,,,,,
3973,yes,SYABAS PEMAJU (M) SDN.BHD.,-,,"Wisma Dergahayu,level 5, No.26 Jalan Indah 23, 56100, Kuala Lumpur, Wp Kuala Lumpur","Wisma Dergahayu, Level 4 & 5, No. 26 Jalan Indah 23, Taman Cheras Indah,, 56100, Kuala Lumpur, Wp Kuala Lumpur",Aktif,6,3973-1,Desa Jenjarom,-,-,
3974,no,,,,,,,,,,,,
3975,yes,SEIMBANG SDN. BHD.,-,,-,-,Aktif,1,3975-1,Taman Ampang Mewah,-,-,
3976,yes,ZURIK HARTA SDN. BHD.,-,,-,-,Aktif,3,3976-1,Taman Pangkor,-,-,
3977,no,,,,,,,,,,,,
3978,no,,,,,,,,,,,,
3979,yes,GREEN MOUNTAIN HOLDINGS (M) SDN. BHD.,-,,-,-,Aktif,1,3979-1,Cheras Perdana,-,-,
3980,yes,LIAN HARP DEVELOPMENT SDN BHD,-,,"No.155-d Wisma Harp Soon, Jalan Meru, 41050, Klang, Selangor","No. 39-4-a, Wisma Mega, Jalan Miri, 41400, Klang, Selangor",Aktif,19,3980-1,"Taman Emas Fasa 1,2 & 3",Selangor,-,
3981,yes,SRI DAMANSARA SDN. BHD.,-,0362798000,"Level 18 - 21 Menara 1, 8trium, Jalan Cempaka Sd 12/5, Bandar Sri Damansara, 52200, Petaling , Wp Kuala Lumpur","8trium, Level 21 Menara 1, Jalan Cempaka Sd 12/5, Bandar Sri Damansara, 52200, Wp Kuala Lumpur",Aktif,42,3981-1,Bandar Sri Damansara,-,-,
3982,no,,,,,,,,,,,,
3983,no,,,,,,,,,,,,
3984,no,,,,,,,,,,,,
3985,no,,,,,,,,,,,,
3986,no,,,,,,,,,,,,
3987,no,,,,,,,,,,,,
3988,no,,,,,,,,,,,,
3989,no,,,,,,,,,,,,
3990,no,,,,,,,,,,,,
3991,yes,LUNAS GARDEN SDN. BHD.,-,04-4843325,"897, Jalan Aman, Taman Sejahtera, 09600, Kedah","897, Jalan Aman, Taman Sejahtera, 09600, Kedah",Aktif,2,3991-1,Taman Sang Kanchil,-,-,
3992,no,,,,,,,,,,,,
3993,yes,HING LIP HOUSING DEVELOPMENT SDN. BHD.,-,,-,-,Aktif,5,3993-1,Taman Setia,-,-,
3994,no,,,,,,,,,,,,
3995,yes,PERTAMA PERDAGANGAN SDN. BHD.,BSENTOSA@TM.NET.MY,04-7311333,"Wisma Sentosa, No. 65, Tingkat Bawah, Jalan Kampung Perak, 05100, Kota Setar, Kedah","No. 939 A & B, Lorong Merpati, 05200, Kota Setar, Kedah",Aktif,2,3995-1,Taman Sri Ampang,-,-,
3996,no,,,,,,,,,,,,
3997,no,,,,,,,,,,,,
3998,yes,IKATAN BINA SDN. BHD.,-,,"No. 26, Jalan Raja Dr. Nazrin Shah, 30250, Kinta, Perak","Bilik 9, Tingkat 2, Bgn Chua Cheng Bok, No,. 94, Jln Sultan Idris Shah,, 30000, Kinta, Perak",Aktif,11,3998-1,Taman Song Choon,-,-,
3999,no,,,,,,,,,,,,
4000,yes,L.E.H CONSTRUCTION SDN. BHD.,lehconstn@gmail.com,03-79573988,"No. 16 Jalan 17/54, 46400, Petaling , Selangor","No. 12-16, Jalan 17/54,, 46400, Petaling , Selangor",Aktif,4,4000-1,Taman Kinrara Seksyen 5 ,-,-,
4001,no,,,,,,,,,,,,
4002,yes,LIFE DEVELOPMENT SDN. BHD.,-,06-9513006,"37, Tingkat 21 & 3a, Jalan Ibrahim, Off Jalan Khalidi, 84000, Muar, Johor","37, Tingkat 21 & 3a, Jalan Ibrahim, Off Jalan Khalidi, 84000, Muar, Johor",Aktif,6,4002-1,Taman Garuda,-,-,
4003,no,,,,,,,,,,,,
4004,no,,,,,,,,,,,,
4005,no,,,,,,,,,,,,
4006,no,,,,,,,,,,,,
4007,yes,JURUBINA TAIPING SDN. BHD,spmgroup@tm.net.my,05-8088888,"No.3, Jalan Medan Taiping 5, Medan Taiping,, 34000, Larut & Matang, Perak","No.3, Jalan Medan Taiping 5, Medan Taiping,, 34000, Larut & Matang, Perak",Aktif,9,4007-1,Taman Sri Selama,-,-,
4008,yes,GUNUNG TUNGGAL DEVT. SDN. BHD. ,-,,-,-,Aktif,2,4008-1,Taman Desa Permai,-,-,
4009,yes,SING LEE ORGANISATION SDN. BHD.,-,,-,-,Aktif,1,4009-1,Taman Slim Jaya,-,-,
4010,yes,LIAN LEE CONSTRUCTION SDN. BHD.,-,,-,-,Aktif,2,4010-1,Xxx,-,-,
4011,no,,,,,,,,,,,,
4012,no,,,,,,,,,,,,
4013,yes,JOJO SDN. BHD.,bina17123@yahoo.com,04-6438199,"17-1-23 Bayan Point, Medan Kampung Relau, 11900, Daerah Barat Daya, Pulau Pinang","123-o, 3rd Floor, Wisma Lister Garden, Jalan Macalister, 10400, Daerah Timor Laut, Pulau Pinang",Aktif,2,4013-1,Halaman Perdana,-,-,
4014,no,,,,,,,,,,,,
4015,yes,FACB LAND SDN. BHD ,-,,-,-,Aktif,1,4015-1,Taman Kinrara Seksyen 2,-,-,
4016,yes,MAJU SETIAKAWAN SDN. BHD.,OCS223@GMAIL.COM,06-2838369,"No. 108, 108a, 108b, Jalan Melaka Raya 25, Taman Melaka Raya, 75000, Melaka Tengah, Melaka","195b-b Taman Melaka Raya, 75000, Melaka Tengah, Melaka",Aktif,5,4016-1,Taman Rambai Jaya,-,-,
4017,yes,MD.SHUHAIMI B.ISMAIL/NOR AZMALAYATI BT.ISMAIL,-,,-,-,Aktif,1,4017-1,Lot 4512 Mukim Alor Limbat,-,-,
4018,no,,,,,,,,,,,,
4019,no,,,,,,,,,,,,
4020,yes,CINTALITES SDN. BHD.,-,,-,-,Aktif,2,4020-1,Taman Kijal Jaya,-,-,
4021,no,,,,,,,,,,,,
4022,no,,,,,,,,,,,,
4023,no,,,,,,,,,,,,
4024,no,,,,,,,,,,,,
4025,no,,,,,,,,,,,,
4026,no,,,,,,,,,,,,
4027,no,,,,,,,,,,,,
4028,yes,CHAINFERRY DEVELOPMENT SDN. BHD.,-,,"25-b Lebuh Farquhar, 10200, Daerah Timor Laut, Pulau Pinang","Suite I, Tingkat 2, Wisma Lister Garden, 123 Jalan Macalister, 10400, Daerah Timor Laut, Pulau Pinang",Aktif,1,4028-1,Taman Bagan,Pulau Pinang,Seberang Perai Utara,
4029,no,,,,,,,,,,,,
4030,no,,,,,,,,,,,,
4031,no,,,,,,,,,,,,
4032,no,,,,,,,,,,,,
4033,no,,,,,,,,,,,,
4034,yes,LION PROPERTIES SDN. BHD.,-,,-,-,Aktif,4,4034-1,Wangsa Intan,-,-,
4035,no,,,,,,,,,,,,
4036,no,,,,,,,,,,,,
4037,no,,,,,,,,,,,,
4038,yes,CREATIVE ENGINEERING & CONSTRUCTION SDN. BHD.,-,,-,-,Aktif,1,4038-1,Taman Bina Jaya,-,-,
4039,no,,,,,,,,,,,,
4040,no,,,,,,,,,,,,
4041,no,,,,,,,,,,,,
4042,yes,LAND PROJECTS CORPORATION SDN. BHD.,-,,-,-,Aktif,2,4042-1,Taman Sera,-,-,
4043,no,,,,,,,,,,,,
4044,no,,,,,,,,,,,,
4045,no,,,,,,,,,,,,
4046,yes,TANAH AMAN DEVELOPMENT SDN. BHD.,-,,"No. 90 (tingkat 1) Jalan Kota, 34000, Larut & Matang, Perak","No. 60 Jalan Sri Bahari,, 10050, Tiada Maklumat Daerah, Pulau Pinang",Aktif,4,4046-1,Desa Jaya,-,-,
4047,no,,,,,,,,,,,,
4048,yes,HIGHLAKE ENTERPRISE MUAR SDN. BHD.,-,06-9517142,"No 4, Taman Maharani, Batu 1 3/4, Jalan Bakri,, 84000, Muar, Johor","No 46, 1st Floor, Jalan Arab,, 84000, Muar, Johor",Aktif,5,4048-1,Taman Bakri Jaya Muar,-,-,
4049,yes,GOLD VALE DEVELOPMENT SDN. BHD.,-,,-,-,Aktif,2,4049-1,Desa Saujana Samudra & P'puri Ferringhi Delima,-,-,
4050,no,,,,,,,,,,,,
4051,yes,GALIAN MAJU SDN. BHD.,-,,-,-,Aktif,1,4051-1,Taman Maju,-,-,
4052,yes,KEMAJUAN EMAX SDN. BHD,ceyeemeng@gmail.com,05-255 8801,"No. 129, Jalan Sultan Abdul Jalil, Ipoh., 30450, Kinta, Perak","12, Horley Street, (1st Floor), Ipoh. , 30300, Kinta, Perak",Aktif,13,4052-1,Taman Gunung View,-,-,
4053,no,,,,,,,,,,,,
4054,yes,TARTEE SDN. BHD.,pollysb@tm.net.my,07-4312326,"1-a, Jalan Setiajaya, Taman Setiajaya,, 83000, Batu Pahat, Johor","46-02, Jalan Tun Abdul Razak, Susur 1,, 80000, Johor Bahru, Johor",Aktif,3,4054-1,Kondominium Emas Jaya ,-,-,
4055,no,,,,,,,,,,,,
4056,no,,,,,,,,,,,,
4057,no,,,,,,,,,,,,
4058,no,,,,,,,,,,,,
4059,yes,DAYA KENCANA SDN. BHD.,-,,-,-,Aktif,1,4059-1,Taman Padu Permai,-,-,
4060,no,,,,,,,,,,,,
4061,yes,PAKADIRI SDN.BHD.,-,,-,-,Aktif,4,4061-1,Taman Seri Kalungan,-,-,
4062,yes,MAPLE GARDEN DEVELOPMENT SDN. BHD.,-,,"No.35-2, Jalan Ppm 8, Plaza Pandan Malim, 75250, Melaka Tengah, Melaka","2b-9 Jalan Kesidang 3/6, Melaka Mall, Off Jalan Tun Perak, 75300, Melaka Tengah, Melaka",Aktif,10,4062-1,Taman Megah,-,-,
4063,no,,,,,,,,,,,,
4064,yes,BOULEVARD REALTY SDN BHD,choonlooi@limqueeandsons.com,0320705557,"The Penthouse , 31st Floor Menara Hawpar, Jalan Sultan Ismail , 50250, Kuala Lumpur, Wp Kuala Lumpur","4th Floor Lin Ho Building, 15 Jalan Hang Lekiu, 50100, Kuala Lumpur, Wp Kuala Lumpur",Aktif,3,4064-1,"2-twelve, Jalan Ampang",-,-,
4065,no,,,,,,,,,,,,
4066,no,,,,,,,,,,,,
4067,no,,,,,,,,,,,,
4068,no,,,,,,,,,,,,
4069,no,,,,,,,,,,,,
4070,yes,BERTAM DEVT. SDN. BHD,-,,"Brem House 3a, Crystal Crown Hotel, No.12 Lorong Utara A, Off Jalan Utara, 46200 Petaling Jaya Selangor Darul Ehsan, 46200, Petaling , Selangor","Lot 4.100,tkt.4, Wisma Central, Jalan Ampang;kuala Lumpur., 50450, Kuala Lumpur, Wp Kuala Lumpur",Aktif,15,4070-1,Kuchai Brem Park,-,-,
4071,no,,,,,,,,,,,,
4072,no,,,,,,,,,,,,
4073,yes,PERUMAHAN KUALA PERLIS SDN. BHD.,-,,-,-,Aktif,2,4073-1,Taman Kuala Perlis,-,-,
4074,no,,,,,,,,,,,,
4075,yes,E.N.A.M. DEVELOPMENT SDN. BHD,-,,-,-,Aktif,7,4075-1,Taman Teratai,-,-,
4076,yes,SYARIKAT PEMAJU PERUMAHAN KIM,-,,-,-,Aktif,1,4076-1,Taman Mawar,-,-,
4077,yes,YU YU ENTERPRISE (M) SDN. BHD.,-,,-,-,Aktif,8,4077-1,Taman Damai,-,-,
4078,yes,SEPADU MAJU SDN. BHD.,-,,-,-,Aktif,1,4078-1,Taman Sepadu,-,-,
4079,no,,,,,,,,,,,,
4080,yes,KEMAJUAN SIM HIN SDN. BHD.,-,,-,-,Aktif,5,4080-1,Taman Bedong,-,-,
4081,yes,EXCELHOUSE DEVELOPMENT SDN. BHD.,-,,-,-,Aktif,4,4081-1,Taman Indah,-,-,
4082,no,,,,,,,,,,,,
4083,no,,,,,,,,,,,,
4084,yes,SYARIKAT SEKEBA SDN. BHD.,-,,-,-,Aktif,4,4084-1,Kampong Muhibbah Fasa 2b,-,-,
4085,no,,,,,,,,,,,,
4086,no,,,,,,,,,,,,
4087,yes,GUAN PERDAGANGAN SDN. BHD.,-,,-,-,Aktif,13,4087-1,Taman 20,-,-,
4088,no,,,,,,,,,,,,
4089,yes,ILMIAH KAMAR SDN. BHD,-,,-,-,Aktif,4,4089-1,Taman Desa Jaya,-,-,
4090,no,,,,,,,,,,,,
4091,yes,KEMAJUAN KIAN HOCK LEE SDN. BHD.,-,07-4325012,"No. 7a, Jalan Mengkudu, Taman Makmur, 83000, Batu Pahat, Johor","No. 7a, Jalan Mengkudu, Taman Makmur, 83000, Batu Pahat, Johor",Aktif,9,4091-1,Taman Intan,-,-,
4092,no,,,,,,,,,,,,
4093,yes,KASJARIA - KIM HUAT (M) SDN BHD,yeapsawsuan@gmail.com,097657262,"Pt 1043, Jalan Kk 4a/2, Bandar Baru Kubang Kerian, 16150, Kota Bharu, Kelantan","Lot 85 , Jalan Portland, Tasek Industrial Estate, 31400, Kinta, Perak",Aktif,1,4093-1,"Projek Pembangunan Setempat Bandar Baru Kubang Kerian, Kota Bharu.",Kelantan,Kota Bharu,
4094,yes,HUAT CHEONG REALTY SDN. BHD.,-,,-,-,Aktif,1,4094-1,Taman Sri Rahmat,-,-,
4095,no,,,,,,,,,,,,
4096,yes,TEGUH CONSOLIDATED SDN. BHD.,-,,-,-,Aktif,1,4096-1,Taman Muhibbah,-,-,
4097,yes,PERMAI BARU SDN. BHD.,-,,-,-,Aktif,1,4097-1,Taman Jambu,-,-,
4098,yes,GOH CHENG SEE PROPERTIES SDN. BHD.,-,,-,-,Aktif,1,4098-1,Taman Limau Manis,-,-,
4099,no,,,,,,,,,,,,
4100,yes,HARI JAYA - MEWAH KOTA SDN. BHD.,-,,-,-,Aktif,3,4100-1,Mewah Court,-,-,
4101,no,,,,,,,,,,,,
4102,no,,,,,,,,,,,,
4103,no,,,,,,,,,,,,
4104,no,,,,,,,,,,,,
4105,yes,SUNWAY CITY SDN. BHD.,-,,"Level 16 Menara Sunway, Jalan Lagoon Timur, 46150, Petaling , Selangor","Level 16 Menara Sunway, Jalan Lagoon Timur, Bandar Sunway;petaling Jaya, 46150, Petaling , Selangor",Aktif,12,4105-1,Bandar Sunway ,-,-,
4106,yes,SIN SOON HOLDINGS SDN. BHD.,-,,-,-,Aktif,8,4106-1,Taman Desa Pangkor,-,-,
4107,no,,,,,,,,,,,,
4108,yes,INDAH KEMAS SDN.BHD.,indahkemas@gmail.com,,"A14, Pokok Asam, Kuah, 07000, Langkawi, Kedah","Suite A 1018-b, Tiingkat 2, Lorong Merpati, 05200, Kota Setar, Kedah",Aktif,7,4108-1,Taman Indah Lot 1572,-,-,
4109,yes,SIME DARBY PROPERTY (SAUJANA IMPIAN) SDN. BHD.,-,,"Level 10 Block G , 2 Jalan Pju 1a/7a, Ara Damansara Pju 1a, 47301, Hulu Langat, Selangor","Level 10 Block G No. 2, Jalan Pju 1a/7a, Ara Damansara Pju 1a, 47301, Hulu Langat, Selangor",Aktif,9,4109-1,Saujana Impian,-,-,
4110,no,,,,,,,,,,,,
4111,yes,SUPER VENTURE DEVT.(M) SDN. BHD,-,,-,-,Aktif,1,4111-1,Taman Rasa,-,-,
4112,no,,,,,,,,,,,,
4113,no,,,,,,,,,,,,
4114,yes,KELADI KULIM SDN.BHD.,keladi.kulim@yahoo.com,,"Wisma Keladi, 11-a Level 7, Jalan Bank, 08000, Kedah","29th Floor, Menara Jkg,, No. 282, Jalan Raja Laut,, 50350, Kuala Lumpur, Wp Kuala Lumpur",Aktif,15,4114-1,Taman Kobis,-,-,
4115,no,,,,,,,,,,,,
4116,no,,,,,,,,,,,,
4117,yes,TELSU DEVELOPMENT (M) SDN.BHD,-,,-,-,Aktif,2,4117-1,Taman Impian,-,-,
4118,yes,TAN & SEW HOUSING DEVT. SDN. BHD.,-,,-,-,Aktif,5,4118-1,Taman Rhu,-,-,
4119,no,,,,,,,,,,,,
4120,yes,MAXISEGAR SDN. BHD.,-,03-42962000,"Level 1, Menara Maxisegar, Jalan Pandan Indah 4/2, Pandan Indah, 55100, Kuala Lumpur, Wp Kuala Lumpur","Suite 2.05, Level 2, Menara Maxisegar, Jalan Pandan Indah 4/2, Pandan Indah, 55100, Kuala Lumpur, Wp Kuala Lumpur",Aktif,37,4120-1,Taman Pandan Indah,-,-,
4121,no,,,,,,,,,,,,
4122,no,,,,,,,,,,,,
4123,no,,,,,,,,,,,,
4124,no,,,,,,,,,,,,
4125,yes,JANIT SDN. BHD.,-,,-,-,Aktif,1,4125-1,Taman Serdang Raya,-,-,
4126,no,,,,,,,,,,,,
4127,yes,BANDAR BARU POKOK SENA SDN. BHD,-,,-,-,Aktif,2,4127-1,Bandar Baru Pokok Sena,-,-,
4128,no,,,,,,,,,,,,
4129,no,,,,,,,,,,,,
4130,no,,,,,,,,,,,,
4131,yes,KAR SIN BHD.,ksbkpkt@gmail.com,6056882788,"188, Jalan Ppmp 3/3, Pusat Perniagaan Manjung Point 3, 32040, Manjung, Perak","B-21-1, Level 21, Tower B,, Northpoint Mid Valley City,, No. 1, Medan Syed Putra Utara,, 59200, Kuala Lumpur, Wp Kuala Lumpur",Aktif,141,4131-1,Taman Samudera,-,-,
4132,no,,,,,,,,,,,,
4133,no,,,,,,,,,,,,
4134,no,,,,,,,,,,,,
4135,yes,CEKAP CORPORATION BERHAD,julie@metrokajang.com.my,03-87378228,"5th Floor Wisma Metro Kajang, Jalan Semenyih,, 43000, Hulu Langat, Selangor","5th Floor Wisma Metro Kajang, Jalan Semenyih,, 43000, Hulu Langat, Selangor",Aktif,24,4135-1,Taman Bukit Mewah,-,-,
4136,yes,KUMPULAN KEMAJUAN PERUMAHAN YUHN KANG (M) SDN. BHD,-,,-,-,Aktif,2,4136-1,Seremban Sri Jaya F1.2-1.4,-,-,
4137,yes,WELL MEAN SDN. BHD,-,,-,-,Aktif,3,4137-1,Taman Cempaka,-,-,
4138,no,,,,,,,,,,,,
4139,no,,,,,,,,,,,,
4140,yes,HO TECK CONSTRUCTION & DEVELOPMENT SDN. BHD.,-,,-,-,Aktif,3,4140-1,Pangsapuri Permata,-,-,
4141,yes,ALPINE DEVELOPMENTS (M) SDN. BHD.,-,,-,-,Aktif,1,4141-1,Taman Krubong,-,-,
4142,no,,,,,,,,,,,,
4143,no,,,,,,,,,,,,
4144,no,,,,,,,,,,,,
4145,no,,,,,,,,,,,,
4146,no,,,,,,,,,,,,
4147,yes,PIRUMAS SDN. BHD.,-,,-,-,Aktif,4,4147-1,Taman Sri Perak,-,-,
4148,yes,PANORAMIC HOUSING DEVT. SDN. BHD,crescendo@myjaring.net,03-71182688,"Lot 18.02, 18th Floor, Public Bank Tower, 19 Jalan Wong Ah Fook, 80000, Johor Bahru, Johor","Unit 203, 2nd Floor, Block C, Damansara Intan 1 Jalan Ss20/27, 47400, Petaling , Selangor",Aktif,2,4148-1,Desa Cemerlang,-,-,
4149,no,,,,,,,,,,,,
4150,yes,SEBERAI MAJUHARTA SDN. BHD,-,,-,-,Aktif,3,4150-1,Taman Berkat,-,-,
4151,no,,,,,,,,,,,,
4152,no,,,,,,,,,,,,
4153,no,,,,,,,,,,,,
4154,no,,,,,,,,,,,,
4155,no,,,,,,,,,,,,
4156,no,,,,,,,,,,,,
4157,no,,,,,,,,,,,,
4158,yes,MOW SENG HOUSING & LAND DEVELOPMENT SDN. BHD.,-,,-,-,Aktif,1,4158-1,Taman Pelangi,-,-,
4159,no,,,,,,,,,,,,
4160,yes,KUMPULAN KEMAJUAN PERUMAHAM YUHN AUN (M) SDN. BHD.,-,,-,-,Aktif,2,4160-1,Seremban Jaya,-,-,
4161,no,,,,,,,,,,,,
4162,no,,,,,,,,,,,,
4163,yes,BINAAN SENTOSA SDN. BHD.,-,,-,-,Aktif,5,4163-1,Desa Mutiara,-,-,
4164,no,,,,,,,,,,,,
4165,no,,,,,,,,,,,,
4166,yes,TAN YEW LAI DEVELOPMENT SDN. BHD,-,,-,-,Aktif,5,4166-1,Taman Kuchai Jaya,-,-,
4167,no,,,,,,,,,,,,
4168,yes,PEMBANGUNAN PUSAT BANDAR SDN. BHD,-,,-,-,Aktif,12,4168-1,Taman Kerian Tambahan V,-,-,
4169,yes,TAH CHUAN DEVELOPMENT SDN. BHD.,TAN_KH@YAHOO.COM,04-4845598,"18, Tingkat Atas, Jln Ara Kuda,, 09600, Kulim, Kedah","800 Taman Indah, 09600, Kulim, Kedah",Aktif,7,4169-1,Taman Salad,-,-,
4170,no,,,,,,,,,,,,
4171,yes,GUNUNG NUANG SDN. BHD.,kbt562@streamyx.com,06-4411648,"No. 561 & 562, Taman Clonlee,, 73000, Tampin, Negeri Sembilan","No.561 & 562, Taman Clonlee,, 73000, Tampin, Negeri Sembilan",Aktif,3,4171-1,Taman Anggerik,-,-,
4172,yes,PEMBINAAN J.C.L. SDN BERHAD,-,,-,-,Aktif,3,4172-1,Taman Ayer Kuning,-,-,
4173,no,,,,,,,,,,,,
4174,no,,,,,,,,,,,,
4175,yes,MEDAH BERKELUARGA SDN. BHD.,-,,-,-,Aktif,2,4175-1,Taman Medah,-,-,
4176,yes,TARGET PROPERTIES SDN. BHD.,-,,-,-,Aktif,2,4176-1,Taman Saga,-,-,
4177,no,,,,,,,,,,,,
4178,yes,TELEMAC SDN. BHD.,-,,-,-,Aktif,1,4178-1,Taman Rakan Cheras,-,-,
4179,no,,,,,,,,,,,,
4180,no,,,,,,,,,,,,
4181,yes,ASOTA ENTERPRISE SDN. BHD.,-,04-4251231,"57, Jalan Pengkalan, Taman Pekan Baru, 08000, Kuala Muda, Kedah","B2, B3, 1st. & 2nd. Floor, Jalan Bakar Arang, 08000, Kuala Muda, Kedah",Aktif,4,4181-1,Taman Sri Wang,-,-,
4182,no,,,,,,,,,,,,
4183,yes,GRAND EASTERN REALTY & DEVELOPMENT SDN. BHD.,joeang@wingtaiasia.com.my,045387788,"No. 2338, Jalan Rozhan, Galeri Impian, Spt, 14000, Seberang Perai Tengah, Pulau Pinang","17.01, Menara Boustead Penang,, 39, Jalan Sultan Ahmad Shah,, 10050, Daerah Timor Laut, Pulau Pinang",Aktif,2,4183-1,Taman Nagasari,-,-,
4184,yes,EKABINA SDN. BHD.,-,,-,-,Aktif,1,4184-1,Taman Lembah Maju,-,-,
4185,yes,SYKT. NILAM DEVELOPMENT SDN. BHD.,-,,-,-,Aktif,3,4185-1,Taman Nilam,-,-,
4186,yes,PINSIT DEVELOPMENT SDN. BHD.,PINSIT@GMAIL.COM,04-5931316,"1716 Main Road, 14300, Seberang Perai Selatan, Pulau Pinang","11a, 1st Floor, Jalan Sungai Bakap, Pusat Perniagaan Seri Aman  , 14200, Seberang Perai Selatan, Pulau Pinang",Aktif,3,4186-1,Taman Bersatu,-,-,
4187,no,,,,,,,,,,,,
4188,no,,,,,,,,,,,,
4189,no,,,,,,,,,,,,
4190,no,,,,,,,,,,,,
4191,no,,,,,,,,,,,,
4192,no,,,,,,,,,,,,
4193,no,,,,,,,,,,,,
4194,yes,Y.O.M. DEVELOPMENT SDN. BHD.,-,,-,-,Aktif,2,4194-1,Taman Mewah,-,-,
4195,yes,WAC ENGINEERING SDN. BHD,-,,-,-,Aktif,3,4195-1,Coral Court Beach Resort,-,-,
4196,no,,,,,,,,,,,,
4197,yes,SEM SIONG INDUSTRIES SDN. BHD.,rcityanp@lowyatgroup.com.my,03-4043 8111,"468-16, Batu Tiga, Jalan Ipoh,, 51200, Kuala Lumpur, Wp Kuala Lumpur","468-6b & 6c, (tingkat Satu), Batu Tiga, Jalan Ipoh,, 51200, Kuala Lumpur, Wp Kuala Lumpur",Aktif,2,4197-1,Taman Indah Fasa Ii,-,-,
4198,yes,ANTAP ENTERPRISES SDN. BHD,-,,-,-,Aktif,5,4198-1,Taman Pasir Puteh Selatan,-,-,
4199,no,,,,,,,,,,,,
4200,no,,,,,,,,,,,,
4201,no,,,,,,,,,,,,
4202,yes,KELADI MAJU BERHAD,-,,-,-,Aktif,11,4202-1,Taman Malinja,-,-,
4203,yes,NOOR HOLDINGS SDN. BHD.,-,,-,-,Aktif,1,4203-1,Taman Cahaya Fasa Ii,-,-,
4204,yes,BINTANG-BINTANG DEVELOPMENT SDN.BHD,gt@ksl.my,079311430,"Wisma Ksl, No. 148, Batu 1 1/2, Jalan Buloh Kasap, 85000, Segamat, Johor","A-3-55, Pusat Komersial Bayu Tasek, Persiaran Southkey 1, Kota Southkey, 80150, Johor Bahru, Johor",Aktif,17,4204-1,Taman Emas,-,-,
4205,yes,GOODPARK DEVELOPMENT SDN. BHD.,-,,"Wisma Ksl, No.148, Batu 1 1/2 Jalan Buloh Kasap, 85000, Segamat, Johor","A-3-55, Pusat Komersial Bayu Tasek, Persiaran Southkey 1, Kota Southkey, 80150, Johor",Aktif,12,4205-1,Taman Bendahara,-,-,
4206,no,,,,,,,,,,,,
4207,yes,NEW DECADE HOLDINGS SDN. BHD,-,,-,-,Aktif,1,4207-1,Taman Sutra,-,-,
4208,no,,,,,,,,,,,,
4209,yes,PASIR PUTEH DEVELOPMENT CORP. SDN. BHD,ppdc@tm.net.my,00-7654286,"523, Jalan Raja Perempuan Zainab Ii, Kubang Kerian, Kota Bharu, 16150, Kota Bharu, Kelantan","523, Jalan Raja Perempuan Zainab Ii, Kubang Kerian, Kota Bharu, 16150, Kota Bharu, Kelantan",Aktif,23,4209-1,Taman Sri Teluk,-,-,
4210,yes,PERUMAHAN SETAR SDN. BHD.,-,,-,-,Aktif,3,4210-1,Taman Setar,-,-,
4211,no,,,,,,,,,,,,
4212,no,,,,,,,,,,,,
4213,yes,EDYA SDN. BHD.,-,,-,-,Aktif,1,4213-1,Taman Maju Jaya,-,-,
4214,no,,,,,,,,,,,,
4215,yes,MAJUPADU DEVELOPMENT SDN.BHD.,-,,"No 41, Jalan Gunung Lambak 1, Taman Gunung Lambak, 86000, Kluang, Johor","No.41,jalan Gunung Lambak 1, Taman Gunung Lambak, 86000, Kluang, Johor",Aktif,29,4215-1,Taman Majupadu,-,-,
30000,yes,RUMAH PERMAI  SDN. BHD.,rpsb5131@gmail.com,0351317168,"No. 17 & 17-1 Jalan Sungai Rasau E32/e, Taman Perindustrian Berjaya, 40460, Petaling , Selangor","No. 14b, Jalan Bayu Tinggi 2a/ks6, Batu Unjur, 41200, Klang, Selangor",Aktif,6,30000-1,Taman Dato' Harun 2,Selangor,Klang,
30001,yes,NCT PLATINUM SDN. BHD.,noorazrin@nct.net.my,0380643333,"Menara Nct, No. 2, Jalan Bp 4/9, Bandar Bukit Puchong, 47100, Petaling , Selangor","Menara Nct, No. 2, Jalan Bp 4/9, Bandar Bukit Puchong, 47100, Petaling , Selangor",Aktif,5,30001-1,Ion Belian Garden,Selangor,Hulu Selangor,
30002,yes,NEW TIMES DEVELOPMENT SDN. BHD.,newtimesdev@gmail.com,066318132,"No. 44-g & 44-1, Jalan Tiara Sendayan Biz 1, Pusat Komersial Tiara Sendayan, 71900, Seremban, Negeri Sembilan","No. 22, Ground Floor,, Jalan Dato Sheikh Ahmad,, 70000, Seremban, Negeri Sembilan",Aktif,3,30002-1,Taman Kirby,Negeri Sembilan,Seremban,
30003,yes,GD EMPIRE SDN. BHD.,gdmegaempire@gmail.com,0196855121,"No.3 (1st Floor), Taman Aman Muhibbah, 32000, Manjung, Perak","No.113a, Jalan Kamaruddin Isa Fair Park, 31400, Kinta, Perak",Aktif,1,30003-1,"Taman Seri Wangsa 3, Lumut, Perak",Perak,Manjung,
30004,yes,IJ VENTURES SDN. BHD.,ttmijventure@gmail.com,0189521802,"No. 16, Jalan Teh Hawa, 30300, Kinta, Perak","No 2, Jalan Foo Eng Lin, Taman Hoover, 31650, Kinta, Perak",Aktif,1,30004-1,Taman Tronoh Mutiara,Perak,Kinta,
30005,yes,MAHA LAGUN SDN. BHD.,totalsmartresource@gmail.com,055415500,"No. 51a, Bercham Bistari 5, Medan Bercham Bistari, 31400, Kinta, Perak","No. 30, Medan Istana 1, Bandar Ipoh Raya,, 30000, Kinta, Perak",Aktif,2,30005-1,Taman Mesra Impian,Perak,Kampar,
30006,no,,,,,,,,,,,,
30007,yes,LPY FORTUNE SDN. BHD.,lpy.empire@gmail.com,073332128,"No. 109a, Jalan Sutera,, Taman Sentosa,, 80150, Johor Bahru, Johor","Suite 5.11 & 5.12, 5th Floor, Menara Tjb,, No. 9, Jalan Syed Mohd. Mufti,, 80000, Johor Bahru, Johor",Aktif,1,30007-1,Pangsapuri Senai 3,Johor,Johor Bahru,
30008,yes,DAKSINA HARTA SDN. BHD.,jernihresidence@gmail.com,0356390000,"Level 3, Menara Sunway, Jalan Lagoon Timur, Bandar Sunway, 47500, Petaling , Selangor","Level 16, Menara Sunway, Jalan Lagoon Timur, Bandar Sunway, 47500, Petaling , Selangor",Aktif,1,30008-1,Residensi Jernih Kajang,Selangor,Hulu Langat,
30009,yes,GOLDEN INTERTRADE SDN. BHD.,GoldenIntertrade28@gmail.com,073882066,"No. 8-g, Jalan Kempas 1b, Bandar Baru Kota Puteri, 81750, Johor Bahru, Johor","Suite 1301, 13th Floor, City Plaza, Jalan Tebrau, 80300, Johor Bahru, Johor",Aktif,1,30009-1,Taman Senggarang,Johor,Batu Pahat,
30010,yes,MEGAH LAND DEVELOPMENT SDN. BHD.,megahlands@gmail.com,0331231913,"No.53, Pusat Perniagaan Bestari, Jalan Permata 1/ks09, Taman Perindustrian Air Hitam, 42000, Klang, Selangor","No.52-1,, Lorong Gopeng,, 41400, Klang, Selangor",Aktif,2,30010-1,Taman Hijauan,Selangor,Klang,
30011,yes,EVEREST PIONEER SDN. BHD.,wanyong.ngu@asianpac.com.my,0327863388,"Ground Floor, Menara Smi, No. 6, Lorong P. Ramlee, 50250, Kuala Lumpur, Wp Kuala Lumpur","12th Floor, Menara Smi, No. 6, Lorong P. Ramlee, 50250, Kuala Lumpur, Wp Kuala Lumpur",Aktif,1,30011-1,Residensi Mahogani,Selangor,Petaling ,
30012,yes,ECOVETA DEVELOPMENT SDN. BHD.,ecovetadevelopmentsdnbhd@yahoo.com,0380791518,"No. E-5-23, Ioi Boulevard, Jalan Kenari 5, Bandar Puchong Jaya, 47170, Petaling , Selangor","No. 151-a, Jalan Rodat 6/ku5, Bandar Bukit Raja, 41050, Klang, Selangor",Aktif,1,30012-1,Taman Langat Impian,Selangor,Kuala Langat,
30013,yes,LTH PROPERTIES SDN. BHD.,info@lthgroup.net,058310364,"No.39b, Second Floor, Hala Pusat Perniagaan Canning 1, Pusat Perdagangan Canning Ii, 30350, Kinta, Perak","110b-1, Jalan Raja Permaisuri Bainun, 30250, Kinta, Perak",Aktif,1,30013-1,"Taman Gemilang, Bandar Seri Iskandar",Perak,Perak Tengah,
30014,yes,KOPERASI SERBAGUNA ANAK-ANAK SELANGOR BERHAD (KOSAS),mail@kosas.com.my,0378730181,"Lot A-g-03, Plaza Kelana Jaya, Jalan Ss7/13b, 47301, Petaling , Selangor","Lot A-g-03, Plaza Kelana Jaya, Jalan Ss7/13b, 47301, Petaling , Selangor",Aktif,2,30014-1,Taman Merpati,Selangor,Kuala Langat,
30015,yes,NEW TOWN SYSTEMS SDN. BHD.,newtownsystem@gmail.com,062899883,"No. 601, Jalan Melaka Raya 10, Taman Melaka Raya, 75000, Melaka Tengah, Melaka","No. 64, Jalan Tkl 6,, Taman Kota Laksamana,, Seksyen 1,, 75200, Melaka Tengah, Melaka",Aktif,2,30015-1,Taman Haji Ariffin 3,Johor,Mersing,
30016,yes,BANGSAR RISING SDN. BHD.,jrdchang@gmail.com,0364135948,"Lot 11-2a Wisma Mont Kiara, 1 Jalan Kiara, Mont Kiara, 50480, Kuala Lumpur, Wp Kuala Lumpur","Level 15-2, , Bangunan Faber Imperial Court,, Jalan Sultan Ismail,, 50250, Wp Kuala Lumpur",Aktif,1,30016-1,Residensi Lentera Bangsar,Wp Kuala Lumpur,Kuala Lumpur,
30017,yes,METRO GARDEN CAMERON SDN. BHD.,goldenarmani88@yahoo.com,0355698229,"Level 17, Subplace Boulevard, No.6, Jalan Juruanalisis U1/35, Seksyen U1, 40150, Petaling , Selangor","No 2, Jalan Foo Eng Lin, Taman Hoover, 31650, Perak",Aktif,1,30017-1,The Cameron,Pahang,Cameron Highlands,
30018,yes,ECR DEVELOPMENT SDN. BHD.,celeen@yahoo.com,0332919339,"No. 9-3-2, Jalan Setia Prima R U13/r, Setia Alam Seksyen U13, 40170, Klang, Selangor","15 Jalan Bidalan U2/12, Taman Ttdi Jaya, 40150, Klang, Selangor",Aktif,1,30018-1,Taman Mawar,Selangor,Kuala Langat,
30019,yes,JAYYID LAND SDN. BHD.,chong.yc@platinumvictory.com,0341418899,"Lot 25067 Taman Melati Utama, Setapak, 53100, Kuala Lumpur, Wp Kuala Lumpur","62c, Jalan Ss 21/62, Damansara Utama, 47400, Petaling , Selangor",Aktif,3,30019-1,Residensi J Satin,Wp Kuala Lumpur,Kuala Lumpur,
30020,yes,KLK PARK HOMES SDN. BHD.,sales@klkland.com.my,0361843888,"Suite 1a-1, Level 1, Menara Klk, No.1 Jalan Pju 7/6, Mutiara Damansara, 47810, Petaling , Selangor","Wisma Taiko,, No. 1, Jalan S.p. Seenivasagam,, 30000, Kinta, Perak",Aktif,4,30020-1,Caledonia,Selangor,Kuala Selangor,
30021,yes,DESA KENANGA SDN. BHD.,videehang@gmail.com,064985830,"Pt 1485 Batu 36, Jalan Pahang, 72200, Jempol, Negeri Sembilan","4,2nd Floor Jalan Sejahtera 1, Taman Acbe, 72100, Jempol, Negeri Sembilan",Aktif,1,30021-1,Taman Margosa,Negeri Sembilan,Jempol,
30022,yes,EDAH DEVELOPMENT  SDN. BHD.,edahdev@yahoo.com,077771836,"No.102, Jalan Mersing, 86000, Kluang, Johor","No.8, Ground Floor, Jalan Persiaran Yayasan, 86000, Kluang, Johor",Aktif,1,30022-1,Taman Sri Tengah,Johor,Kluang,
30023,no,,,,,,,,,,,,
30024,yes,BEAKS DEVELOPMENT SDN. BHD.,eiona.lee@beaks.my,0379518111,"No. 5, Jalan 51a/225, 46100, Sepang, Selangor","A-301, Block A,, Kelana Square,, No. 17, Jalan Ss7/26, 47301, Selangor",Aktif,2,30024-1,Pitta Residensi,Wp Kuala Lumpur,Kuala Lumpur,
30025,yes,KIRANA MAKSIMA SDN. BHD.,comzosrealestate@gmail.com,063356661,"No. 2, Jalan Mp 10, Taman Merdeka Permai, Batu Berendam, Hang Tuah Jaya, 75350, Melaka Tengah, Melaka","110, Jalan Melaka Raya 25, Taman Melaka Raya, 75000, Melaka Tengah, Melaka",Aktif,5,30025-1,Taman Tiang Dua Bestari,Melaka,Melaka Tengah,
30026,yes,ANEKA HARTAMAS DEVELOPMENT SDN. BHD.,Anekahartamas@gmail.com,067751138,"No, 86-1, Jalan Komersial Saujana 3, Pusat Komersial Saujana Seremban 2 Height, 70300, Seremban, Negeri Sembilan","No 24 & 25, Ground Floor,, Lorong Haruan 5/1,, Oakland Commerce Square,, 70300, Seremban, Negeri Sembilan",Aktif,1,30026-1,Taman Rashidah Utama 2,Negeri Sembilan,Seremban,
30027,yes,KITA SEJATI SDN. BHD.,hims@lbs.com.my,0378777333,"Plaza Seri Setia, Level 1-4, No. 1, Jalan Ss 9/2, 47300, Sepang, Selangor","Plaza Seri Setia, Lvl 1-4,no:1,jalan Ss9/2, Petaling Jaya,selangor, 47300, Sepang, Selangor",Aktif,1,30027-1,Pangsapuri Kita Sejati,Selangor,Sepang,
30028,yes,KEMBANGAN JASMANI SDN. BHD.,igrandgroup@yahoo.com,0169359434,"No 3a, 1st Floor, Jalan Bayu Tinggi 6, Taman Bayu Tinggi, 41200, Klang, Selangor","46a, Lorong Bayu Tinggi 4c,, Taman Bayu Tinggi,, 41200, Klang, Selangor",Aktif,2,30028-1,Taman Bentara,Selangor,Kuala Langat,
30029,yes,WELLOYD PROPERTIES SDN. BHD.,admin@welloydproperties.com,0333450088,"No. 2, Jalan Kelabu, Off Jalan Batu Tiga Lama, 41300, Klang, Selangor","No. 52a, Lebuh Enggang, 41150, Klang, Selangor",Aktif,2,30029-1,Casa Sutra Setia Alam Fasa 2g,Selangor,Petaling ,
30030,yes,INNOCERIA SDN. BHD.,noorazrin@nct.net.my,0380643333,"Menara Nct, No 2, Jalan Bp 4/9, Bandar Bukit Puchong, 47100, Petaling , Selangor","Third Floor, No. 77, 79 & 81,, Jalan Ss 21/60,, Damansara Utama,, 47400, Petaling , Selangor",Aktif,1,30030-1,Ion Vivace Residences,Pulau Pinang,Seberang Perai Selatan,
30031,yes,BCM HOLDINGS SDN. BHD.,conniechui@ecofirst.com.my,0327251888,"A-19, Menara Allianz Sentral, 203 Jalan Tun Sambanthan, Kl Sentral, 50470, Kuala Lumpur, Wp Kuala Lumpur","Level 15-2, Bangunan Faber Imperial Court,, Jalan Sultan Ismail,, 50250, Kuala Lumpur, Wp Kuala Lumpur",Aktif,1,30031-1,Kl 48,Wp Kuala Lumpur,Kuala Lumpur,
30032,yes,MIMBAR NUSANTARA HOMES SDN. BHD.,shamsol@mimbarnusantara.com.my,052911322,"No.5a, Jalan Sri Klebang A/14, Bandar Baru Sri Klebang, 31200, Kinta, Perak","66a Persiaran Greenhill, 30450, Kinta, Perak",Aktif,1,30032-1,Chemor Kayangan,Perak,Kinta,
30033,yes,MSN ECOLAND SDN. BHD.,msngroupofcompanies@gmail.com,0333446673,"Unit 13-4, Setia Avenue,, No. 2 Jalan Setia Prima S U13/s, Seksyen U13, Setia Alam, 40170, Petaling , Selangor","No 41-4, Setia Avenue, No.2, Jalan Setia Prima S U13/s, Setia Alam, Seksyen U13, 40170, Petaling , Selangor",Aktif,3,30033-1,Taman Jenderam Lestari (j1 Residence),Selangor,Sepang,
30034,yes,SRI KANCIL PROPERTIES  SDN. BHD.,sales@srikancil.com.my,052412426,"3, Hala Gopeng , 30250, Kinta, Perak","105,, Jalan Veerasamy, 30300, Kinta, Perak",Aktif,8,30034-1,Taman Alamanda,Perak,Kuala Kangsar,
30035,yes,AD MEGA CONSTRUCTION SDN. BHD.,ad_group808@yahoo.com.my,096263979,"Lot Pt 3374, Tingkat Atas, Jalan Pulau Bahagia, Kampung Teluk Menara, Manir, 21200, Kuala Terengganu, Terengganu","Lot 4230 Tingkat 1, Wisma Chua Ah Kee, Off Jalan Sultan Ismail, 20200, Kuala Terengganu, Terengganu",Aktif,1,30035-1,Taman Serada Indah 2,Terengganu,Kuala Terengganu,
30036,yes,DC RESORT HOMES SDN. BHD.,salesmarketing@protasco.com.my,0387383206,"Unipark Suria, Jalan Ikram-uniten, 43000, Sepang, Selangor","Unipark Suria, Jalan Ikram-uniten, 43000, Sepang, Selangor",Aktif,2,30036-1,Taman Jade Hill,Negeri Sembilan,Tampin,
30037,yes,BUILTAMONT DEVELOPMENT SDN. BHD.,miles.chan@maximglobal.com.my,0378037008,"No.2d, Jalan Ss 6/6, Kelana Jaya, 47301, Petaling , Selangor","2d Jalan Ss 6/6, Kelana Jaya, 47301, Petaling , Selangor",Aktif,1,30037-1,Residensi Maxim Risen,Wp Kuala Lumpur,Kuala Lumpur,
30038,no,,,,,,,,,,,,
30039,yes,FIRST NEW ENERGY DEVELOPMENT SDN. BHD.,fnesb9790@gmail.com,0351019985,"No. 51-1, Jalan Sp 5/4, Pusat Perdagangan Bsp, Bandar Saujana Putra, 42610, Kuala Langat, Selangor","Room 1.02 50a & 52a, Jalan Pasar, 41400, Kuala Langat, Selangor",Aktif,1,30039-1,Taman Dato' Hormat,Selangor,Kuala Langat,
30040,yes,DV HOMES SDN. BHD.,qhsalessender1@gmail.com,0193352944,"Sa/08-01, Level 8, Duplex Office, Plaza Azalea, Pusat Bandar Shah Alam, 40000, Petaling , Selangor","D3-u6-13, Block D3, , Solaris Dutamas, , No. 1, Jalan Dutamas 1, , 50480, Kuala Lumpur, Wp Kuala Lumpur",Aktif,1,30040-1,Taman Vista Impian,Selangor,Sepang,
30041,yes,PD ARA SDN. BHD.,info.pdara@gmail.com,60378317891,"D1-1-1, Block D1, Dana 1 Commercial Center, Jalan Pju 1a/46, Ara Damansara, 47301, Petaling , Selangor","No. 24-g, Jalan 2/17, Taman Fadason, 52000, Kuala Lumpur, Wp Kuala Lumpur",Aktif,1,30041-1,Myara Park,Selangor,Petaling ,
30042,no,,,,,,,,,,,,
30043,yes,TOP PROVINCE SDN. BHD.,loyal188@gmail.com,045078980,"1797-1-8a, Kompleks Auto World, Jalan Perusahaan Juru Interchange, 13600, Seberang Perai Tengah, Pulau Pinang","No. 1-1 Lorong Usahaniaga 3, Taman Usahaniaga, 14000, Seberang Perai Tengah, Pulau Pinang",Aktif,2,30043-1,Taman Merpati Indah,Kedah,Kulim,
30044,yes,KONSORTIUM EXSIM DEVELOPMENT SDN. BHD.,ben.lee@exsim.my,0389939911,"No. 18, Block 2, Jalil Link, Jalan Jalil Jaya 2, Bukit Jalil, 57100, Kuala Lumpur, Wp Kuala Lumpur","No. 7-1, Jalan 109f,, Plaza Danau 2, Taman Danau Desa,, 58100, Kuala Lumpur, Wp Kuala Lumpur",Aktif,1,30044-1,D'ivo Residences @ Old Klang Road (also Known As “residensi Dedaun Mas”),Wp Kuala Lumpur,Kuala Lumpur,
30045,yes,ALAMANDA DAMAI DEVELOPMENT SDN. BHD.,alamanda.damai@gmail.com,0387050500,"No. 16-g, Jln Desa Sri Qaseh Permai, Desa Sri Qaseh, 43900, Sepang, Selangor","No.112-2(b), Lorong Haruan 5/4, Oakland Commerce Square, 70300, Seremban, Negeri Sembilan",Aktif,1,30045-1,Taman Changgang Jaya,Selangor,Kuala Langat,
30046,yes,SHANG HEIGHT AVENUE  SDN. BHD.,project@shangheight.com.my,063355553,"No 19, 19-1, Jalan Inang 1,, Taman Paya Rumput Utama, 76450, Melaka Tengah, Melaka","2b-9, Jalan Kesidang 3/6,, Melaka Mall,, Off Jalan Tun Perak,, 75300, Melaka Tengah, Melaka",Aktif,1,30046-1,Residensi Bukit Piatu Mutiara,Melaka,Melaka Tengah,
30047,yes,MARVICE PROPERTY SDN. BHD.,marviceproperty@gmail.com,0165388377,"No. 210 Jalan Gemini,, Taman Desa Bintang,, 32000, Manjung, Perak","No. 91, Taman Pegawai, Lorong Pegawai 1, 32000, Manjung, Perak",Aktif,2,30047-1,Taman Ilham 2,Perak,Manjung,
30048,yes,UNITEDHOME ALLIANCE  SDN. BHD.,unitedhome_dev@yahoo.com.my,062848890,"537-a Jalan Merdeka,, Taman Melaka Raya, 75000, Melaka Tengah, Melaka","13-1 Jalan Ttc 26a, Taman Teknologi Cheng, 75260, Melaka Tengah, Melaka",Aktif,1,30048-1,Taman Kelemak Utama,Melaka,Alor Gajah,
30049,yes,MEGAH PROGRESIF SDN. BHD.,megahprogresif2000@gmail.com,0390757293,"No. 2a-2, Jalan Mas 6, Taman Cheras Mas, 43200, Manjung, Selangor","E-10-4, Megan Avenue 1, 189, Jalan Tun Razak,, 50400, Kuala Lumpur, Wp Kuala Lumpur",Aktif,1,30049-1,Taman Lekir Sejahtera,Perak,Manjung,
30050,yes,ORION TOWER SDN. BHD.,documentcontroller@oriontower.com,072888301,"C#04-01 & C#04-02, Kota Lindungan Hijau, Jalan Mersawa 16, Taman Cahaya Kota Puteri, 81750, Johor Bahru, Johor","56, Jalan Kempas Utama 2/2, Taman Kempas Utama, 81300, Johor Bahru, Johor",Aktif,1,30050-1,Orion Residence,Wp Kuala Lumpur,Kuala Lumpur,
30051,yes,IDEALTAGE DEVELOPMENT SDN. BHD.,idealtagedev@gmail.com,069813999,"No. 14a, Jalan Puncak Baru 2, Pusat Perniagaan Parit Bakar 2, Parit Bakar, 84010, Muar, Johor","Wisma Cheng & Co., 180-m, Jalan  Munshi Abdullah, 75100, Melaka Tengah, Melaka",Aktif,1,30051-1,Lot 1753,Johor,Muar,
30052,yes,CJC LAND   SDN. BHD.,cjcland.doc@gmail.com,052543117,"87, Jalan Sultan Yussuf, 30000, Kinta, Perak","72 Jalan Market, 30000, Kinta, Perak",Aktif,2,30052-1,Impiana Gerik,Perak,Hulu Perak,
30053,yes,19 DEVELOPMENT SDN. BHD.,19developmentsdnbhd@gmail.com,0380519291,"22-2 Jalan Puteri 5/5, Bandar Puteri, 47100, Petaling , Selangor","3-3-8, Kompleks Kantonmen Prima,, 698, Jalan Sultan Azlan Shah, , Batu 4 1/2, Jalan Ipoh, , 51200, Kuala Lumpur, Wp Kuala Lumpur",Aktif,1,30053-1,Taman Air Merah Indah,Johor,Mersing,
30054,yes,GRAND GOLDEN DEVELOPMENT SDN. BHD.,eugene.ggd@gmail.com,0355698229,"27, Jalan Juruanalisis U1/35, Hicom-glenmarie Industrial Park, 40150, Petaling , Selangor","No. 9, Jalan 1/114, Kuchai Business Centre, Off Jalan Kuchai Lama, 58200, Kuala Lumpur, Wp Kuala Lumpur",Aktif,1,30054-1,Residensi Armani Sg Long,Selangor,Hulu Langat,
30055,yes,NADI EMERY SDN. BHD.,nadi.emery@gmail.com,0378871393,"F-1 @ 8 Suria, 33, Jalan Pju 1/42, 47301, Petaling , Selangor","Unit 30-01, Level 30, Tower A,, Vertical Business Suite, Avenue 3, Bangsar South,, No. 8, Jalan Kerinchi, 59200, Kuala Lumpur, Wp Kuala Lumpur",Aktif,4,30055-1,Idaman Bukit Jelutong,Selangor,Petaling ,
30056,no,,,,,,,,,,,,
30057,yes,UNJUR PADU SDN. BHD.,unjurpadu@gmail.com,0333192955,"42a-1, Jalan Ramin 2/ks7, Bandar Botanic, 41200, Klang, Selangor","68-3a, Jalan Pasar, 41400, Klang, Selangor",Aktif,1,30057-1,Taman Seri Rumbia,Selangor,Kuala Selangor,
30058,yes,HUP YE DEVELOPMENT SDN. BHD.,thesb.tin@outlook.com,0331818813,"60a, Jalan Emas 7, Bandar Sg Emas, 42700, Kuala Langat, Selangor","No. 18b, Jalan Gelugor,, Klang Financial Square,, 41050, Klang, Selangor",Aktif,1,30058-1,Taman Bentara Sabak Bernam,Selangor,Sabak Bernam,
30059,yes,ZNEN LANDMARK DEVELOPMENT  SDN. BHD.,admin@znen.com.my,045485277,"No. 36, Lorong Perda Selatan 2, Bandar Perda, 14000, Seberang Perai Tengah, Pulau Pinang","No. 737-5-3 Sri Sungai Nibong Complex, Jalan Sultan Azlan Shah, 11900, Seberang Perai Tengah, Pulau Pinang",Aktif,1,30059-1,Pangsapuri Servis Bijirin,Pulau Pinang,Seberang Perai Tengah,
30060,yes,TRANSGREEN REALTY SDN. BHD.,transgreenrealty@gmail.com,6052419988,"118a & 120a, Jalan Bharu, Off Jalan Kampar, 30250, Kinta, Perak","No. 21 (1st Floor), Jalan Chew Boon Juan, 30250, Kinta, Perak",Aktif,1,30060-1,Desa Chemor Aman Baru,Perak,Kinta,
30061,yes,YMH DEVELOPMENT SDN. BHD.,ymhdevelopmentsdnbhd@outlook.com,095130987,"C 716, Jalan Bukit Ubi, 25200, Kuantan, Pahang","C 716, Jalan Bukit Ubi, 25200, Kuantan, Pahang",Aktif,1,30061-1,Taman Bukit Kuang Sejahtera,Terengganu,Kemaman,
30062,yes,PLUS ONE DEVELOPMENT SDN. BHD.,jasontiong@yahoo.com,056726176,"Lot 4260, Jalan Kilang Kelapa Sawit, 32400, Manjung, Perak","Lot 4260, Jalan Kilang Kelapa Sawit, 32400, Manjung, Perak",Aktif,1,30062-1,Taman Makmur 3,Perak,Manjung,
30063,yes,IRAMA MAKMUR DEVELOPMENT SDN. BHD.,iramaharmoni@yahoo.com,044482333,"No.1, 2nd Floor, Jalan Melati, Bandar Aman Jaya, 08000, Kuala Muda, Kedah","8b, Lorong 24, Taman Patani Jaya, 08000, Kuala Muda, Kedah",Aktif,1,30063-1,Taman Irama Jaya,Perak,Selama,
30064,yes,QUAVER SDN. BHD.,mclim@chinhinproperty.com,0102208215,"Menara Chin Hin, Level 26, 8th &, Stellar, No. 1, Jalan Naga Emas,, Sri Petaling,, 57000, Kuala Lumpur, Wp Kuala Lumpur","Suite 16.06, Mwe Plaza,, No. 8 Lebuh Farquhar,, 10200, Daerah Timor Laut, Pulau Pinang",Aktif,1,30064-1,Simfoni Residensi,Selangor,Petaling ,
30065,yes,AMAL MAWAR SDN. BHD.,amalmawarsb@gmail.com,0333449333,"No. 28, Lorong Tiara 1b, Bandar Baru Klang, 41150, Klang, Selangor","1d-3 (2nd.floor), Mayang Plaza, Jalan Ss 26/9,petaling Jaya, 47301, Petaling , Selangor",Aktif,1,30065-1,Pandan Utama  2,Selangor,Hulu Langat,
30066,yes,MILLIENIUM BLAZER SDN. BHD.,mbsb.development@gmail.com,073535815,"No. 36, Jalan Rosmerah 3/2, Taman Johor Jaya, 81100, Kota Tinggi, Johor","78a,first Floor, Jalan Padi Satu, Bandar Baru Uda,johor, 81200, Johor Bahru, Johor",Aktif,1,30066-1,Millienium Blazer Sdn Bhd,Johor,Kota Tinggi,
30067,no,,,,,,,,,,,,
30068,no,,,,,,,,,,,,
30069,yes,ALPHA HOME CITY SDN. BHD.,alfayap73@gmail.com,0380600827,"No. 2, Jalan Utama 2/28, Taman Perindustrian Puchong Utama, 47100, Petaling , Selangor","No. 39-1, Jalan 9/62a, Bandar Menjalara, Kepong, 52200, Kuala Lumpur, Wp Kuala Lumpur",Aktif,1,30069-1,Taman Gembira,Selangor,Kuala Langat,
30070,yes,TWO BROTHERS DEVELOPMENT  SDN. BHD.,lkh2bros@gmail.com,6095739525,"A 59, 1st Floor, Jalan Im 3/11, Bandar Indera Mahkota, 25200, Kuantan, Pahang","B 8010, 2nd & 3rd Floor, Sri Kuantan Square, Jalan Teluk Sisek, 25050, Kuantan, Pahang",Aktif,1,30070-1,"Taman Bukit Rangin Permai, Kuantan",Pahang,Kuantan,
30071,no,,,,,,,,,,,,
30072,yes,ROMPIN LEGACY SDN. BHD.,jenn@sac-properties.com,01126678657,"C-11-03, Pusat Perdagangan Bandar Bukit Jalil, Persiaran Jalil 7, 57000, Kuala Lumpur, Wp Kuala Lumpur","C-11-03, Pusat Perdagangan Bandar Bukit Jalil,, Persiaran Jalil 7,, 57000, Kuala Lumpur, Wp Kuala Lumpur",Aktif,1,30072-1,Taman Rompin Permai,Pahang,Rompin,
30073,no,,,,,,,,,,,,
30074,no,,,,,,,,,,,,
30075,yes,SERTA USAHA SDN.BHD.,sitirahayu@kpproperty.com.my,0386828238,"C-30-01 & C-31-01, Menara Vista Petaling, No 137, Jalan Puchong, 58200, Kuala Lumpur, Wp Kuala Lumpur","802 8th Floor,, Block C Kelana Square,, 17 Jalan Ss 7/26,, 47301, Petaling , Selangor",Aktif,1,30075-1,Duta Shah Alam,Selangor,Petaling ,
30076,yes,K2 VENTURES SDN. BHD.,celeen@yahoo.com,0333412728,"No. 1 & 3 (3rd Floor), Jalan Tapah, Off Jalan Goh Hock Huat, 41400, Klang, Selangor","No.1a, Lebuh Menalu,, Taman Chi Liung,, 41200, Klang, Selangor",Aktif,1,30076-1,Taman Seri Kenanga,Selangor,Hulu Langat,
30077,no,,,,,,,,,,,,
30078,yes,DK BINAJAYA SDN. BHD.,dkbinajayasb@gmail.com,0389449363,"No 72-1, Jalan Suria Puchong 1, Pusat Perniagaan Suria Puchong, 47110, Petaling , Selangor","No. 907, 9th Floor, Block A,, Pusat Dagangan Phileo Damansara 1,, No. 9, Jalan 16/11 Off Jalan Damansara, , 46350, Petaling , Selangor",Aktif,1,30078-1,Taman Intan Jaya,Selangor,Kuala Selangor,
30079,yes,LAND MARKER SDN. BHD.,salesadmin@bonestates.com,0376616222,"No.57, Jalan Penaga,, Bangsar, 59100, Kuala Lumpur, Wp Kuala Lumpur","9-1, 9th Floor, , Wisma Penang Garden, , 42, Jalan Sultan Ahmad Shah, , 10050, Daerah Timor Laut, Pulau Pinang",Aktif,1,30079-1,Residensi Kiara,Wp Kuala Lumpur,Kuala Lumpur,
30080,yes,PREMLAND SDN. BHD.,admin@hmgroup.com.my,078823888,"No.58a, Jalan Pingai, Taman Pelangi, 80400, Johor Bahru, Johor","40-2, Jalan Op 1/3,,  Pusat Perdagangan One Puchong, 47160, Petaling , Selangor",Aktif,1,30080-1,Taman Sri Harmoni,Johor,Kota Tinggi,
30081,no,,,,,,,,,,,,
30082,yes,GOLDEN CENTURY PROPERTIES SDN. BHD.,suresh.gbhproperty@gmail.com,058839099,"Lot 3088, Jalan Batu Kurau, Ulu Sepetang, 34010, Larut & Matang, Perak","No. 32 (1st Floor),, Jalan Medan Taiping 4,, Medan Taiping,, 34000, Larut & Matang, Perak",Aktif,1,30082-1,Taman Kurau Murni,Perak,Larut & Matang,
30083,yes,AMBANG SUASA SDN. BHD.,ambangsuasasb@gmail.com,0139333500,"No. 43a, Tkt 1, Jalan Bds 2, Bukit Desa Semantan, 28000, Temerloh, Pahang","No. 9, 1st Floor, Taman Zabidin, Jalan Temerloh, 28400, Temerloh, Pahang",Aktif,2,30083-1,Taman Gau Indah,Pahang,Temerloh,
30084,yes,STOP LEAK & CLEANZ SDN. BHD.,ooiwc@jayamasproperty.com,0124141661,"No. 11, Jalan Casa Residensi, Pusat Perniagaan Casa Residensi, 14000, Seberang Perai Tengah, Pulau Pinang","45, Jalan Perak,, 10150, Daerah Timor Laut, Pulau Pinang",Aktif,1,30084-1,Pangsapuri Seri Tawar Permai,Pulau Pinang,Seberang Perai Utara,
30085,yes,RINGGIT MAKSIMA SDN. BHD.,ringgitmaksima@gmail.com,0129167647,"Pos 295-1a Lot 9071 (1st Floor) , Batu 2 1/2 Jalan Bakri , 84000, Muar, Johor","No. 7 (1st Floor), Jalan Pesta 1/1, Taman Tun Dr. Ismail 1, Jalan Bakri, 84000, Muar, Johor",Aktif,1,30085-1,Taman Perupok Bakri,Johor,Muar,
30086,yes,HUP LEONG ASSETS SDN. BHD.,hupleongassets@yahoo.com,064810518,"No. 645/10, Taman Sema, 72000, Kuala Pilah, Negeri Sembilan","No. 4, 2nd Floor, Jalan Sejahtera 1, Taman Acbe, 72100, Jempol, Negeri Sembilan",Aktif,2,30086-1,Taman Era Melang 2 ( Lot 20396 - Lot 20409 ),Negeri Sembilan,Kuala Pilah,
30087,yes,SELAT HORIZON  SDN. BHD.,project@shangheight.com.my,063355553,"19, 19-1, Jalan Inang 1,, Taman Paya Rumput Utama, 76450, Melaka Tengah, Melaka","No. 12-1, Jalan Pandan Indah 1, , Taman Pandan Indah, , 75250, Melaka Tengah, Melaka",Aktif,1,30087-1,Taman Balai Panjang Murni,Melaka,Melaka Tengah,
30088,yes,PERMADA ASIA SDN. BHD.,permadaasia@gmail.com,055415500,"No. 51a, Bercham Bistari 5, Medan Bercham Bistari, 31400, Kinta, Perak","No. 30, Medan Istana 1, Bandar Ipoh Raya, 30000, Kinta, Perak",Aktif,2,30088-1,1 Tanjung,Perak,Kinta,
30089,yes,GARUDA WIRA DEVELOPMENT  SDN. BHD.,amy.kong@kiarasusila.com,0390801991,"No 1, Block C, Jalan Indah 2/6, Taman Indah, Batu 11, 43200, Hulu Langat, Selangor","No 11-4-1, Jalan 4/101c,, Cheras Business Centre,, Taman Cheras, Batu 5, Jalan Cheras,, 56100, Kuala Lumpur, Wp Kuala Lumpur",Aktif,1,30089-1,Pangsapuri Selangorku Sena,Selangor,Hulu Langat,
30090,yes,EXCELFIELD DEVELOPMENT SDN. BHD.,onehome797@gmail.com,0333584989,"No. 30-1, Jalan Astaka 5/ku2, Bandar Bukit Raja, 41050, Klang, Selangor","No. 17-1, Jalan Makyong 5a/ku5, Bandar Bukit Raja, 41050, Klang, Selangor",Aktif,1,30090-1,Taman Desa Intan,Selangor,Klang,
30091,yes,PRIMA INSPIRASI DEVELOPMENT SDN. BHD.,support@primaimpian.com,0333441002,"No. 20-g, Jalan Makyong 5f/ku5, Bandar Bukit Raja, 41050, Klang, Selangor","No. 17-1, Jalan Makyong 5a/ku5, Bandar Bukit Raja, 41050, Klang, Selangor",Aktif,4,30091-1,Taman Merbah,Selangor,Kuala Langat,
30092,yes,JOHAN ANGGUN SDN. BHD.,hims@lbs.com.my,0378777333,"Level 1-4, Plaza Seri Setia, No. 1, Jalan Ss 9/2, 47300, Petaling , Selangor","Plaza Seri Setia, Lev.1-4,no.1,jalan Ss9/2, Petaling Jaya,selangor, 47300, Petaling , Selangor",Aktif,1,30092-1,Bayu Hills,Pahang,Bentong,
30093,yes,NUSA VALLEY DEVELOPMENT  SDN. BHD.,nusavalleydevelopment@gmail.com,0331879388,"No: 49a Jalan Mulia, Taman Mulia, 42700, Kuala Langat, Selangor","B-01-24(1st Floor), Jalan Bunga Pekan, 42700, Kuala Langat, Selangor",Aktif,1,30093-1,The Toman Banting,Selangor,Kuala Langat,
30094,yes,HELM CAPITAL SDN. BHD.,helmcapitalsdnbhd@gmail.com,055496968,"28 Jalan Rajaratnam, Taman Canning, 31400, Kinta, Perak","60, Jalan Leong Sin Nam, 30300, Kinta, Perak",Aktif,4,30094-1,Halaman Pengkalan Indah,Perak,Kinta,
30095,yes,AMAN LAND SDN. BHD.,amanlandsb@gmail.com,047358817,"No. 16, 2nd Floor, Kompleks Perniagaan Pintu 10, Jalan Pintu Sepuluh, 05100, Kota Setar, Kedah","No. 7c, Pusat Perniagaan Shahab Utama,, Susuran Senangin,, Lebuhraya Sultanah Bahiyah,, 05150, Kota Setar, Kedah",Aktif,1,30095-1,Taman Cendana 2,Kedah,Padang Terap,
30096,yes,PARKLAND CENTRAL SDN. BHD.,salesadmin@parklandgroup.com.my,062222888,"No. 112, Jalan Tun Perak, , 75300, Melaka Tengah, Melaka","48 Jalan Kota Laksamana 2/15, Taman Kota Laksamana , Seksyen 2, 75200, Melaka Tengah, Melaka",Aktif,1,30096-1,Residensi Parkland @ Kajang 2,Selangor,Hulu Langat,
30097,yes,PALMS VILLA DEVELOPMENT SDN. BHD.,palmsvilladev@yahoo.com,0361858388,"E-107, Jalan 16/11, Pusat Perdagangan Phileo Damansara 1, Seksyen 16, 46350, Gombak, Selangor","No 22-2, Jalan Prima 2, Pusat Niaga Metro Prima, Kepong, 52100, Kuala Lumpur, Wp Kuala Lumpur",Aktif,1,30097-1,Taman Jasmin,Johor,-,
30098,no,,,,,,,,,,,,
30099,yes,EUPE PJ SOUTH DEVELOPMENT SDN. BHD.,eupemarketingkl@gmail.com,0376100636,"D-26-01, Menara Mitraland, No. 13a, Jalan Pju 5/1, Kota Damansara Pju 5, 47810, Petaling , Selangor","Unit 30-01, Level 30, Tower A, , Vertical Business Suite, Avenue 3, Bangsar South,, No. 8, Jalan Kerinchi, 59200, Wp Kuala Lumpur",Aktif,1,30099-1,Residensi Heliks,Selangor,Petaling ,
30100,yes,FAIRBLISS DEVELOPMENT SDN. BHD.,fairbliss.cl@gmail.com,0126353789,"No. 22a (first Floor), Jalan Rotan Utama, Taman Sri Jaya, 83000, Batu Pahat, Johor","No. 7 (1st Floor) Jalan Pesta 1/1, Taman Tun Dr. Ismail 1 , Jalan Bakri, 84000, Muar, Johor",Aktif,6,30100-1,Taman Kajang Indah,Johor,Batu Pahat,
30101,yes,SETIA ALAMSARI  SDN. BHD.,umalaximi.rajoo@spsetia.com,0387362255,"Setia Alamsari Welcome Centre, No. 1, Persiaran Alam Sari 2, Alam Sari, 43000, Hulu Langat, Selangor","S P Setia Berhad Corporate Hq, No 12, Persiaran Setia Dagang, Setia Alam, Seksyen U13, 40170, Petaling , Selangor",Aktif,9,30101-1,Setia Alamsari,Selangor,Hulu Langat,
30102,yes,BDB LAGENDA  SDN. BHD.,tarafnusantara@gmail.com,056881268,"Level 11 & Level 12, Menara Lagenda, No. 3, Jalan Ss20/27, 47400, Manjung, Selangor","No. 131, Persiaran Pm2/1, Pusat Bandar Seri Manjung Seksyen 2, 32040, Manjung, Perak",Aktif,4,30102-1,Darulaman Lagenda,Kedah,Kuala Muda,
30103,yes,TOTAL HAPPY HOME SDN. BHD.,friendlymaster88@gmail.com,0331677993,"No.28a, Jalan Serunai 1, Taman Desa Utama, 41200, Klang, Selangor","20-m, Lorong Gopeng, 41400, Klang, Selangor",Aktif,1,30103-1,Taman Bukit Delima,Selangor,Klang,
30104,yes,DELTA DIVERSIFIED SDN. BHD.,general@shangheight.com.my,063355553,"No. 15, Jalan Anggerik 1,, Taman Paya Rumput Perdana, 76450, Melaka Tengah, Melaka","13-1, Jalan Ttc 26a, Taman Teknologi Cheng, 75250, Melaka Tengah, Melaka",Aktif,1,30104-1,Taman Jati,Melaka,Melaka Tengah,
30105,yes,SAUJANA SERIMAS SDN. BHD.,s.serimas@yahoo.com,058086888,"No. 1, Ground Floor, Lorong Bersatu 1, Taman Simpang Bersatu, 34700, Larut & Matang, Perak","No.32 (1st Floor), Jalan Medan Taiping 4, Medan Taiping, 34000, Larut & Matang, Perak",Aktif,2,30105-1,Taman Simpang Bersatu,Perak,Larut & Matang,
30106,no,,,,,,,,,,,,
30107,yes,MAXGAIN DEVELOPMENT SDN. BHD.,ang.vicent2588@gmail.com,069532233,"Ptd 5276 2nd Floor Jalan Bakri, Off Jalan Dato Haji Kosai, 84000, Muar, Johor","No. 7 (1st Floor), Jalan Pesta 1/1, Taman Tun Dr. Ismail 1, Jalan Bakri, 84000, Muar, Johor",Aktif,1,30107-1,Taman Bakri Indah,Johor,Muar,
30108,yes,NICE VENTURE DEVELOPMENT SDN. BHD.,NiceVDSB@gmail.com,063371389,"310-b, 2nd Floor, Jalan Tengkera, 75200, Melaka Tengah, Melaka","No 10, (mez. Floor), Jalan Kota Laksamana 2/15, Taman Kota Laksamana Seksyen 2, 75200, Melaka Tengah, Melaka",Aktif,1,30108-1,Taman Ayer Keroh Permai,Melaka,Melaka Tengah,
30109,yes,ANGSANAS DEVELOPMENT SDN. BHD.,reciprocal2801@yahoo.com,053127590,"No.276a, Jalan Sultan Nazrin Shah, Gunung Rapat, 31350, Kinta, Perak","105, Jalan Veerasamy, 30300, Kinta, Perak",Aktif,3,30109-1,Angsanas Development Sdn Bhd,Perak,Kampar,
30110,yes,SLS PROPERTIES SDN. BHD.,slsprop@yahoo.com,0378599173,"No. 8a, Jalan Astaka L (u/l), Seksyen U8, Bukit Jelutong, 40150, Petaling , Selangor","50 (1st Floor), Komplek Perniagaan Utama, Jalan Sultanah Sambungan, 05150, Kota Setar, Kedah",Aktif,2,30110-1,Taman Mamanda,Selangor,Kuala Langat,
30111,no,,,,,,,,,,,,
30112,yes,HAVERSE DEVELOPMENT SDN. BHD.,adam.lee@haverse.my,0123623192,"No. 977, Jalan Muhibah 3, Taman Perindustrian Muhibah, 81400, Johor Bahru, Johor","No. 2-01, Jalan Bestari 6/2, Taman Nusa Bestari, 79150, Johor Bahru, Johor",Aktif,3,30112-1,Green Pavilion Residence,Johor,Kulai,
30113,yes,DSG CENTURY SDN. BHD.,dsg.dvpmt@gmail.com,045403891,"No. 1 & 3, Jalan Maju Jaya, Pusat Perniagaan Maju Jaya, 14000, Seberang Perai Tengah, Pulau Pinang","Suite 1.02, 74a, Jalan Tembikai, 14000, Seberang Perai Tengah, Pulau Pinang",Aktif,2,30113-1,Taman Serikaya,Pulau Pinang,Seberang Perai Tengah,
30114,no,,,,,,,,,,,,
30115,yes,FABULOUS HOUSE SDN. BHD.,fabhousesb@gmail.com,0331818333,"No. 62 Jalan Emas 7, Bandar Sg. Emas, 42700, Kuala Langat, Selangor","B-01-24 ( 1st Floor), Jalan Bunga Pekan, 42700, Kuala Langat, Selangor",Aktif,1,30115-1,Taman Cempaka @ Banting,Selangor,Kuala Langat,
30116,yes,IRAMA HARMONI DEVELOPMENT SDN. BHD.,iramaharmoni@yahoo.com,044482333,"No. 1 2nd Floor Jalan Melati 1, Bandar Amanjaya, 08000, Kuala Muda, Kedah","No. 37, Jalan Ncity 1/1, Ncity, 08000, Kuala Muda, Kedah",Aktif,1,30116-1,Taman Desa Murni,Kedah,Kubang Pasu,
30117,yes,EBUSINESS INTELLIGENCE GROUP SDN. BHD.,ijm166@gmail.com,0187816176,"No. 30-a, Jalan Bakawali 52, Taman Johor Jaya, 81100, Johor Bahru, Johor","No. 23-01, Jalan Adda 3/1, Taman Adda Heights, 81100, Johor Bahru, Johor",Aktif,1,30117-1,Pj 22,Johor,Kulai,
30118,yes,DUTA MELUR SDN. BHD.,dutamelursb@gmail.com,0356322730,"No. 31, 1st Floor, Jalan Usj 10/1d, 47620, Petaling , Selangor","25-1, Jalan Pju 1/42a, Blok F2 Dataran Prima, 47301, Petaling , Selangor",Aktif,1,30118-1,Taman Satria,Selangor,Kuala Langat,
30119,yes,GARDEN GREEN LAND SDN. BHD.,project@upiconholding.com,0333249186,"No. 34, Jalan Jasmin 6/ks6, Bandar Botanic , 41200, Klang, Selangor","52a, Lebuh Enggang, 41150, Klang, Selangor",Aktif,1,30119-1,Taman Langat Utama,Selangor,Kuala Langat,
30120,yes,PETIK MEKAR SDN. BHD.,kpkt_hims@mkhberhad.com,0387378228,"5th Floor, Wisma Mkh, Jalan Semenyih, 43000, Hulu Langat, Selangor","Suite 1 5th Floor, Wisma Mkh, Jalan Semenyih, 43000, Hulu Langat, Selangor",Aktif,4,30120-1,Kajang 2 Presint 3,Selangor,Hulu Langat,
30121,yes,IDAMAN SEJIWA (AMPANG) SDN. BHD.,chong.yc@radiumdevelopment.com,0341418899,"No 21-2, Pv7, Jalan Melati Utama 2, Taman Melati Utama, Setapak, 53100, Kuala Lumpur, Wp Kuala Lumpur","62c Jalan Ss21/62, Damansara Utama, 47400, Petaling , Selangor",Aktif,1,30121-1,Suite Canselor,Wp Kuala Lumpur,Kuala Lumpur,
30122,yes,APOLLO DYNASTY SDN. BHD.,kpkt.apollodynasty@gmail.com,0387394322,"No. 3, Jalan Damai Mewah 1,, Taman Damai Mewah,, Off Jalan Semenyih, 43000, Hulu Langat, Selangor","B-2-9 (2nd Floor), Pusat Perdagangan Kuchai, No. 2, Jalan 1/127, Off Jalan Kuchai Lama, 58200, Kuala Lumpur, Wp Kuala Lumpur",Aktif,1,30122-1,Residensi Bukit Tiara,Selangor,Hulu Langat,
30123,yes,IRMA WORLDWIDE HOLDINGS SDN. BHD.,harmizi.hamid@gmail.com,0389595959,"A16-2, Blok A, Jalan Atmosphere 3, Pusat Perniagaan The Atmosphere, 43300, Petaling , Selangor","A16-2, Blok A, Jalan Atmosphere 3, Pusat Perniagaan The Atmosphere, Bandar Putra Permai, 43300, Petaling , Selangor",Aktif,1,30123-1,Taman Irma Sekata,Selangor,Sepang,
30124,yes,MAYANG TIASA SDN. BHD.,joey.ung@yajuestates.com,0321669818,"No.1 Jalan Polo 10/1, Kota Damansara, 47810, Kuala Lumpur, Selangor","6-2, Level 6, East Wing, Menara Goldstone (holiday Inn Express), No.84, Jalan Raja Chulan, 50200, Kuala Lumpur, Wp Kuala Lumpur",Aktif,2,30124-1,Residensi Polo,Selangor,Petaling ,
30125,yes,WISMA DAYAMAS SDN. BHD.,-,,"Lot 30, Persiaran Relau, 11900, Daerah Timor Laut, Pulau Pinang","282-c (level 3), Jalan Gurdwara, 10300, Daerah Timor Laut, Pulau Pinang",Aktif,2,30125-1,Casa Teluk Kumbar,Pulau Pinang,Daerah Barat Daya,
30126,yes,MYSUCCESS LAND SDN. BHD.,team.mysuccess@gmail.com,052548546,"5a, Hala Bendahara 1, 31650, Kinta, Perak","66a Persiaran Greenhill, 30450, Kinta, Perak",Aktif,1,30126-1,Bandar Baru Lahat Eco-city,Perak,Kinta,
30127,yes,AMAN TEAMWORK SDN. BHD.,ganyihuang.imperio@outlook.com,047711898,"No. 1, 2 & 3, Jalan Permatang Gedung , Taman Sejati Indah, 08000, Kuala Muda, Kedah","142, 1st Floor, Jalan Kelab Cinta Sayang, Taman Ria Jaya, 08000, Kuala Muda, Kedah",Aktif,4,30127-1,Bandar Sejahtera,Kedah,Pokok Sena (daerah Kecil),
30128,yes,YI KIN CONSTRUCTION WORKS SDN. BHD.,yikingroup@gmail.com,053130337,"75a, Persiaran  Rapat Baru 20, Taman Song Choon , 31350, Kinta, Perak","15 & 15a, Hala Bendahara 1,, 31650, Kinta, Perak",Aktif,1,30128-1,Taman Seri Bemban,Perak,Kinta,
30129,yes,VETO GATEWAY SDN. BHD.,info@masmeyer.com.my,042828809,"No. 1-01-01, Jalan Ahmad Nor, Pusat Perdagangan Nova, 11600, Daerah Timor Laut, Pulau Pinang","Unit 1-3-3, No. 1, Jalan P. Ramlee, 10460, Daerah Timor Laut, Pulau Pinang",Aktif,2,30129-1,Taman Tan Sri Fuzi,Perak,Perak Tengah,
30130,yes,JAJARAN ARMADA SDN. BHD.,jajaranarmada@gmail.com,0356350608,"Unit B-3a-02, Arena Mentari, No. 1, Jalan Pjs 8/15, Dataran Mentari, 46150, Ulu Langat, Selangor","B-5-21, Jalan Pju 6, Pusat Perdagangan Pelangi Square, Pelangi Damansara Pju 6, Persiaran Surian, 48000, Selangor",Aktif,1,30130-1,Jajaran Heights 1,Pahang,Kuantan,
30131,yes,EXSIM CALDWELL (IPOH) SDN. BHD.,ben.lee@exsim.my,0379631999,"D-35-01, Level 35, Exsim Tower, Millerz Square @ Old Klang Road, Megan Legasi, No 357, Jalan Kelang Lama, 58000, Kuala Lumpur, Wp Kuala Lumpur","No. D-09-02, Level 9, Exsim Tower,, Millerz Square @ Old Klang Road,, Megan Legasi, No. 357, Jalan Kelang Lama,, 58000, Kuala Lumpur, Wp Kuala Lumpur",Aktif,1,30131-1,Residensi Lagenda Ipoh,Perak,Kinta,
30132,yes,V2 DEVELOPMENT  SDN. BHD.,v2dsb.5131@gmail.com,0351317168,"No. 17 & 17-1, Jalan Sungai Rasau E32/e, Taman Perindustrian Berjaya, 40460, Petaling , Selangor","No. 14b, Jalan Bayu Tinggi 2a/ks6, Batu Unjur, 41200, Klang, Selangor",Aktif,4,30132-1,Taman Tok Muda Sejahtera,Selangor,Klang,
30133,no,,,,,,,,,,,,
30134,yes,KEKAL KIRANA SDN. BHD.,irene.yuon@wct.my,0778878080,"B-19-1, Level 19, The Ascent, Paradigm, No. 1, Jalan Ss7/26a, Kelana Jaya, 47301, Klang, Selangor","B-30-01, The Ascent, Paradigm, No. 1, Jalan Ss7/26a, Kelana Jaya, 47301, Petaling , Selangor",Aktif,1,30134-1,Pavilion Mont Kiara,Wp Kuala Lumpur,Kuala Lumpur,
30135,yes,ARMANI DEVELOPMENT SDN. BHD.,armanidevsb@gmail.com,0350385829,"Level 17, Subplace Boulevard, No. 6, Jalan Juruanalisis U1/35, Seksyen U1, 40150, Gombak, Selangor","No 2, Jalan Foo Eng Lin, Taman Hoover, 31650, Kinta, Perak",Aktif,3,30135-1,Residensi Armani Raja Uda,Wp Kuala Lumpur,Kuala Lumpur,
30136,yes,IDAMAN LIVING SDN. BHD.,aisyahhana@lbs.com.my,0378618012,"H-g, Sunway Pj@51a, Jalan Ss9a/19 , Seksyen 51a, 47300, Petaling , Selangor","G-3a, Sunway Pj@51a,, Jalan Ss9a/19, Seksyen 51a,, 47300, Petaling , Selangor",Aktif,1,30136-1,Idaman Melur,Selangor,Sepang,
30137,yes,USAHA SEHATI SDN. BHD.,usahasehatisdnbhd@gmail.com,0176468225,"No 257, Lorong 19, Sungai Jarom, 42600, Kuala Langat, Selangor","28, Lorong Tapah, Off Jalan Goh Hock Huat,, 41400, Klang, Selangor",Aktif,1,30137-1,Taman Desa Jarom,Selangor,Kuala Langat,
30138,yes,BINA SETIABISTARI SDN. BHD.,bsetiabistari@gmail.com,0320788988,"Lot 4.09, 4th. Floor, Menara Kh, Jalan Sultan Ismail, 50250, Kuala Lumpur, Wp Kuala Lumpur","Suite 2108, Level 21, Plaza Pengkalan,, Jalan Tiong, 3rd Mile Jalan Ipoh,, 51100, Kuala Lumpur, Wp Kuala Lumpur",Aktif,1,30138-1,Taman Langat Utama 3,Selangor,Kuala Langat,
30139,yes,GOLDEN VILLAGE PROPERTIES SDN. BHD.,gvillageproperties@gmail.com,045400096,"No. 40 (ground Floor), Lorong Perda Selatan 2, Bandar Perda, 14000, Seberang Perai Tengah, Pulau Pinang","No 2, Jalan Foo Eng Lin, Taman Hoover, 31650, Perak",Aktif,2,30139-1,Residensi Pauh Harmoni,Pulau Pinang,Seberang Perai Tengah,
30140,yes,WESB LAND SDN. BHD.,pa88.wesb@gmail.com,062883001,"No. 1,  Jalan Bachang Permai, Off Jalan Tun Fatimah, Taman Bachang Permai, 75350, Melaka Tengah, Melaka","642 Mezzanine Floor, Tmn Siantan Seksyen 1, Tengkera, 75200, Melaka Tengah, Melaka",Aktif,2,30140-1,Taman Serkam Ria,Melaka,Jasin,
30141,yes,LASER TOWER SDN. BHD.,hims.ssm@uemsunrise.com,0327187788,"Level U1, Block C5, Solaris Dutamas, No.1, Jalan Dutamas 1, 50480, Kuala Lumpur, Wp Kuala Lumpur","Level U6, Block C5,, Solaris Dutamas,, No. 1, Jalan Dutamas 1,, 50480, Kuala Lumpur, Wp Kuala Lumpur",Aktif,2,30141-1,Residensi Minh Mont'kiara,Wp Kuala Lumpur,Kuala Lumpur,
30142,yes,ECO KARISMA CONSTRUCTION SDN. BHD.,keneeth111@hotmail.com,0163340999,"No. 12, 1st Floor, Jalan Ppmp 3/1, Pusat Perniagaan Manjung Point Iii, 32040, Manjung, Perak","No. 10a Jalan Raja Omar, Taman Tok Perdana, 32000, Manjung, Perak",Aktif,1,30142-1,Taman Karisma Suria,Perak,Manjung,
30143,yes,ATURAN PRISMA SDN. BHD.,conniechui@aviscon.com.my,0320119966,"E505 Phileo Damansara 1, No.9, Jalan 16/11, Off Jalan Damansara, 46350, Kuala Lumpur, Selangor","22-09, Menara 1mk,, No.1, Jalan Kiara,, Mont Kiara,, 50480, Kuala Lumpur, Wp Kuala Lumpur",Aktif,1,30143-1,Taman Alamanda @ Sg Siput,Perak,Kuala Kangsar,
30144,yes,TOUCHSTONE DEVELOPMENT SDN. BHD.,acc.tsdsb@gmail.com,0389990648,"1-3 Jalan Kuchai Maju 4, Kuchai Entrepreneurs Park, 58200, Kuala Lumpur, Wp Kuala Lumpur","Unit 310, 3rd Floor, Lobby 2, Block A, Damansara Intan, No. 1, Jalan Ss20/27, 47400, Petaling , Selangor",Aktif,1,30144-1,Pangsapuri Amansiara,Selangor,Gombak,
30145,yes,KP BETA SOLUTION SDN. BHD.,kpbetasolution@gmail.com,096229994,"C12, Tingkat 2, Bangunan Arked Mara, Jalan Sultan Zainal Abidin, 20000, Kuala Terengganu, Terengganu","B1 Tingkat 1, Bangunan Arked Mara, Jalan Sultan Zainal Abidin, 20000, Kuala Terengganu, Terengganu",Aktif,2,30145-1,Taman Haji Yusof,Terengganu,Marang,
30146,yes,AMAN IMPERIO SDN. BHD.,asraf.imperio@gmail.com,047711898,"No. 1, 2 & 3, Jalan Permatang Gedung, Taman Sejati Indah, 08000, Kuala Muda, Kedah","142, 1st Floor, Jalan Kelab Cinta Sayang, Taman Ria Jaya, 08000, Kuala Muda, Kedah",Aktif,1,30146-1,Bandar Puncak Sena,Kedah,Pokok Sena (daerah Kecil),
30147,yes,OCR LAND DEVELOPMENT  SDN. BHD.,billy@ocr.com.my,0377101000,"A-3a-01, Block Allamanda, 10 Boulevard Lebuhraya Sprint, Pju6a, 47400, Petaling , Selangor","Level 5, Block B, Dataran Phb,, Saujana Resort, Section U2,, 40150, Petaling , Selangor",Aktif,1,30147-1,Kondominium Stellar Damansara,Selangor,Petaling ,
30148,yes,BELLAJADE SDN. BHD.,dk.properties66@gmail.com,0386039868,"F1-32, Dk Senza,, Jalan Taylors,, Pjs 7, Bandar Sunway,, 47500, Petaling , Selangor","F1-32, Dk Senza, Jalan Taylors, , Pjs 7, Bandar Sunway, , 47500, Petaling , Selangor",Aktif,1,30148-1,Menara The Suite,Wp Kuala Lumpur,Kuala Lumpur,
30149,yes,CABARAN WARGA SDN. BHD.,vtongws@gmail.com,0333598199,"54a, Jalan Bukit Kuda, Subang Hi Tech, Industrial Park, 41300, Klang, Selangor","26-a Lorong Angsa, Taman Berkeley, 41150, Klang, Selangor",Aktif,1,30149-1,"Cadangan Membina Dan Menyiapkan: A) 27 Unit Rumah Teres 1 Tingkat (20' X 91.7') Di Atas Pt. 16147 - Pt. 16173 (lot Asal Pt. 13724), Mukim Telok Panglima Garang, Daerah Kuala Langat, Selangor Darul Ehsan.",Selangor,Kuala Langat,
30150,yes,TEOBROS HOLDINGS (M) SDN. BHD.,teobros@gmail.com,063345555,"Lot 81, Jalan Iks M/j 3, Kawasan Perindustrian Malim Jaya, 75250, Melaka Tengah, Melaka","Wisma Cheng & Co., 180-m, Jalan  Munshi Abdullah, 75100, Melaka Tengah, Melaka",Aktif,2,30150-1,Taman Bukit Nibong Damai,Melaka,Melaka Tengah,
30151,yes,TUAH HARTAMAS DEVELOPMENT  SDN. BHD.,yvonne.wtl@gmail.com,6067752976,"183 & 184, Jalan Pusat Komersial Saujana 1, Pusat Komersial Saujana S2 Heights, 70300, Seremban, Negeri Sembilan","No 24 & 25, Ground Floor,, Lorong Haruan 5/1,, Oakland Commerce Square,, 70300, Seremban, Negeri Sembilan",Aktif,4,30151-1,Taman Arowana,Negeri Sembilan,Seremban,
30152,yes,SEGI MAJUMAS SDN. BHD.,segimajumassb@gmail.com,0331913151,"Lot 370, Km 23, Jalan Banting Klang , Banting , 42600, Kuala Langat, Selangor","28, Lorong Tapah, Off Jalan Goh Hock Huat, 41400, Klang, Selangor",Aktif,2,30152-1,Taman Melati,Selangor,Kuala Langat,
30153,yes,ANGKASA MENANG DEVELOPMENT SDN. BHD.,angkasamenang@gmail.com,062885550,"No. 11-1 Jalan Cheng Perdana 1/4,, Taman Cheng Perdana, 75250, Melaka Tengah, Melaka","13-1 Jln Ttc 26a, Taman Teknologi Cheng, 75260, Melaka Tengah, Melaka",Aktif,1,30153-1,Taman Seri Bintang,Negeri Sembilan,Tampin,
30154,yes,GOLDEN PARK GARDEN SDN. BHD.,goldenpark.general@gmail.com,075970789,"Plo 81 Jalan Cyber 5, Kawasan Perindustrian Senai Iii, 81900, Kulai, Johor","No. 23-01, Jalan Adda 3/1, Taman Adda Heights, 81100, Johor Bahru, Johor",Aktif,1,30154-1,Taman Seri Semerah 3,Johor,Pontian,
30155,yes,MAJU TELUK BATIK SDN BHD.,tarafnusantara@gmail.com,056881268,"No. 131, Persiaran Pm 2/1, Pusat Bandar Seri Manjung Seksyen 2, 32040, Manjung, Perak","No. 131 Persiaran Pm2/1, Pusat Bandar Seri Manjung Seksyen 2, 32040, Manjung, Perak",Aktif,2,30155-1,Residensi Jati De Meru,Perak,Kinta,
30156,yes,MGE DEVELOPMENT  SDN. BHD.,dlaplicensing@mchb.com.my,067642688,"Pt 12652, Sendayan Merchant Square, Persiaran 1 Sendayan Utama, Pusat Perdagangan Sendayan, Bandar Sri Sendayan, 71950, Seremban, Negeri Sembilan","Wisma Matrix, No 57, Jalan Tun Dr Ismail, 70200, Seremban, Negeri Sembilan",Aktif,5,30156-1,Irama Sendayan 1,Negeri Sembilan,Seremban,
30157,no,,,,,,,,,,,,
30158,yes,SUNWAY FLORA  SDN. BHD.,seratjy@sunway.com.my,0356399955,"Level 3, Menara Sunway,, Jalan Lagoon Timur,, Bandar Sunway,, 47500, Petaling , Selangor","Level 16, Menara Sunway,, Jalan Lagoon Timur,, Bandar Sunway,, 47500, Petaling , Selangor",Aktif,2,30158-1,Sunway Flora Residences,Wp Kuala Lumpur,Kuala Lumpur,
30159,yes,ZENITH VECTOR SDN. BHD.,laicathleen@gmail.com,092664716,"No. 13, Tingkat Atas, Jalan Besar, Bandar Lama, 27000, Jerantut, Pahang","No.29, Tingkat 1, Jalan Pine 1, Taman Pine, 27000, Jerantut, Pahang",Aktif,2,30159-1,Taman Kuala Lipis,Pahang,Kuala Lipis,
30160,yes,HIGHER GAINS SDN. BHD.,highergains@yahoo.com,069524555,"50, Taman Sungai Abong Permai,, Jalan Kasawari 21/12, 84000, Muar, Johor","Wisma Cheng & Co., No. 180-m, Jalan Munshi Abdullah, 75100, Melaka Tengah, Melaka",Aktif,1,30160-1,Lot Ptd 7422 – Ptd 7433,Johor,Muar,
30161,yes,ANEKA SEPAKAT SDN. BHD.,espaassb@paramountproperty.my,0358709100,"Co-labs Coworking Shah Alam, B-02-01 (block B), Sekitar26 Enterprise , Persiaran Hulu Selangor, Seksyen 26, 40400, Petaling , Selangor","Level 12, Tower B,, Pusat Perdagangan Dataran  Atwater,, Jalan Profesor Diraja Ungku Aziz,, 46200, Petaling , Selangor",Aktif,2,30161-1,The Atera,Selangor,Petaling ,
30162,yes,USJ CITYPOINT SDN. BHD.,suchen@avaland.com.my,0358789061,"Lot C-02, Level 2, Skypark @ One City, Jalan Usj 25/1, 47650, Petaling , Selangor","Lot C-02, Level 2, Skypark @ One City,, Jalan Usj 25/1,, 47650, Petaling , Selangor",Aktif,2,30162-1,Residensi Alora,Selangor,Petaling ,
30163,yes,JELITA PRESTASI SDN. BHD.,ihsanceria5222@gmail.com,043580522,"No 2, 2nd Floor,, Persiaran Maklom,, Pusat Perniagaan Maklom, 13800, Seberang Perai Utara, Pulau Pinang","88-01-12, Lintang Sungai Pinang,, Sri Wonder Kompleks,, 10150, Daerah Timor Laut, Pulau Pinang",Aktif,4,30163-1,Taman Seri Mutiara,Kedah,Bandar Baharu,
30164,yes,BIG NATURE VENTURE SDN. BHD.,bignatureventure@gmail.com,0380620188,"34p-2-4, Jalan Wangsa Delima 6 (jalan 1/27f), Pusat Bandar Wangsa Maju (lksc), 53300, Petaling , Wp Kuala Lumpur","No. 64, Persiaran 65c,, Pekeliling Business Centre,, 53000, Kuala Lumpur, Wp Kuala Lumpur",Aktif,1,30164-1,Mumtaz Vila,Melaka,Jasin,
30165,yes,MENTARI PARKVILLE SDN. BHD.,chongseemin@mentari.my,0356301701,"No. 12b, Jalan Pjs 8/18, Dataran Mentari, 46150, Petaling , Selangor","A4-11-1108, Leisure Commerce Square,, 9, Jalan Pjs 8/9, , Bandar Sunway,, 46150, Petaling , Selangor",Aktif,1,30165-1,Casa Jasmine,Selangor,Petaling ,
30166,yes,BASIC DEVELOPMENT SDN. BHD.,bdadmin@basicdevelopment.com.my,0321455333,"44-3c, Penthouse, Jalan Sultan Ismail, 50480, Kuala Lumpur, Wp Kuala Lumpur","No 63c Jalan Ss 25/2, Taman Bukit Emas, 47301, Petaling , Selangor",Aktif,1,30166-1,Residensi Hijauan Bayu,Selangor,Hulu Langat,
30167,yes,GREEN YEAR DEVELOPMENT SDN. BHD.,branxon81@yahoo.com,072415330,"No.50, Jalan Titiwangsa 3, Taman Tampoi Indah, 81200, Johor Bahru, Johor","56-01a, Jalan Kempas Utama 2/2,  Taman Kempas Utama, 81200, Johor Bahru, Johor",Aktif,1,30167-1,The Clover,Johor,Pontian,
30168,yes,VANTAGE FREEWAY SDN. BHD.,azira@dsr.com.my,044222788,"B-2, 1st Floor, Jalan Sekerat, 08000, Kuala Muda, Kedah","Level 1, 8a Jalan Tengah, 05100, Kota Setar, Kedah",Aktif,1,30168-1,D' Citrine,Kedah,Langkawi,
30169,yes,ST HAN DEVELOPMENT SDN. BHD.,sthanconstruction@gmail.com,043998013,"5 Lorong Kelasah 2, Taman Kelasah, 13700, Seberang Perai Tengah, Pulau Pinang","No. 22 & 24, Ground Floor, Lebuh Kota Permai 1, Taman Kota Permai, 14000, Seberang Perai Tengah, Pulau Pinang",Aktif,1,30169-1,St Han Development Sdn Bhd,Kedah,Pokok Sena (daerah Kecil),
30170,yes,PLENITUDE HILLS SDN. BHD.,hills.marketing@plenitude.com.my,073558082,"No. 61, Jalan Harmonium 35/1, Taman Desa Tebrau, 81100, Johor Bahru, Johor","Suite 31-02, Level 31, , Ilham Tower, , No. 8, Jalan Binjai, , 50450, Kuala Lumpur, Wp Kuala Lumpur",Aktif,7,30170-1,Taman Kota Impian,Johor,Kota Tinggi,
30171,no,,,,,,,,,,,,
30172,no,,,,,,,,,,,,
30173,yes,ESTIWAJA SDN. BHD.,kej.seberkas@gmail.com,092602610,"No. 13, Tingkat Atas, Jalan Besar, Bandar Lama, 27000, Jerantut, Pahang","No. 29, Tingkat 1,, Jalan Pine 1,, Taman Pine,, 27000, Temerloh, Pahang",Aktif,3,30173-1,Taman Kuala Lipis,Pahang,Kuala Lipis,
30174,yes,MAJUTECH JAYA (CENTRAL)  SDN. BHD.,majutechjaya2017@gmail.com,01188887202,"12, Jalan Tbc 9, Taman Bukit Cheng , 75260, Melaka Tengah, Melaka","No. 19-1, Jalan Ku 11, Taman Krubong Utama, 75260, Melaka",Aktif,1,30174-1,Taman Bukit Rambai,Melaka,Melaka Tengah,
30175,yes,KOBAY SB  SDN. BHD.,hameepoh_kg@kobaytech.com,042917888,"1st Floor, Wisma Kobay, No. 42-b Jalan Rangoon, 10400, Daerah Timor Laut, Pulau Pinang","First Floor,  Acctax Corporate Centre, No. 2, Jalan Bawasah, 10050, Daerah Timor Laut, Pulau Pinang",Aktif,1,30175-1,Laguna Bay Residences,Pulau Pinang,Daerah Barat Daya,
30176,yes,CURVO DEVELOPMENT SDN. BHD.,skyworldsandm@gmail.com,0342703928,"Level 8, Block B, Wisma Ntp World, Excella Business Park, Jalan Ampang Putra, 55100, Kuala Lumpur, Wp Kuala Lumpur","Unit 30-01, Level 30, Tower A, Vertical Business Suite, Avenue 3, Bangsar South, No. 8, Jalan Kerinchi, 59200, Kuala Lumpur, Wp Kuala Lumpur",Aktif,1,30176-1,Residensi Curvo,Wp Kuala Lumpur,Kuala Lumpur,
30177,yes,JAYAMAS LAND  SDN. BHD.,ongpt@jayamasproperty.com,01159826708,"No. 11, Jalan Casa Residensi,, Pusat Perniagaan Casa Residensi,, 14000, Seberang Perai Tengah, Pulau Pinang","No. 29a, Lorong P.s. 1,, Bandar Perda,, 14000, Seberang Perai Tengah, Pulau Pinang",Aktif,1,30177-1,Taman Pinggiran Sejahtera,Pulau Pinang,Seberang Perai Tengah,
30178,yes,UTROPOLIS SDN. BHD.,ssng@paramountproperty.my,0327709100,"Co-labs Coworking Shah Alam, B-02-1 (block B) Sekitar 26, Persiaran Hulu Selangor, Seksyen 26, 40400, Petaling , Selangor","Level 12, Tower B,, Pusat Perdagangan Dataran  Atwater,, Jalan Profesor Diraja Ungku Aziz,, 46200, Petaling , Selangor",Aktif,2,30178-1,Sejati Lakeside 2,Selangor,Sepang,
30179,yes,KWASA SENTRAL SDN. BHD.,noorsuraya@mrcb.com,0327868080,"Level 30 Menara Allianz Sentral, No 203 Jalan Tun Sambanthan, Kuala Lumpur Sentral, 50470, Kuala Lumpur, Wp Kuala Lumpur","Level 33a, Menara Nu2,, No. 203, Jalan Tun Sambanthan, Kuala Lumpur Sentral, 50470, Kuala Lumpur, Wp Kuala Lumpur",Aktif,1,30179-1,Residensi Tujuh,Selangor,Petaling ,
30180,yes,ELIGAN BASE PARADIGM SDN. BHD.,eliganbase@gmail.com,042291988,"No 11-a, Jalan Westland , 10400, Daerah Timor Laut, Pulau Pinang","50. Jalan Khaw Sim Bee, 10400, Daerah Timor Laut, Pulau Pinang",Aktif,1,30180-1,Pangsapuri Kelisa Emas,Pulau Pinang,Seberang Perai Tengah,
30181,yes,PURCON VENTURE SDN. BHD.,sales@purcon.com.my,0389482922,"B1-03-13 Jalan Sr 1/9, Taman Serdang Raya, Section 9, 43300, Petaling , Selangor","19-3 Jalan Tasik Selatan 3, Bandar Tasik Selatan, 57000, Kuala Lumpur, Wp Kuala Lumpur",Aktif,1,30181-1,Taman Teluk Pulai,Selangor,Klang,
30182,yes,PROMENADE WORLD  SDN. BHD.,leslie@promenade.my,0127425869,"D-1-1m, Persiaran Jalil 2 Bukit City Signature Office, 57000, Kuala Lumpur, Wp Kuala Lumpur","No. 21-2, Jalan Puteri 2/3, , Bandar Puteri, , 47100, Petaling , Selangor",Aktif,1,30182-1,Promenade Cyberjaya,Selangor,Sepang,
30183,yes,CONTINUM LAND (MALAYSIA) SDN. BHD.,meiyi.clm@outlook.com,0328578135,"No. 26-3 & 28-3, Jalan 25/70a, Desa Sri Hartamas, 50480, Kuala Lumpur, Wp Kuala Lumpur","11-3, Subang Business Centre , Jalan Usj 9/5q, 47620, Petaling , Selangor",Aktif,1,30183-1,Residensi Dutamas Dahlia,Wp Kuala Lumpur,Kuala Lumpur,
30184,yes,TUAH ERAMAS SDN. BHD.,tuaheramas@gmail.com,045899868,"No. 26-3, Jalan Perniagaan Vorteks 3, Pusat Perniagaan Vorteks, 14100, Seberang Perai Selatan, Pulau Pinang","282c(level 3), Jalan Gurdwara,, 10300, Daerah Timor Laut, Pulau Pinang",Aktif,1,30184-1,Taman Mengkuang Jaya 3,Pulau Pinang,Seberang Perai Tengah,
30185,yes,TANJUNG VILLA DEVELOPMENT SDN. BHD.,enquiry@tahwah.com,6043140118,"7298, Wisma Tah Wah, Jalan Kampung Gajah, 12200, Seberang Perai Utara, Pulau Pinang","63, 1st Floor, Jalan Selat, Taman Selat, 12000, Seberang Perai Utara, Pulau Pinang",Aktif,1,30185-1,Foreshore Residence,Pulau Pinang,Daerah Timor Laut,
30186,yes,PRESTASI PROSPEK SDN. BHD.,prestasiprospek01@gmail.com,01133106218,"1918-a, Jalan Maharaja Lela, 36000, Hilir Perak, Perak","No. 8, Ground Floor,, Jalan Bayu Tinggi 2a/ks6,, Batu Unjur,, 41200, Selangor",Aktif,1,30186-1,Taman Melor 3,Perak,Hilir Perak,
30187,yes,UNION UNITED DEVELOPMENT SDN. BHD.,shayher.wong@gmail.com,0377880036,"Unit 14-02, Medan Kelang Lama 28, No. 419, Jalan Kelang Lama, 58000, Kuala Lumpur, Wp Kuala Lumpur","No. 104-2, Jalan Mega Mendung , Taman United, 58200, Kuala Lumpur, Wp Kuala Lumpur",Aktif,1,30187-1,Kondominium Bayu Jalil (the Jalil),Selangor,Petaling ,
30188,yes,SURIA HEBAT SDN. BHD.,sawit.warisan@yahoo.com,069529007,"No.41-24, Tingkat 1 & 2, Jalan Abdul Rahman, 84000, Muar, Johor","No. 9a (suite 1) Jalan Omar, 83000, Batu Pahat, Johor",Aktif,1,30188-1,Taman Jaya,Johor,Muar,
30189,yes,LEBAR KLASSIK SDN. BHD.,lebarklassik.sb@gmail.com,066325441,"1765, 1st Floor, Taman Rasah Utama, Jalan Rasah, 70300, Seremban, Negeri Sembilan","82-a & 83-b, Lorong Haruan 5/4, Oakland Commerce Square, 70300, Seremban, Negeri Sembilan",Aktif,3,30189-1,Taman Kirana,Johor,Kluang,
30190,yes,BOON KOON COMMERCIAL SDN. BHD.,jessie.cheng@chinhinproperty.com,60174025578,"Menara Chin Hin, Level 26, 8th & Stellar, No. 1, Jalan Naga Emas, Sri Petaling, 57000, Seberang Perai Selatan, Wp Kuala Lumpur","Suite 16.06, Mwe Plaza,, No. 8 Lebuh Farquhar,, 10200, Daerah Timor Laut, Pulau Pinang",Aktif,1,30190-1,Residensi Avantro,Selangor,Petaling ,
30191,yes,HALCYON AMANTARA SDN. BHD.,amantara3288@gmail.com,0374906523,"103-1, Jalan Rimbunan Raya 1, Laman Rimbunan, Kepong, 52100, Kuala Lumpur, Wp Kuala Lumpur","105-2, Jalan Rimbunan Raya 1,, Laman Rimbunan,, Kepong,, 52100, Kuala Lumpur, Wp Kuala Lumpur",Aktif,1,30191-1,Soho Amantara,Selangor,Petaling ,
30192,no,,,,,,,,,,,,
30193,yes,VICTORIA COUNTRY SDN. BHD.,vcountry99@gmail.com,052545953,"9fbs-13, 9th Floor, Ipoh Tower, Jalan Dato' Seri Ahmad Said, 30450, Kinta, Perak","No. 1 Jalan Lasam, 30350, Kinta, Perak",Aktif,2,30193-1,Springville @ Victoria Country,Perak,Manjung,
30194,yes,CHIN NAM CITY DEVELOPMENT SDN. BHD.,chinnamcitydevelopment@gmail.com,0390817731,"16-d, Jalan Suarasa 8/4,, Town Park 1, Bandar Tun Hussein Onn,, 43200, Hulu Langat, Selangor","No. 2, Jalan Ss19/1g,, 47500, Petaling , Selangor",Aktif,2,30194-1,Taman Bestari,Selangor,Kuala Langat,
30195,no,,,,,,,,,,,,
30196,yes,BURNABY PROPERTY DEVELOPMENT SDN. BHD.,bpdsb@burnaby.com.my,0391323188,"3a-10,  Wisma Aman Elite, No. 3, Jalan Desa Aman 1, Desa Aman, Cheras, 56100, Kuala Lumpur, Wp Kuala Lumpur","Lot A21 (room 3), 2nd Floor, Plaza Pekeliling, 2 Jalan Tun Razak, 50400, Kuala Lumpur, Wp Kuala Lumpur",Aktif,1,30196-1,Taman Meranti Aman,Selangor,Sepang,
30197,yes,ANGKASA SENURI SDN. BHD.,admin@angkasasenuri.com,0356379093,"15 & 17 (1st Floor), Jalan Ss15/8a, Subang Jaya, 47500, Petaling , Selangor","Unit 7-01, Level 7, Menara Lagenda,, No. 3 Jalan Ss20/27, 47400, Selangor",Aktif,1,30197-1,Residensi Senuri,Selangor,Petaling ,
30198,yes,PACIFIC GRANDLAND SDN. BHD.,kellylaw@landpacific.com,0126666248,"C-01-02, Plaza Damas 3, No.63, Jalan Sri Hartamas 1, Sri Hartamas, 50480, Kuala Lumpur, Wp Kuala Lumpur","Block H-2-11, Plaza Damas,, 60, Jalan Sri Hartamas 1,, Sri Hartamas,, 50480, Kuala Lumpur, Wp Kuala Lumpur",Aktif,3,30198-1,Taman Puchong Tekali,Selangor,Petaling ,
30199,yes,MTG TIMUR SDN. BHD.,creditadmin@mtggroup.com.my,045062769,"No.15 & 17, First Floor, Jalan Lembah Permai, Taman Lembah Permai, 14000, Seberang Perai Tengah, Pulau Pinang","73a, Pusat Perniagaan Raja Uda,, Jalan Raja Uda,, 12300, Seberang Perai Utara, Pulau Pinang",Aktif,1,30199-1,Lamanda Siantan 2,Pahang,Maran,
30200,yes,PLUTO VALLEY SDN. BHD.,plutovalleysb@gmail.com,0333445988,"17a, Jalan Taman, Off Jalan Melayu, 41400, Klang, Selangor","No. 8, Ground Floor, Jalan Bayu Tinggi 2a/ks6, Batu Unjur, 41200, Klang, Selangor",Aktif,1,30200-1,Taman Langat Utama 3,Selangor,Kuala Langat,
30201,yes,WINPLUS DEVELOPMENT SDN. BHD.,winplusdevelopment@outlook.com,062833388,"No. 21, Jalan Sp 1, Taman Semabok Perdana, 75050, Melaka Tengah, Melaka","No. 64, Jalan Tkl 6,, Taman Kota Laksamana,, Seksyen 1,, 75200, Melaka Tengah, Melaka",Aktif,2,30201-1,Taman Bukit Baru Indah,Melaka,Melaka Tengah,
30202,no,,,,,,,,,,,,
30203,yes,MKN EMBASSY DEVELOPMENT SDN. BHD.,fikri@emkay.com.my,0383182280,"16-03-01, Tower 16, Star Sentral @ Cyberjaya, Lingkaran Cyber Point Timur, Cyber 12, 63000, Sepang, Selangor","16-g-01, Tower 16,, Star Central @ Cyberjaya,, Lingkaran Cyber Point Timur, Cyber 12,, 63000, Sepang, Selangor",Aktif,1,30203-1,The Vybe@techzone,Selangor,Sepang,
30204,no,,,,,,,,,,,,
30205,yes,WELKEN CONSTRUCTION  SDN. BHD.,welkenconstruction@gmail.com,0387243778,"41 Jalan Ria 1, Kawasan Perindustrian Ria, 43000, Hulu Langat, Selangor","J-g-3a, Connaught Avenue, No.38, Jalan 9, Taman Bukit Cheras, 56000, Kuala Lumpur, Wp Kuala Lumpur",Aktif,1,30205-1,Taman Hj Ariffin 3,Johor,Mersing,
30206,no,,,,,,,,,,,,
30207,yes,WA HECTARE PROPERTIES SDN. BHD.,mesraconsult06@yahoo.com,0333243076,"No 39, Jalan Bayu Tinggi 2a/ks6, Taman Bayu Tinggi, 41200, Klang, Selangor","No 21 Jalan Pasar Baru 3, Off Jalan Meru, 41050, Klang, Selangor",Aktif,1,30207-1,Taman Sungai Pinang,Selangor,Klang,
30208,yes,MAYFAIR BY THE PARK SDN. BHD.,llcgrp2u@gmail.com,056927788,"No. 9 & 10, Jalan Permatang Maju 1, Taman Permatang Maju, Kg. Cina, 32000, Manjung, Perak","No. 6, Jalan Chew Sin On, 31650, Kinta, Perak",Aktif,1,30208-1,Mayfair By The Park Sdn Bhd,Perak,Manjung,
30209,yes,CITAGLOBAL PROPERTY DEVELOPMENT SDN. BHD.,noor.aini@citaglobal.my,095343276,"Level 9, Block 4, Menara Th Plaza Sentral, Jalan Stesen Sentral 5, Kl Sentral, 50470, Kuala Lumpur, Wp Kuala Lumpur","Level 7, Menara Milenium, Jalan Damanlela, Pusat Bandar Damansara, Damansara Heights, 50490, Kuala Lumpur, Wp Kuala Lumpur",Aktif,2,30209-1,Residensi D'marina @ Pinggiran Putra 2,Pahang,Kuantan,
30210,yes,DB WORLD SDN. BHD.,siewling@prosper.com.my,0378044036,"901, 9th Floor, , Wisma Prosper, Block B, Kelana Centre Point, No. 3 Jalan Ss 7/19, Kelana Jaya, 47301, Petaling , Selangor","No 9 Jalan Bayu Tinggi 2a/ks6, Taipan 2 Batu Unjur, 41200, Klang, Selangor",Aktif,2,30210-1,Perumahan Bandar Kuantan Putri,Pahang,Kuantan,
30211,yes,DARUL SERIMAJU DEVELOPMENT SDN. BHD.,marketing@hjin.com.my,044312259,"21, Lebuh Fairuz 1, Taman Perusahaan Ringan, Bakar Arang, 08000, Kuala Muda, Kedah","104, 1st Floor, Kompleks Alor Setar, Lebuhraya Darulaman, 05100, Kota Setar, Kedah",Aktif,1,30211-1,Taman Suria Perdana,Kedah,Kuala Muda,
30212,no,,,,,,,,,,,,
30213,yes,RAKAN HARTA  SDN. BHD.,realtyheights@outlook.com,069523553,"No. 20, Jalan Arosa, Taman Pernigaan Arosa, Jalan Bakri, 84000, Muar, Johor","Level 1, 66 Jalan Sialin, Pusat Komersial Sialin, Jalan Bakri, 84000, Muar, Johor",Aktif,2,30213-1,Taman Puteri Emas,Johor,Batu Pahat,
30214,yes,PFA LAND SDN. BHD.,bslee@homecity.asia,0387369098,"No. 9, Jalan Kp 1/1, Kajang Prima, 43000, Hulu Langat, Selangor","211-2, Jalan Sarjana,, Taman Connaught, 56000, Kuala Lumpur, Wp Kuala Lumpur",Aktif,2,30214-1,Taman Ara Bayu,Negeri Sembilan,Seremban,
30215,yes,PNG DEVELOPMENT  SDN. BHD.,office.pnggroup@gmail.com,0364190595,"B-6-1, Gateway Kiaramas Corporate Suite, No.1, Jalan Desa Kiara, Mont' Kiara, 50480, Kuala Lumpur, Wp Kuala Lumpur","No. 79-2 Jalan Metro Perdana Barat 1, Taman Usahawan Kepong, 52100, Kuala Lumpur, Wp Kuala Lumpur",Aktif,1,30215-1,Nanas Residence,Selangor,Klang,
30216,yes,JENDELA MAYANG SDN. BHD.,issac.lim@1pavilion.com,0321438089,"Unit 6-3a, Level 6, Pavilion Tower, 75, Jalan Raja Chulan, 50200, Kuala Lumpur, Wp Kuala Lumpur","Unit 6-3a, Level 6,, Pavilion Tower,, 75 Jalan Raja Chulan,, 50200, Kuala Lumpur, Wp Kuala Lumpur",Aktif,2,30216-1,Pavilion Damansara Heights Phase 2,Wp Kuala Lumpur,Kuala Lumpur,
30217,no,,,,,,,,,,,,
30218,yes,MSD JV SDN. BHD.,admin@frankhouse.com.my,062831911,"No. 670, Jalan Melaka Raya 8, Taman Melaka Raya, 75000, Melaka Tengah, Melaka","No  64, Jalan Tkl 6,, Taman Kota Laksamana,, Seksyen 1,, 75200, Melaka Tengah, Melaka",Aktif,1,30218-1,Taman Seri Duyong,Melaka,Melaka Tengah,
30219,yes,L&P PROPERTIES SDN. BHD.,lpprosb@yahoo.com,052421228,"141 , Jalan Raja Musa Aziz, 30300, Kinta, Perak","No. 33, Jalan Lee Kwee Foh, Taman Canning, 31400, Kinta, Perak",Aktif,1,30219-1,Taman Chandan Puteri,Perak,Kuala Kangsar,
30220,yes,SRI JATI DEVELOPMENT SDN. BHD.,awanaimpiandevelopment@gmail.com,092778866,"A75, Jalan Taman Rimba, Taman Rimba, 28400, Temerloh, Pahang","No. 17 (1st Floor), Jalan Bunga Tanjung, 28400, Temerloh, Pahang",Aktif,2,30220-1,Taman Penjom Damai,Pahang,Kuala Lipis,
30221,yes,KLK MARKETING SDN. BHD.,klkmarketing123@gmail.com,064544366,"No.1 Aurora Boutique Hotel, Jalan  Tecoma 1, Pusat Perniagaan Tecoma, 72100, Jempol, Negeri Sembilan","4 2nd.floor, Jalan Sejahtera 1, Taman Acbe,bahau,negeri Sembilan, 72100, Jempol, Negeri Sembilan",Aktif,1,30221-1,Klk Marketing Sdn Bhd,Negeri Sembilan,Kuala Pilah,
30222,yes,SIKAP DINAMIK SDN. BHD.,minghooidev@gmail.com,095661931,"A-5086, Jalan Kubang Buaya, Off Jalan Beserah, 25250, Kuantan, Pahang","4th. Floor, Hsbc Bank Building, No. 1, Jalan Mahkota, 25000, Kuantan, Pahang",Aktif,2,30222-1,Taman Mh Panching Fasa 2,Pahang,Kuantan,
30223,yes,LAGENDA MERSING  SDN. BHD.,tarafnusantara@gmail.com,056881268,"Level 11 & Level 12, Menara Lagenda, No. 3, Jalan Ss20/27, 47400, Petaling , Selangor","No. 131, Persiaran Pm2/1, , Pusat Bandar Seri Manjung Seksyen 2,, 32040, Manjung, Perak",Aktif,7,30223-1,Lagenda Suria,Johor,Mersing,
30224,yes,AZMAN & ANUAR SDN. BHD.,AZMANANUAR88@hotmail.com,055481393,"No.41, Jalan Medan Ipoh 3, Bandar Baru Medan Ipoh, 31400, Kinta, Perak","No. 2, Lintasan Perajurit 5, Taman Perak, 31400, Kinta, Perak",Aktif,4,30224-1,Taman Gopeng Mewah,Perak,Kampar,
30225,yes,MACRONOTE SDN. BHD.,passionhome_89@yahoo.com.my,056886611,"No.23, Persiaran Pm 2/2, Pusat Bandar Seri Manjung, Seksyen 2, 32040, Manjung, Perak","400 Jalan Kamunting Bt. 2, Tmn Saujana, 34600, Larut & Matang, Perak",Aktif,3,30225-1,Taman Seri Mahkota,Perak,Manjung,
30226,yes,LIAN HOE REALTY SDN. BHD.,hhcsb47@yahoo.com,0333440226,"47, Jalan Goh Hock Huat, 41400, Klang, Selangor","No. 12-1, , Jalan Remia 4/ks6,, Bandar Botanic, 41200, Petaling , Selangor",Aktif,3,30226-1,Taman Kelana,Selangor,Klang,
30227,yes,MAMING DEVELOPMENT (AYER KEROH) SDN. BHD.,yoges8017@gmail.com,0379311888,"Unit 18-07, Level 18, Pjx Tower, No. 16a, Persiaran Barat, 46050, Petaling , Selangor","No. 39-3a-1, Jalan Metro Perdana Barat 1,, Taman Usahawan Kepong,, 52100, Kuala Lumpur, Wp Kuala Lumpur",Aktif,1,30227-1,D'bayu Residen,Melaka,Melaka Tengah,
30228,yes,FABULOUS CONSTRUCTION SDN. BHD.,fabulousconstruct@gmail.com,053111008,"7a, Jalan Ampang Baru 6a, Pusat Perdagangan Ampang Baru, 31400, Kinta, Perak","No. 6, Jalan Chew Sin On, 31650, Kinta, Perak",Aktif,4,30228-1,Aman Cities,Perak,Kinta,
30229,yes,MESRA MULIA SDN. BHD.,admatiza@asetkayamas.com,0379899888,"Lot 33545, Batu 5, Jalan Klang Lama, 58000, Kuala Lumpur, Wp Kuala Lumpur","2nd Floor 17 & 19, Jalan Brunei Barat Pudu, 55100, Kuala Lumpur, Wp Kuala Lumpur",Aktif,1,30229-1,Lena Residence,Selangor,Klang,
30230,yes,SINARCERAH SDN. BHD.,admatiza@asetkayamas.com,0379899888,"Lot 33545, Batu 5, Jalan Klang Lama, 58000, Kuala Lumpur, Wp Kuala Lumpur","2nd Floor 17 & 19, Jalan Brunei Barat Pudu, 55100, Kuala Lumpur, Wp Kuala Lumpur",Aktif,1,30230-1,Lena Residence,Selangor,Klang,
30231,yes,SUPER GREENVIEW SDN. BHD.,loyal188@gmail.com,045078980,"No. 1797-1-8a, Kompleks Auto World, Jalan Perusahaan Juru Interchange, 13600, Seberang Perai Tengah, Pulau Pinang","No. 1-1, Lorong Usahaniaga 3, Taman Usahaniaga, 14000, Seberang Perai Tengah, Pulau Pinang",Aktif,1,30231-1,Taman Panchor Damai,Pulau Pinang,Seberang Perai Selatan,
30232,yes,ACTIVE COMMITMENT SDN. BHD.,loyal188@gmail.com,045078980,"No. 1797-1-8a, Kompleks Auto World, Jalan Perusahaan Juru Interchange, 13600, Seberang Perai Tengah, Pulau Pinang","No. 1-1, Lorong Usahaniaga 3, Taman Usahaniaga, 14000, Seberang Perai Tengah, Pulau Pinang",Aktif,1,30232-1,Residensi Panchor Indah,Pulau Pinang,Seberang Perai Selatan,
30233,yes,DH LAND SDN. BHD.,chongchiyuan@hotmail.com,045019338,"No. 5-1 & 7-1, Lorong Setia Sentral, 1, Pusat Perniagaan Setia Sentral, 14000, Seberang Perai Tengah, Pulau Pinang","No 2 1st Floor, Lorong Sepakat Satu, Taman Bandar Raya, 14000, Seberang Perai Tengah, Pulau Pinang",Aktif,1,30233-1,Pangsapuri Servis Permatang Janggus,Pulau Pinang,Seberang Perai Tengah,
30234,yes,VISI SEJATI SDN. BHD.,admatiza@asetkayamas.com,0379899888,"Lot 33545, Batu 5, Jalan Klang Lama, 58000, Kuala Lumpur, Wp Kuala Lumpur","2nd Floor 17 & 19, Jalan Brunei Barat Pudu, 55100, Kuala Lumpur, Wp Kuala Lumpur",Aktif,1,30234-1,Lena Residence,Selangor,Klang,
30235,yes,TP PROPERTY & DEVELOPMENT SDN. BHD.,tpproperty020620@yahoo.com,058917369,"No. 73, Jalan Medan Kamunting 3, Medan Kamunting, 34600, Larut & Matang, Perak","No. 11, 1st Floor,, Jalan Medan Saujana 1,, Medan Saujana,, 34600, Larut & Matang, Perak",Aktif,1,30235-1,Taman Kamunting Pelangi,Perak,Larut & Matang,
30236,yes,ZM GLOBAL LAND SDN. BHD.,zmglobal.land@gmail.com,097124142,"Lot 2465, Tingkat 1, Jalan Kedai Mulong -pendek, 15100, Kota Bharu, Kelantan","No. 40-1a & 1b, Tingkat 1,, Jalan Pahat H 15/h,, Kompleks Otomobil, Seksyen 15,, 40200, Petaling , Selangor",Aktif,1,30236-1,Taman Pc Seri Raudah,Kelantan,Kota Bharu,
30237,yes,ARKIBENA CONSTRUCTION SDN. BHD.,arkibenaconstruction.sb@gmail.com,0356126622,"A-03-07, Block A, Sunway Geo, Jalan Lagoon Selatan, Bandar Sunway, 47500, Petaling , Selangor","19-2, Jalan Puteri 2/6, Bandar Puteri, 47100, Petaling , Selangor",Aktif,1,30237-1,Perumahan Makmur Ringlet Jaya,Pahang,Cameron Highlands,
30238,yes,BUKIT BUNGA HOMES SDN. BHD.,azhar@majutera.com,0341058068,"No. 15, Jalan Au5 C/k, Lembah Keramat, 54200, Kuala Lumpur, Wp Kuala Lumpur","No. 4, Jalan Sg 3/2, Pusat Bandar Sri Gombak, Taman Seri Gombak, 68100, Gombak, Selangor",Aktif,1,30238-1,Taman Nibong Az-zahra,Kelantan,Tanah Merah,
30239,yes,GOMAY PROPERTIES SDN. BHD.,greenlasthousingii@yahoo.com,095563198,"No. 1 & 2, Lot 32916, Kawasan Perindustrian Semambu, 25350, Kuantan, Pahang","No.42, 1st Floor, Jalan Haji Abdul Aziz, 25000, Kuantan, Pahang",Aktif,1,30239-1,Bayu Perdana,Pahang,Kuantan,
30240,yes,ECOLAKE RESIDENCE SDN. BHD.,suchen@avaland.com.my,0358789061,"Lot C-02, Level 2, Skypark@ One City, Jalan Usj 25/1, 47650, Petaling , Selangor","Lot C-02, Level 2, Skypark @ One City,, Jalan Usj 25/1, , 47650, Petaling , Selangor",Aktif,4,30240-1,Casa Embun,Selangor,Sepang,
30241,yes,KELPILE DEVELOPMENT SDN. BHD.,kelpiledev00@gmail.com,097713900,"Lot Pt 4201, Kawasan Perindustrian Pengkalan Chepa Ii, Seksyen 44, Mukim Panchor, Daerah Kemumin , 16100, Kota Bharu, Kelantan","Lot Pt 4201, Kawasan Perindustrian Pengkalan Chepa 2, Seksyen 44, Mukim Panchor, Daerah Kemumin, 16100, Kota Bharu, Kelantan",Aktif,3,30241-1,Taman Azalea 1,Kelantan,Tanah Merah,
30242,yes,GIM AIK DEVELOPMENT SDN. BHD.,goonhong.ong@gmail.com,062810545,"No. 125 Jalan Merdeka, Taman Melaka Raya, 75000, Melaka Tengah, Melaka","12th Floor Menara Symphony,, No. 5, Jalan Prof. Khoo Kay Kim, Seksyen 13, 46200, Petaling , Selangor",Aktif,1,30242-1,Taman Paya Baru,Melaka,Melaka Tengah,
30243,no,,,,,,,,,,,,
30244,yes,MAJESTIC LUXE SDN. BHD.,majesticluxe88@gmail.com,0361433978,"Unit G-02a, Menara Centara, 360,, Jalan Tuanku Abdul Rahman,, City Centre, 50100, Petaling , Wp Kuala Lumpur","Unit 16-17, Menara Mutiara Sentral,, No. 2, Jalan Desa Aman 1,, Cheras Business Centre,, 56000, Kuala Lumpur, Wp Kuala Lumpur",Aktif,1,30244-1,Residensi Majestic,Wp Kuala Lumpur,Kuala Lumpur,
30245,yes,GL STANDARD BUILDERS SDN. BHD.,glstandardbuilderssdnbhd68@yahoo.com,0380791518,"No. E-5-23, Ioi Boulevard, Jalan Kenari 5, Bandar Puchong Jaya, 47170, Petaling , Selangor","No. 151-a, Jalan Rodat 6/ku5, Bandar Bukit Raja, 41050, Klang, Selangor",Aktif,1,30245-1,Taman Langat Idaman,Selangor,Kuala Langat,
30246,yes,TANJUNG VILLA CAPITAL SDN. BHD.,leesb@tahwah.com,043140118,"7298, Wisma Tah Wah, Jalan Kampung Gajah, 12200, Seberang Perai Utara, Pulau Pinang","63, 1st Floor, Jalan Selat, Taman Selat, 12000, Seberang Perai Utara, Pulau Pinang",Aktif,1,30246-1,Foreshore Apartment,Pulau Pinang,Daerah Timor Laut,
30247,yes,KETARA MEKAR DEVELOPMENT SDN. BHD.,ketaramekardev@gmail.com,0173888891,"No. 20, Jalan Industri Bukit Badong 3,, Taman Industri Bukit Badong,, 45200, Klang, Selangor","No. 14b, Jalan Bayu Tinggi 2a/ks6, Batu Unjur, 41200, Klang, Selangor",Aktif,2,30247-1,Taman Nira Sari,Selangor,Kuala Selangor,
30248,yes,DING AN DEVELOPMENT SDN. BHD.,ding_an88@yahoo.com,062329588,"A10-1,, Pangsapuri Bunga Raya,, Taman Bunga Raya,, 75450, Melaka Tengah, Melaka","No. 64, Jalan Tkl 6, Taman Kota Laksamana, Seksyen 1, 75200, Melaka Tengah, Melaka",Aktif,1,30248-1,Taman Regent Fasa 2,Negeri Sembilan,Tampin,
30249,yes,GRAND GLOBAL HEIGHTS DEVELOPMENT SDN. BHD.,admin@grandglobal.com.my,0377255888,"Suite C-1-36, Block Camilia, 10 Boulevard, Lebuhraya Sprint Pju 6a, 47400, Petaling , Selangor","Room 201, 2nd Floor,, No. 368, Jalan Pudu,, 55100, Kuala Lumpur, Wp Kuala Lumpur",Aktif,1,30249-1,Grand Damansara,Selangor,Petaling ,
30250,yes,AMBER HOMES SRI PETALING SDN. BHD.,salesadmin@amberhomes.com.my,0391715133,"02-07, Kompleks Permaisuri Q, No. 6, Jalan Sri Permaisuri, Bandar Sri Permaisuri, Cheras, 56000, Kuala Lumpur, Wp Kuala Lumpur","Unit 310, 3rd Floor, Lobby 2, Block A, Damansara Intan, No 1, Jalan Ss 20/27, 47400, Petaling , Selangor",Aktif,2,30250-1,Residensi Serina,Wp Kuala Lumpur,Kuala Lumpur,
30251,yes,MULTIPLEX LAND  SDN. BHD.,far_eastgroup@yahoo.com,067586698,"No.27h, Jalan Besar, 71700, Seremban, Negeri Sembilan","82-a & 83-b, Lorong Haruan 5/4, Oakland Commerce Square, 70300, Seremban, Negeri Sembilan",Aktif,2,30251-1,Taman Cempaka Perdana,Negeri Sembilan,Seremban,
30252,yes,BA URUS BINA (M) SDN. BHD.,admin@baurusbina.com.my,066779275,"Lot 10280, Jalan Dato' Dagang, Batu 4 1/2, Paroi, 70400, Seremban, Negeri Sembilan","9-g, Jalan Coco Drive 1,, Taman Bandar Senawang, 70450, Seremban, Negeri Sembilan",Aktif,1,30252-1,Rumah Selangorku Jenis E Khas,Selangor,Hulu Langat,
30253,yes,WISER ACCESS SDN. BHD.,karen@kintaproperties.com,052921333,"No.1, Jalan Lasam, 30350, Kinta, Perak","No. 1 Jalan Lasam, 30350, Kinta, Perak",Aktif,3,30253-1,"Bandar Baru Sri Klebang, West Park",Perak,Kinta,
30254,yes,MOI DEVELOPMENT SDN. BHD.,farah.rahmat@titijaya.com.my,0380229999,"N-16-01, Penthouse, Level 16,, First Subang, Jalan Ss15/4g,, 47500, Petaling , Selangor","Level 7, Menara Milenium,, Jalan Damanlela, Pusat Bandar Damansara,, Damansara Heights,, 50490, Wp Kuala Lumpur",Aktif,1,30254-1,Seiring,Selangor,Petaling ,
30255,yes,EHSAN BUMI SEJAHTERA SDN. BHD.,dila130191@gmail.com,03-21626649,"Suite C-20-3a, Block C, Megan Avenue 11, No. 12, Jalan Yap Kwan Seng, 50450, Kuala Lumpur, Wp Kuala Lumpur","No 146-1 Jalan Tun Sambanthan, Brickfields, 50450, Kuala Lumpur, Wp Kuala Lumpur",Aktif,1,30255-1,Pangsapuri Perkhidmatan Ehsan Widuri,Negeri Sembilan,Seremban,
30256,yes,ARMANI HALLSON KLCC SDN. BHD.,goldenrainbow.v@gmail.com,0199177525,"Level 17, Subplace Boulevard, No. 6, Jalan Juruanalisis U1/35, Seksyen U1, 40150, Seberang Perai Tengah, Selangor","No 2, Jalan Foo Eng Lin, Taman Hoover, 31650, Perak",Aktif,2,30256-1,Taman Ipil Permata,Pulau Pinang,Seberang Perai Selatan,
30257,yes,ANSON HARTAMAS SDN. BHD.,anson.hartamas@gmail.com,052418611,"No. 18a, Jalan Centrepoint 1, Pinji Centrepoint, 31650, Kinta, Perak","10a Jalan Centrepoint 2, Pinji Centrepoint, 31650, Kinta, Perak",Aktif,1,30257-1,Taman Pengkalan Bersatu,Perak,Kinta,
30258,yes,ATM GROUP SDN. BHD.,atmgroup933@gmail.com,60340504805,"Suite 12-7, 8 & 9, Plaza Permata,, No. 6, Jalan Kampar, 50400, Kuala Lumpur, Wp Kuala Lumpur","Suite 2110, Plaza Permata,, No. 6, Jalan Kampar,, 50400, Kuala Lumpur, Wp Kuala Lumpur",Aktif,1,30258-1,Desa Wirajaya,Kelantan,Pasir Mas,
30259,yes,CCH SYNERGY  SDN. BHD.,cchssdnbhd@gmail.com,067652399,"D04-1, D04-2, D04-3 (ground-2nd Floor), Jalan Dataran Sentral 3, Dataran Sentral, 70200, Seremban, Negeri Sembilan","No. 24 & 25, Ground Floor,, Lorong Haruan 5/1,, Oakland Commerce Square,, 70300, Seremban, Negeri Sembilan",Aktif,4,30259-1,Taman Pd Amanria,Negeri Sembilan,Port Dickson,
30260,yes,CPI GLENMARIE SDN. BHD.,kellie.keoh@cpiland.com,0322021688,"B-16-1, Northpoint Office Tower B, No. 1, Jalan Medan Syed Putra Utara, Mid Valley City, 59200, Kuala Lumpur, Wp Kuala Lumpur","2-37, Pv 128, 128 Jalan Genting Klang, 53300, Kuala Lumpur, Wp Kuala Lumpur",Aktif,1,30260-1,Residensi Dian Ii,Selangor,Petaling ,
30261,yes,MEWAHOME DEVELOPMENT SDN. BHD.,mewahomedev@gmail.com,0362412929,"J3-5, No. 115, Jalan Kepayang , Off Jalan Kuching, Pusat Komersial Jalan Kuching, 51200, Kuala Lumpur, Wp Kuala Lumpur","No. 39-4-a, Wisma Mega, Jalan Miri, 41400, Klang, Selangor",Aktif,1,30261-1,Taman Langat Utama 2,Selangor,Kuala Langat,
30262,yes,PINNACLE HOMES SJ CBD SDN. BHD.,marketing.sg@pinnaclegroup.com.my,0379322268,"Level 26a, Tower B, Pinnacle Pj, Jalan Utara C, 46200, Petaling , Selangor","3a32 Level 4 (lift 7) Block A, Damansara Intan , No 1 Jalan Ss 20/27, 47400, Petaling , Selangor",Aktif,1,30262-1,Pinnacle Sj,Selangor,Petaling ,
30263,yes,MARTELL DEVELOPMENT SDN. BHD.,erictts95@gmail.com,0387416609,"No.2b-g, First Floor, Jalan Semenyih, Bandar Kajang, 43000, Hulu Langat, Selangor","Level 7, Mercu 3,, No. 3, Jalan Bangsar,, Kl Eco City,, 59200, Kuala Lumpur, Wp Kuala Lumpur",Aktif,1,30263-1,Taman Warisan Cemerlang,Selangor,Sepang,
30264,yes,LITTLE RESOURCES SDN. BHD.,iminsmd@gmail.com,6360345566,"No.37, Jalan Kpk 1/8, Kawasan Perindustrian Kundang, 48020, Gombak, Selangor","No. 29-2, Jalan 46a/26, Taman Sri Rampai, 53300, Kuala Lumpur, Wp Kuala Lumpur",Aktif,1,30264-1,Residensi Serai,Selangor,Gombak,
30265,yes,BRILLIANT WORLD VENTURES SDN. BHD.,bwp_sb@hotmail.com,0165752121,"No.18, 1st Floor, Lorong Haji Wan Ibrahim, Pusat Perniagaan Abdul Rahman, 84000, Muar, Johor","Suite C, Level One, No. 60, Jalan Sungai Abong, 84000, Muar, Johor",Aktif,1,30265-1,Lot 1281 Gm 1760,Johor,Tangkak,
30266,yes,PRIMUS LKS DEVELOPMENT SDN. BHD.,info@orogroup.com.my,0374962069,"No 4, Jalan 21/13, Sea Park, 46300, Daerah Timor Laut, Selangor","Block C-2-3, Megan Avenue 1, 189, , Off Jalan Tun Razak,, 50400, Kuala Lumpur, Wp Kuala Lumpur",Aktif,1,30266-1,Irama Jazz Park,Kedah,Kulim,
30267,yes,PROMINENT MAXIM SDN. BHD.,jackie@maximglobal.com.my,0378037008,"No. 2d, Jalan Ss 6/6, Kelana Jaya, 47301, Petaling , Selangor","No.2d, Jalan Ss 6/6,, Kelana Jaya,, 47301, Petaling , Selangor",Aktif,1,30267-1,Residensi Max Ii,Wp Kuala Lumpur,Kuala Lumpur,
30268,no,,,,,,,,,,,,
30269,no,,,,,,,,,,,,
30270,yes,RESIDENCY MAJESTIC SDN. BHD.,residency.majestic@gmail.com,095601120,"B-56, Ground Floor,, Lorong Air Putih 2,, Jalan Beserah,, 25300, Kuantan, Pahang","B-172, 2nd Floor,, Jalan Dato' Lim Hoe Lek,, 25200, Kuantan, Pahang",Aktif,1,30270-1,Majestic Heights,Pahang,Kuantan,
30271,yes,LUXE PROPERTIES (GT) SDN. BHD.,info.luxepro@gmail.com,052369298,"5-1 Jalan Ks 3,, Jalan Kepayang Sentral 3,, Kepayang Sentral,, 30450, Kinta, Perak","5-1 Jalan Ks 3,, Jalan Kepayang Sentral 3,, Kepayang Sentral,, 30450, Kinta, Perak",Aktif,1,30271-1,Kepayang Sentral,Perak,Kinta,
30272,yes,SILVER FIELD LAND SDN. BHD.,asma.ayob@dmiagrp.com,0377261189,"Wisma Masyhur, 45, Jalan Medan Setia 1, Bukit Damansara, 50490, Petaling , Wp Kuala Lumpur","Wisma Masyhur,, 45, Jalan Medan Setia 1,, Bukit Damansara,, 50490, Wp Kuala Lumpur",Aktif,1,30272-1,Ppam Brickfields,Wp Kuala Lumpur,Kuala Lumpur,
30273,yes,TAFI DEVELOPMENT SDN. BHD.,Tafidevelop@tafur.com.my,0102927570,"No 8 (1st Floor), Jalan Sutera 1/6, Taman Sungai Abong Sutera, 84000, Muar, Johor","No. 8 (1st Floor), Jalan Sutera 1/6,, Taman Sungai Abong Sutera,, 84000, Muar, Johor",Aktif,2,30273-1,Residensi Armani Cameron,Pahang,-,
30274,yes,THE 1 PLATINUM DEVELOPMENT & MANAGEMENT SDN. BHD.,enquiry.gpdm@gmail.com,0333623199,"No. 30-g, Galeri Empire, Jalan Empayar/ku 1, Persiaran Sultan Ibrahim, 41150, Klang, Selangor","No. 60-2, Wisma A-point, Jalan 5/101c, Cheras Commercial Centre, Off Jalan Kaskas, Jalan Cheras, 56100, Tiada Maklumat Daerah, Wp Kuala Lumpur",Aktif,2,30274-1,Taman Pertama @ Sabak Bernam,Selangor,Sabak Bernam,
30275,no,,,,,,,,,,,,
30276,yes,INFRA PARK SDN. BHD.,accounts@ipsbgroup.com,0378906649,"B8-g-2, Gaya Commercial Centre, Pusat Bandar Melawati, 53100, Kuala Lumpur, Wp Kuala Lumpur","No 29-1, Jalan 2a/27a,, Section 1, Wangsa Maju,, 53300, Kuala Lumpur, Wp Kuala Lumpur",Aktif,2,30276-1,Mlima Kiara,Wp Kuala Lumpur,Kuala Lumpur,
30277,no,,,,,,,,,,,,
30278,yes,KAYANGAN PROPERTY SDN. BHD.,kayanganproperty@gmail.com,097405022,"Tingkat 2, Pt 286 Seksyen 25, Jalan Sultan Yahya Petra Lundang, 15200, Kota Bharu, Kelantan","Tingkat 2, Pt 286 Seksyen 25, Jalan Sultan Yahya Petra Lundang, 15200, Kota Bharu, Kelantan",Aktif,1,30278-1,Taman Mawar Merah,Kelantan,Machang,
30279,yes,HEXXON DEVELOPMENT SDN. BHD.,contact@hexxon.my,0390810270,"No. 10, Lot 703, Jalan Emas 3, Taman Emas, Batu 9, 43200, Hulu Langat, Selangor","4-3-2, Block 4, Kompleks Kantonmen Prima,, No. 698, Batu 4 1/2, Jalan Ipoh,, 51200, Kuala Lumpur, Wp Kuala Lumpur",Aktif,1,30279-1,Residensi Bukit Perdana,Selangor,Hulu Langat,
30280,yes,SOLARIS CERIA SDN. BHD.,enquiry@artecorp.com.my,0379556676,"Unit 106, Block E, Phileo Damansara 1, No 9, Jalan 16/11, Off Jalan Damansara, 46350, Petaling , Selangor","No.17-a, Jalan Daya 6, Taman Daya, Kepong, 52100, Kuala Lumpur, Wp Kuala Lumpur",Aktif,1,30280-1,Arte Solaris,Wp Kuala Lumpur,Kuala Lumpur,
30281,yes,STACK BUILDER SDN. BHD.,sylau@ocr.com.my,0377101000,"A-3a-01, Block Allamanda, 10 Boulevard Lebuhraya Sprint, Pju6a, 47400, Petaling , Selangor","B-21-1, Level 21, Tower B, , Northpoint Mid Valley City, , No 1, Medan Syed Putra Utara, , 59200, Wp Kuala Lumpur",Aktif,1,30281-1,Residensi Akasia,Selangor,Petaling ,
30282,yes,PPH PROPERTIES SDN. BHD.,kenkang.pph@ppcsb.com.my,063346558,"No. 21, 21-1, Jalan Anggerik 1, Taman Paya Rumput Perdana, 76450, Melaka Tengah, Melaka","91e/2, Jalan Tun Perak,, Bacang,, 75300, Melaka Tengah, Melaka",Aktif,2,30282-1,Taman Sungai Udang Mutiara,Melaka,Melaka Tengah,
30283,no,,,,,,,,,,,,
30284,yes,TMS TRANS BINA SDN. BHD.,tmstransbina@gmail.com,056835596,"No. 71, Persiaran 3/4, Seksyen 3, Pusat Bandar Seri Manjung, 32040, Manjung, Perak","No.71,, Persiaran 3/4, Seksyen 3, Pusat Bandar Seri Manjung, 32040, Manjung, Perak",Aktif,1,30284-1,Taman Perakku Bersatu,Perak,Muallim,
30285,yes,HARTABINA PEWIRA (SENDAYAN) SDN. BHD.,info@firsthome.com.my,042828809,"No. 1-03-01, Jalan Ahmad Nor, Pusat Perdagangan Nova, 11600, Daerah Timor Laut, Pulau Pinang","Suite C, 1-3-5 (level 3), Elit Avenue,, Bayan City,, Jalan Mayang Pasir 3, 11950, Daerah Barat Daya, Pulau Pinang",Aktif,1,30285-1,Taman Bukit Jimah,Negeri Sembilan,-,
30286,yes,ECO MAJU HOLDING SDN. BHD.,ecomajuholding@gmail.com,0122839919,"W-3-05 The Gamuda Biz Suites, No 12 Jalan Anggerik Vanilla 31/99, Kota Kemuning Seksyen 31, 40460, Klang, Selangor","No 9-2a Jalan Semenyih Sentral 8, Semenyih Sentral, 43500, Hulu Langat, Selangor",Aktif,1,30286-1,Tapah Road Taman Bestari Jaya,Perak,-,
30287,yes,TYHOMES DEVELOPMENT  SDN. BHD.,tyhomedevelopment@gmail.com,062827680,"No. 203-3 (tingkat 3),, Menara Jian Mei, Jalan Kenanga 3/29a, 75200, Melaka Tengah, Melaka","No. 27-1, Jalan Ttc 26b, Taman Teknologi Cheng, 75250, Melaka Tengah, Melaka",Aktif,1,30287-1,Taman Rambai Idaman,Melaka,Melaka Tengah,
30288,yes,MUALAND DEVELOPMENT SDN. BHD.,cjrbdev@gmail.com,01155033483,"No.1-1 Taman Sri Unas, Jalan Abdul Rahman, Parit Unas, 84150, Muar, Johor","Lc 448 Jalan Payamas, 84900, Tangkak, Johor",Aktif,1,30288-1,Taman Kemboja Putih,Johor,Batu Pahat,
30289,yes,KH VENTURE ESTATE SDN. BHD.,ongpt@jayamasproperty.com,01159826708,"11, Jalan Casa Residensi,, 14000, Seberang Perai Tengah, Pulau Pinang","45, Jalan Perak,, 10150, Daerah Timor Laut, Pulau Pinang",Aktif,1,30289-1,Pangsapuri Aston Permai,Pulau Pinang,Seberang Perai Tengah,
30290,yes,WISMADU PROPERTY DEVELOPMENT SDN. BHD.,qckor@newway.com.my,0333813651,"No. 11a, Jalan Raja Nong 12, Off Jalan Raja Nong, 41000, Klang, Selangor","No. 31b, Persiaran Sultan Ibrahim Ku1,, 41300, Klang, Selangor",Aktif,1,30290-1,Taman Changgang Indah,Selangor,Kuala Langat,
30291,yes,LVL SUMMIT DEVELOPMENT  SDN. BHD.,bunny4454@gmail.com,072887503,"#08-02 Blk F Pangsapuri Dwimahkota, Jalan Susur 1/1 Persiaran Tanjung, Taman Bukit Alif, 81200, Johor Bahru, Johor","No. 15a, Jalan Pndd 1,, Pusat Niaga Durian Daun,, 75200, Melaka",Aktif,1,30291-1,Anggerik Heights,Johor,Kulai,
30292,yes,LINTANG HEBAT SDN. BHD.,dila130191@gmail.com,03-21626649,"Suite C-20-3a.level 20,, Block C Megan Avenue Ii,, No 12,jalan Yap Kwan Seng, 50450, Kuala Lumpur, Wp Kuala Lumpur","146-1 Jalan Tun Sambanthan, Brickfields, 50470, Kuala Lumpur, Wp Kuala Lumpur",Aktif,2,30292-1,Residensi Mutiara Austin,Johor,Johor Bahru,
30293,no,,,,,,,,,,,,
30294,no,,,,,,,,,,,,
30295,yes,TAIPING BUKIT JANA DEVELOPMENT  SDN. BHD.,project@dskland.com,058052888,"No. 1, 3, 5, 7 & 9 (2nd Floor), Jalan Iskandar, 34000, Larut & Matang, Perak","No. 32, (1st Floor), Jalan Medan Taiping 4, Medan Taiping, 34000, Larut & Matang, Perak",Aktif,2,30295-1,Taman Kamunting Putra,Perak,Larut & Matang,
30296,yes,KLASIK IKHTIAR SDN. BHD.,iverlyne@hotmail.com,011-17225565,"No.12, Jalan Astaka U8/l, Bukit Jelutong, 40150, Klang, Selangor","2nd Floor, No. 17 & 19, Jalan Brunei Barat, Pudu, 55100, Kuala Lumpur, Wp Kuala Lumpur",Aktif,1,30296-1,Residensi Vista Harmoni,Wp Kuala Lumpur,Kuala Lumpur,
30297,no,,,,,,,,,,,,
30298,yes,GOODWAY BUILDERS SDN. BHD.,gbuilder2012@live.com,095661296,"No.264, 2nd Floor, Jalan Air Putih, 25300, Kuantan, Pahang","B-38 1st Floor, Lorong Seri Teruntum 139, Off Jalan Bukit Ubi, 25100, Kuantan, Pahang",Aktif,1,30298-1,Taman Alor Ara Jaya,Pahang,Pekan,
30299,yes,PARKLAND VIEW DEVELOPMENT SDN. BHD.,parklandview2012@gmail.com,062885799,"No. 17, Jalan Sb 2, Taman Seri Bertam, 76450, Melaka Tengah, Melaka","No. 12-1, Jalan Pandan Indah, Taman Pandan Indah, 75250, Melaka Tengah, Melaka",Aktif,1,30299-1,Taman Tedong Pantai Indah,Melaka,Jasin,
30300,yes,168 PARK SELAYANG  SDN. BHD.,marketing@168parkselayang.com,0362747969,"Lot 37672, Jalan 3/37a,, Kawasan Industri Taman Bukit Maluri,, Kepong,, 52100, Kuala Lumpur, Wp Kuala Lumpur","D-19-08, Menara Mitraland,, No. 13a, Jalan Pju 5/1,, Kota Damansara Pju 5,, 47810, Petaling , Selangor",Aktif,2,30300-1,168 Park Selayang,Selangor,Gombak,
30301,yes,SAUJANA GEMILANG DEVELOPMENT SDN. BHD.,igrandgroup@yahoo.com,0333257208,"No 3a,1st Floor, Jalan Bayu Tinggi 6, Taman Bayu Tinggi, 41200, Klang, Selangor","No. 17-1, Jalan Makyong 5a/ku5, Bandar Bukit Raja, 41050, Klang, Selangor",Aktif,1,30301-1,Taman Desa Saujana,Selangor,Sepang,
30302,yes,LANG PROPERTY SDN. BHD.,langproperty01@gmail.com,052931033,"No. 1, Jalan Tawas Idaman 2, Taman Tawas Idaman, 30010, Kinta, Perak","No.30, Medan Istana 1,, Bandar Ipoh Raya,, 30000, Kinta, Perak",Aktif,1,30302-1,Lang Residences,Perak,Kinta,
30303,yes,FAJAR SEBERANG SDN. BHD.,chunhuatmetal@gmail.com,056229999,"Lot 1034, Jalan Maharaja Lela, 36000, Hilir Perak, Perak","No. 46a, Lorong Bayu Tinggi 4c,, Taman Bayu Tinggi,, 41200, Klang, Selangor",Aktif,1,30303-1,Taman Sungai Tiang,Perak,Bagan Datuk,
30304,yes,ALAM MAJU REALTY SDN. BHD.,alammajurealty@gmail.com,044400311,"302, Tingkat 1, Lorong 9, Taman Bandar Baru, 08000, Kuala Muda, Kedah","21-b (first Floor),, Lebuhraya Maktab,, 10250, Pulau Pinang",Aktif,1,30304-1,Taman Jerai Jaya,Kedah,Kuala Muda,
30305,yes,SASARAN BAKAT SDN. BHD.,sales.admin@jesin.com.my,044235800,"No. 26 & 27, Jalan Petani, 08000, Kuala Muda, Kedah","No. 10b, Lorong 24,, Taman Patani Jaya,, 08000, Kuala Muda, Kedah",Aktif,1,30305-1,Taman Seri Jerlun Indah,Kedah,Kubang Pasu,
30306,yes,LEX LAND SDN. BHD.,lyscapital@yahoo.com,055483333,"No. 2, Bercham Bistari 6, Medan Bercham Bistari, 31400, Kinta, Perak","No. 30, Medan Istana 1, Bandar Ipoh Raya, 30000, Kinta, Perak",Aktif,7,30306-1,Lexview,Perak,Kinta,
30307,yes,SPECIAL PIXEL SDN. BHD.,specialpixelsdnbhd@gmail.com,052541515,"No. 145, Persiaran Raja Perempuan Mazwin, Buntong 4, 30100, Kinta, Perak","#462, Unit 6, Level 4, Setiawalk Mall (block K),, Setiawalk, Persiaran Wawasan,, Pusat Bandar Puchong,, 47160, Selangor",Aktif,4,30307-1,1 Curve,Perak,Kinta,
30308,yes,RHINOBUILD SDN. BHD.,rhinobuildsb@gmail.com,053231325,"No. 15, Lengkok Lahat Baru 3, Bandar Lahat Baru, 31500, Kinta, Perak","131a Jalan Pengkalan Barat, Taman Shatin Baru, 31650, Kinta, Perak",Aktif,1,30308-1,Gerbang Siputeh Sari,Perak,Kinta,
30309,yes,PREMIER ICONS SDN. BHD.,premiericonssb@gmail.com,062290140,"No. 27, Jalan Eco 1, Zon Industri Ayer Keroh Baru, 75450, Melaka Tengah, Melaka","G-9, Jalan Pm 14,, Plaza Mahkota,, Bandar Hilir, 75000, Melaka Tengah, Melaka",Aktif,1,30309-1,"Taman Seri Duyong, Seksyen 1",Melaka,Melaka Tengah,
30310,yes,FVL DEVELOPMENT (BS2)  SDN. BHD.,reciprocal2801@yahoo.com,052433668,"C-5-06, 5th Floor, , 2, Persiaran Greentown 3, , Greentown Business Centre, , 30450, Kinta, Perak","No. 43-2a, Jalan Thambapillai, , Brickfields, , 50470, Kuala Lumpur, Wp Kuala Lumpur",Aktif,1,30310-1,Taman Serai Perdana,Perak,Kerian,
30311,yes,NAGASUTRA DEVELOPMENT  SDN. BHD.,nagasutra888@gmail.com,0362521188,"54-1, Jalan Metro Perdana Timur 11, Taman Usahawan Kepong, 52100, Kuala Lumpur, Wp Kuala Lumpur","No. 13-1, Block A, Jalan Avenue 1,, Avenue Ampang (pandan Mesra),, 68000, Hulu Langat, Selangor",Aktif,1,30311-1,Menjalara 8 @ Kepong,Wp Kuala Lumpur,Kuala Lumpur,
30312,yes,BANGSAR HEIGHTS GLC SDN. BHD.,mamingholdings.hr@gmail.com,0379311888,"L11-01-02 & L11-03-3a, Level 11 Pjx Tower, No.16a, Persiaran Barat, 46050, Petaling , Selangor","24a Jalan 21/19, Sea Park, 46300, Petaling , Selangor",Aktif,2,30312-1,Residensi Bayu,Selangor,Hulu Langat,
30313,yes,HARMONI SRIMAJU SDN. BHD.,harmonysrimaju@gmail.com,047733777,"B79, Tingkat Atas, Jalan Tandop 5, Taman Perindustrian Ringan , 05050, Kota Setar, Kedah","No. 76, Ground Floor,, Jalan Selesa 1,, Taman Selesa,, 05400, Kota Setar, Kedah",Aktif,1,30313-1,Taman Nilam Sari,Kedah,Kota Setar,
30314,yes,MAJU CEMERLANG DEVELOPMENT  SDN. BHD.,majuc5586@gmail.com,056926602,"No.352, Jalan Simpang Dua, 32000, Manjung, Perak","No.352, Jalan Simpang Dua, 32000, Manjung, Perak",Aktif,1,30314-1,Taman Saujana Manjung,Perak,Manjung,
30315,yes,HARTA CEMERLANG CERGAS SDN. BHD.,hartacc.info@gmail.com,044241888,"No. 106-a, Jalan Ncity 1/5, N-city, 08000, Kuala Muda, Kedah","10-4a, Tingkat 1, Jalan Cindai Jaya 1, Taman Cindai Jaya, 08000, Kuala Muda, Kedah",Aktif,2,30315-1,Taman Lam Sun,Kedah,Kota Setar,
30316,yes,PELANGI88 BINA  SDN. BHD.,pelangi88binasb@gmail.com,095604996,"B 8010, 2nd & 3rd Floor, Sri Kuantan Square, Jalan Teluk Sisek, 25050, Kuantan, Pahang","B 8010, 2nd & 3rd Floor, Sri Kuantan Square, Jalan Teluk Sisek, Jalan Teluk Sisek, 25050, Kuantan, Pahang",Aktif,1,30316-1,Ketapang88,Pahang,Pekan,
30317,no,,,,,,,,,,,,
30318,yes,MONT STONE DEVELOPMENT SDN. BHD.,montstonedevelopment@gmail.com,0379317733,"E-107, Jalan 16/11, Phileo Damansara 1, Seksyen 16, 46350, Petaling , Selangor","No. C-02-08 & C-02-09, Block C,, Cheras Centrepoint, Medan Connaught,, No. 1, Jalan 3/144a,, 56000, Kuala Lumpur, Wp Kuala Lumpur",Aktif,1,30318-1,Taman Bukit Katil Damai,Melaka,Melaka Tengah,
30319,no,,,,,,,,,,,,
30320,no,,,,,,,,,,,,
30321,yes,ZOOM DEVELOPMENT SDN. BHD.,zoomdevelopments@yahoo.com,0364129150,"E-13a-1, Block E, Plaza Mont Kiara, No 2, Jalan Kiara, Mont' Kiara, 50480, Kuala Lumpur, Wp Kuala Lumpur","No. 63c, Jalan Ss25/2, Taman Bukit Emas, 47301, Petaling , Selangor",Aktif,1,30321-1,Residensi Suasana Aman,Selangor,Hulu Langat,
30322,yes,IDAMAN KUKUH SDN. BHD.,khogila@mgbgroup.com.my,0378745888,"H-g, Sunway Pj@51a, Jalan Ss9a/19, Seskyen 51a, 47300, Petaling , Selangor","G-3a, Sunway Pj@51a,, Jalan Ss9a/19, Seksyen 51a,, 47300, Petaling , Selangor",Aktif,3,30322-1,Idaman Cahaya 1,Selangor,Petaling ,
30323,yes,EADEPRO DEVELOPMENT SDN. BHD.,yschin@eadeco.com.my,052922933,"Lot 55992, Batu 5, , Off Jalan Tunku Abdul Rahman,, 31200, Kinta, Perak","63b, (2nd Floor), , Jalan Seenivasagam, 30450, Kinta, Perak",Aktif,5,30323-1,Klemeru,Perak,Kinta,
30324,yes,PAKSI GAGAH SDN. BHD.,syahrizan@lebardaun.com.my,0355111333,"Wisma Lebar Daun, No. 2, Jalan Tengku Ampuan Zabedah J9/j, Seksyen 9, 40000, Petaling , Selangor","No. 2 Jalan Tengku Ampuan Zabedah J9/j, Seksyen 9, 40000, Petaling , Selangor",Aktif,3,30324-1,Amare,Selangor,Petaling ,
30325,yes,HHR DEVELOPMENT SDN. BHD.,hhrdsb@gmail.com,067652399,"D04-1, D04-2, D04-3 (ground-2nd Floor), Jalan Dataran Sentral 3, Dataran Sentral, 70200, Seremban, Negeri Sembilan","No. 22, Ground Floor,, Jalan Dato Sheikh Ahmad,, 70000, Seremban, Negeri Sembilan",Aktif,1,30325-1,Taman Sentosa Impian,Selangor,Sepang,
30326,yes,INITIAL FORCE SDN. BHD.,admin@webest.my,062921300,"No. 8f, 8f-1, 8g & 8g-1,, Jalan Laksamana Cheng Ho, 75000, Melaka Tengah, Melaka","Units B To F, 4th Floor,, Bangunan Jian Mei,, Jalan Kenanga 3/29a, Gajah Berang,, 75200, Melaka Tengah, Melaka",Aktif,1,30326-1,Residensi Impiana,Selangor,Sepang,
30327,yes,ICONIC MAISON SDN. BHD.,jason@iconic.com.my,046431999,"70-1-30, D'piazza Mall , Jalan Mahsuri, Bandar Bayan Baru , 11900, Seberang Perai Tengah, Pulau Pinang","No. 1-2, Jalan Icon City,, Icon City,, 14000, Seberang Perai Tengah, Pulau Pinang",Aktif,1,30327-1,Pangsapuri Iconic Harmoni,Pulau Pinang,Seberang Perai Tengah,
30328,no,,,,,,,,,,,,
30329,yes,ECOVIEW PROPERTY SDN. BHD.,gks6828@hotmail.com,0333420909,"No 12a & 16, 3 Floor, Jalan Tiara 2 , Bandar Baru Klang, 41150, Klang, Selangor","No 12a & 16, 3 Floor, Jalan Tiara 2 , Bandar Baru Klang, 41150, Klang, Selangor",Aktif,2,30329-1,Lot 181689,Selangor,Klang,
30330,yes,GANDA HARTAMAS SDN. BHD.,wwtc008@gmail.com,044243346,"No.75, Tingkat 1, Jalan Bandar Puteri Jaya 1/1, Bandar Puteri Jaya, 08000, Kuala Muda, Kedah","3-10 Medan Perniagaan Pauh Jaya, Jalan Baru, 13700, Seberang Perai Tengah, Pulau Pinang",Aktif,1,30330-1,Taman Helang Perdana,Kedah,Kulim,
30331,yes,L & T REALTY SDN. BHD.,timothy.chiew@tslawland.com,038684289,"Ts Law Tower (menara Tslaw), Level 27, No 39, Jalan Kamuning, Pinggiran Trx, 55100, Kuala Lumpur, Wp Kuala Lumpur","3a-3-2, Platinum Mondrian, Pv 128, No. 128, Jalan Genting Klang, Setapak, 53300, Kuala Lumpur, Wp Kuala Lumpur",Aktif,2,30331-1,Residensi Skyline Kuchai,Wp Kuala Lumpur,Kuala Lumpur,
30332,yes,MHH DEVELOPMENT SDN. BHD.,mhhdevelopmentsb@gmail.com,097181962,"No. 3, Lot 4745, Tingkat 1, Taman Baiduri, Jalan Taman Kasturi 1, 16250, Tumpat, Kelantan","7th Floor, Bangunan Sapura, Jalan Sultanah Zainab, 15050, Kota Bharu, Kelantan",Aktif,1,30332-1,Taman Kubang Batang Indah,Kelantan,Tumpat,
30333,yes,ERA IMPIAN DEVELOPMENT SDN. BHD.,gelombangwarga@yahoo.com,0333258363,"24b Lorong Bayu Tinggi 1b/ks 6, Batu Unjur, 41200, Klang, Selangor","Room 1.02, 50a & 52a, Jalan Pasar, 41400, Klang, Selangor",Aktif,1,30333-1,Taman Melati,Selangor,Kuala Langat,
30334,yes,PARAGON UNITED SDN. BHD.,reciprocal2801@yahoo.com,0333728050,"No.26, Jalan Tengku Diauddin, 41000, Klang, Selangor","No 10a, Lebuh Gopeng, 41400, Klang, Selangor",Aktif,3,30334-1,Serai 168,Selangor,Klang,
30335,yes,BAHAGIA DEVELOPMENT SDN. BHD.,bahagia898@gmail.com,0350362385,"Suite 26-3, Setia Avenue, No. 2, Jalan Setia Prima S U13/s, Setia Alam, Seksyen U13, 40170, Petaling , Selangor","No. 48, Lorong Angsa, Taman Berkeley, 41150, Klang, Selangor",Aktif,1,30335-1,Taman Ijok Bahagia,Selangor,Kuala Selangor,
30336,yes,PULAU TIOMAN RESORT CITY SDN. BHD.,salesadm.md2@gmail.com,092966666,"No.1, Tingkat Basement, Jalan Dagang 2, Dynaton Bukit Angin, 28000, Temerloh, Pahang","No.71, Jalan Batu Unjur 2, Taman Bayu Perdana, 41200, Klang, Selangor",Aktif,2,30336-1,Dynaton Casa Hill,Pahang,Temerloh,
30337,yes,KEKAL SINARMAS SDN. BHD.,kekal.sinarmas@gmail.com,052418611,"No. 14-a Jalan Jelapang, Taman Silibin, 30100, Kinta, Perak","10a Jalan Centrepoint 2, Pinji Centrepoint, 31650, Kinta, Perak",Aktif,1,30337-1,Taman Kinta Gopeng,Perak,Kampar,
30338,no,,,,,,,,,,,,
30339,yes,ARMANI ALLIANCE SDN. BHD.,armanialliance88@gmail.com,052550769,"Level 17, Subplace Boulevard, No. 6, Jalan Juruanalisis U1/35, Seksyen U1, 40150, Petaling , Selangor","No 2, Jalan Foo Eng Lin, Taman Hoover, 31650, Kinta, Perak",Aktif,1,30339-1,Residensi Alam Armani,Selangor,Petaling ,
30340,yes,RYS REALTY VENTURES SDN. BHD.,rypsboffice@gmail.com,097888888,"Suite 1, Level 3, 12963-21, Rushdan Avenue, Kompleks Perniagaan Saidina Ali, Kok Lanas, 16450, Kota Bharu, Kelantan","Suite 1, Level 3, 12936-21, Rushdan Avenue, Kompleks Perniagaan Saidina Ali, Kok Lanas, 16450, Kota Bharu, Kelantan",Aktif,2,30340-1,Taman Hajjah Wan Fatimah 2,Terengganu,Besut,
30341,yes,GREEN GRANDEUR SDN. BHD.,greenyeo9691@gmail.com,0129879691,"B-1798, 1st. Floor, Lorong Sekilau 30, Jalan Dato' Lim Hoe Lek, 25200, Kuantan, Pahang","B-38 1st Floor, Lorong Seri Teruntum 139, Off Jalan Bukit Ubi, 25100, Kuantan, Pahang",Aktif,2,30341-1,Perumahan Kampung Padang Jaya,Pahang,Kuantan,
30342,no,,,,,,,,,,,,
30343,yes,CONCORD HOUSING DEVELOPMENT SDN. BHD.,maizatul.zainal@uoa.com.my,0322459188,"Suite G-1, Vertical Corporate Tower B, Avenue 10, The Vertical, Bangsar South City, No.8 Jalan Kerinchi, 59200, Kuala Lumpur, Wp Kuala Lumpur","No.9 Jalan Indah 16, Taman Cheras Indah, 56100, Kuala Lumpur, Wp Kuala Lumpur",Aktif,2,30343-1,Residensi Bukit Bamboo,Wp Kuala Lumpur,Kuala Lumpur,
30344,yes,KAYUMANIS PROPERTIES SDN. BHD.,info@salientpyd.com,0391719911,"No.18, Jalan 6/118c, Desa Tun Razak, 56000, Kuala Lumpur, Wp Kuala Lumpur","No. D-09-02, Level 9, Exsim Tower,, Millerz Square @ Old Klang Road, , Megan Legasi, No. 357, Jalan Kelang Lama, , 58000, Kuala Lumpur, Wp Kuala Lumpur",Aktif,2,30344-1,Dua Ruby Parkhomes,Selangor,Sepang,
30345,yes,SUSTAIN VISIONS SDN. BHD.,ltloo@benetonproperties.com,0327151166,"Level 18, Menara Chan, 138 Jalan Ampang, 50450, Kuala Lumpur, Wp Kuala Lumpur","Level 18, Menara Chan, 138 Jalan Ampang, 50450, Kuala Lumpur, Wp Kuala Lumpur",Aktif,1,30345-1,Candela,Selangor,Hulu Langat,
30346,yes,LAM HO  SDN. BHD.,simzienyang3@gmail.com,044413818,"Pt 1819, Kawasan Perusahaan Mergong, Jalan Lencong Barat, Mergong Barrage Ii, 05150, Kota Setar, Kedah","Level 1, 8a Jalan Tengah , 05100, Kota Setar, Kedah",Aktif,2,30346-1,Taman Wawasan Ii,Kedah,Kota Setar,
30347,yes,MHI PROPERTY SDN. BHD.,one_d3257@yahoo.com,097440037,"5231-f, Jalan Hamzah, 15050, Kota Bharu, Kelantan","Lot 344 Tingkat 1, Jalan Sultan Yahya Petra, 15200, Kota Bharu, Kelantan",Aktif,2,30347-1,Taman Mhi Damai,Kelantan,Kota Bharu,
30348,yes,ANJURAN LAGENDA SDN. BHD.,salesadmin@shangheight.com.my,063355553,"No. 19 & 19-1, Jalan Inang 1,, Taman Paya Rumput Utama, 76450, Melaka Tengah, Melaka","2b-9, Jalan Kesidang 3/6,, Melaka Mall,, Off Jalan Tun Perak,, 75300, Melaka Tengah, Melaka",Aktif,5,30348-1,Taman Pengkalan Impian,Melaka,Melaka Tengah,
30349,yes,ANGKASA ARMADA SDN. BHD.,sa.nk@enghangroup.com,0378046682,"No 31, Jalan Ss 4c/5, Taman Rasa Sayang, 47301, Petaling , Selangor","110b Jalan Ss 14/1, 47500, Petaling , Selangor",Aktif,1,30349-1,Residensi Tangen,Wp Kuala Lumpur,Kuala Lumpur,
30350,no,,,,,,,,,,,,
30351,yes,DIJACO SDN. BHD.,shteah8856@gmail.com,074327333,"No. 37b Jalan Kundang, Taman Bukit Pasir, 83000, Batu Pahat, Johor","23,jalan Mengkudu, Taman Makmur, 83000, Batu Pahat, Johor",Aktif,1,30351-1,Taman Sinar Pelangi,Johor,Batu Pahat,
30352,no,,,,,,,,,,,,
30353,yes,BLT DEVELOPMENT  SDN. BHD.,sinaranaset@gmail.com,092960816,"Lot 939, Jalan Simpang Lubuk Kawah, 28000, Temerloh, Pahang","C-34, 1st Floor,, Jalan Tengku Ismail,, 28000, Temerloh, Pahang",Aktif,1,30353-1,Tanjung Batu,Pahang,Temerloh,
30354,yes,JY CREATIVE DEVELOPMENT SDN. BHD.,finance@jycreative.my,067606235,"No.47, Jalan Toman 4, Kemayan Square, 70200, Seremban, Negeri Sembilan","2nd Floor, No.411, Jalan Haruan 4, Oakland Commercial Centre, 70300, Seremban, Negeri Sembilan",Aktif,1,30354-1,Merdeka Residensi,Pahang,Kuantan,
30355,yes,SUNGAI VILLA PROPERTIES  SDN. BHD.,sgvillaproperties@gmail.com,069593591,"No 6, Tgkt 1, Jln Sejahtera 1,, Tmn Sri Temenggong,, Jln Temenggong Ahmad,, 84000, Muar, Johor","No 21-b, Tgkt 2, Jln Pesta 1/1,, Tmn Tun Dr Ismail, Jln Bakri, 84000, Muar, Johor",Aktif,1,30355-1,Seroja,Johor,Tangkak,
30356,yes,TERAS SEJAHTERA SDN. BHD.,shah.7474@yahoo.com,0379323687,"B-17-13a, Tower B, Pinnacle Pj, Lorong Utara C, 46200, Petaling , Selangor","34-2, Jalan Radin Anum 2, , Bandar Baru Sri Petaling,, 57000, Kuala Lumpur, Wp Kuala Lumpur",Aktif,4,30356-1,Taman Linggi Impian,Negeri Sembilan,Port Dickson,
30357,yes,EXSIM BUKIT JALIL CITY SDN. BHD.,ben.lee@exsim.my,0379631999,"D-35-01, Level 35, Exsim Tower, Millerz Square @ Old Klang Road, Megan Legasi, No. 357, Jalan Klang Lama, 58000, Kuala Lumpur, Wp Kuala Lumpur","No. D-09-02, Level 9, Exsim Tower, Millerz Square @ Old Klang Road, Megan Legasi, No. 357, Jalan Kelang Lama, 58000, Kuala Lumpur, Wp Kuala Lumpur",Aktif,2,30357-1,Residensi Sejahtera Damai (veladaz Residences @ Bukit Jalil),Wp Kuala Lumpur,Kuala Lumpur,
30358,no,,,,,,,,,,,,
30359,yes,JELMA CEMERLANG SDN. BHD.,projects.duniamewah@gmail.com,0125084193,"231, Jalan Sultan Azlan Shah Selatan, 31650, Kinta, Perak","110b-1, Jalan Raja Permaisuri Bainun, 30250, Kinta, Perak",Aktif,1,30359-1,Straits Eco Residence,Perak,Kinta,
30360,no,,,,,,,,,,,,
30361,yes,FAJARBARU REAL DEVELOPMENT   SDN. BHD.,marketing@fajarbaru.com.my,0378061199,"No. 61 & 63, Jalan Ss6/12, 47301, Petaling , Selangor","No. 3a, Mezzanine Floor, Jalan Ipoh Kecil, 50350, Kuala Lumpur, Wp Kuala Lumpur",Aktif,1,30361-1,"Residensi Intan @ Desa Green, Kuala Krai",Kelantan,Kuala Krai,
30362,yes,MUAFAKAT WIRAJAYA SDN. BHD.,muafakatwirajayasb@gmail.com,052460653,"No.20 (level 6), Medan Stesen 18/7, Station 18, 31650, Kinta, Perak","47a Jalan Chung Ah Ming, Pasir Puteh, 31650, Kinta, Perak",Aktif,1,30362-1,Taman Tronoh Baru,Perak,Kinta,
30363,yes,FITRAH RESOURCES SDN. BHD.,chong.yc@radiumdevelopment.com,0341618218,"No. 21-2, Pv7, Jalan Melati Utama 2, Taman Melati Utama, Setapak, 53100, Kuala Lumpur, Wp Kuala Lumpur","62c, Jalan Ss21/62 , Damansara Utama, 47400, Petaling , Selangor",Aktif,2,30363-1,Residensi Desa Timur,Wp Kuala Lumpur,Kuala Lumpur,
30364,yes,EFFECTIVE VENTURE PERAK SDN. BHD.,sphoenix691@yahoo.com,055062339,"No 26a, Jalan Lang Jaya 1, Pusat Komersial Lang Jaya, 30010, Kinta, Perak","No. 3, Jalan Wah Keong, Taman Wah Keong, 31400, Kinta, Perak",Aktif,1,30364-1,Taman Klebang Perdana,Perak,Kinta,
30365,yes,IMPERIAL LAND SDN. BHD.,imperiallandsb@gmail.com,0333447000,"No. 35-1, Wisma Mega, Jalan Miri , 41400, Klang, Selangor","19-1, Jalan Batu Nilam 4,, Bandar Bukit Tinggi,, 41200, Klang, Selangor",Aktif,2,30365-1,Elysium,Selangor,Petaling ,
30366,yes,FAITHVIEW RESOURCES SDN. BHD.,annabellelim@faithview-dev.com,062860888,"Menara Faithview, No. 21, Jalan K/l 3/15, Taman Kota Laksamana Sek 3, 75200, Melaka Tengah, Melaka","123b, Jalan 25, Taman Melaka Raya, 75000, Melaka Tengah, Melaka",Aktif,1,30366-1,Residensi Ambien,Wp Kuala Lumpur,Kuala Lumpur,
30367,yes,IMPIANA IMPRESIF SDN. BHD.,cynthia.ng@brdb.com.my,0326882888,"Level 11 Menara Brdb, 285 Jalan Maarof, Bukit Bandaraya, 59000, Kuala Lumpur, Wp Kuala Lumpur","Level 11 Menara Brdb, 285 Jalan Maarof, Bukit Bandaraya, 59000, Kuala Lumpur, Wp Kuala Lumpur",Aktif,1,30367-1,Federal Avenue,Selangor,Petaling ,
30368,yes,DUTA GABUNGAN  SDN. BHD.,dutagabungansb@gmail.com,0356322730,"No 31, 1st Floor, Jalan Usj 10/1d, 47620, Petaling , Selangor","25-1 Jalan Pju 1/42a, Block F2 Dataran Prima, 47301, Petaling , Selangor",Aktif,1,30368-1,Taman Dato' Harun 9,Selangor,Klang,
30369,yes,MARVELRICH DEVELOPMENT SDN. BHD.,marvelrich.development@gmail.com,0351019985,"No 51-1, Jalan Sp 5/4, Pusat Perdagangan Bsp, Bandar Saujana Putra, 42610, Kuala Langat, Selangor","Room 1.02 50a & 52a, Jalan Pasar, 41400, Klang, Selangor",Aktif,1,30369-1,Citrine Layang-layang Johor,Johor,Kluang,
30370,yes,ARMADA ISTIMEWA SDN. BHD.,ben.lee@exsim.my,0389939911,"D-35-01, Level 35, Exsim Tower, Millerz Square @ Old Klang Road, Megan Legasi, No. 357, Jalan Kelang Lama, 58000, Kuala Lumpur, Wp Kuala Lumpur","No. 7-1, Jalan 109f, Plaza Danau 2, Taman Danau Desa, 58100, Kuala Lumpur, Wp Kuala Lumpur",Aktif,1,30370-1,Menara Sutera Ria (hugoz Suites @ Kl City Centre),Wp Kuala Lumpur,Kuala Lumpur,
30371,yes,EXSIM KUBANG KERIAN SDN. BHD.,ben.lee@exsim.my,0379631999,"D-35-01, Level 35, Exsim Tower, Millerz Square @ Old Klang Road, Megan Legasi, No 357, Jalan Kelang Lama, 58000, Kuala Lumpur, Wp Kuala Lumpur","No. D-09-02, Level 9, Exsim Tower, Millerz Square @ Old Klang Road, Megan Legasi, No. 357, Jalan Kelang Lama, 58000, Kuala Lumpur, Wp Kuala Lumpur",Aktif,1,30371-1,Erinaz Suites @ Kubang Kerian,Kelantan,Kota Bharu,
30372,yes,DPS LAND  SDN. BHD.,salesadmin@s111.com.my,063513111,"Lot 76 & 77 , Kawasan Perindustrian Bukit Rambai, Bukit Rambai, 75250, Melaka Tengah, Melaka","Unit 11.07, Amcorp Tower, Amcorp Trade Centre, , 18, Persiaran  Barat,, 46050, Petaling , Selangor",Aktif,2,30372-1,Taman Sungai Rambai Ria,Melaka,Jasin,
30373,yes,IDAMAN AKTIF SDN. BHD.,hims@lbs.com.my,0378745888,"H-g, Sunway Pj@51a, Jalan Ss9a/19, Seksyen 51a, 47300, Petaling , Selangor","G-3a, Sunway Pj@51a,, Jalan Ss9a/19, Seksyen 51a,, 47300, Petaling , Selangor",Aktif,1,30373-1,Idaman Sari,Selangor,Sepang,
30374,yes,GROWN MINING & ENGINEERING SDN. BHD.,salesadmin@s111.com.my,063513111,"Lot 161, Jalan Pbr 12, Kawasan Perindustrian Bukit Rambai, 75250, Melaka Tengah, Melaka","No. 27-1, Jalan Ttc 26b,, Taman Teknologi Cheng,, 75250, Melaka Tengah, Melaka",Aktif,1,30374-1,Taman Bukit Nibong Ria,Melaka,Melaka Tengah,
30375,yes,ECO SETIA PROPERTIES  SDN. BHD.,minghooidev@gmail.com,095661931,"A-5086 Jalan Kubang Buaya, Off Jalan Beserah, 25250, Kuantan, Pahang","4th Floor Hsbc Bank Building, No.1, Jalan Mahkota, 25000, Kuantan, Pahang",Aktif,1,30375-1,Taman Mh Pandan,Pahang,Kuantan,
30376,yes,WCT GREEN SDN. BHD.,johor.marketing@wct.my,0376817878,"B-19-1, Level 19, The Ascent, Paradigm, No. 1, Jalan Ss7/26a, Kelana Jaya, 47301, Petaling , Selangor","B-30-01, The Ascent Paradigm, No.1, Jalan Ss7/26a, Kelana Jaya, 47301, Petaling , Selangor",Aktif,5,30376-1,Adison,Johor,Johor Bahru,
30377,yes,LAGENDA TAPAH  SDN. BHD.,tarafnusantara@gmail.com,056881268,"Level 11 & Level 12, Menara Lagenda, No.3, Jalan Ss20/27, 47400, Manjung, Selangor","No. 131, Persiaran Pm 2/1, Pusat Bandar Seri Manjung Seksyen 2, 32040, Manjung, Perak",Aktif,1,30377-1,Lagenda Aman,Perak,Batang Padang,
30378,yes,KENANGAN KAPITAL SDN. BHD.,milanpropertiessdnbhd@gmail.com,052432118,"No. 7, Lebuh Lasam, 30350, Kinta, Perak","No. 30, Medan Istana 1, Bandar Ipoh Raya,, 30000, Kinta, Perak",Aktif,2,30378-1,Lake Garden,Perak,Kinta,
30379,yes,KENYALANG MEWAH SDN. BHD.,kenyalangmewah@emailgateways.com,0377256855,"60-a, 1st Floor, Jalan Ss 21/62, Damansara Utama, 47400, Petaling , Selangor","62-2, Jalan 2a/27a, Section 1, Wangsa Maju, 53300, Kuala Lumpur, Wp Kuala Lumpur",Aktif,1,30379-1,Taman Kelana,Selangor,Klang,
30380,yes,SPIRIT OF PERAI SDN. BHD.,spiritofperaisdnbhd@gmail.com,043565860,"23, Lorong Seri Murni 2, Taman Seri Murni, Sungai Dua, 13800, Seberang Perai Utara, Pulau Pinang","Unit 1-3-3,, No. 1, Jalan P. Ramlee, 10460, Daerah Timor Laut, Pulau Pinang",Aktif,1,30380-1,Taman Kota Indah,Pulau Pinang,Seberang Perai Utara,
30381,yes,BIZ LINK LAND SDN. BHD.,bizlinkland@gmail.com,0350223963,"No. 46-3, Jalan Radin Tengah, , Bandar Baru Seri Petaling Jaya, , 57000, Petaling , Wp Kuala Lumpur","No. 46-3, Jalan Radin Tengah,, Bandar Baru Seri Petaling,, 57000, Wp Kuala Lumpur",Aktif,1,30381-1,Residensi Alam Impian,Selangor,Sepang,
30382,yes,BKSP AUTOWORLD SDN. BHD.,cs.wang@chinhinproperty.com,0182228189,"Menara Chin Hin, Level 26, 8th & Stellar, No. 1, Jalan Naga Emas, Sri Petaling, 57000, Seberang Perai Selatan, Wp Kuala Lumpur","Suite 16.06, Mwe Plaza,, No. 8 Lebuh Farquhar,, 10200, Daerah Timor Laut, Pulau Pinang",Aktif,3,30382-1,Residensi Ayanna,Wp Kuala Lumpur,Kuala Lumpur,
30383,yes,ILHAM KREATIF SDN. BHD.,spmtpg@yahoo.com,058088888,"No.3, Jalan Medan Taiping 5, Medan Taiping, 34000, Larut & Matang, Perak","400, Jalan Kamunting Bt. 2, Taman Saujana, 34600, Larut & Matang, Perak",Aktif,1,30383-1,Taman Asam Kumbang Ria,Perak,Larut & Matang,
30384,yes,YKT PROJECTS SDN. BHD.,yktprojects@gmail.com,60360910139,"No.63, Jalan Bp 5, Taman Bayu Permai, 48000, Gombak, Selangor","No. 32b, Jalan Public, Kampung Baru Sungai Buloh, 47000, Petaling , Selangor",Aktif,1,30384-1,Taman Sungkai Harmoni,Perak,Batang Padang,
30385,yes,PASTECH ENGINEERING SDN. BHD.,sf.saw@gsdland.com.my,0124091381,"Lot 30 Persiaran Relau, 11900, Daerah Timor Laut, Pulau Pinang","No 44, Medan Kikik 1, Taman Inderawasih, 13600, Daerah Timor Laut, Pulau Pinang",Aktif,1,30385-1,Taman Ara Suria,Pulau Pinang,Seberang Perai Utara,
30386,yes,PAKATAN SAKSAMA SDN. BHD.,pakatansaksama648@gmail.com,045057648,"38 Jalan Pekaka 2, Taman Pekaka, 14300, Seberang Perai Selatan, Pulau Pinang","8b,lorong 24, Taman Patani Jaya, Sungai Petani,kedah, 08000, Kuala Muda, Kedah",Aktif,1,30386-1,Taman Cahaya Intan 2,Kedah,Bandar Baharu,
30387,yes,FOCAL PRODUCTS SDN. BHD.,angeline.focalproducts@gmail.com,042932626,"488a-16-01 Office Tower , Kompleks Midlands Park, Jalan Burma, 10350, Daerah Timor Laut, Pulau Pinang","51-8-a Menara Bhl, Jalan Sultan Ahmad Shah, 10050, Daerah Timor Laut, Pulau Pinang",Aktif,1,30387-1,Mandarin Residensi,Pulau Pinang,Daerah Timor Laut,
30388,yes,NALURI WIJAYA SDN. BHD.,info@spb.my,062810003,"No. 16 & 17, Plaza Seri Kubu, Jalan Tan Chay Yan, 75300, Melaka Tengah, Melaka","50-1, 52-1 & 54-1, Jalan Bpm 2, Taman Bukit Piatu Mutiara, 75150, Melaka Tengah, Melaka",Aktif,3,30388-1,Adiwarna,Selangor,Kuala Langat,
30389,no,,,,,,,,,,,,
30390,yes,UDA WAQF SDN. BHD.,shahriman@udanet.com,0327308500,"Tingkat 12, Blok Menara, Kompleks Pertama, Jalan Tuanku Abdul Rahman, 50100, Kuala Lumpur, Wp Kuala Lumpur","Tingkat 15, Blok Menara, Kompleks Pertama, Jalan Tuanku, Abdul Rahman, 50100, Kuala Lumpur, Wp Kuala Lumpur",Aktif,1,30390-1,Mawar @ Taman Sultan Sallehuddin,Kedah,Kota Setar,
30391,yes,PTL ALPHA SDN. BHD.,hk.tan@ptlproperties.com.my,045480277,"30b, Jalan Kulim, , Taman Jaya, , 14000, Seberang Perai Tengah, Pulau Pinang","163-d-4, Wisma Seri Perak, , Jalan Perak , 10150, Seberang Perai Tengah, Pulau Pinang",Aktif,1,30391-1,Residensi Santuari,Pulau Pinang,Seberang Perai Tengah,
30392,yes,MATRIX CONCEPTS (CHERAS) SDN. BHD.,matrix.cheras@mchb.com.my,0386017572,"Wisma Matrix, No.57, Jalan Tun Dr. Ismail, 70200, Seremban, Negeri Sembilan","Wisma Matrix,, No. 57, Jalan Tun Dr. Ismail, 70200, Seremban, Negeri Sembilan",Aktif,1,30392-1,Residensi Bayu,Wp Kuala Lumpur,Kuala Lumpur,
30393,yes,GOLDEN ARMANI DEVELOPMENT SDN. BHD.,amaninatarmezi.armani@gmail.com,0350385829,"Level 17, Suplace Boulevard, No.6, Jalan Juruanalisis U1/35, Seksyen U1, 40150, Petaling , Selangor","No. 2, Jalan Foo Eng Lin, Taman Hoover, 31650, Perak",Aktif,1,30393-1,Taman Bukit Tualang,Pahang,Temerloh,
30394,yes,GOODMODE BUILDERS SDN. BHD.,goodmodebuilders@hotmail.com,066774124,"1739, Jalan Sj 9/11,, Taman Seremban Jaya,, 70450, Seremban, Negeri Sembilan","No. 15a, Jalan Pndd 1,, Pusat Niaga Durian Daun,, 75200, Melaka Tengah, Melaka",Aktif,1,30394-1,Vila Bukit Negeri,Negeri Sembilan,Seremban,
30395,yes,JETWAY REALTY SDN. BHD.,wooproperties6868@gmail.com,092672626,"Lot 14, Tingkat Satu,, Jalan Zapin Indah 1,, Bandar Inderapura,, 27000, Jerantut, Pahang","2-12, Jalan Pju 8/3, Perdana Business Centre, Bandar Damansara Perdana, 47820, Petaling , Selangor",Aktif,1,30395-1,Taman Gemilang,Pahang,Jerantut,
30396,no,,,,,,,,,,,,
30397,yes,AVANTEX PROPERTIES  SDN. BHD.,info@avatex.com.my,0327044915,"D6-3-10,, Bangunan Perdagangan D6,, Jalan Sentul,, 51000, Kuala Lumpur, Wp Kuala Lumpur","No. 49b, Jalan Usj 1/20,, 47600, Selangor",Aktif,1,30397-1,Rivera Garden @ Jenjarom,Selangor,Kuala Langat,
30398,yes,MARVICE VANTAGE  SDN. BHD.,marvicegroup@gmail.com,0165388377,"No.210, , Jalan Gemini,, Taman Desa Bintang,, 32000, Manjung, Perak","No.36a, First Floor,, Jalan Raja Omar,, 32000, Manjung, Perak",Aktif,3,30398-1,Taman Seri Mawar 3,Perak,Manjung,
30399,yes,RESOLUSI TEMASEK SDN. BHD.,milanpropertiessdnbhd@gmail.com,052432118,"No. 7, Lebuh Lasam, 30350, Kinta, Perak","No. 30, Medan Istana 1, Bandar Ipoh Raya, 30000, Kinta, Perak",Aktif,2,30399-1,Tanjung Temasek,Perak,Kinta,
30400,yes,YAKIN LAND SDN. BHD.,sitirahayu@kpproperty.com.my,0386828238,"C-32-01 & C-33-01, Menara Vista Petaling, No 137, Jalan Puchong, 58200, Kuala Lumpur, Wp Kuala Lumpur","802, 8th Floor, Block C, Kelana Square, 17 Jalan Ss7/26, 47301, Petaling , Selangor",Aktif,1,30400-1,Residensi Papirus Yakin,Wp Kuala Lumpur,Kuala Lumpur,
30401,yes,CASA INSPIRASI SDN. BHD.,hims@lbs.com.my,0378777333,"B3-31-g, Brinchang Square, Jalan Besar Brinchang, 39100, Cameron Highlands, Pahang","Plaza Seri Setia, Level 1-4, No. 1, Jalan Ss9/2, 47300, Petaling , Selangor",Aktif,1,30401-1,Centrum Iris,Pahang,Cameron Highlands,
30402,yes,ITG PROJECTS SDN. BHD.,info.itgland@gmail.com,0382105323,"No. 6-2, Jalan Dataran Jade 2, Dataran Jade, Jade Hills, 43000, Hulu Langat, Selangor","No. 16d, Jalan 6/5, Taman Komersial Pandan Indah, 55100, Kuala Lumpur, Wp Kuala Lumpur",Aktif,1,30402-1,Taman Rembia Damai,Melaka,Alor Gajah,
30403,no,,,,,,,,,,,,
30404,yes,XINTIANDI DEVELOPMENT SDN. BHD.,admatiza@asetkayamas.com,0379899888,"Lot 33545 Batu 5 Jalan Klang Lama, 58000, Kuala Lumpur, Wp Kuala Lumpur","2nd Floor 17 & 19 Jalan Brunei Barat Pudu, Kuala Lumpur, 58000, Kuala Lumpur, Wp Kuala Lumpur",Aktif,1,30404-1,Redearth Genting Xintiandi,Pahang,-,
30405,yes,ADLY DEVELOPMENT SDN. BHD.,admin@adly.com.my,0351623341,"100 & 100a Lorong Samarinda 8, Taman Kandis Permai, 41000, Klang, Selangor","20a Jalan Kristal K7/k, Seksyen 7, 40000, Petaling , Selangor",Aktif,1,30405-1,Taman Bentara,Selangor,Kuala Langat,
30406,yes,DKD PROPERTY SDN. BHD.,dkdproperty13@gmail.com,6069518833,"No. 4 Jalan Daud, 84000, Muar, Johor","No. 67, 3rd Floor, Jalan Ali, 84000, Muar, Johor",Aktif,1,30406-1,Taman Putera Murni,Johor,Muar,
30407,yes,SMA BERKAT (M) SDN. BHD.,admin@smaberkat.com.my,098623391,"Level 2, Lot 9958,, Kawasan Perindustrian Teluk Kalong, 24007, Kemaman, Terengganu","Pt 11271,tingkat 1, Jalan Kubang Kurus, Taman Cukai Utama, 24000, Kemaman, Terengganu",Aktif,1,30407-1,Taman Bukit Kuang Idaman,Terengganu,Kemaman,
30408,yes,NEWHOME DEVELOPMENT SDN. BHD.,minghooidev@gmail.com,095661931,"A5086, Jalan Kubang Buaya, Off Jalan Beserah, 25250, Kuantan, Pahang","75, Bilik A, Tingkat 1, Jalan Haji Abdul Aziz, 25000, Kuantan, Pahang",Aktif,1,30408-1,Taman Mh Sungai Soi,Pahang,Kuantan,
30409,no,,,,,,,,,,,,
30410,yes,GEOFOUND CONSTRUCTION SDN. BHD.,info@geofoundconstruction.com.my,095701121,"B-28 Tingkat 1, Jalan Im 3/11, Bandar Indera Mahkota, 25200, Kuantan, Pahang","B-28, Tingkat 1,, Jalan Im 3/11,, Bandar Indera Mahkota,, 25200, Kuantan, Pahang",Aktif,1,30410-1,"Pr1ma Pinggiran Pelangi, Muadzam shah",Pahang,Rompin,
30411,yes,TM DEVELOPMENT (TRAS) SDN. BHD.,tmdevtras@hotmail.com,0331916840,"Lot 3830c, Batu 12, Kg Sg Rambai , Kg Sg Rambai , 42600, Kuala Langat, Selangor","Lot 42020-3-2 (3rd Floor), , Wisma Wcc Bayu, Jalan Batu Unjur 7,, Taman Bayu Perdana, , 41200, Klang, Selangor",Aktif,1,30411-1,Desa Wawasan Teras,Pahang,Raub,
30412,no,,,,,,,,,,,,
30413,yes,FORTE EMERALD SDN. BHD.,forte.emerald@gmail.com,052926322,"No.3a, Jalan Sri Klebang A/14, Bandar Baru Sri Klebang, 31200, Kinta, Perak","No. 2, Lintasan Perajurit 5, , Taman Perak,, 31400, Kinta, Perak",Aktif,2,30413-1,Astana Chemor,Perak,Kinta,
30414,no,,,,,,,,,,,,
30415,yes,KINTA BAKTI SDN. BHD.,kintabakti@gmail.com,6053577323,"No. 45a, Psrn. Seri Raia, Taman Seri Raia, Kg. Kepayang, 31300, Kinta, Perak","Lot 790, Kampung Cina, Mukim Sitiawan, 32000, Manjung, Perak",Aktif,2,30415-1,Taman Serdang Bakti,Perak,Manjung,
30416,yes,UNITED ENG HONG DEVELOPMENT SDN. BHD.,unitedenghong@yahoo.com,077991303,"No. 905 & 906, Jalan Endau, Taman Pantai Timur Dua, 86800, Mersing, Johor","28-b, Jalan Tun Abdul Razak, Susur Satu, 80000, Johor Bahru, Johor",Aktif,1,30416-1,Taman Sri Delima,Johor,Mersing,
30417,yes,59 INC SDN. BHD.,amirul.azhar@th-properties.com,0326873333,"Level 20, Menara Th Selborn, 153 Jalan Tun Razak, 50400, Kuala Lumpur, Wp Kuala Lumpur","Level 26 Menara Th Selborn,, 153 Jalan Tun Razak,, 50400, Kuala Lumpur, Wp Kuala Lumpur",Aktif,1,30417-1,Residensi Padang,Wp Kuala Lumpur,Kuala Lumpur,
30418,yes,HS HENG SENG HARDWARE SDN. BHD.,info@hshengseng.com,097736233,"Lot 1041, Jalan Yaakubiah, 15200, Kota Bharu, Kelantan","Lot 1041, Jalan Yakubiah, 15200, Kota Bharu, Kelantan",Aktif,1,30418-1,Projek Perumahan Padang Rokma,Kelantan,Tumpat,
30419,no,,,,,,,,,,,,
30420,yes,REAL GOLDEN DEVELOPMENT SDN. BHD.,annabellelim@faithview-dev.com,062860888,"Menara Faithview, No. 21, Jalan Kl 3/15, Taman Kota Laksamana Seksyen 3, 75200, Melaka Tengah, Melaka","123b, Jalan 25, Taman Melaka Raya, 75000, Melaka Tengah, Melaka",Aktif,4,30420-1,Residensi Ametis Kota Syahbandar,Melaka,Melaka Tengah,
30421,no,,,,,,,,,,,,
30422,yes,SEDIMI PROPERTY DEVELOPMENT  SDN. BHD.,es2u@outlook.com,0122805699,"No. 1-2-8, Block Ka1, Kuchai Avenue, Jalan Kuchai Maju 13, Kuchai Entrepreneurs Park, 58200, Kuala Lumpur, Wp Kuala Lumpur","12b(b) Jalan Sj6, Taman Selayang Jaya , 68100, Gombak, Selangor",Aktif,2,30422-1,Serelyn Avenue,Pahang,Kuantan,
30423,yes,KIN TONG REALTY (M) SDN. BHD.,kintong.realtysb@gmail.com,0126128635,"No. 95 (1st Floor), , Pusat Perdagangan 1 Bukit Gambir,, Bukit Gambir, 84800, Tangkak, Johor","A-g-12a, Wisma 2020,, Jalan Temenggong Ahmad,, 84000, Muar, Johor",Aktif,2,30423-1,Taman Tangkak 2,Johor,Tangkak,
30424,yes,AVENUE GREEN DEVELOPMENT SDN. BHD.,avenuegreen0710@gmail.com,0187816176,"No. 30, Jalan Bakawali 52, Taman Johor Jaya, 81100, Johor Bahru, Johor","No. 23-01, Jalan Adda 3/1, Taman Adda Heights, 81100, Johor Bahru, Johor",Aktif,2,30424-1,Serene Ville,Johor,Kulai,
30425,yes,NILAI UNGGUL DEVELOPMENT SDN. BHD.,nilaiunggul.development@gmail.com,098587766,"K 580, Tingkat 1, Jalan Da' Omar, Chukai, 24000, Kemaman, Terengganu","Pt 11271, Tingkat Satu,, Jalan Kubang Kurus, Taman Cukai Utama, 24000, Kemaman, Terengganu",Aktif,2,30425-1,Nilai Unggul Development Sdn Bhd,Terengganu,Kemaman,
30426,no,,,,,,,,,,,,
30427,yes,WANLAND METRO SDN. BHD.,wanlandmetro@yahoo.com.my,037931373,"No. 1102, Blok B Pusat Dagangan, Phileo Damansara 1, Jalan 16/11, Off Jalan Damansara , Seksyen 16, 46350, Petaling , Selangor","No. 5-4-1, Jalan 3/50,, Diamond Square,, Off Jalan Gombak,, 53000, Kuala Lumpur, Wp Kuala Lumpur",Aktif,1,30427-1,Projek Perumahan Mampu Milik Pasir Akar,Terengganu,Besut,
30428,yes,PLUTOVEST SDN. BHD.,mohammad.zaim@setiaawan.com,0197336632,"Lot No G57, Ground Floor, South City Plaza, Persiaran Serdang Perdana, Taman Serdang Perdana, Seksyen 1, 43300, Petaling , Selangor","Lot 5, Level 10,, Menara Great Eastern 2,, No. 50, Jalan Ampang,, 50450, Kuala Lumpur, Wp Kuala Lumpur",Aktif,1,30428-1,Residensi Seri Tanjung Bestari,Melaka,Melaka Tengah,
30429,yes,MAYA INTI SDN. BHD.,ongpt@jayamasproperty.com,01159826708,"11, Jalan Casa Residensi, Pusat Perniagaan Casa Residensi, 14000, Seberang Perai Tengah, Pulau Pinang","45, Jalan Perak, 10150, Daerah Timor Laut, Pulau Pinang",Aktif,1,30429-1,Maya Residensi,Pulau Pinang,Seberang Perai Tengah,
30430,no,,,,,,,,,,,,
30431,no,,,,,,,,,,,,
30432,yes,LPM DEVELOPMENT  SDN. BHD.,herney.mitc@gmail.com,062535704,"No. 11 & 13 Jalan Tu 49 A, Kompleks Komersial Boulevard,, Taman Tasik Utama, 75450, Melaka Tengah, Melaka","10-3, Aras 3, Kota Cemerlang, 75450, Melaka Tengah, Melaka",Aktif,1,30432-1,Taman Bukit Emas,Melaka,Alor Gajah,
30433,yes,PRIMARY SPECTRA DEVELOPMENT  SDN. BHD.,rachelgohyx@bsg.com.my,0046578687,"25-b, Lebuh Farquhar,, 10200, Daerah Timor Laut, Pulau Pinang","347-v, Tingkat Pemancar, 11700, Daerah Timor Laut, Pulau Pinang",Aktif,1,30433-1,Codrington Residence,Pulau Pinang,Daerah Timor Laut,
30434,yes,TANJONG TTS DEVELOPMENT SDN. BHD.,tanjongtts@gmail.com,0333581893,"22-2f, Jalan Setia Perdana Bf U13/bf, Sek U13, Bandar Setia Alam, 40170, Petaling , Selangor","L-2-2-18b, 1st Floor,, Jalan Pekan Baru 36,, 41050, Klang, Selangor",Aktif,1,30434-1,Taman Aman Baiduri,Selangor,Kuala Selangor,
30435,yes,PARAGON PREMIUM SDN. BHD.,paragonpremiumsdnbhd@gmail.com,072781111,"Level 10-01, Grand Paragon Hotel, No. 18, Jalan Harimau, Taman Century, 80250, Johor Bahru, Johor","Suite 336, 3rd Floor,, Johor Tower, Jalan Gereja,, 80888, Johor Bahru, Johor",Aktif,2,30435-1,Suria Paragon,Johor,Johor Bahru,
30436,no,,,,,,,,,,,,
30437,yes,LUXE PREMIER GROUPS SDN. BHD.,info.luxepro@gmail.com,052369298,"5-1 Jalan Ks 3, Jalan Kepayang Sentral 3, Kepayang Sentral, 30450, Kinta, Perak","47a Jalan Chung Ah Ming, Pasir Puteh, 31650, Kinta, Perak",Aktif,1,30437-1,Loft 26 @ Bercham,Perak,Kinta,
30438,yes,TASIK BUMIMAJU SDN. BHD.,tasikbumimaju.sb@gmail.com,073646390,"83-02, Jalan Mutiara Emas 10/2, Taman Mount Austin, 81100, Johor Bahru, Johor","50, Jalan Kempas Utama 2/2, Taman Kempas Utama, 81300, Johor Bahru, Johor",Aktif,1,30438-1,Tenglu Heights,Johor,Mersing,
30439,yes,GALAKSI BEBAS SDN. BHD.,sales@tamarins.my,042626999,"Ground Floor,tamarins House, 46 Pengkalan Weld, 10300, Daerah Timor Laut, Pulau Pinang","123-m (suite 2), Third Floor, Wisma Lister Garden,, Macalister Road,, 10400, Daerah Timor Laut, Pulau Pinang",Aktif,1,30439-1,The Anton,Pulau Pinang,Daerah Timor Laut,
30440,yes,MS LAKECITY SDN. BHD.,fairuz@mahsing.com.my,073554888,"Penthouse Suite 2, Wisma Mah Sing, No. 163, Jalan Sungai Besi, 57100, Kuala Lumpur, Wp Kuala Lumpur","Penthouse Suite 1, Wisma Mah Sing, No. 163, Jalan Sungai Besi, 57100, Kuala Lumpur, Wp Kuala Lumpur",Aktif,3,30440-1,Residensi Anggun,Johor,Johor Bahru,
30441,no,,,,,,,,,,,,
30442,yes,SURIA LAFAZ SDN. BHD.,mohammad.zaim@setiaawan.com,0197336632,"No.131, Persiaran Pm 2/1, Pusat Bandar Seri Manjung, Seksyen 2, 32040, Manjung, Perak","400 1st Floor,, Jalan Kamunting Bt. 2,, Taman Saujana,, 34600, Larut & Matang, Perak",Aktif,2,30442-1,Taman Bidor Bistari 2,Perak,Batang Padang,
30443,yes,KEVO BINA SDN. BHD.,kevo.deve@gmail.com,0389586668,"No.63-2, , Jalan Bs 1/1, Taman Bukit Serdang, 43300, Petaling , Selangor","No.37-4, Jalan Kuchai Maju 11,, Kuchai Entrepreneurs' Park,, Off Jalan Kuchai Lama,, 58200, Kuala Lumpur, Wp Kuala Lumpur",Aktif,2,30443-1,Residensi Selangorku Vista Idaman,Selangor,Hulu Langat,
30444,yes,DYNABARAT SDN. BHD.,kenali@live.com,097652286,"Lot 393, Kompleks Pondok Antarabangsa, Jalan Raja Perempuan Zainab 2, Kubang Kerian, 16150, Kota Bharu, Kelantan","No. 51a, Jalan Sg 3/10, , Pusat Bandar Seri Gombak,, 68100, Gombak, Selangor",Aktif,1,30444-1,Desa Pinggiran Bukit,Kelantan,Kuala Krai,
30445,no,,,,,,,,,,,,
30446,no,,,,,,,,,,,,
30447,yes,GREENWAY REALTY SDN. BHD.,greenwayrsb@gmail.com,066512003,"Pt 4956, Taman Pantai Mas, Batu 2/12, Jalan Seremban, 71000, Port Dickson, Negeri Sembilan","82-a & 83-b, Lorong Haruan 5/4, Oakland Commerce Square, 70300, Seremban, Negeri Sembilan",Aktif,1,30447-1,Taman Pd Restu,Negeri Sembilan,Port Dickson,
30448,yes,LANDAS BUMI SDN. BHD.,spmiow@erabarugroup.com,067688607,"No. 49, 2nd & 3rd Floor, Jalan Era Square 3, 70200, Seremban, Negeri Sembilan","2nd Floor, No.411, Jalan Haruan 4, Oakland Commercial Centre, 70300, Seremban, Negeri Sembilan",Aktif,1,30448-1,"Taman Cassia, Bahau",Negeri Sembilan,Jempol,
30449,yes,VIVA PRIMA DEVELOPMENT SDN. BHD.,whhland@gmail.com,045511133,"Lot 1361, Mk. 15, Jalan  Rozhan, Alma, 14000, Seberang Perai Tengah, Pulau Pinang","Lot 1361, Mk. 15, Jalan  Rozhan, Alma, 14000, Seberang Perai Tengah, Pulau Pinang",Aktif,1,30449-1,Frieden,Pulau Pinang,Seberang Perai Tengah,
30450,yes,TH GRAND PROPERTIES SDN. BHD.,thgrandproperty@gmail.com,049173193,"No. 243, Tingkat 1, Jalan Pj 2/2, Pekan Jitra 2, 06000, Kubang Pasu, Kedah","No. 3a, 1st Floor, Susuran Jingga,, Kompleks Perniagaan Mergong,, Lebuhraya Sultanah Bahiyah,, 05150, Kota Setar, Kedah",Aktif,2,30450-1,Taman Minang Sari,Kedah,Kota Setar,
30451,no,,,,,,,,,,,,
30452,yes,GC MEWAH SDN. BHD.,KELVIN.ETEAM@GMAIL.COM,0163626118,"E-1-6, Soho Ipoh 2, Jalan Sultan Idris Shah, 30000, Kuala Lumpur, Perak","No. 81 (2nd Floor), Jalan Market, 30000, Perak",Aktif,1,30452-1,The Grand Cheras Residence,Selangor,Hulu Langat,
30453,no,,,,,,,,,,,,
30454,no,,,,,,,,,,,,
30455,yes,ASTAKA DEVELOPMENT SDN. BHD.,salesadmin@astaka.com.my,072443427,"No 22 Jalan Padi Emas 1/4, Uda Business Centre, 81200, Johor Bahru, Johor","No 22 Jalan Padi Emas 1/4, Uda Business Centre, 81200, Johor Bahru, Johor",Aktif,1,30455-1,Aliva,Johor,Johor Bahru,
30456,yes,DK-EXCEL AUTO LEATHER SDN. BHD.,dk.properties66@gmail.com,0386039868,"179, Jalan Jelutong, 11600, Daerah Timor Laut, Pulau Pinang","Unit 1-3-3,, No. 1, Jalan P. Ramlee,, 10460, Daerah Timor Laut, Pulau Pinang",Aktif,1,30456-1,D'amber Puchong Intan,Selangor,Petaling ,
30457,yes,FIRSTLINE CAPITAL SDN. BHD.,wdloh.associates@yahoo.com.my,063346004,"No. 2, Jalan Mp 10, Taman Merdeka Permai, Hang Tuah Jaya, 75350, Melaka Tengah, Melaka","110, Jalan Melaka Raya 25, Taman Melaka Raya, 75000, Melaka Tengah, Melaka",Aktif,1,30457-1,Taman Rambai Tengah,Melaka,Melaka Tengah,
30458,no,,,,,,,,,,,,
30459,yes,K8 RESIDENCE SDN. BHD.,k8residence2020@gmail.com,062843698,"D5-4, 5th Floor Plaza Jayamuda, Jalan Pelandok Putih, Off Jalan Ong Kim Wee, 75300, Melaka Tengah, Melaka","100g/1, Jalan Kesidang 2/24, Lorong Pandan, 75250, Melaka Tengah, Melaka",Aktif,1,30459-1,Kondominium Kenanga Mewah,Melaka,Melaka Tengah,
30460,yes,PINE WELL DEVELOPMENT SDN. BHD.,mustafaalias59@gmail.com,0331767800,"No. 8-1, Jalan Kasuaina 8/ks7, Bandar Botanik, 41200, Klang, Selangor","No. 15b Tingkat 2, Jalan Tengku Ampuan Zabedah F9/f, Seksyen 9, 40100, Petaling , Selangor",Aktif,1,30460-1,Taman Seri Pinang,Selangor,Klang,
30461,yes,MAJESTIC LAND SDN. BHD.,info@mayland.com.my,0326929663,"31st Floor, Menara May (maytower),, No. 7 Jalan Munshi Abdullah,, 50100, Kuala Lumpur, Wp Kuala Lumpur","31st Floor, Menara May (maytower),, No. 7 Jalan Munshi Abdullah,, 50100, Kuala Lumpur, Wp Kuala Lumpur",Aktif,1,30461-1,Residensi Megah Kiara,Wp Kuala Lumpur,Kuala Lumpur,
30462,yes,PELANGI 1010 SDN. BHD.,pelangi9672@gmail.com,0380822118,"54a, Jalan Ss 2/67, 47300, Petaling , Selangor","No 60-1 Jalan Kuchai Maju 13, Kuchai Entrepreneurs' Park, Off Jalan Kuchai Lama, 58200, Kuala Lumpur, Wp Kuala Lumpur",Aktif,1,30462-1,Taman Terendak Permai,Melaka,Melaka Tengah,
30463,no,,,,,,,,,,,,
30464,yes,IMPERIO SETIA SDN. BHD.,ganyihuang.imperio@outlook.com,047711898,"66 & 67, 5th Floor, Jalan Psk 1, Pekan Simpang Kuala, 05400, Kota Setar, Kedah","No. 1010-1012, Kompleks Sri Putra, Seberang Jalan Putra, 05150, Kota Setar, Kedah",Aktif,1,30464-1,The Tenz,Kedah,Kota Setar,
30465,yes,WORLDKLANG GROUP DEVELOPMENT SDN. BHD.,choongim@klanggroup.com,0333589998,"No.2 Jalan Setia Dagang U13/ak,, Seksyen U13, Setia Alam, 40170, Klang, Selangor","12th Floor Menara Symphony, No. 5 Jalan Prof. Khoo Kay Kim, Seksyen 13, 46200, Klang, Selangor",Aktif,3,30465-1,K Garden @ Sungai Ruan,Pahang,Raub,
30466,yes,KMDI HOLDING SDN. BHD.,kmdiholdingskuantan@gmai.com,095157899,"Menara Maxis, Level 26, Kuala Lumpur City Centre, 50088, Kuala Lumpur, Wp Kuala Lumpur","Lot 125a, 1st Floor, Bangunan Muip, Jalan Mahkota, 25000, Pahang",Aktif,2,30466-1,Rumah Pahang - Felda Sungai Retang,Pahang,Jerantut,
30467,yes,PEMBINAAN SINARAN PELANGI SDN. BHD.,limsaland@yahoo.com,047317899,"No. 59, Taman Gunung Indah, Jalan Kuala Kedah, 05400, Kota Setar, Kedah","1885-a, Ground Floor, Jalan Stadium, 05100, Kota Setar, Kedah",Aktif,1,30467-1,Taman Pulasan,Kedah,Kubang Pasu,
30468,yes,GEO ELITE DEVELOPMENT SDN. BHD.,geoelite838@gmail.com,0361001112,"Pt 21075, Jalan Permai 2, Genting Permai, 69000, Bentong, Pahang","54-3-2 Wisma Sri Mata, Jalan Van Praagh, 11600, Seberang Perai Utara, Pulau Pinang",Aktif,1,30468-1,Geo Elite Residence,Pahang,Bentong,
30469,yes,AMAN WIJAYA SDN. BHD.,amanwijayasb@gmail.com,095158000,"B-1960, 1st Floor, Jalan Beserah, 25300, Kuantan, Pahang","75, Bilik A, Tingkat 1, Jalan Haji Abdul Aziz, 25000, Kuantan, Pahang",Aktif,1,30469-1,Perumahan Makmur Pandan 10 Jaya,Pahang,Kuantan,
30470,yes,RALIS GROUP SDN. BHD.,raliscom@ralis.com.my,0320800864,"No. 9-1-9, Jalan 3/109f, Danau Business Centre, Taman Danau Desa, Off Jalan Klang Lama, 58100, Kuala Lumpur, Wp Kuala Lumpur","6-1, Jalan Angsana 2, Taman Bukit Angsana, Cheras, 56000, Kuala Lumpur, Wp Kuala Lumpur",Aktif,2,30470-1,Taman Bunga Raya,Selangor,Klang,
30471,yes,SIN BAN LAY SDN. BHD.,lhui0916@gmail.com,074389188,"Pos 5a, Mukim 5, Parit Ahmad, Bukit Pasir, 83050, Batu Pahat, Johor","7, Jalan Rotan Cucur,, Taman Sri Jaya,, 83000, Batu Pahat, Johor",Aktif,1,30471-1,Taman Desa Cemerlang,Johor,Batu Pahat,
30472,yes,BT VENTURE LAND  SDN. BHD.,Btventureland@gmail.com,097486882,"Pt 1850 Tingkat 1, Taman Kenangan, Jalan Hospital, 15200, Kota Bharu, Kelantan","Lot 577 Section 19, Taman Limau Manis, Jalan Hamzah, 15050, Kota Bharu, Kelantan",Aktif,1,30472-1,Bt Venture Land Sdn. Bhd.,Kelantan,Kota Bharu,
30473,no,,,,,,,,,,,,
30474,yes,WIN GLOBAL BUILDER SDN. BHD.,winglobal.project@gmail.com,0380608188,"No 3 Jalan Kuchai Maju 6, Off Jalan Kuchai Lama, 58200, Kuala Lumpur, Wp Kuala Lumpur","No23, Level 3, Jalan Pju 5/4,, Dataran Sunway, Kota Damansara,, 47810, Selangor",Aktif,1,30474-1,Pangsapuri Seri Berlian,Selangor,Petaling ,
30475,yes,DUNIA JAYAMAS SDN. BHD.,lifestylere129@gmail.com,058290851,"No. 129, Jalan Taming Sari, 34000, Larut & Matang, Perak","No.13-15 Jalan Tokong, 34000, Larut & Matang, Perak",Aktif,2,30475-1,Taman Trong Jaya,Perak,Larut & Matang,
30476,yes,DMS LAND DEVELOPMENT SDN. BHD.,dmsland9319@gmail.com,063347005,"45-1, Jalan Pe 3, Taman Paya Emas, 76450, Melaka Tengah, Melaka","2b-9, Jalan Kesidang 3/6,, Melaka Mall,, Off Jalan Tun Perak,, 75300, Melaka Tengah, Melaka",Aktif,1,30476-1,Taman Timur,Negeri Sembilan,Jempol,
30477,no,,,,,,,,,,,,
30478,no,,,,,,,,,,,,
30479,yes,AWANA IMPIAN DEVELOPMENT SDN. BHD.,edisi98.sm@gmail.com,092778866,"No. 21a, Jalan Bungor, Taman Rimba, 28400, Temerloh, Pahang","No. 17 (1st Floor), Jalan Bunga Tanjung, 28400, Temerloh, Pahang",Aktif,1,30479-1,Taman Temerloh Jaya Indah,Pahang,Temerloh,
30480,yes,TAZ SETIA DEVELOPMENT SDN. BHD.,tazsetia1@gmail.com,01898662339,"No. C-165, Jalan Serindit, Bandar Baru, 28000, Temerloh, Pahang","No. 24-b, Jalan Anggerik, P.o.box No. 20, 28407, Temerloh, Pahang",Aktif,1,30480-1,Taman Sri Muda 2,Pahang,Jerantut,
30481,no,,,,,,,,,,,,
30482,yes,SUNRICH VICTORY SDN. BHD.,marketing@chinhinproperty.com,0379817878,"Menara Chin Hin, Level 26, 8th & Stellar, No. 1, Jalan Naga Emas, Sri Petaling, 57000, Kuala Lumpur, Wp Kuala Lumpur","No.1010-1012, Kompleks Sri Putra,, Seberang Jalan Putra,, 05150, Kota Setar, Kedah",Aktif,1,30482-1,Residensi Sempurna,Negeri Sembilan,Seremban,
30483,no,,,,,,,,,,,,
30484,no,,,,,,,,,,,,
30485,yes,CHERAS HONG SOON LAND  SDN. BHD.,chsland8@gmail.com,0390109595,"No. 1-g, Jalan Mahkota Residence 2, Bandar Mahkota Cheras, 43200, Hulu Langat, Selangor","Suite 1712 17th Floor, Plaza Permata Jalan Kampar, 50400, Kuala Lumpur, Wp Kuala Lumpur",Aktif,1,30485-1,Residensi Amira,Wp Kuala Lumpur,Kuala Lumpur,
30486,yes,SRI KERJAYA GLOBAL DEVELOPMENT  SDN. BHD.,chiayifohng@gmail.com,0176937898,"Lot 5105 Serom 4, 84410, Tangkak, Johor","Lc 448 Jalan Payamas, 84900, Tangkak, Johor",Aktif,1,30486-1,Lot 12147,Johor,Tangkak,
30487,yes,ALPHA MBO  SDN. BHD.,alphambo167@gmail.com,069531964,"No.21-b Tingkat 2, Jalan Pesta 1/1, Tmn Tun Dr Ismail, Jalan Bakri, 84000, Muar, Johor","No 21-b, Tgkt 2, Jln Pesta 1/1, Taman Tun Dr Ismail, Jln Bakri, 84000, Muar, Johor",Aktif,2,30487-1,Taman Cherating Perdana,Pahang,Kuantan,
30488,yes,BERJAYA TIMES SQUARE SDN. BHD.,info@masturapartnership.com.my,01162645995,"Postal No. 08-23 (lot No. 08-16), Level 8, Berjaya Times Square, No. 1, Jalan Imbi, 55100, Kuala Lumpur, Wp Kuala Lumpur","Lot 13-01a, Level 13 (east Wing), Berjaya Times Square, No.1 Jalan Imbi, 55100, Kuala Lumpur, Wp Kuala Lumpur",Aktif,1,30488-1,Residensi Times Square 2,Wp Kuala Lumpur,Kuala Lumpur,
30489,yes,UNI VISTA  SDN. BHD.,creditadmin@orando.com.my,0362754933,"No. 6-1, Jalan Medan Putra 4,, Medan Putra Business Centre,, Off Jalan Damansara,, 52200, Kuala Lumpur, Wp Kuala Lumpur","A-3-13, 8 Avenue Pj,, Jalan Sg. Jernih 8/1,, 46050, Petaling , Selangor",Aktif,1,30489-1,Pangsapuri Vista Lavender,Selangor,Petaling ,
30490,yes,ARMADA ANEKA SDN. BHD.,yellowstoneacc@gmail.com,052546655,"No.1344a, Jalan Pasir Pinji, Kampung Baru Pasir Pinji, 31650, Kinta, Perak","No.6, Jalan Siew Sin On, 31650, Kinta, Perak",Aktif,2,30490-1,Bandar Cyber,Perak,Kinta,
30491,yes,SERAIYA HILL SDN. BHD.,hello@winfar.com.my,0379860012,"C-1-1, Seri Gembira Avenue,, 6, Jalan Senang Ria,, Happy Garden,, 58200, Kuala Lumpur, Wp Kuala Lumpur","8-b, Jalan Nyonya, Pudu, 55100, Kuala Lumpur, Wp Kuala Lumpur",Aktif,1,30491-1,Seraiya By The Hill,Selangor,Petaling ,
30492,yes,IDEALBUILD DEVELOPMENT SDN. BHD.,idealbuilddevelopment@gmail.com,075506868,"Setia Business Park Ii, , 7, Jalan Perniagaan Setia 1/1, , Taman Perniagaan Setia,, 81100, Johor Bahru, Johor","12a, Jalan Gaya 26,, Taman Gaya, 81800, Johor Bahru, Johor",Aktif,1,30492-1,Taman Permai Indah,Pahang,Rompin,
30493,yes,SAMSURI DAGANG SDN. BHD.,samsuridagang@gmail.com,0331913263,"No.3, Tingkat Atas, Jalan Sr 1, Taman Seri Rambai, 42600, Kuala Langat, Selangor","18a (1st Floor), Jalan Kuini 2, , Taman Seri Jarom,, 42600, Petaling , Selangor",Aktif,1,30493-1,Taman Merpati,Selangor,Kuala Langat,
30494,no,,,,,,,,,,,,
30495,yes,CEMERLANG MUHIBBAH SDN. BHD.,scldevsb998@gmail.com,062833998,"No. 2, Jalan Pandan Indah 1, Taman Pandan Indah, 75250, Melaka Tengah, Melaka","375-l,, Taman Peringgit Jaya,, Jalan Taming Sari,, 75400, Melaka Tengah, Melaka",Aktif,1,30495-1,Taman Sungai Udang,Melaka,Melaka Tengah,
30496,yes,LEVERAGE GLOBAL SDN. BHD.,limseryaw.mjkgroup@gmail.com,078632333,"No. 35, Jalan Cantik 3, Taman Pelangi Indah, 81800, Johor Bahru, Johor","No. 8m, Ground Floor,, Jalan Tun Abdul Razak (susur 3),, 80200, Johor Bahru, Johor",Aktif,3,30496-1,Puncak Premium,Johor,Johor Bahru,
30497,yes,HAUS PLUS KL  SDN. BHD.,maxleong@adenland.com.my,0377329612,"Oval Damansara, Unit 3-11 & 12, Menara Permata Damansara, 685, Jalan Damansara, 60000, Kuala Lumpur, Wp Kuala Lumpur","15-11, Q Sentral, 2a, Jalan Stesen Sentral 2, Kl Sentral, 50470, Kuala Lumpur, Wp Kuala Lumpur",Aktif,1,30497-1,Rumah Bandar Cora Plus 2,Selangor,Petaling ,
30498,yes,POWER EQUITY VENTURE SDN. BHD.,powerequityventuresdnbhd@gmail.com,058063608,"No. 37, Ground Floor, Jalan Tbc 5, Taiping Business Centre, 34000, Larut & Matang, Perak","No. 11, 1st Floor, Jalan Medan Saujana 1,, Medan Saujana,, 34600, Larut & Matang, Perak",Aktif,1,30498-1,Skim Perumahan Fasa 1  Mukim Kota Lama Kiri,Perak,Kuala Kangsar,
30499,yes,YTL DAMANSARA 3  SDN. BHD.,mhyap@ytl.com,0320380888,"36th Floor, Menara Ytl, 205, Jalan Bukit Bintang, 55100, Kuala Lumpur, Wp Kuala Lumpur","33rd Floor, Menara Ytl,, 205, Jalan Bukit Bintang,, 55100, Kuala Lumpur, Wp Kuala Lumpur",Aktif,1,30499-1,Residensi Dedaun Rimba,Selangor,Petaling ,
30500,yes,SIME DARBY PROPERTY (GOLFHOME) SDN. BHD.,nur.nasihan.razak@simedarbyproperty.com,0378495299,"Level 10, Block G, No.2, Jalan Pju 1a/7a, Ara Damansara, Pju 1a, 47301, Petaling , Selangor","Level 10,block G, No.2,jalan Pju 1a/7a, Ara Damansara,pju 1a, 47301, Petaling , Selangor",Aktif,1,30500-1,Residensi Opera,Wp Kuala Lumpur,Kuala Lumpur,
30501,yes,MASS PARK DEVELOPMENT SDN. BHD.,massparkdevelopment@gmail.com,067638060,"No.200-1, Jalan Tuanku Munawir, 70000, Seremban, Negeri Sembilan","No 24 & 25, Ground Floor,, Lorong Haruan 5/1,, Oakland Commerce Square,, 70300, Seremban, Negeri Sembilan",Aktif,4,30501-1,Taman Sengkang,Negeri Sembilan,Port Dickson,
30502,yes,HENG GUAN DEVELOPMENT SDN. BHD.,hello@hgd.com.co,047335812,"No. 3c, Pusat Perniagaan Shahab Utama, Susuran Senangin, Lebuhraya Sultanah Bahiyah, 05150, Kota Setar, Kedah","No. 7c, Pusat Perniagaan Shahab Utama,, Susuran Senangin,, Lebuhraya Sultanah Bahiyah,, 05150, Kota Setar, Kedah",Aktif,1,30502-1,Aera Gardens,Kedah,Kuala Muda,
30503,yes,MELATI PURNAMA SDN. BHD.,accounts@ygcorp.com.my,60378761188,"Lot G-01, Ground Floor, Tower B, Pj City Development, 15a, Jalan 219, Seksyen 51a, 46100, Petaling , Selangor","No. 2-1, Jalans Ri Hartamas 8, Sri Hartamas, 50480, Kuala Lumpur, Wp Kuala Lumpur",Aktif,2,30503-1,Trifolia,Negeri Sembilan,Port Dickson,
30504,yes,BAYU INDAH DEVELOPMENT SDN. BHD.,development.bayuindah@gmail.com,0129783988,"366 & 367 Lebuh Bandar 4/3, Bandar Putra Kulim, 09000, Kulim, Kedah","366 & 367 Lebuh Bandar 4/3, Bandar Putra Kulim, 09000, Kulim, Kedah",Aktif,1,30504-1,Taman Residensi Putra,Kedah,Kulim,
30505,yes,FORWARD VICTORY SDN. BHD.,ashley.yong@land-general.com,60362798000,"8trium, Level 18-21 Menara 1, Jalan Cempaka Sd12/5, Bandar Sri Damansara, 52200, Kuala Lumpur, Wp Kuala Lumpur","8trium, Level 21 Menara 1 , Jalan Cempaka Sd 12/5, Bandar Sri Damansara, 52200, Kuala Lumpur, Wp Kuala Lumpur",Aktif,2,30505-1,The Wyn Residences,Selangor,Petaling ,
30506,yes,TINTA KACA DEVELOPMENT SDN. BHD.,shirleytan@twlholdings.com.my,0320221680,"Wisma Twl, No.19, Jalan Melaka, 50100, Kuala Lumpur, Wp Kuala Lumpur","Wisma Twl, No. 19, Jalan Melaka, 50100, Kuala Lumpur, Wp Kuala Lumpur",Aktif,1,30506-1,Pangsapuri Harmoni Twl,Selangor,Petaling ,
30507,yes,ARK VISION HOLDINGS SDN. BHD.,arkvisionholdings@gmail.com,063170800,"Lot 13188, Jalan Murni 6,, Taman Mas Merah, , Batu Berendam,, 75350, Melaka Tengah, Melaka","17-1, Jalan Ps 1, Plaza Semabok,, Semabok,, 75050, Melaka Tengah, Melaka",Aktif,2,30507-1,Taman Seri Rambai,Melaka,Melaka Tengah,
30508,yes,TSR DEVELOPMENT SDN. BHD.,elaine.tay@tsrcap.com,0377177717,"Level 16, Menara Tsr, No. 12, Jalan Pju 7/3, Mutiara Damansara, 47810, Petaling , Selangor","Level 16, Menara Tsr, No. 12, Jalan Pju 7/3, Mutiara Damansara, 47810, Petaling , Selangor",Aktif,2,30508-1,Residensi Daya,Selangor,Petaling ,
30509,yes,HAO CHUANG HOLDINGS SDN. BHD.,haochuang@tophome.com.my,60390752882,"No 1, Jalan Simfoni 1, Balakong, 43300, Hulu Langat, Selangor","L8-01c, Level 8, Wisma Iav,, No. 86, Jalan Pasar,, Pudu,, 55100, Kuala Lumpur, Wp Kuala Lumpur",Aktif,1,30509-1,Residensi Jed,Selangor,Hulu Langat,
30510,yes,VISTA NOVA DEVELOPMENT SDN. BHD.,vistanovadevelopment@gmail.com,0390191999,"No.19-3 Jalan Mahkota, Residence 2, Bandar Mahkota Cheras, 43200, Hulu Langat, Selangor","No. 27-2, Plaza Sinar, Jalan 6/38d, Taman Sri Sinar, Segambut, 51200, Kuala Lumpur, Wp Kuala Lumpur",Aktif,1,30510-1,Nova Mutiara,Selangor,Hulu Langat,
30511,yes,M SUMMIT PREMIUM SDN. BHD.,weiren@msummit.com,042969222,"Menara M Summit Level 21, , 191-21-1 Jalan Magazine , 10300, Daerah Timor Laut, Pulau Pinang","Unit 1-3-3, No. 1, Jalan P. Ramlee,, 10460, Daerah Timor Laut, Pulau Pinang",Aktif,1,30511-1,Pavilion @ Damar,Pulau Pinang,Daerah Barat Daya,
30512,yes,BUKIT TAISHO SDN. BHD.,bukittaisho.sdn.bhd@gmail.com,064539866,"No. 10-11 Jalan Ficus 2, Pusat Perniagaan Ficus, 72100, Jempol, Negeri Sembilan","No.4, 2nd Floor, Jalan Sejahtera 1, Tmn Acbe, 72100, Jempol, Negeri Sembilan",Aktif,1,30512-1,Taman Ceria,Negeri Sembilan,Kuala Pilah,
30513,yes,DISTINCTIVE WORLD SDN. BHD.,michelle.won@eccaz.com.my,0364138008,"Level 31, Menara 1mk, Kompleks 1 Mont' Kiara, Premier Suite, No. 1, Jalan Kiara, Mont' Kiara, 50480, Kuala Lumpur, Wp Kuala Lumpur","46-1, Jalan Rampai Niaga 4, Rampai Business Park, 53300, Kuala Lumpur, Wp Kuala Lumpur",Aktif,1,30513-1,Residensi Tuju,Wp Kuala Lumpur,Kuala Lumpur,
30514,yes,GDP X PROPERTIES SDN. BHD.,nurhani@gdparchitects.com,0320959500,"No. 17, Jalan Setiakasih 5, Bukit Damansara, 50490, Kuala Lumpur, Wp Kuala Lumpur","25-2, Jalan Pju 1/42a, Dataran Prima, 47301, Petaling , Selangor",Aktif,1,30514-1,Penchala 188 Residency,Wp Kuala Lumpur,Kuala Lumpur,
30515,yes,MORNING DEW DEVELOPMENT SDN. BHD.,yuansengbt@yahoo.com,042820752,"86-1-3, 86 Avenue Residences, Lengkok Perak, 10150, Daerah Timor Laut, Pulau Pinang","86-1-3, 86 Avenue Residences, Lengkok Perak, 10150, Daerah Timor Laut, Pulau Pinang",Aktif,1,30515-1,The Cube,Pulau Pinang,Daerah Timor Laut,
30516,yes,TK COLLECTIONS SDN. BHD.,nghobe@yahoo.com,0192886280,"3a, Lorong Bahagia 2,, 45500, Kuala Selangor, Selangor","33b, Taman Yu 1, Jalan Yu, 45800, Kuala Selangor, Selangor",Aktif,1,30516-1,Taman Padi Emas,Selangor,Kuala Selangor,
30517,yes,MATRIX IBS SDN. BHD.,dlaplicensing@mchb.com.my,067642688,"Wisma Matrix, No. 57, Jalan Tun Dr Ismail, 70200, Seremban, Negeri Sembilan","Wisma Matrix,, No 57 Jalan Tun Dr Ismail, 70200, Seremban, Negeri Sembilan",Aktif,2,30517-1,Bukit Eka Precinct 3b,Negeri Sembilan,Seremban,
30518,yes,SIGMA MENTARI SDN. BHD.,sigmamentari@gmail.com,0189829227,"No. 8, Jalan Dato' Abd Rahman Ahmad, Taman Sunrise, 86000, Kluang, Johor","No. 23, Ground Floor, Jalan Lambak, 86000, Kluang, Johor",Aktif,1,30518-1,Taman Bidara,Johor,Mersing,
30519,yes,TL APEX RESOURCES SDN. BHD.,tlapex96@gmail.com,095139899,"No. 26,, Jalan Telok Sisek,, 25200, Kuantan, Pahang","75 Bilik A Tingkat 1, Jalan Haji Abdul Aziz, 25000, Kuantan, Pahang",Aktif,1,30519-1,Taman Seri Ceka 2,Pahang,Kuantan,
30520,yes,SERI NOVA PROPERTIES SDN. BHD.,general@serinova.com.my,0390191999,"No. 19-3, Jalan Mahkota Residence 2, Bandar Mahkota Cheras, 43200, Hulu Langat, Selangor","No. 27-2, Plaza Sinar, Jalan 6/38d,, Taman Sri Sinar, Segambut,, 51200, Kuala Lumpur, Wp Kuala Lumpur",Aktif,1,30520-1,Nova Nadira,Selangor,Hulu Langat,
30521,yes,SERI NOVA LAND SDN. BHD.,general@serinova.com.my,0390191999,"No.19-3, Jalan Mahkota Residence 2, Bandar Mahkota Cheras, 43200, Hulu Langat, Selangor","No. 27-2, Plaza Sinar, Jalan 6/38d, Taman Sri Sinar, Segambut, 51200, Kuala Lumpur, Wp Kuala Lumpur",Aktif,1,30521-1,Residensi Nova,Selangor,Hulu Langat,
30522,yes,BAYU PROSPEKTIF SDN. BHD.,property@melatiehsan.com.my,0340222177,"No. 5, Jalan Titiwangsa, 53200, Kuala Lumpur, Wp Kuala Lumpur","No. 5, Jalan Titiwangsa, 53200, Kuala Lumpur, Wp Kuala Lumpur",Aktif,1,30522-1,Pangsapuri Bayu Idaman,Selangor,Klang,
30523,yes,AVE PROJECTS SDN. BHD.,aveprojects99@gmail.com,0165531663,"No. 4a, Persiaran Batu Gajah Perdana 3, Taman Perindustrian Batu Gajah Perdana, 31000, Kinta, Perak","No. 6, Jalan Chew Sin On, 31650, Kinta, Perak",Aktif,1,30523-1,Taman Perak Permai,Perak,Kampar,
30524,yes,CTC DEVELOPMENT MALAYSIA SDN. BHD.,danielchia@ctcdevelopment.com.my,072073320,"Ptb 24692, Jalan Senyum, Kampung Wadihana, 80300, Johor Bahru, Johor","8c-1 (1st Floor), Jalan Tun Abdul Razak (susur 3), 80000, Johor Bahru, Johor",Aktif,1,30524-1,Residensi Oasis,Johor,Johor Bahru,
30525,yes,NIKMAT MAKMUR SDN. BHD.,nikmatmakmursb@gmail.com,03333230099,"53-1 & 53-2 Jalan Mahogani 5/ks7, Bandar Botanic, 41200, Klang, Selangor","Room 1.02 50a & 52a, Jalan Pasar, 41400, Klang, Selangor",Aktif,1,30525-1,Taman Dato Harun 8,Selangor,Klang,
30526,yes,KAWSEN DEVELOPMENT SDN. BHD.,kawsendevelopment@gmail.com,063329966,"16-1, Jalan Ku 3, Taman Krubong Utama, 75260, Melaka Tengah, Melaka","58a, Jalan Laksamana 4,, Taman Kota Laksamana,, 75200, Melaka Tengah, Melaka",Aktif,2,30526-1,Taman Seri Damai Aman,Pahang,Kuantan,
30527,yes,AWANA JV SURIA SAGA SDN. BHD.,riakau23@gmail.com,01111389299,"C-69-1, Jalan C180/1, Dataran C180, Batu 11, 43200, Kuala Lumpur, Selangor","Yong And Associates Management Services Sdn. Bhd., 58c, 2nd Floor, Jalan Brp 6/11,, Bukit Rahman Putra, Seksyen U20,, 47000, Petaling , Selangor",Aktif,2,30527-1,Taman Suria Ppam Muallim,Perak,Muallim,
30528,yes,MAJOR DEVELOPMENT  SDN. BHD.,leemei@bsg.com.my,0124315300,"12-h, Wisma Boon Siew, 1 Jalan Penang, 10000, Daerah Timor Laut, Pulau Pinang","Suite I, 2nd Floor, Wisma Lister Garden, 123 Jalan Macalister, 10400, Daerah Timor Laut, Pulau Pinang",Aktif,1,30528-1,Central Residence,Pulau Pinang,Daerah Timor Laut,
30529,no,,,,,,,,,,,,
30530,yes,PTL RESIDENCE  SDN. BHD.,hk.tan@ptlproperties.com.my,045480277,"No.30b First Floor, Jalan Kulim,, Taman Jaya,, 14000, Seberang Perai Tengah, Pulau Pinang","163-d-4, Wisma Seri Perak, Jalan Perak, 10150, Daerah Barat Daya, Pulau Pinang",Aktif,1,30530-1,Residensi Murni,Pulau Pinang,Seberang Perai Utara,
30531,yes,BAYU MANTAP SDN. BHD.,property@melatiehsan.com.my,0340222177,"No. 5, Jalan Titiwangsa, 53200, Kuala Lumpur, Wp Kuala Lumpur","No. 5 Jalan Titiwangsa, 53200, Kuala Lumpur, Wp Kuala Lumpur",Aktif,1,30531-1,Menara Emas Bangsar (residensi Khaya),Wp Kuala Lumpur,Kuala Lumpur,
30532,yes,PRIMAJU LANDS SDN. BHD.,tan_grandhome@yahoo.com,063123322,"2-1, Tingkat 2, Jalan Cheng Perdana 1/1a, Taman Desa Cheng Perdana, 75260, Melaka Tengah, Melaka","No. 10 (mez. Floor), , Jalan Kota Laksamana 2/15, Taman Kota Laksamana, Syeksen 2, 75200, Melaka Tengah, Melaka",Aktif,1,30532-1,Taman Permatang Ria,Melaka,Alor Gajah,
30533,yes,BINTANG MAHAWANGSA SDN. BHD.,bintangmahawangsa2009@gmail.com,047348500,"No. 55, Tingkat 3, Bangunan Emum 55, Jalan Gangsa, 05150, Kota Setar, Kedah","1885-a,, Ground Floor, Jalan Stadium, 05100, Kota Setar, Kedah",Aktif,1,30533-1,Taman Suasana Damai Indah,Kedah,Kubang Pasu,
30534,yes,PERINTIS SATU SDN. BHD.,perintiskonsult@gmail.com,0333413339,"13b, Jalan Keluli Am7/am, Seksyen 7, 40000, Petaling , Selangor","No. 15b, 3b Curve Business Park,, Jalan Medan Pusat 2d,, Pusat Bandar Bangi,, 43650, Hulu Langat, Selangor",Aktif,1,30534-1,Residensi Perintis Satu,Selangor,Klang,
30535,yes,AXTERIA ECO  SDN. BHD.,salesadmin@agb.my,072330911,"L2-01, No 56, Jalan Setia Tropika 1/14, Taman Setia Tropika, 81200, Johor Bahru, Johor","2 (1st Floor), , Jalan Marin, Taman Marin, , Jalan Haji Abdullah, Sungai Abong,, 84000, Muar, Johor",Aktif,1,30535-1,Kondominium  Kota Syahbandar,Melaka,Melaka Tengah,
30536,yes,UNIFIED LANE (M) SDN. BHD.,unifiedlane@gmail.com,092661788,"Lot 7718, No. 1, Tingkat Atas, , Bandar Inderapura, 27000, Jerantut, Pahang","No.29,ting.1, Jalan Pine 1,taman Pine, 27000, Jerantut, Pahang",Aktif,1,30536-1,Taman Sri Emas,Pahang,Jerantut,
30537,yes,IMPIAN IDAMAN DEVELOPMENT  SDN. BHD.,qsd168@gmail.com,092778866,"No. 21a, Jalan Bungor,, Taman Rimba,, 28400, Temerloh, Pahang","23 First Floor, Jalan Bunga Matahari, 28400, Temerloh, Pahang",Aktif,2,30537-1,Taman Teras Indah,Pahang,Maran,
30538,yes,YAKIN BINAJAYA SDN. BHD.,yakinbinajaya2022@gmail.com,043993389,"No. G-15, Kompleks Sepilai Jaya, Jalan Sepilai, 13700, Seberang Perai Tengah, Pulau Pinang","104, 1st Floor, Kompleks Alor Setar, Lebuhraya Darulaman, 05100, Kulim, Kedah",Aktif,1,30538-1,Taman Keriang Indah Bandar Changlun,Kedah,Kubang Pasu,
30539,yes,SUCCESS APEX DEVELOPMENT SDN. BHD.,successapexmalaysia@gmail.com,0162018837,"No. 23 & 25,, Jalan Os 1/1,, One Selayang,, 68100, Gombak, Selangor","No. 42-1, Jalan Prima 2,, Pusat Niaga Metro Prima Kepong,, 52100, Kuala Lumpur, Wp Kuala Lumpur",Aktif,1,30539-1,Taman Belibis,Selangor,Kuala Selangor,
30540,yes,PRIMA ACCESS SDN. BHD.,desapositif@yahoo.com,052418820,"418, Jalan Pasir Puteh, 31650, Kinta, Perak","No 41, Jalan Sentral Sungkai 2, Sentral Sungkai Perdana, 35600, Batang Padang, Perak",Aktif,1,30540-1,Taman Jasa,Perak,Kuala Kangsar,
30541,yes,RENUNG MANTAP SDN. BHD.,renung.mantap@gmail.com,052418611,"No.18a Jalan Centrepoint 1,, Pinji Centrepoint,, 31650, Kinta, Perak","No.10a Jalan Centrepoint 2,, Pinji Centrepoint,, 31650, Kinta, Perak",Aktif,1,30541-1,Taman Sejahtera 34sd,Perak,Kampar,
30542,yes,FLORENCE DEVELOPMENT SDN. BHD.,florencedev@hotmail.com,0109173001,"No. 28, Jalan Industri 6, Taman Perindustrian Temerloh, 28400, Temerloh, Pahang","No. 9, (1st Floor),, Taman Zabidin,, Jalan Temerloh,, 28400, Temerloh, Pahang",Aktif,1,30542-1,Taman Bukit Tingkat Jaya,Pahang,Temerloh,
30543,yes,IRAMA SETIA SDN. BHD.,infois@sinmah.com.my,0364143101,"A1-13a-15,arcoris Mont' Kiara, No.10 Jalan Kiara, 50480, Kuala Lumpur, Wp Kuala Lumpur","E-10-4, Megan Avenue 1,, 189, Jalan Tun Razak,, 50400, Kuala Lumpur, Wp Kuala Lumpur",Aktif,1,30543-1,"Laman Lentera, Kuala Kubu Bharu",Selangor,Hulu Selangor,
30544,yes,RACKSON COMPOSITE SDN. BHD.,estherlim@rackson.com.my,6046886712,"Suite 1-08-3a Menara Ijm Land , No 1 Lebuh Tunku Kudin 3, 11700, Daerah Timor Laut, Pulau Pinang","1-3-7 Krystal Point Corporate Park, Jalan Tun Dr. Awang, 11900, Daerah Barat Daya, Pulau Pinang",Aktif,1,30544-1,Avion,Pulau Pinang,Daerah Barat Daya,
30545,yes,KIRANA TIARA SDN. BHD.,norjahizan@gmail.com,073338168,"Unit 6.08, Level 6, Plaza Dnp, No. 59, Jalan Dato' Abdullah Tahir, 80300, Johor Bahru, Johor","Suite 5.11 & 5.12, 5th Floor, Menara Tjb,, No. 9, Jalan Syed Mohd. Mufti,, 80888, Johor Bahru, Johor",Aktif,1,30545-1,Residensi Idaman Ria,Johor,Johor Bahru,
30546,yes,BOUSTEAD LINES SDN. BHD.,hafizzal.mrini@boustead.com.my,0376819888,"238, 2nd Floor, The Curve, No. 6, Jalan Pju 7/3, Mutiara Damansara, 47810, Petaling , Selangor","Level 23, The Bousteador,, No. 10, Jalan Pju 7/6,, Mutiara Damansara,, 47800, Petaling , Selangor",Aktif,1,30546-1,The Lines,Selangor,Petaling ,
30547,yes,ANVIL KEVO SDN. BHD.,anvilkevo@gmail.com,0389586668,"No 27a, Jalan Psk 6, Pusat Perdagangan Seri Kembangan, 43300, Petaling , Selangor","No. 29-2, Jalan 46a/26, Taman Sri Rampai, 53300, Kuala Lumpur, Wp Kuala Lumpur",Aktif,1,30547-1,Amanora Residences,Selangor,Petaling ,
30548,yes,IKATAN BENDERA SDN. BHD.,ibsbhq@gmail.com,0392222550,"No.8b-1,tingkat 1, Jalan Sungai Besi, 57100, Kuala Lumpur, Wp Kuala Lumpur","33a ( Suite A ), Jalan Pandan Indah 4/6a, Pandan Indah, 55100, Kuala Lumpur, Wp Kuala Lumpur",Aktif,4,30548-1,Desa Rening Jaya,Selangor,Hulu Selangor,
30549,yes,PELITA BESTARI SDN. BHD.,pelitabestarisdnbhd@gmail.com,079444576,"Lot 412, Kampung Kuala Paya,, Mukim Buloh Kasap, 85010, Segamat, Johor","502, Jalan Melaka Raya 12,, Taman Melaka Raya,, 75000, Melaka Tengah, Melaka",Aktif,1,30549-1,Taman Pelita,Johor,Tangkak,
30550,yes,MPTS DEVELOPMENT SDN. BHD.,mptsdevelopmentsb@gmail.com,097440107,"Lot 991 & 992, Jalan Long Yunus, 15200, Kota Bharu, Kelantan","Lot 345, Aras 2, Seksyen 27, Jalan Pengkalan Chepa, 15400, Kota Bharu, Kelantan",Aktif,2,30550-1,Rumah Teres Bechah Resak,Kelantan,Tumpat,
30551,yes,C.H. PROPERTY SDN. BHD.,chris@chuanheng.net,069875678,"Lot Ptd 5097, Kawasan Perindustrian Parit Jamil, 84150, Muar, Johor","No. 11 (1st Floor), Jalan Maharani, 84000, Muar, Johor",Aktif,1,30551-1,Taman Seri Bakri 3,Johor,Muar,
30552,yes,ASTRUM SHAH ALAM SDN. BHD.,mohammad.zaim@setiaawan.com,0379322000,"Unit 3a10, Blok G, Pusat Dagangan , Phileo Damansara 1, No. 9, Jalan 16/11, Off Jalan Damansara, 46350, Petaling , Selangor","18-2, Jalan Pju 5/4,, Dataran Sunway, Kota Damansara,, 47810, Petaling , Selangor",Aktif,2,30552-1,Astrum Shah Alam,Selangor,Petaling ,
30553,no,,,,,,,,,,,,
30554,no,,,,,,,,,,,,
30555,yes,EDEN AT BOTANICA CT  SDN. BHD.,chongwh@plenaryvision.com,601731126,"Suite 6a & 6b,, 6th Floor , Wisma Mtt,, 26 Pengkalan Weld, 10300, Daerah Timor Laut, Pulau Pinang","Suite 6a & 6b, 6th Floor, Wisma Mtt, 26 Pengkalan Weld, 10300, Daerah Timor Laut, Pulau Pinang",Aktif,1,30555-1,Eden At Botanica Ct,Pulau Pinang,Daerah Barat Daya,
30556,no,,,,,,,,,,,,
30557,yes,GLOMAC AL BATHA SDN. BHD.,eliza@glomac.com.my,0377239000,"Level 15, Menara Glomac, Glomac Damansara, Jalan Damansara, 60000, Kuala Lumpur, Wp Kuala Lumpur","Level 15, Menara Glomac, Glomac Damansara, Jalan Damansara, 60000, Kuala Lumpur, Wp Kuala Lumpur",Aktif,1,30557-1,The Loop Residences,Selangor,Petaling ,
30558,yes,KAIZEN MANAGEMENT CONSULTANCY SDN. BHD.,chunhoac@gmail.com,0139832268,"43 Lorong Seri Teruntum 139, 25200, Kuantan, Pahang","No. 21, Jalan Timah Sari,, Kampung Kenangan Dato Onn 1,, 83000, Batu Pahat, Johor",Aktif,1,30558-1,Perumahan Indera Mahkota 18,Pahang,Kuantan,
30559,yes,FORZA CAPITAL SDN. BHD.,forzacapitalsb@gmail.com,062817887,"No. 3, Jalan Ps 1, Plaza Semabok, , 75050, Melaka Tengah, Melaka","No. 10-1, Jalan Klj 1-c, Taman Kota Laksamana Jaya, 75200, Melaka Tengah, Melaka",Aktif,3,30559-1,Taman Sungai Rambai Mesra,Melaka,Jasin,
30560,yes,DIMENSI JAYAMAS  SDN. BHD.,admin@dimsensijayamas.com,0128811983,"Unit 603, Block B, Phileo Damansara 1, No. 9, Jalan 16/11, Off Jalan Damansara, 46350, Petaling , Selangor","81 (2nd Floor), Jalan Market, 30000, Kinta, Perak",Aktif,1,30560-1,Desa Kerayong Indah,Selangor,Kuala Selangor,
30561,yes,ECO TERRACES SDN. BHD.,ecoforest@ecoworld.my,0387232255,"No. 1,seduduk Square, Jalan Kajang Villa, Eco Majestic, 43500, Hulu Langat, Selangor","Unit No. 19-01, Menara Ecoworld,, Bukit Bintang City Centre,, No. 2, Jalan Hang Tuah,, 55100, Kuala Lumpur, Wp Kuala Lumpur",Aktif,1,30561-1,Se.duduk,Selangor,Hulu Langat,
30562,yes,ANVIL LAND SDN. BHD.,general.anvilland@yahoo.com,0362111328,"Level 22-2, Premier Suite,, Menara 1 Mk, Kompleks 1 Mont Kiara, No. 1, Jalan Kiara Mont Kiara, 50480, Kuala Lumpur, Wp Kuala Lumpur","No. 29-2, Jalan 46a/26, Taman Sri Rampai, 53300, Kuala Lumpur, Wp Kuala Lumpur",Aktif,1,30562-1,Taman Baiduri,Selangor,Kuala Langat,
30563,yes,HANDAL JAYABINA SDN. BHD.,handalgroup2020@gmail.com,062533999,"Bjb Uptown, Jc 4188, Jalan Ppb Seksyen 4/4, Pusat Perniagaan Bestari Seksyen 4, 77200, Jasin, Melaka","No 21-1, Jalan  Mp 16, Taman Merdeka Permai, 75350, Melaka Tengah, Melaka",Aktif,2,30563-1,Taman Merlimau Impian,Melaka,Jasin,
30564,yes,WARISAN RAJAWALI SDN. BHD.,projects@cynb.com.my,0172133810,"18th Floor, Plaza Osk , Jalan Ampang, 50450, Kuala Lumpur, Wp Kuala Lumpur","21st. Floor, Plaza Osk, Jalan Ampang, 50450, Kuala Lumpur, Wp Kuala Lumpur",Aktif,2,30564-1,Residensi Nuria,Selangor,Gombak,
30565,yes,ALZAC DEVELOPMENT  SDN. BHD.,mmc@alzac.com.my,0391338225,"No. 8, 4th Floor, Jalan Midah 1, Taman Midah, Cheras, 56000, Kuala Lumpur, Wp Kuala Lumpur","Suite 15, 6th Floor, Ioi Business Park,, Bandar Puchong Jaya,, 47170, Petaling , Selangor",Aktif,1,30565-1,Residensi Riverville 2,Wp Kuala Lumpur,Kuala Lumpur,
30566,yes,LOW KENG HUAT BERHAD,salwaharon75@gmail.com,0342579899,"332a-19, 19th Floor, Plaza Ampang City, Jalan Ampang, 50450, Kuala Lumpur, Wp Kuala Lumpur","332a-19, 19th Floor, Plaza Ampang City, Jalan Ampang, 50450, Kuala Lumpur, Wp Kuala Lumpur",Aktif,2,30566-1,Puncak Wangsamas,Wp Kuala Lumpur,Kuala Lumpur,
30567,yes,KAWAN DEVELOPMENT SDN. BHD.,fei.eteam@gmail.com,0165623939,"E-1-6, Soho Ipoh 2, Jalan Sultan Idris Shah, 30000, Kinta, Perak","No. 81 (2nd Floor), Jalan Market, 30000, Kinta, Perak",Aktif,1,30567-1,"Residensi Kawan, Batu Gajah",Perak,Kinta,
30568,yes,THL HOLDINGS  SDN. BHD.,thlhsb88@gmail.com,0192720783,"29a, Jalan Merpati 1, Taman Perniagaan Merpati, Kalumpang, 44100, Hulu Selangor, Selangor","10-2b, Jalan Puteri 2/3,, Bandar Puteri,, 47100, Petaling , Selangor",Aktif,1,30568-1,Desa Serindit,Selangor,Hulu Selangor,
30569,no,,,,,,,,,,,,
30570,yes,INNOGLOBAL DEVELOPMENT SDN. BHD.,innoglobaldev@gmail.com,069858890,"No. 1853, Jalan Rami 4, Kawasan Perindustrian Bukit Pasir, 84300, Muar, Johor","Wisma Cheng & Co, 180-m, Jalan Munshi Abdullah, 75100, Melaka Tengah, Melaka",Aktif,2,30570-1,Taman Putera Indah,Johor,Muar,
30571,yes,EXSIM NOORDIN SDN. BHD.,ben.lee@exsim.my,0379631999,"D-35-01, Level 35, Exsim Tower, , Millerz Square @ Old Klang Road, , Megan Legasi, No. 357, Jalan Kelang Lama, , 58000, Kuala Lumpur, Wp Kuala Lumpur","No. D-09-02, Level 9, Exsim Tower,, Millerz Square @ Old Klang Road,, Megan Legasi, No. 357, Jalan Kelang Lama,, 58000, Kuala Lumpur, Wp Kuala Lumpur",Aktif,1,30571-1,Noordinz Suites @ George Town,Pulau Pinang,Daerah Timor Laut,
30572,yes,PINNACLE ARMANI AD SDN. BHD.,marketing.sg@pinnaclegroup.com.my,0379322268,"Level 17, Subplace Boulevard, No. 6, Jalan Juruanalisis U1/35, Seksyen U1, 40150, Petaling , Selangor","3a32, Level 4 (lift 7), Block A,, Damansara Intan,, 1, Jalan Ss20/27, 47400, Selangor",Aktif,1,30572-1,Residensi Pinnacle Ara Damansara,Selangor,Petaling ,
30573,yes,MAJUKEE HARTANAH SDN. BHD.,majukeegroup@gmail.com,0332243963,"418, Jalan Pasir Puteh, 31650, Kinta, Perak","46-b Jalan Bayu Tinggi 6, Taman Bayu Tinggi, 41200, Klang, Selangor",Aktif,1,30573-1,Taman Arowana 2,Selangor,Sabak Bernam,
30574,yes,MERCHANT CAPITAL  SDN. BHD.,Merchantcapital.sb@gmail.com,063353364,"43, Jalan Pe 3, Taman Paya Emas, 76450, Melaka Tengah, Melaka","2b-9, Jalan Kesidang 3/6, Melaka Mall,, Off Jalan Tun Perak,, 75300, Melaka Tengah, Melaka",Aktif,1,30574-1,Taman Kompang Ria,Melaka,Alor Gajah,
30575,yes,BKS LAND SDN. BHD.,bksland18@gmail.com,0122894329,"Lot 431, Kampung Baru , Liman Kati , 33020, Kuala Kangsar, Perak","50a, 1st Floor,, Jalan Dato Tahwil Azar, 30300, Kinta, Perak",Aktif,1,30575-1,Taman Liman Indah,Perak,Kuala Kangsar,
30576,yes,KC PLATINUM DEVELOPMENT  SDN. BHD.,kcplatinumdevelopmentsb@gmail.com,095668832,"No. 6, Jalan Industri Semambu 11, Kawasan Perindustrian Semambu, 25350, Kuantan, Pahang","B-172, 2nd Floor,, Jalan Dato' Lim Hoe Lek,, 25200, Kuantan, Pahang",Aktif,1,30576-1,Jaya Gading 12,Pahang,Kuantan,
30577,yes,SUNRICH FOCUS SDN. BHD.,spmajujaya@hotmail.com,043511333,"No. 1, Lorong Penaga, Off Jalan Haji Hashim, 13100, Seberang Perai Tengah, Pulau Pinang","No. 8, 1st Floor,, Lorong Tembikai Satu,, Kawasan Perniagaan Sungai Rambai,, 14000, Seberang Perai Tengah, Pulau Pinang",Aktif,1,30577-1,Taman Penaga Indah,Pulau Pinang,Seberang Perai Utara,
30578,yes,TYC DEVELOPMENT SDN. BHD.,tycdevsb@gmail.com,047354423,"B 148, Tingkat Satu, Jalan Tandop 6, Taman Perindustrian Tandop Utama, Jalan Lencong Barat, 05400, Kota Setar, Kedah","No. 7c, Pusat Perniagaan Shahab Utama,, Susuran Senangin,, Lebuhraya Sultanah Bahiyah,, 05150, Kota Setar, Kedah",Aktif,1,30578-1,Taman Pelangi,Kedah,Kubang Pasu,
30579,no,,,,,,,,,,,,
30580,yes,AXTERIA DEVELOPMENT   SDN. BHD.,vincent@agb.my,072330911,"L2-01, No.56, Jalan Setia Tropika 1/14, Taman Setia Tropika, 81200, Johor Bahru, Johor","2 (1st Floor),, Jalan Marin, Taman Marin, , Jalan Haji Abdullah, Sungai Abong,, 84000, Muar, Johor",Aktif,1,30580-1,Soho Aurora,Johor,Johor Bahru,
30581,yes,MHP3 SDN. BHD.,huiyin@platinumvictory.com,0340313686,"Lot 25067, Taman Melati Utama, Setapak, 53100, Kuala Lumpur, Wp Kuala Lumpur","62c, Jalan Ss21/62, Damansara Utama, 47400, Petaling , Selangor",Aktif,1,30581-1,Residensi Mh Platinum 3,Wp Kuala Lumpur,Kuala Lumpur,
30582,yes,OMARD SDN. BHD.,omardproperties@gmail.com,0378009009,"1881, Jalan Stadium, 05100, Kota Setar, Kedah","Level 1, 8a Jalan Tengah , 05100, Kota Setar, Kedah",Aktif,1,30582-1,Taman Kirana,Selangor,Sepang,
30583,no,,,,,,,,,,,,
30584,yes,REVENUE TEAM SDN. BHD.,revenue.team888@gmail.com,097478888,"C3-2-10 Solaris Dutamas, Jalan Dutamas 1, 50480, Kuala Lumpur, Wp Kuala Lumpur","C3-2-10, Solaris Dutamas, Jalan Dutamas 1, 50480, Kuala Lumpur, Wp Kuala Lumpur",Aktif,1,30584-1,Taman Sutera,Kelantan,Kuala Krai,
30585,no,,,,,,,,,,,,
30586,no,,,,,,,,,,,,
30587,yes,IWAJIB ESTATE SDN. BHD.,creditadmin@iwajib.com.my,0392233288,"Unit C-3a-02 & 03, Level 3a, Block C, Pusat Komersial Southgate, No 2, Jalan Dua, , Off Jalan Chan Sow Lin, Sg Besi, 55200, Kuala Lumpur, Wp Kuala Lumpur","35 First Floor, Jalan Ss2/55, 47300, Petaling , Selangor",Aktif,1,30587-1,Residensi Suria Idaman,Selangor,Hulu Langat,
30588,yes,MBW COVE SDN. BHD.,norjahizan@gmail.com,073338168,"Unit 6.08, Level 6,, Plaza Dnp, No. 59 Jalan Dato, Abdullah Tahir, 80300, Johor Bahru, Johor","Suite 5.11 & 5.12, 5th Floor, Menara Tjb,, No. 9, Jalan Syed Mohd. Mufti,, 80888, Johor Bahru, Johor",Aktif,4,30588-1,Residensi Permata Indah,Johor,Johor Bahru,
30589,yes,RISING ALLIANCE SDN. BHD.,rising.alliancesb@gmail.com,0351217398,"Lot 1282, Jalan Bukit Kemuning, Seksyen 32, 40460, Petaling , Selangor","52a, Lebuh Enggang,, 41150, Klang, Selangor",Aktif,2,30589-1,Puncak Awani,Selangor,Kuala Selangor,
30590,yes,SURIAMEGA DEVELOPMENT SDN. BHD.,enquiry@artecorp.com.my,0379556676,"C305, Block C, Level 3, Pusat Dagangan Phileo Damansara 1, No. 9, Jalan 16/11,, 46350, Petaling , Selangor","No. 17-a Jalan Daya 6, Taman Daya , 52100, Kuala Lumpur, Wp Kuala Lumpur",Aktif,2,30590-1,Arte Star,Wp Kuala Lumpur,Kuala Lumpur,
30591,yes,MACORP HOLDINGS SDN. BHD.,perakpmc@gmail.com,01163466036,"G1-08, Galleria 2, Persiaran Equine Perdana, Taman Equine, 43300, Petaling , Selangor","G1-08, Galleria 2, Persiaran Equine Perdana, Taman Equine, 43300, Petaling , Selangor",Aktif,1,30591-1,Villa D'polo,Perak,Kinta,
30592,yes,MK MAJUMAS SDN. BHD.,mkmajumas@gmail.com,0125252639,"No. 53a, Jalan Medan Ipoh 3, Bandar Baru Medan, 31400, Kinta, Perak","No. 2, Lintasan Perajurit 5, , Taman Perak, , 31400, Kinta, Perak",Aktif,1,30592-1,Taman Pusing Sakura,Perak,Kinta,
30593,yes,YON CUN REALTY SDN. BHD.,yoncunrealty88@gmail.com,0124291133,"Tbp 4630, Permatang Tinggi , Bakar Bata, 13200, Seberang Perai Utara, Pulau Pinang","No. 7079, Tingkat 2, Suite 1, Jalan Kampung Gajah, 12200, Seberang Perai Utara, Pulau Pinang",Aktif,1,30593-1,Taman Bertam Saujana,Pulau Pinang,Seberang Perai Utara,
30594,yes,BEST PRIMAX SDN. BHD.,yklee@beelianplastic.com.my,075987628,"63-67, Jalan Murni 6, Taman Perindustrian Murni, 81400, Kulai, Johor","40-01, Jalan Sri Pelangi 4,, Taman Pelangi,, 80400, Johor Bahru, Johor",Aktif,1,30594-1,Taman Pulai Orkid (fasa 1b),Johor,Johor Bahru,
30595,yes,TROPICANA ALAM  SDN. BHD.,michelle@tropicanacorp.com.my,0376636888,"Unit 1301, Level 13, Tropicana Gardens Office Tower, No. 2a, Persiaran Surian, Tropicana Indah, 47810, Petaling , Selangor","Unit 1301, Level 13,, Tropicana Gardens Office Tower,, No. 2a, Persiaran Surian, Tropicana Indah,, 47810, Petaling , Selangor",Aktif,2,30595-1,Tropicana Alam,Selangor,Kuala Selangor,
30596,no,,,,,,,,,,,,
30597,no,,,,,,,,,,,,
30598,no,,,,,,,,,,,,
30599,yes,MAKMUR TERBILANG SDN. BHD.,kuantan@adenland.com.my,095172919,"B-126 Jalan Beserah , 25300, Kuantan, Pahang","15-11, Q Sentral, 2a, Jalan Stesen Sentral 2,, Kl Sentral, 50470, Kuala Lumpur, Wp Kuala Lumpur",Aktif,1,30599-1,Makmur Plus,Pahang,Kuantan,
30600,yes,ZAINAL & DIN CONSTRUCTION SDN. BHD.,zainaldinconst@gmail.com,074334144,"83a & 84a, Jalan Chengal, Taman Makmur, 83000, Batu Pahat, Johor","83a & 84a,jalan Chengal, Taman Makmur, 83000, Batu Pahat, Johor",Aktif,1,30600-1,Peserai Sutera,Johor,Batu Pahat,
30601,yes,SUN SAKURA SDN. BHD.,fatin.diyana@melatiehsan.com.my,0340222177,"No. 5, Jalan Titiwangsa, 53200, Kuala Lumpur, Wp Kuala Lumpur","No.5, Jalan Titiwangsa, 53200, Kuala Lumpur, Wp Kuala Lumpur",Aktif,2,30601-1,Taman Nusa Melati,Johor,Johor Bahru,
30602,yes,DEMI HARTAJAYA SDN. BHD.,info.demihartajaya@gmail.com,01116494623,"No. 54, Jalan Ghazali Jawi, 31400, Kinta, Perak","No. 30, Medan Istana 1, Bandar Ipoh Raya, 30000, Kinta, Perak",Aktif,2,30602-1,Lakeview Residences,Perak,Batang Padang,
30603,yes,JUTA SAUJANA DEVELOPMENT SDN. BHD.,jutasaujanadev@gmail.com,067631417,"No.89 (tingkat Bawah), Jalan Seng Meng Lee, 70200, Seremban, Negeri Sembilan","No. 22, Ground Floor, Jalan Dato Sheikh Ahmad, 70000, Seremban, Negeri Sembilan",Aktif,1,30603-1,Taman Geliga,Negeri Sembilan,Jempol,
30604,no,,,,,,,,,,,,
30605,yes,PAN SEJATI DEVELOPMENT (M) SDN. BHD.,keith.shum@vizione.com.my,0386053355,"No. 12-3, Jalan 30/70a, Desa Sri Hartamas, 50480, Kuala Lumpur, Wp Kuala Lumpur","No. 12-3, Jalan 30/70a, Desa Sri Hartamas, 50480, Kuala Lumpur, Wp Kuala Lumpur",Aktif,1,30605-1,Residensi Sentral @ Putrajaya Presint 7,Wp Putrajaya,Putrajaya,
30606,yes,QUSENIX DEVELOPMENT SDN. BHD.,-,60333592801,"48, Jalan Sungai Agas 6a/ku3, Taman Sungai Pinang, 41400, Klang, Selangor","23-2, Lorong Gopeng, 41400, Klang, Selangor",Aktif,1,30606-1,Taman Syahbandar,Selangor,Kuala Langat,
30607,yes,SKC PLANTATION SDN. BHD.,skcplantationsb@gmail.com,092846093,"2 Jalan Besar , Kerdau, 28010, Temerloh, Pahang","No. Lot 5134, Block C,, 1st Floor, Dataran Emas,, Jalan Sultan Sulaiman,, 20000, Kuala Terengganu, Terengganu",Aktif,1,30607-1,Taman Peragap Bestari,Pahang,-,
30608,yes,NADI EMERY (KKD) SDN. BHD.,nadi.emerykkd@gmail.com,0378871393,"F-1 @ 8 Suria, 33, Jalan Pju 1/42, 47301, Petaling , Selangor","Unit 30-01, Level 30, Tower A, , Vertical Business Suite, Avenue 3,, Bangsar South, No. 8, Jalan Kerinchi, 59200, Kuala Lumpur, Wp Kuala Lumpur",Aktif,2,30608-1,Idaman Kwasa Damansara,Selangor,Petaling ,
30609,yes,CEMERLANG POSITIF SDN. BHD.,peizhe.chua@franky.com.my,0321663936,"B-11-5, Megan Avenue Ii, No. 12, Jalan Yap Kwan Seng, 50450, Kuala Lumpur, Wp Kuala Lumpur","Level 7, Mercu 3, , No. 3, Jalan Bangsar,, Kl Eco City,, 59200, Kuala Lumpur, Wp Kuala Lumpur",Aktif,1,30609-1,Residensi Alamanda Kepong,Wp Kuala Lumpur,Kuala Lumpur,
30610,yes,SUNNY MODE SDN. BHD.,kl@huayang.com.my,0361884488,"C-21, Jalan Medan Selayang 1 , Medan Selayang, 68100, Gombak, Selangor","C-21, Jalan Medan Selayang 1, Medan Selayang, 68100, Gombak, Selangor",Aktif,1,30610-1,Taman Ara Saujana,Selangor,Sepang,
30611,yes,BIDANG JAYA SDN. BHD.,bidangjayasb@gmail.com,0378057004,"J-13-1, Jalan Ss 6/16, Dataran Glomac, Kelana Jaya, 47301, Petaling , Selangor","Lot 3.26, Tkt. 2, Medan Mara,, Jalan Raja Laut,, 50350, Wp Kuala Lumpur",Aktif,1,30611-1,Taman Suria Sepang,Selangor,Sepang,
30612,yes,HOCK GUAN DEVELOPMENT SDN. BHD.,hockguandev@gmail.com,073317375,"11a Jalan Impian Emas 6, Taman Impian Emas, 81300, Johor Bahru, Johor","No. 41, Jalan Molek 1/8,, Taman Molek, 81100, Johor Bahru, Johor",Aktif,1,30612-1,Taman Lagenda Impian,Johor,Pontian,
30613,yes,HOZ PROPERTIES SDN. BHD.,hozproperties@gmail.com,095161485,"No.28, 1st Floor, Jalan Teluk Sisek, 25000, Kuantan, Pahang","7-9, 2 Rio Tower,, Persiaran Rio, Bandar Puteri,, 47100, Selangor",Aktif,1,30613-1,Perumahan Bukit Setongkol,Pahang,Kuantan,
30614,yes,ZOZZ DEVELOPMENT SDN. BHD.,ZOZZDevSB@gmail.com,0380807122,"4b, Jalan Bk 5/12a,, Bandar Kinrara, 47180, Petaling , Selangor","No. 5-2, Jalan Metro Perdana Timur 1,, Taman Usahawan Kepong, 52100, Kuala Lumpur, Wp Kuala Lumpur",Aktif,4,30614-1,Taman Pulai Indah,Pahang,Temerloh,
30615,yes,MITRAJAYA WARISAN  SDN. BHD.,kimberly.yeap@mitrajayahomes.com,0380682888,"No. 9, Blok D, Pusat Perdagangan Puchong Prima, Persiaran Prima Utama, Taman Puchong Prima, 47150, Petaling , Selangor","No. 9, Blok D, Pusat Perdagangan Puchong Prima, Persiaran Prima Utama, Taman Puchong Prima, 47150, Petaling , Selangor",Aktif,1,30615-1,Amora Residensi @ Warisan 9,Selangor,Sepang,
30616,yes,GOLDEN REX SDN. BHD.,admin@mylagroup.com,073500450,"No. 3 Jalan Petaling, Larkin Industrial Area, 80350, Johor Bahru, Johor","No. 48a & 49a, Jalan Mohd Salleh, 83000, Batu Pahat, Johor",Aktif,1,30616-1,La Heights Taman Permai @ Kulai,Johor,Kulai,
30617,no,,,,,,,,,,,,
30618,yes,IZAKA CORPORATION SDN. BHD.,izakacorporation@gmail.com,0162590882,"No 11, Jalan Meranti 29, Taman Meranti, 72100, Jempol, Negeri Sembilan","No. 4, 2nd Floor, Jalan Sejahtera 1, Taman Acbe, 72100, Jempol, Negeri Sembilan",Aktif,1,30618-1,Taman Jemapoh Indah 2,Negeri Sembilan,Kuala Pilah,
30619,yes,SAUJANA DEVELOPMENT SDN. BHD.,marketing@sdev.com.my,0378596000,"No 1 Persiaran Golf, Saujana Resort, Seksyen U2,, 40150, Petaling , Selangor","No. 1, Tingkat 1, Persiaran Golf, Saujana Resort, Seksyen U2, 40150, Petaling , Selangor",Aktif,1,30619-1,Residensi Rimbun Saujana,Selangor,Petaling ,
30620,no,,,,,,,,,,,,
30621,no,,,,,,,,,,,,
30622,yes,KSL MEDINI DEVELOPMENT SDN. BHD.,gt@ksl.my,079311430,"Wisma Ksl, No. 148, Batu 1 1/2, Jalan Buloh Kasap, 85000, Segamat, Johor","A-3-55, Pusat Komersial Bayu Tasek, Persiaran Southkey 1, Kota Southkey, 80150, Johor Bahru, Johor",Aktif,4,30622-1,Taman Puncak Tropicana,Johor,Pontian,
30623,yes,WANG DENG MARKETING SDN. BHD.,wangdengmarketing@gmail.com,045084588,"42a, Jalan Perniagaan Seri Juru 1, Pusat Perniagaan Seri Juru, 14100, Seberang Perai Tengah, Pulau Pinang","9-1, 9th Floor, Wisma Penang Garden,, 42 Jalan Sultan Ahmad Shah, 10050, Pulau Pinang",Aktif,1,30623-1,Taman Ulu Melaka Indah,Kedah,Langkawi,
30624,yes,ARDENT RESIDENCE SDN. BHD.,suchen@avaland.com.my,0358789061,"Lot C-02, Level 2, Skypark @ One City, Jalan Usj 25/1, 47650, Petaling , Selangor","Lot C-02, Level 2, Skypark @ One City,, Jalan Usj 25/1,, 47650, Petaling , Selangor",Aktif,1,30624-1,Residensi Aetas Seputeh,Wp Kuala Lumpur,Kuala Lumpur,
30625,no,,,,,,,,,,,,
30626,yes,PEMAJU BUMI CEMERLANG  SDN. BHD.,pemajubumi@gmail.com,01155033483,"No.1-1 Taman Sri Unas, Jalan Abdul Rahman, Parit Unas, 84150, Muar, Johor","Lc 448 Jalan Payamas, 84900, Tangkak, Johor",Aktif,1,30626-1,Taman Padang Temu Permai,Melaka,Melaka Tengah,
30627,yes,MAPLE MEADOW SDN. BHD.,sf.saw@gsdland.com.my,0124091381,"No. 1, Jalan Desa Ara, Taman Desa Ara, 13300, Seberang Perai Utara, Pulau Pinang","No. 44, Medan Kikik 1, Taman Inderawasih, 13600, Seberang Perai Tengah, Pulau Pinang",Aktif,1,30627-1,"D'aleena, Taman Perda Permai",Pulau Pinang,Seberang Perai Utara,
30628,yes,NEWURBAN  SDN. BHD.,rozanna@ibraco.com,6082361111,"A-32-8 & 9, H/tower No.5, Menara Uoa Bangsar, Jalan Bangsar Utama 1, Bangsar Utama, 59000, Kuala Lumpur, Wp Kuala Lumpur","No.6 The Northbank, Off Kuching-samarahan Expressway, 93350, Kuching, Sarawak",Aktif,1,30628-1,Residensi Newurban,Selangor,Petaling ,
30629,yes,DAWN LAND SDN. BHD.,marilyn.lee@chinhinproperty.com,0166800723,"Menara Chin Hin, Level 26, 8th & Stellar, No. 1, Jalan Naga Emas, Sri Petaling, 57000, Kuala Lumpur, Wp Kuala Lumpur","E-10-4, Megan Avenue 1,, 189, Jalan Tun Razak,, 50400, Wp Kuala Lumpur",Aktif,2,30629-1,Menara Senja,Wp Kuala Lumpur,Kuala Lumpur,
30630,yes,SIMFONI DESIRAN SDN. BHD.,simfonidesiran@gmail.com,0333441313,"20-2 Lorong Tiara 3/ku 1, Pusat Perniagaan Bbk, 41150, Klang, Selangor","10-2 Lorong Batu Nilam 3a, Bandar Bukit Tinggi, 41200, Klang, Selangor",Aktif,1,30630-1,Taman Imam Yusof 4,Selangor,Klang,
30631,no,,,,,,,,,,,,
30632,yes,ARICIA SDN. BHD.,joy.tan@chinhinproperty.com,0182551813,"Wisma Fiamma, No.20, Jalan 7a/62a, Bandar Manjalara, 52200, Kuala Lumpur, Wp Kuala Lumpur","E-10-4, Megan Avenue 1,, 189, Jalan Tun Razak, 50400, Kuala Lumpur, Wp Kuala Lumpur",Aktif,1,30632-1,Residensi Aris,Wp Kuala Lumpur,Kuala Lumpur,
30633,yes,ARMANI HARTAJAYA SDN. BHD.,katniss.lim@1pavilion.com,0321438089,"Unit 6-05, Level 6, Pavilion Tower, 75, Jalan Raja Chulan,, 50200, Kuala Lumpur, Wp Kuala Lumpur","Unit 6-3a, Level 6, Pavilion Tower, , 75 Jalan Raja Chulan, 50200, Kuala Lumpur, Wp Kuala Lumpur",Aktif,1,30633-1,Dataran Pavilion (pavilion Square),Wp Kuala Lumpur,Kuala Lumpur,
30634,yes,PARADIGM  CONNECTION SDN. BHD.,raashitranaidu@yahoo.com.my,067610778,"No. 78-1, Jalan Toman 5, Kemayan Square, 70200, Seremban, Negeri Sembilan","No. 43-2a, Jalan Thambapillai, Brickfields, 50470, Kuala Lumpur, Wp Kuala Lumpur",Aktif,1,30634-1,Taman Setia Indah,Negeri Sembilan,Seremban,
30635,yes,PARKLAND SOUTHERN SDN. BHD.,general@parklandgroup.com.my,062222888,"No. 112, Jalan Tun Perak, 75300, Melaka Tengah, Melaka","48 Jalan Kota Laksamana 2/15,, Taman Kota Laksamana, , Seksyen 2, , 75200, Melaka Tengah, Melaka",Aktif,2,30635-1,Residensi Parkland Permas,Johor,Johor Bahru,
30636,yes,HCK BESTARI SDN. BHD.,nor.siti@hckcapital.com,0165866909,"Level 40, Hck Tower (j-40-1), No. 8 Jalan Damansara, Empire City, Jalan Pju 8, 47820, Petaling , Selangor","Unit 7-01, Level 7, Menara Lagenda,, No. 3, Jalan Ss20/27,, 47400, Selangor",Aktif,1,30636-1,Sentral Elit,Selangor,Petaling ,
30637,yes,KEMASCON BUILDERS SDN. BHD.,kemasconbuilders@gmail.com,066010334,"249-1b, Jalan Haruan 5/6, Pusat Komersial Oakland 2, 70300, Seremban, Negeri Sembilan","80e, Ist Floor,, Jalan Rasah, 70300, Seremban, Negeri Sembilan",Aktif,1,30637-1,Taman Resak,Negeri Sembilan,Jelebu,
30638,yes,PEMBANGUNAN ELEGAN RAPI SDN. BHD.,eleganrapi@gmail.com,0129101039,"F-83, 1st Floor, Jalan Tengku Ismail, Bandar Baru, 28000, Temerloh, Pahang","C-34, 1st Floor,, Jalan Tengku Ismail,, 28000, Pahang",Aktif,1,30638-1,Taman Keramat Indah,Pahang,Temerloh,
30639,yes,MASSUFEI SDN. BHD.,weiyang110193@gmail.com,067671993,"216, Jalan Tuanku Munawir, 70000, Seremban, Negeri Sembilan","1st Floor, No.18,jalan Dato'abdul Rahman, 70000, Seremban, Negeri Sembilan",Aktif,1,30639-1,Taman Keranji,Negeri Sembilan,Port Dickson,
30640,yes,HARMONI URBINA SDN. BHD.,harmoniurbina@yahoo.com,044400311,"53, Jalan Tambun Indah 1, Taman Tambun Indah, 14100, Seberang Perai Selatan, Pulau Pinang","No. 80, , Lebuh Kimberley, 10100, Pulau Pinang",Aktif,2,30640-1,Taman Seladang Emas,Kedah,Kulim,
30641,yes,LOFTHILL DEVELOPMENT SDN. BHD.,rajauda2.dev@gmail.com,0327792566,"D-33-03, Megan Legasi @ Millerz Square, No. 357, Jalan Kelang Lama, 58000, Kuala Lumpur, Wp Kuala Lumpur","No 2, Jalan Foo Eng Lin, Taman Hoover, 31650, Kinta, Perak",Aktif,1,30641-1,Residensi Lofthill,Wp Kuala Lumpur,Kuala Lumpur,
30642,no,,,,,,,,,,,,
30643,yes,DUNIA LESTARI SDN. BHD.,patricia@cbg.com.my,0182800332,"63-2a, B, C, Jalan Anggerik , Vanilla T31/t, Seksyen 31, Kota Kemuning, 40460, Klang, Selangor","No.12a, Jalan Usj 11/3j, Usj 11, 47610, Klang, Selangor",Aktif,1,30643-1,Residensi Lestari 1,Selangor,Klang,
30644,yes,NOVA PAVILION SDN. BHD.,novapavilion8@gmail.com,069524999,"No. 1-13, Jalan Marin 5, Taman Marin, Jalan Haji Abdullah, 84000, Muar, Johor","123b, Jalan 25, Taman Melaka Raya, 75000, Melaka Tengah, Melaka",Aktif,1,30644-1,Taman Desa Kaloi,Selangor,Hulu Selangor,
30645,no,,,,,,,,,,,,
30646,yes,SRI KANCIL LAND SDN. BHD.,sales.skland@gmail.com,057777571,"No.3, Hala Gopeng, 30250, Kinta, Perak","121a Jalan Raja Ekram, 30450, Kinta, Perak",Aktif,1,30646-1,Taman Chandan Putri,Perak,Kuala Kangsar,
30647,yes,YU LIN DEVELOPMENT SDN. BHD.,yulindevelopment@gmail.com,093688162,"No. 9, First Floor, Bandar Raub Perdana, 27600, Raub, Pahang","No. 53, , Tingkat 2,, Bandar Raub Perdana,, 27600, Raub, Pahang",Aktif,1,30647-1,Taman Bunga Tanjung 2,Pahang,Raub,
30648,yes,PEMBANGUNAN JUJUR SEJIWA SDN. BHD.,villaavenuehousing@yahoo.com.my,0379805334,"30-1, Jalan Indrahana 1, Taman Indrahana, Jalan Kuchai Lama, 68200, Kuala Lumpur, Wp Kuala Lumpur","20-m, Lorong Gopeng, 41400, Klang, Selangor",Aktif,1,30648-1,Vila Setara,Wp Kuala Lumpur,Kuala Lumpur,
30649,no,,,,,,,,,,,,
30650,yes,BEBAS WAJAH SDN. BHD.,bebaswajah@gmail.com,0169249238,"36, Lorong Gopeng, 41400, Klang, Selangor","20-m, Lorong Gopeng, 41400, Klang, Selangor",Aktif,1,30650-1,Taman Perigi Nenas,Selangor,Klang,
30651,yes,FRAZEL REALTY SDN. BHD.,frazelrealty@gmail.com,047776888,"728 & 729, 2nd Floor, Bangunan Peruda, Jalan Seberang Perak, 05400, Kota Setar, Kedah","1885-a, Ground Floor, Jalan Stadium, 05100, Kota Setar, Kedah",Aktif,1,30651-1,Taman Marina Jaya,Kedah,Kota Setar,
30652,yes,DENGKIL MAJU SDN. BHD.,dengkilmajusdnbhd@gmail.com,0374902212,"E-0-12 Kuchai Business Park, No. 2 Jalan 1/127, Off Jalan Kuchai Lama, 58200, Kuala Lumpur, Wp Kuala Lumpur","160-4b, 3 1/2 Miles, Old Klang Road, 58000, Kuala Lumpur, Wp Kuala Lumpur",Aktif,1,30652-1,Taman Ametis Damai,Selangor,Sepang,
30653,yes,CHEN YU LAND SDN. BHD.,kpktcentral@ijm.com,042961222,"The Light Exchange, 3-9-1, Persiaran Chin Fung Kee, =, 11700, Daerah Timor Laut, Pulau Pinang","2nd.flr.,wisma Ijm, Jalan Yong Shook Lin, Petaling Jaya,selangor., 46050, Petaling , Selangor",Aktif,2,30653-1,Ayra Terraces,Pulau Pinang,Seberang Perai Selatan,
30654,yes,PALING MAKMUR SDN. BHD.,jcdsb2001@yahoo.com,063178810,"No. 52-1, Jalan Pegaga, Taman Merdeka , 75350, Melaka Tengah, Melaka","123b, Jalan 25, Taman Melaka Raya, 75000, Melaka Tengah, Melaka",Aktif,1,30654-1,Taman Merlimau Perak,Melaka,Jasin,
30655,no,,,,,,,,,,,,
30656,yes,TEMASEK TITAN SDN. BHD.,wongkayel@hotmail.com,073517642,"No. 85, Jalan Harmonium 35/1, Taman Desa Tebrau, 81100, Johor Bahru, Johor","No 21-01, Jalan Titiwangsa 3/2, Taman Tampoi Indah, 81200, Johor Bahru, Johor",Aktif,1,30656-1,Taman Teratai,Johor,Kulai,
30657,no,,,,,,,,,,,,
30658,no,,,,,,,,,,,,
30659,no,,,,,,,,,,,,
30660,yes,SUDITASIA DEVELOPMENT SDN. BHD.,sdtsdevelopment@gmail.com,0333449333,"No. 28, Lorong Tiara 1b, Bandar Baru Klang, 41150, Klang, Selangor","1d-3 (2nd Floor), Mayang Plaza, Jalan Ss 26/9, 47301, Petaling , Selangor",Aktif,1,30660-1,Desa Bukit Nilam,Selangor,Klang,
30661,yes,JADE CLASSIC SDN. BHD.,puncakdana08@gmail.com,0378317891,"No1-2-46 Elit Avenue , Jalan Mayang Pasir 3, 11950, Daerah Timor Laut, Pulau Pinang","51-8-a Menara Bhl, Jalan Sultan Ahmad Shah, 10050, Daerah Timor Laut, Pulau Pinang",Aktif,1,30661-1,Daun Villa,Selangor,Sepang,
30662,yes,K AL WALID DEVELOPMENT SDN. BHD.,kalwalidevelopment@gmail.com,0387443067,"D-10-03, Plaza Paragon Point,,  Jalan Medan Pusat Bandar 5,, 43650, Hulu Langat, Selangor","Suite E-g-7 Parklane Commercial Hub, Jalan Ss7/26 Kelana Jaya, 47301, Hulu Langat, Selangor",Aktif,1,30662-1,Taman Seri Chenderiang,Perak,Batang Padang,
30663,yes,CLIR DEVELOPMENT SDN. BHD.,thamcs@hotmail.com,0356213813,"A405, Block A, Mentari Business Park, Jalan Pjs 8/5, Bandar Sunway, 46150, Petaling , Selangor","Unit A-3-1, 3rd Floor, 8 Avenue, Jalan Sg, Jernih 8/1, Seksyen 8, 46050, Petaling , Selangor",Aktif,2,30663-1,Eco Harmoni,Selangor,Sabak Bernam,
30664,yes,THUNDERFLASH REALTY SDN. BHD.,daisylim@meck.com.my,0177208777,"No.2, Jalan Mutiara 1, Taman Perindustrian Plentong, 81750, Johor Bahru, Johor","22 & 22a, Jalan Sasa 2,, Taman Gaya,, 81800, Johor Bahru, Johor",Aktif,1,30664-1,Taman Aman Permai,Pulau Pinang,Seberang Perai Tengah,
30665,no,,,,,,,,,,,,
30666,yes,KIM YONG BESTARI DEVELOPMENT SDN. BHD.,kymaju@hotmail.com,045378888,"No. 1, Lorong Ciku 3, Taman Ciku, 14000, Seberang Perai Tengah, Pulau Pinang","No. 1, Lorong Ciku 3, Taman Ciku, 14000, Seberang Perai Tengah, Pulau Pinang",Aktif,1,30666-1,Taman Selasih Indah,Kedah,Kulim,
30667,yes,REGAL PATH SDN. BHD.,marketing@malton.com.my,60320882888,"Level 6, Pavilion Tower, 75, Jalan Raja Chulan, 50200, Kuala Lumpur, Wp Kuala Lumpur","19-0, Level 19 Pavilion Tower, 75, Jalan Raja Chulan, 50200, Kuala Lumpur, Wp Kuala Lumpur",Aktif,1,30667-1,Pavilion Bukit Jalil,Wp Kuala Lumpur,Kuala Lumpur,
30668,yes,AIRMAS SYNERGY SDN. BHD.,airmasv@gmail.com,043806012,"33, Jalan Jelawat, Seberang Jaya, 13700, Seberang Perai Tengah, Pulau Pinang","45, Jalan Perak, 10150, Daerah Timor Laut, Pulau Pinang",Aktif,1,30668-1,Taman Tan Sai Gin,Pulau Pinang,Seberang Perai Tengah,
30669,no,,,,,,,,,,,,
30670,yes,MORI PARK  SDN. BHD.,khair.abdullah@oskp.com.my,60321771999,"18th Floor Plaza Osk, Jalan Ampang, 50450, Kuala Lumpur, Wp Kuala Lumpur","21st Floor, Plaza Osk, Jalan Ampang, 50450, Kuala Lumpur, Wp Kuala Lumpur",Aktif,3,30670-1,Alia,Selangor,Petaling ,
30671,no,,,,,,,,,,,,
30672,yes,BENTONG MAJUJAYA SDN. BHD.,suprememetro1447@gmail.com,092225088,"Lot 1447, Taman Anggerik, 28700, Bentong, Pahang","No.70-c, Jalan Ss 15/4d, 47500, Petaling , Selangor",Aktif,1,30672-1,Anggerik Heights 2,Pahang,Bentong,
30673,yes,QUALIFIED MANAGEMENT CONSORTIUM SDN. BHD.,sf.saw@gsdland.com.my,0124091381,"No. 1 Jalan Desa Ara, Taman Desa Ara, 13300, Seberang Perai Utara, Pulau Pinang","No. 44, Medan Kikik 1, Taman Inderawasih, 13600, Seberang Perai Tengah, Pulau Pinang",Aktif,2,30673-1,Taman Ara Damai,Pulau Pinang,Seberang Perai Utara,
30674,yes,RAFFLES WORLD SDN. BHD.,rafflesworldsb@gmail.com,055415500,"Wisma Darby, No. 999, Jalan Niaga Simee, Arena Niaga Simee, 31400, Kinta, Perak","No. 30, Medan Istana 1, Bandar Ipoh Raya,, 30000, Kinta, Perak",Aktif,1,30674-1,Raffles 188,Perak,Kinta,
30675,yes,DUTA ASIANA SDN. BHD.,junwei.yap@ygcorp.com.my,0378761188,"Lot G-01, Ground Floor, Tower B, Pj City Development, 15a, Jalan 219, Seksyen 51a, 46100, Petaling , Selangor","No. 2-1, Jalan Sri Hartamas 8, Sri Hartamas, 50480, Kuala Lumpur, Wp Kuala Lumpur",Aktif,3,30675-1,Hamlet @ The Meadows,Selangor,Kuala Selangor,
30676,yes,FOKUS KIARA SDN. BHD.,sales.livingstones@gmail.com,0126458990,"Lot 3, Level 4, Lipis Centrepoint, 27200, Kuala Lipis, Pahang","Pt 16472, Tingkat Satu, Pusat Perniagaan Indrapura, Jalan Tras, 27600, Raub, Pahang",Aktif,1,30676-1,Taman Warisan Gua,Pahang,Kuala Lipis,
30677,yes,TIAN YU DEVELOPMENT SDN. BHD.,tianyudevelopmentsb@yahoo.com,0127750940,"14a, Jalan Merah, Taman Bukit Pasir, 83000, Batu Pahat, Johor","58a, Jalan Laksamana 4,, Taman Kota Laksamana,, 75200, Melaka Tengah, Melaka",Aktif,1,30677-1,Taman Cahaya Indah,Johor,Batu Pahat,
30678,yes,JY CEMERLANG SDN. BHD.,jycem2021@gmail.com,0166268671,"No. 21, Jalan Sp 1, Taman Semabok Perdana, 75050, Melaka Tengah, Melaka","123b, Jalan 25,, Taman Melaka Raya,, 75000, Melaka Tengah, Melaka",Aktif,1,30678-1,Taman Harmoni,Johor,Tangkak,
30679,yes,RAZIMAR PROPERTIES SDN. BHD.,perintis.kencana@gmail.com,0362507577,"No. 17-1 Jalan Dr 1, Taman Delima Raya, Bukit Baru, 75150, Melaka Tengah, Melaka","75-1a, Jalan Melati Utama 4,, Taman Melati Utama,, 53100, Kuala Lumpur, Wp Kuala Lumpur",Aktif,1,30679-1,Taman Paya Dalam Setia,Melaka,Melaka Tengah,
30680,yes,PINEGATE DEVELOPMENT SDN. BHD.,michellechow@kimlun.com,60377289289,"Unit 401a, Level 4, Tower A, Uptown 5, No. 5, Jalan Ss21/39, Damansara Uptown, 47400, Kuala Selangor, Selangor","Office Suite No. 603 Block C,, Pusat Dagangan Phileo Damansara 1, No. 9,, Jalan 16/11, Off Jalan Damansara,, 46350, Petaling , Selangor",Aktif,2,30680-1,Residensi Pinegate,Johor,Johor Bahru,
30681,yes,EVERLUX DEVELOPMENT SDN. BHD.,esys2013@gmail.com,011888872,"15-1, Jalan Pb1c, Taman Puncak Bertam, 75260, Melaka Tengah, Melaka","No. 64, Jalan Tkl 6,, Taman Kota Laksamana,, Seksyen 1,, 75200, Melaka Tengah, Melaka",Aktif,1,30681-1,Taman Paya Rumput Utama,Melaka,Melaka Tengah,
30682,yes,AGENDA INTEGRASI SDN. BHD.,integrasi1313455@gmail.com,056886044,"No. 38 Tingkat 1, Jalan Sm 1c/13, Fasa 1c4, 32040, Manjung, Perak","No 2, Jalan Foo Eng Lin, Taman Hoover, 31650, Kinta, Perak",Aktif,3,30682-1,Taman Seri Rubiah,Perak,Manjung,
30683,no,,,,,,,,,,,,
30684,yes,PRINSIP ALPHA SDN. BHD.,pr.salesadmin@aargroup.my,073587608,"No. 59, Jalan Molek 3/20, Taman Molek, 81100, Johor Bahru, Johor","#03-27, Blok A Pusat Perdagangan Ekoflora,  Jalan Ekoflora 7/3, Taman Ekoflora, 81100, Johor Bahru, Johor",Aktif,1,30684-1,Residensi Ponderosa,Johor,Johor Bahru,
30685,yes,SUNWAY VELOCITY THREE  SDN. BHD.,seratjy@sunway.com.my,0356398888,"Level 3, Menara Sunway, Jalan Lagoon Timur, Bandar Sunway, 47500, Petaling , Selangor","Level 16, Menara Sunway,, Jalan Lagoon Timur,, Bandar Sunway,, 47500, Petaling , Selangor",Aktif,2,30685-1,Sunway Velocity 3,Wp Kuala Lumpur,Kuala Lumpur,
30686,no,,,,,,,,,,,,
30687,yes,QUBIX LAND SDN. BHD.,muhamadezzani92@gmail.com,0124346020,"No. 222, Ground Floor, Jalan Bsg 9, Bandar Stargate, 05400, Kota Setar, Kedah","No: 1559 (2nd Floor),, Jalan Kota,, P.o. Box 106,, 05710, Kota Setar, Kedah",Aktif,1,30687-1,Taman Gelong Indah,Kedah,Kubang Pasu,
30688,yes,MB WORLD PROPERTIES SDN. BHD.,norjahizan@gmail.com,073338163,"Unit 6.08, Level 6,, Plaza Dnp,, 59, Jalan Dato' Abdullah Tahir, 80300, Johor Bahru, Johor","Suite 5.11 & 5.12, 5th Floor, Menara Tjb,, No. 9, Jalan Syed Mohd. Mufti, , 80888, Johor Bahru, Johor",Aktif,1,30688-1,Vista Tiara,Johor,Johor Bahru,
30689,no,,,,,,,,,,,,
30690,yes,TUAH MUHIBBAH GROUP  SDN. BHD.,tuahmuhibbahgroup@gmail.com,096956988,"Lot 60591, Tingkat Atas, , Jalan Kampung Raja, , Kampung Padang Baloh, , 22200, Besut, Terengganu","Lot 268, Tingkat 2,, Taman Sri Lundang Binaraya,, Jalan Sultan Yahya Petra, Lundang,, 15200, Kota Bharu, Kelantan",Aktif,1,30690-1,Taman Desa Tuah Putra,Terengganu,Besut,
30691,yes,GOLDEN VISION POWER SDN. BHD.,goldenvisionp@gmail.com,047302000,"69, Sri Mergong, Taman Industries Ringan, Lorong Perak 22, 05150, Kota Setar, Kedah","8b, Lorong 24, Taman Patani Jaya, 08000, Kuala Muda, Kedah",Aktif,1,30691-1,Taman Gunung Tahan,Kedah,Kota Setar,
30692,yes,SURIA KAPITAL DEVELOPMENT SDN. BHD.,prop.salesadmin@hapseng.com,0321169384,"19th Floor, Menara Hap Seng,, Jalan P. Ramlee,, 50250, Kuala Lumpur, Wp Kuala Lumpur","21st Floor, Menara Hap Seng,, Jalan P. Ramlee,, 50250, Kuala Lumpur, Wp Kuala Lumpur",Aktif,1,30692-1,Aman @ Sierramas,Selangor,Gombak,
30693,yes,TAPAK MANIS SDN. BHD.,klanggan@klggb.com,0333731260,"No 5-1, Jalan Teluk Pulai, Simpang Empat, Teluk Pulai, 41100, Klang, Selangor","70b, Lebuh Beringin, 42000, Klang, Selangor",Aktif,1,30693-1,Taman Sepakat Indah,Selangor,Kuala Selangor,
30694,no,,,,,,,,,,,,
30695,yes,GOLDMARK DEVELOPMENT SDN. BHD.,2026goldmark@gmail.com,0167121717,"No.92, Jalan Besar, Pantai Remis, 34900, Kinta, Perak","112a-1, , Jalan Raja Permaisuri Bainun, 30250, Kinta, Perak",Aktif,1,30695-1,Taman Pelangi Baru,Perak,Manjung,
30696,yes,KC BIZ SDN. BHD.,info@kcbiz.com.my,052468833,"No.54, Medan Istana, Bandar Ipoh Raya, 30000, Kinta, Perak","No.54, Medan Istana, Bandar Ipoh Raya, 30000, Kinta, Perak",Aktif,3,30696-1,"Taman Sentosa Perdana, Sungai Siput, Perak",Perak,Kuala Kangsar,
30697,no,,,,,,,,,,,,
30698,yes,GREAT DEVELOPER SDN. BHD.,development.greatdeveloper@gmail.com,062644212,"G-26, Jalan Kpmj 3, Kompleks Perniagaan Musai Jaya, 75400, Melaka Tengah, Melaka","13-1 Jalan Ttc 26a, Taman Teknologi Cheng, 75260, Melaka Tengah, Melaka",Aktif,1,30698-1,Taman Nusa Impian,Johor,Muar,
30699,yes,JAYAMAS HERITAGE SDN. BHD.,sales@jayamasproperty.com,0124141661,"11, Jalan Casa Residensi, Pusat Perniagaan Casa Residensi,, 14000, Seberang Perai Tengah, Pulau Pinang","45, Jalan Perak,, 10150, Daerah Timor Laut, Pulau Pinang",Aktif,1,30699-1,Taman Merbau Indah,Pulau Pinang,Seberang Perai Utara,
30700,yes,PARKCITY BOTANIKA  SDN. BHD.,zing@ppcity.com.my,0362808181,"C-3-1, Plaza Arkadia,, No. 3, Jalan Intisari Perdana,, Desa Parkcity, 52200, Kuala Lumpur, Wp Kuala Lumpur","Suite 16-03, Level 16,, Wisma Uoa Ii,, No. 21 Jalan Pinang,, 50450, Kuala Lumpur, Wp Kuala Lumpur",Aktif,1,30700-1,Adiva Residensi,Selangor,Sepang,
30701,yes,KLANG BAIDURI SDN. BHD.,simzienyang3@gmail.com,0377330448,"60, Jalan Ss 21/1,, Damansara Utama, , 47400, Petaling , Selangor","No. 44-1, Jalan Prima 2,, Pusat Niaga Metro Prima Kepong,, 52100, Kuala Lumpur, Wp Kuala Lumpur",Aktif,1,30701-1,Impiana 52,Selangor,Klang,
30702,no,,,,,,,,,,,,
30703,no,,,,,,,,,,,,
30704,yes,LINARI DAMANSARA SDN. BHD.,linaridevelopment@gmail.com,0376233163,"Unit 8-1, Level 8, Menara Mudajaya,, No. 12a, Jalan Pju 7/3,, Mutiara Damansara,, 47810, Petaling , Selangor","8.03, 8th. Floor, Plaza First Nationwide, 161, Jalan Tun H.s.lee, 50000, Kuala Lumpur, Wp Kuala Lumpur",Aktif,1,30704-1,Kondominium Linari,Selangor,Petaling ,
30705,yes,USAHA MULIA SDN. BHD.,contact@eve.properties,0378000151,"1-8, Vestland Commercial Centre, 6 Jalan Juruanalisis U1/35, Seksyen U1, 40150, Petaling , Selangor","Wisma Goshen, 2nd Floor, 60, 62 & 64 Jalan Ss 22/21, , Damansara Jaya, 47400, Petaling , Selangor",Aktif,2,30705-1,Harmoni Indah,Selangor,Klang,
30706,yes,RESTU JAYA  SDN. BHD.,restugroupprojects@gmail.com,0123965135,"No. 25a, , Jalan Emas, , Off Jalan Melawis, , 41100, Klang, Selangor","No. 13-3, Empire Gallery, , Jalan Empayar,, Off Persiaran Sultan Ibrahim / Ku1,, 41150, Klang, Selangor",Aktif,1,30706-1,Taman Dato Hormat 7,Selangor,Klang,
30707,no,,,,,,,,,,,,
30708,yes,ECO EARTH RESOURCE SDN. BHD.,ecoearthresourcesb@gmail.com,0126375567,"No.2, Jalan Kemuning Bayu 33/2d, Kemuning Utama, 40400, Klang, Selangor","No. 7 (1st Floor) Jalan Pesta 1/1, Taman Tun Dr. Ismail 1, Jalan Bakri, 84000, Muar, Johor",Aktif,1,30708-1,Taman Parit Hulu Sari,Johor,Muar,
30709,yes,ASDAMAI SDN. BHD.,heeng64@gmail.com,0123985020,"6, Solok Sri Siantan 48, Taman Sri Andalas, 41200, Klang, Selangor","No. 39-4-a, Wisma Mega, Jalan Miri, 41400, Klang, Selangor",Aktif,1,30709-1,Desa Bukit Nilam,Selangor,Klang,
30710,yes,PRINSIP DAMAI SDN. BHD.,prinsipdamaisb@gmail.com,052460653,"No.20 (level 6), Medan Stesen 18/7, Station 18, 31650, Kinta, Perak","47a Jalan Chung Ah Ming, Pasir Puteh, 31650, Kinta, Perak",Aktif,3,30710-1,Taman Simfoni Iskandar - Prinsip Damai,Perak,-,
30711,yes,SRI ANIKA CAPITAL SDN. BHD.,info@srianika.com,052541228,"No. 141a, Jalan Raja Musa Aziz, 30300, Kinta, Perak","110b-1, Jalan Raja Permaisuri Bainun, 30250, Kinta, Perak",Aktif,1,30711-1,Taman Chandan Putri 2,Perak,Kuala Kangsar,
30712,no,,,,,,,,,,,,
30713,yes,PH RESIDENTIAL SDN. BHD.,pingat5640@gmail.com,097195643,"Pt 3317, Taman Sri Kota , Pasir Pekan, 16250, Tumpat, Kelantan","Lot 1628-c, Tingkat 2, Wisma Wnc, Jalan Hospital, 15200, Kota Bharu, Kelantan",Aktif,5,30713-1,Taman Saujana Harmoni,Kelantan,Kota Bharu,
30714,yes,SCIENTEX JENJAROM SDN. BHD.,jenjarom@scientex.com.my,0355248888,"No.9, Persiaran Selangor, Seksyen 15, 40200, Petaling , Selangor","No. 9, Persiaran Selangor, Seksyen 15, 40200, Petaling , Selangor",Aktif,6,30714-1,Scientex Jenjarom,Selangor,Kuala Langat,
30715,no,,,,,,,,,,,,
30716,yes,CAPITAL BUILDER CONSORTIUM SDN. BHD.,capitalbuildersb@gmail.com,047310651,"No. 19, First Floor, Taman Seri Belida, Jalan Suka Menanti, 05150, Kota Setar, Kedah","Suite A, 1018-b, 2nd Floor,, Lorong Merpati,, 05200, Kota Setar, Kedah",Aktif,1,30716-1,Taman Dahlia,Kedah,Pendang,
30717,yes,UNICORN SALUTE SDN. BHD.,leemei@bsg.com.my,042697888,"12-h Wisma Boon Siew, 1 Jalan Penang, 10000, Daerah Timor Laut, Pulau Pinang","Suite I, 2nd Floor, Wisma Lister Garden, 123 Jalan Macalister, 10400, Daerah Timor Laut, Pulau Pinang",Aktif,1,30717-1,Lumina Residence,Pulau Pinang,Daerah Timor Laut,
30718,yes,GATEWAY PARADE SDN. BHD.,thecloverdevelopment@gmail.com,0333623199,"No. 30-g, Galeri Empire, Jalan Empayar/ku 1, Persiaran Sultan Ibrahim, 41150, Klang, Selangor","No. 60-2, Wisma A-point,, Jalan 5/101c, Cheras Commercial Centre,, Off Jalan Kaskas, Jalan Cheras,, 56100, Wp Kuala Lumpur",Aktif,1,30718-1,Jaluran Lakeview,Selangor,Petaling ,
30719,no,,,,,,,,,,,,
30720,yes,MHL DEVELOPMENT SDN. BHD.,mhldevelopment@hotmail.com,045517886,"5561,, Jalan Kulim Cherok Tokun,, 14000, Seberang Perai Tengah, Pulau Pinang","No 2 1st Floor, Lorong Sepakat Satu, Taman Bandar Raya, 14000, Seberang Perai Tengah, Pulau Pinang",Aktif,1,30720-1,Residensi Harmoni Indah,Pulau Pinang,Seberang Perai Tengah,
30721,no,,,,,,,,,,,,
30722,yes,SCOTT EMAS  SDN. BHD.,bryanyap@glbhd.com,0356118844,"A-09-03, Empire Tower, Empire Subang, Jalan Ss16/1, 47500, Petaling , Selangor","A-09-03, Empire Tower, , Empire Subang,, Jalan Ss16/1,, 47500, Petaling , Selangor",Aktif,3,30722-1,Taman Lavender,Pahang,Bentong,
30723,yes,KIARA SUSILA SDN. BHD.,amy.kong@kiarasusila.com,0390801991,"No 1 Block C Jalan Indah 2/6, Taman Indah , 43200, Hulu Langat, Selangor","C-2-5 Medan Connaught, No. 1, Jalan 3/144a, 56000, Kuala Lumpur, Wp Kuala Lumpur",Aktif,3,30723-1,Maple Hills,Selangor,Hulu Langat,
30724,yes,KOBAY DEVELOPMENT SDN. BHD.,kobaydevelopment@gmail.com,042288777,"42b-07-01, (7th Floor), Jalan Rangoon, 10400, Daerah Timor Laut, Pulau Pinang","Lot 1.02,1st Fl, Acctax Corporate Centre, 2 Jalan Bawasah,georgetown, 10050, Daerah Timor Laut, Pulau Pinang",Aktif,1,30724-1,Blossom,Pulau Pinang,-,
30725,yes,JSC INFRABINA SDN. BHD.,infrabinatsg@gmail.com,045378348,"No. 8 & 10 Ground Floor, Lorong Tembikai 8, Kawasan Perniagaan Sungai Rambai, 14000, Seberang Perai Tengah, Pulau Pinang","No. 8 & 10, Ground Floor,, Lorong Tembikai 8,, Kawasan Perniagaan Sungai Rambai,, 14000, Seberang Perai Tengah, Pulau Pinang",Aktif,1,30725-1,Residensi Rambai Indah,Pulau Pinang,Seberang Perai Tengah,
30726,yes,VIRGO ZONE REALTY SDN. BHD.,ramprakassh@gmail.com,0361369870,"A5-11, Block A, 5th Floor, Plaza Dwi Tasik, Bandar Sri Permaisuri, 56000, Kuala Lumpur, Wp Kuala Lumpur","F-2-11, 2nd Floor, Block F, , Pusat Komersil Jalan Kuching, , No. 115, Jalan Kepayang Off Jalan Kuching,, 51200, Kuala Lumpur, Wp Kuala Lumpur",Aktif,1,30726-1,Taman Perkasa,Terengganu,Hulu Terengganu,
30727,yes,ARMANI KPF2 DEVELOPMENT SDN. BHD.,armanikpf2.88@gmail.com,0163688648,"Level 17, Subplace Boulevard, No. 6, , Jalan Juruanalisis U1/35, Seksyen U1, 40150, Petaling , Selangor","No 2, Jalan Foo Eng Lin, Taman Hoover, 31650, Kinta, Perak",Aktif,2,30727-1,Residensi Armani Setia Alam 1,Selangor,Petaling ,
30728,yes,DE ONE DEVELOPMENT SDN. BHD.,deoneproject1148791@gmail.com,0355265598,"No. 73a, Jalan Snuker 13/28, Tadisma Business Park Seksyen 13, 40100, Petaling , Selangor","Suite 10.12a, Level 10, Menara Trend, 68, Jalan Batai Laut 4, Taman Intan, 41300, Klang, Selangor",Aktif,1,30728-1,Taman Jenderam Damai,Selangor,Sepang,
30729,yes,FUZE DEVELOPMENT ZK SDN. BHD.,fuzedevzksb@gmail.com,052460653,"No.20 (level 6), Medan Stesen 18/7, Station 18, 31650, Kinta, Perak","47a Jalan Chung Ah Ming, Pasir Puteh, 31650, Kinta, Perak",Aktif,1,30729-1,Taman Lapangan Irama,Perak,Kinta,
30730,yes,KOPERASI SAHABAT AMANAH IKHTIAR MALAYSIA (KOOP SAHABAT) BERHAD,sales_property@koopsahabat.my,0389663586,"Suite 2-3, Jalan Cempaka Sd 12/1a,, Bandar Sri Damansara Pju9,, 52200, Kuala Lumpur, Wp Kuala Lumpur","Suite 2-3, Jalan Cempaka Sd 12/1a,, Bandar Sri Damansara Pju9,, 52200, Kuala Lumpur, Wp Kuala Lumpur",Aktif,2,30730-1,Shorea Garden,Selangor,Sepang,
30731,yes,PADU INTAN SDN.BHD.,paduintan2@gmail.com,0331975555,"Lot 1871, No. 7, Lorong Pertama Kg Tumbok, 42800, Kuala Langat, Selangor","52a, Lebuh Enggang, 41150, Klang, Selangor",Aktif,1,30731-1,Taman Pelangi,Selangor,Kuala Langat,
30732,yes,AGROTAGE PROPERTIES  SDN. BHD.,nordiana.pdsb@gmail.com,068513999,"Wisma Pdl, No. 12, Jalan Bakti Yns 5/1, Taman Bakti Yns, 71900, Seremban, Negeri Sembilan","No. 659, 2nd Floor,, Jalan Haruan 4/10, , Oakland Industrial Park,, 70300, Seremban, Negeri Sembilan",Aktif,4,30732-1,Taman Harapan Bayu,Negeri Sembilan,Seremban,
30733,no,,,,,,,,,,,,
30734,yes,CITY AVENUE PROPERTY SDN. BHD.,langproperty01@gmail.com,052931030,"No. 1, Jalan Tawas Idaman 2, Taman Tawas Idaman, 30010, Kinta, Perak","No. 81 (2nd Floor), Jalan Market, 30000, Kinta, Perak",Aktif,1,30734-1,City Avenue,Perak,Kinta,
30735,yes,MLCL CONSTRUCTION SDN. BHD.,mlclcsb@gmail.com,063122810,"No. 8-10, Jalan Pe 32, Taman Paya Emas, 76450, Melaka Tengah, Melaka","2b-9, Jalan Kesidang 3/6,, Off Jalan Tun Perak,, 75300, Melaka Tengah, Melaka",Aktif,2,30735-1,Taman Merbok,Melaka,Melaka Tengah,
30736,no,,,,,,,,,,,,
30737,yes,MUTIARA BIOPOLIS DEVELOPMENTS  SDN. BHD.,biopolisdev-p7@sib.com.my,046183333,"Level 3a Elit Avenue Business Park, 1-3a-18, Jalan Mayang Pasir 3, 11950, Daerah Barat Daya, Pulau Pinang","Unit 1-3-3, No. 1, Jalan P. Ramlee,, 10460, Daerah Timor Laut, Pulau Pinang",Aktif,1,30737-1,Bayan Suite,Pulau Pinang,Daerah Timor Laut,
30738,no,,,,,,,,,,,,
30739,no,,,,,,,,,,,,
30740,yes,ARMADA WARAK SDN. BHD.,Teobros@gmail.com,063345555,"Lot 81, Jalan Iks M/j3, Kawasan Perindustrian Malim Jaya, 75250, Melaka Tengah, Melaka","48 Jalan Kota Laksamana 2/15, Taman Kota Laksamana , Seksyen 2, 75200, Melaka Tengah, Melaka",Aktif,4,30740-1,Taman Merlimau Mutiara,Melaka,Jasin,
30741,yes,EXSIM JALIL LINK   SDN. BHD.,ben.lee@exsim.my,0389939911,"D-35-01, Level 35, Exsim Tower, Millerz Square @ Old Klang Road, Megan Legasi, No. 357, Jalan Kelang Lama, 58000, Kuala Lumpur, Wp Kuala Lumpur","No. D-09-02, Level 9, Exsim Tower, Millerz Square @ Old Klang Road, Megan Legasi, No. 357, Jalan Kelang Lama, 58000, Kuala Lumpur, Wp Kuala Lumpur",Aktif,2,30741-1,The Kingswoodz @ Bukit Jalil,Wp Kuala Lumpur,Kuala Lumpur,
30742,no,,,,,,,,,,,,
30743,yes,MAKEWAY DEVELOPMENT SDN. BHD.,makewaydev@gmail.com,0163679943,"No. 243, Tingkat 1, Jalan Pj 2/2, Pekan Jitra 2, 06000, Kubang Pasu, Kedah","1885a, Ground Floor, Jalan Stadium, 05100, Kota Setar, Kedah",Aktif,1,30743-1,Taman Mutiara Naga,Kedah,Kubang Pasu,
30744,yes,STELLAR PLATINUM SDN. BHD.,jessie.cheng@chinhinproperty.com,0174025578,"Menara Chin Hin, Level 26, 8th Stellar, No. 1, Jalan Naga Emas, Sri Petaling, 57000, Kuala Lumpur, Wp Kuala Lumpur","Suite 16.06, Mwe Plaza,, No. 8 Lebuh Farquhar,, 10200, Daerah Timor Laut, Pulau Pinang",Aktif,1,30744-1,The Crown,Pulau Pinang,Daerah Timor Laut,
30745,no,,,,,,,,,,,,
30746,yes,KT LEE PREMIUM SDN. BHD.,ktlpremium@ktleegroup.com,063377005,"No. 43-1, Jalan Pe 3,, Taman Paya Emas, 76450, Melaka Tengah, Melaka","2b-9, Jalan Kesidang 3/6,, Melaka Mall, Off Jalan Tun Perak,, 75300, Melaka Tengah, Melaka",Aktif,1,30746-1,Taman Bandar Kuala Pilah 2,Negeri Sembilan,Kuala Pilah,
30747,yes,SUNWAY ISKANDAR DEVELOPMENT SDN. BHD.,chewpl@sunway.com.my,075098800,"Level 9, Wisma Sunway Big Box, Persiaran Medini 5, Bandar Sunway Iskandar Puteri, (sunway City Iskandar Puteri), 79250, Johor Bahru, Johor","Level 16, Menara Sunway, Jalan Lagoon Timur, Bandar Sunway, 47500, Petaling , Selangor",Aktif,1,30747-1,Laman Sunway 6,Johor,Johor Bahru,
30748,yes,BRIGHT GRAVITY SDN. BHD.,sales@jayamasproperty.com,0124141661,"No. 11, Jalan Casa Residensi, Pusat Perniagaan Casa Residensi, 14000, Seberang Perai Tengah, Pulau Pinang","No. 29a, Lorong P.s 1, Bandar Perda, 14000, Seberang Perai Tengah, Pulau Pinang",Aktif,1,30748-1,Residensi Naluri Damai,Pulau Pinang,-,
30749,yes,GEMAS PENTAGON  SDN. BHD.,salesadmin@parklandgroup.com.my,062222888,"No.112, Jalan Tun Perak, 75300, Melaka Tengah, Melaka","2b-9, Jalan Kesidang 3/6,, Off Jalan Tun Perak,, 75300, Melaka Tengah, Melaka",Aktif,1,30749-1,Taman Gemilang,Negeri Sembilan,Tampin,
30750,yes,DANAU SAUJANA SDN. BHD.,cmsim@mkhberhad.com,0387378228,"5th Floor, Wisma Mkh, Jalan Semenyih, 43000, Hulu Langat, Selangor","Suite 1, 5th Floor, Wisma Mkh, Jalan Semenyih, 43000, Hulu Langat, Selangor",Aktif,2,30750-1,Residensi Naluri,Selangor,Hulu Langat,
30751,yes,ADVANCE GOLDEN PROPERTIES SDN. BHD.,redrockpg@gmail.com,042109889,"202a Jalan Macalister, 10400, Daerah Timor Laut, Pulau Pinang","Lot 1.02 First Floor, Acctax Corporate Centre 2, Jalan Bawasah, 10050, Daerah Timor Laut, Pulau Pinang",Aktif,1,30751-1,Scott Logan,Pulau Pinang,Daerah Timor Laut,
30752,yes,MAHA HARAPAN SDN. BHD.,junwei.yap@ygcorp.com.my,0378761188,"Lot G-01, Ground Floor, Tower B, Pj City Development, No. 15a, Jalan 219, Seksyen 51a, 46100, Petaling , Selangor","20-m, Lorong Gopeng, 41400, Klang, Selangor",Aktif,1,30752-1,Estet Kindle,Selangor,Gombak,
30753,yes,CASSIA DEVELOPMENT SDN. BHD.,jayaavenue_sb@yahoo.com,066793233,"No. 5 Plot 5 (pt 129) Tingkat Atas, Pekan Batu Kikir, 72200, Jempol, Negeri Sembilan","No. 8a, Tingkat 1, Lebuh Tenggiri 2, Pusat Bandar Seberang Jaya, 13700, Seberang Perai Tengah, Pulau Pinang",Aktif,1,30753-1,Taman Binjai,Negeri Sembilan,Jempol,
30754,no,,,,,,,,,,,,
30755,yes,MULTIBAY DEVELOPMENT SDN. BHD.,daniellee@gersb.com.my,0326032000,"5th Floor, South Block, Wisma Golden Eagle Realty, 142-a Jalan Ampang, 50450, Kuala Lumpur, Wp Kuala Lumpur","Suite 9-13a, Level 9, Wisma Uoa Ii, Jalan Piang, 50450, Kuala Lumpur, Wp Kuala Lumpur",Aktif,1,30755-1,Menara Golden Eagle,Wp Kuala Lumpur,Kuala Lumpur,
30756,yes,PRO PROPERTIES SDN. BHD.,propropertiessdnbhd@gmail.com,052539336,"No. 15-b (2nd Floor),, Medan Bendahara 2,, Medan Bendahara,, 31650, Kinta, Perak","No. 97a, Regat Sri Cempaka,, Taman Cempaka,, 31400, Kinta, Perak",Aktif,1,30756-1,The Grand 9,Perak,Kinta,
30757,yes,AVANTEX DEVELOPMENT SDN. BHD.,farah@avantex.com.my,0327044915,"D6-3-10, , Bangunan Perdagangan D6, , Jalan Sentul, , 51000, Kuala Lumpur, Wp Kuala Lumpur","No. 49b, Jalan Usj 1/20,, 47600, Selangor",Aktif,1,30757-1,Akasia 2 @ Taman Manggis Jaya,Selangor,Kuala Langat,
30758,no,,,,,,,,,,,,
30759,no,,,,,,,,,,,,
30760,yes,TENAGA JAYA CONSTRUCTION DEVELOPMENT SDN. BHD.,angtjab@gmail.com,092901896,"No.2, Jalan Semantan Baru 2, Simpang Songsang, 28000, Temerloh, Pahang","No.9, (1st Floor), Taman Zabidin, Jalan Temerloh, 28400, Temerloh, Pahang",Aktif,2,30760-1,Perumahan Cerating 5,Pahang,Kuantan,
30761,yes,SWISS RELIANCE SDN. BHD.,admin_celine@pbrealty.com.my,063373333,"No. 1b, Wisma Pb Realty, Jalan Pk8, Taman Perindustrian Krubong, 75260, Melaka Tengah, Melaka","17-1, Jalan Ps 1, Plaza Semabok , Semabok, 75050, Melaka Tengah, Melaka",Aktif,2,30761-1,Taman Rembia Indah,Melaka,Alor Gajah,
30762,yes,GALAXY GRACE SDN. BHD.,galaxygracesdnbhd@gmail.com,079481357,"No. 18 Jalan Batu Anam, 73400, Tampin, Negeri Sembilan","No. 30a, Jalan Melaka Raya 25, Taman Melaka Raya, 75000, Melaka Tengah, Melaka",Aktif,2,30762-1,Taman Tambun Perwira,Melaka,Alor Gajah,
30763,yes,ANGKASA BUMIJAYA SDN. BHD.,james.chua@angkasa2u.com,0391723455,"Suite 12/05, 12th Floor, Wisma Zelan, No. 1, Jalan Tasik Permaisuri 2, Bandar Tun Razak,, 56000, Kuala Lumpur, Wp Kuala Lumpur","Suite 12/03a, 12th Floor, Wisma Zelan, No. 1, Jalan Tasik Permaisuri 2, Bandar Tun Razak, Cheras, 56000, Kuala Lumpur, Wp Kuala Lumpur",Aktif,1,30763-1,Taman Sentral Permai,Pahang,Bera,
30764,yes,PROJEK PERUMAHAN BERSAMA SDN. BHD.,husna@bersamaproject.com.my,0355253724,"No.34-1, Jalan Jasmine 6/ks6, Bandar Botanic, 41200, Klang, Selangor","No 11,, Jalan Bayu Tinggi 2/ks6,, Batu Unjur,, 41200, Klang, Selangor",Aktif,1,30764-1,Taman Bentara,Selangor,Kuala Langat,
30765,yes,SOH HONG BOON DEVELOPMENT SDN. BHD.,calvinsoh89@gmail.com,6074338518,"No. 15, Jalan Bintang 18,, Taman Flora,, 83000, Batu Pahat, Johor","No.57, Jalan Chengal, Taman Batu Pahat,, 83000, Batu Pahat, Johor",Aktif,1,30765-1,Taman Puteri Jaya,Johor,Batu Pahat,
30766,yes,ADENLAND (KUNDANG) SDN. BHD.,maxleong@adenland.com.my,0377329612,"Oval Damansara, Unit 3-11 & 12, Menara Permata Damansara, 685, Jalan Damansara, 60000, Kuala Lumpur, Wp Kuala Lumpur","B-02-18, Plaza Bukit Jalil (aurora Place), No. 1, Persiaran Jalil 1, Bandar Bukit Jalil, 57000, Kuala Lumpur, Wp Kuala Lumpur",Aktif,2,30766-1,Taman Airria Kundang,Selangor,Gombak,
30767,no,,,,,,,,,,,,
30768,yes,OXFORD SHIELD SDN. BHD.,feliciakwong@yahoo.com,0392857439,"Lot 14, Lorong 6e/91, Taman Shamelin Perkasa, Off Jalan Cheras, 56100, Kuala Lumpur, Wp Kuala Lumpur","Suite 23a, Level 23, Sunway Tower,, No. 86, Jalan Ampang,, 50450, Kuala Lumpur, Wp Kuala Lumpur",Aktif,2,30768-1,Taman Selayang Permata,Selangor,Gombak,
30769,yes,TNJ DEVELOPMENT SDN. BHD.,kellie.keoh@cpiland.com,0322021688,"B01-a-08, Level 8, , Menara 2, No. 3 Jalan Bangsar, , Kl Eco City, , 59200, Kuala Lumpur, Wp Kuala Lumpur","2-37, Pv 128, 128 , Jalan Genting Klang, 53300, Kuala Lumpur, Wp Kuala Lumpur",Aktif,1,30769-1,Residensi Warisan Segambut,Wp Kuala Lumpur,Kuala Lumpur,
30770,yes,J.T.M. BINA SDN. BHD.,tkokherng33@yahoo.com,047344000,"36-a, Lorong Putih 8, Taman Rakyat, Mergong, 05150, Kota Setar, Kedah","909, 1st Floor, Jalan Sultan Badlishah, 05000, Kota Setar, Kedah",Aktif,1,30770-1,Taman Lavender,Kedah,Kota Setar,
30771,yes,PRO PAKATAN SDN. BHD.,propakatansb@gmail.com,055415500,"Wisma Darby, No.999, Jalan Niaga Simee, Arena Niaga Simee, 31400, Kinta, Perak","No. 30, , Medan Istana 1,, Bandar Ipoh Raya,, 30000, Kinta, Perak",Aktif,1,30771-1,Tanjung 2 Cities,Perak,Kinta,
30772,yes,LAKEWILL DEVELOPMENT SDN. BHD.,milangroup23ezan@gmail.com,052432118,"3, Tawas Idaman 2, Taman Tawas Idaman, 30010, Kinta, Perak","3, Tawas Idaman 2,, Taman Tawas Idaman,, 30010, Kinta, Perak",Aktif,1,30772-1,Meru Sentosa,Perak,Kinta,
30773,yes,TEMASEK PINTAR SDN. BHD.,temasekpintar99@yahoo.com,60333245076,"No. 28b, Jalan Serunai 1, Taman Desa Utama, 41200, Klang, Selangor","31a, Jalan Satu, Kawasan 16, Berkeley Town Centre, 41300, Klang, Selangor",Aktif,1,30773-1,Taman Desa Bukit Permata,Selangor,Klang,
30774,yes,PEMBINAAN KEJAYAAN CHUAN SDN. BHD.,shanhengconstruction@yahoo.com,0333246066,"No.14, Jalan Bayu Tinggi 2/ks6, Batu Unjur, 41200, Klang, Selangor","Lot 6.01, 6th Floor, Imbi Plaza, 28 Jalan Imbi, 55100, Kuala Lumpur, Wp Kuala Lumpur",Aktif,1,30774-1,Taman Melati,Selangor,Kuala Langat,
30775,yes,LUSTER ARA  SDN. BHD.,puncakdana08@gmail.com,0378317891,"1-2-46, Elit Avenue , Jalan Mayang Pasir 3, 11950, Daerah Timor Laut, Pulau Pinang","51-8-a Menara Bhl,, Jalan Sultan Ahmad Shah,, 10050, Daerah Timor Laut, Pulau Pinang",Aktif,1,30775-1,Amara Residences,Selangor,Petaling ,
30776,yes,PDG CORPORATION SDN. BHD.,admin@pdgproperty.com,6062841919,"Lot 89, Jalan Cempaka, Off Jalan Panglima Awang, 75400, Melaka Tengah, Melaka","50-1, 52-1 & 54-1, Jalan Bpm 2, Taman Bukit Piatu Mutiara, 75150, Melaka Tengah, Melaka",Aktif,1,30776-1,Taman Ozana Residen,Melaka,Melaka Tengah,
30777,yes,AK SP SDN. BHD.,admatiza@asetkayamas.com,0379899888,"Lot 33545, Batu 5, Jalan Klang Lama, 58000, Kuala Lumpur, Wp Kuala Lumpur","Suite 23a, Level 23, Sunway Tower,, No. 86, Jalan Ampang,, 50450, Kuala Lumpur, Wp Kuala Lumpur",Aktif,1,30777-1,Residensi Asa,Wp Kuala Lumpur,-,
30778,yes,STERLING UTAMA SDN. BHD.,fikri@emkay.com.my,0383182280,"16-03-01, Tower 16, Star Central@cyberjaya, Lingkaran Cyber Point Timur, Cyber 12, 63000, Sepang, Selangor","16-g-01, Tower 16,, Star Central @ Cyberjaya,, Lingkaran Cyber Point Timur, Cyber 12,, 63000, Sepang, Selangor",Aktif,1,30778-1,Residensi Ayu,Selangor,Hulu Langat,
30779,yes,EFFECTIVE VENTURE DEVELOPMENT SDN. BHD.,annie.ng@idealheights.com.my,095342288,"A-17-12, The Met Corporate Tower, 20, Jalan Dutamas 2, Kompleks Kerajaan, 50480, Kuala Lumpur, Wp Kuala Lumpur","A-03-13, Plaza Bukit Jalil (aurora Place),, No.1, Persiaran Jalil 1,, Bandar Bukit Jalil,, 57000, Kuala Lumpur, Wp Kuala Lumpur",Aktif,1,30779-1,Repulse Bay Residence - Fasa 1,Pahang,Kuantan,
30780,yes,KARISMA PERWIRA SDN. BHD.,general@chsb.com.my,067607338,"Level 2, Menara Karisma, Arena Seremban, Jalan Permata 1, 70200, Seremban, Negeri Sembilan","Lot L8-22 (eighth Floor),, Brem Mall, Jalan Kepong,, 52000, Kuala Lumpur, Wp Kuala Lumpur",Aktif,1,30780-1,Arena Seremban,Negeri Sembilan,Seremban,
30781,yes,LAGENDA ARMADA SDN. BHD.,shaharizal80.sg@gmail.com,0126248081,"No. 12a, Jalan Niaga Bestari 8,, Puncak Bistari,, 42300, Sepang, Selangor","Suite 17-2, 2nd Floor, Jalan Seri Rejang 1, Taman Sri Rampai, 53300, Kuala Lumpur, Wp Kuala Lumpur",Aktif,1,30781-1,Taman Cinta Lagenda,Kelantan,Pasir Mas,
30782,no,,,,,,,,,,,,
30783,yes,NUSA MURNI SDN. BHD.,mohammad.zaim@setiaawan.com,0379322000,"Unit 3a10, Block G, Pusat Dagangan Phileo Damansara 1, No. 9, Jalan 16/11 Off Jalan Damansara, 46350, Manjung, Selangor","400 1st Floor,, Jalan Kamunting Bt. 2,, Taman Saujana,, 34600, Larut & Matang, Perak",Aktif,2,30783-1,Taman Sutera Wangi,Melaka,Melaka Tengah,
30784,yes,LEMBARAN BERUNTUNG SDN. BHD.,syazana.sahimi@exsim.my,0379631999,"D-35-01, Level 35, Exsim Tower, Millerz Square @ Old Klang Road, Megan Legasi, No. 357, Jalan Kelang Lama, 58000, Kuala Lumpur, Wp Kuala Lumpur","No. D-09-02, Level 9, Exsim Tower, Millerz Square @ Old Klang Road, Megan Legasi, No. 357, Jalan Kelang Lama, 58000, Kuala Lumpur, Wp Kuala Lumpur",Aktif,1,30784-1,Branniganz Suites @ Bukit Bintang,Wp Kuala Lumpur,Kuala Lumpur,
30785,no,,,,,,,,,,,,
30786,yes,IRAMA SANUBARI SDN. BHD.,khogila@mitraland.com.my,0376618688,"D-28-01 Menara Mitraland , No. 13a Jalan Pju 5/1, Kota Damansara Pju 5/1, 47810, Petaling , Selangor","18-2, Jalan Pju 5/4,, Dataran Sunway,, Kota Damansara,, 47810, Petaling , Selangor",Aktif,1,30786-1,Residensi Kuarza 22,Selangor,-,
30787,no,,,,,,,,,,,,
30788,yes,PLASMA BAKTI SDN. BHD.,legenius@yahoo.com,096178088,"Pt 3619, Tingkat Atas Rumah Kedai, Jalan Alam Mutiara 2/1, Tok Molor, 21100, Kuala Terengganu, Terengganu","11-q, Tingkat 1-b, Jalan Engku Pengiran Anom 1, 20300, Kuala Terengganu, Terengganu",Aktif,2,30788-1,Desa Murni,Terengganu,-,
30789,yes,EXSIM AVENUE SDN. BHD.,syazana.sahimi@exsim.my,0389939911,"D-35-01, Level 35, Exsim Tower, Millerz Square@old Klang Road, Megan Legasi, No. 357, Jalan Kelang Lama, 58000, Kuala Lumpur, Wp Kuala Lumpur","No. D-09-02, Level 9, Exsim Tower,, Millerz Square @ Old Klang Road,, Megan Legasi, No. 357, Jalan Kelang Lama,, 58000, Kuala Lumpur, Wp Kuala Lumpur",Aktif,1,30789-1,Kyliez Suites @ Kl City Centre,Wp Kuala Lumpur,Kuala Lumpur,
30790,yes,TAIPANIKA DEVELOPMENT SDN. BHD.,andytcw@taipanika.com,0377859898,"No. 149, Jalan 5/42, Petaling Garden, Jalan Gasing, 46000, Petaling , Selangor","No. 149, Jalan 5/42, Petaling Garden, Jalan Gasing, 46000, Petaling , Selangor",Aktif,1,30790-1,Pangsapuri Nadayu 801,Selangor,Petaling ,
30791,yes,NILAM ERAMAS SDN. BHD.,nilameramas@gmail.com,064541819,"No.23, Tingkat Atas, Jalan Kiara 1, Pusat Perniagaan Kiara, 72100, Jempol, Negeri Sembilan","No. 4, 2nd Floor,, Jalan Sejahtera 1,, Taman Acbe,, 72100, Jempol, Negeri Sembilan",Aktif,1,30791-1,Taman Saga,Negeri Sembilan,Jempol,
30792,yes,ANDACT ENGINEERING SDN. BHD.,yxchiew@akal.com.my,01116289519,"20-07, 20-08, 20-09 Mercu Aspire,, No 3 Jalan Bangsar, , Kl Eco City,, 59200, Kuala Lumpur, Wp Kuala Lumpur","Lot 903,, Desa Senadin Industrial Estate,, Jalan Maigold,, 98000, Miri, Sarawak",Aktif,1,30792-1,Garden Heights Residence,Selangor,Petaling ,
30793,yes,HARMONI MAKMUR  SDN. BHD.,cchssdnbhd@gmail.com,067652399,"D03-2, (first Floor), Jalan Dataran Sentral 3, Dataran Sentral, 70200, Seremban, Negeri Sembilan","No. 24 & 25, Ground Floor,, Lorong Haruan 5/1,, Oakland Commerce Square,, 70300, Seremban, Negeri Sembilan",Aktif,1,30793-1,Taman Pd Amanria,Negeri Sembilan,Port Dickson,
30794,no,,,,,,,,,,,,
30795,yes,SKYWIZ GROUP  SDN. BHD.,project.skywiz@gmail.com,062889138,"Level 1, Menara The Wave,, Kota Laksamana Jaya,, Jalan Klj 5, 75200, Melaka Tengah, Melaka","123b, Jalan 25, Taman Melaka Raya,, 75000, Melaka Tengah, Melaka",Aktif,1,30795-1,Taman Gangsa Residen,Melaka,Alor Gajah,
30796,yes,RENTAS DEVELOPMENT SDN. BHD.,seekimfei@gmail.com,0351612066,"No.17a, Lorong Dato Yusof, Shahbudin 20, Taman Sentosa, 41200, Klang, Selangor","No 14b, Jalan Bayu Tinggi 2a/ks6,, Batu Unjur,, 41200, Klang, Selangor",Aktif,1,30796-1,Taman Persiaran Masjid Sultan 5,Selangor,Klang,
30797,yes,CRESCENDO LANDMARK SDN. BHD.,sales@crescendo.com.my,6072248316,"18th Floor Public Bank Tower, No 19 Jalan Wong Ah Fook, Ibrahim International Business District, 80888, Johor Bahru, Johor","Unit No. 203, 2nd Floor, Block C,, Damansara Intan,  No. 1,  Jalan Ss20/27,, 47400, Petaling , Selangor",Aktif,1,30797-1,Residensi Senyum,Johor,Johor Bahru,
30798,yes,JEJAK MUHIBAH SDN. BHD.,salesadmin@moscongroup.com,0333249186,"No. 34, Jalan Jasmin 6/ks6, Bandar Botanic, 41200, Klang, Selangor","12-1, Jalan Remia 4/ks6, Bandar Botanic, 41200, Klang, Selangor",Aktif,1,30798-1,Taman Seri Changgang 1,Selangor,Kuala Langat,
30799,yes,GOLDEN CHAIN DEVELOPMENT SDN. BHD.,goldenchaindevelopment88@gmail.com,0350385829,"Level 17, Subplace Boulevard, No. 6, Jalan Juruanalisis U1/35, Seksyen U1, 40150, Petaling , Selangor","No 2, Jalan Foo Eng Lin, Taman Hoover, 31650, Kinta, Perak",Aktif,1,30799-1,Residensi Armani Putra,Selangor,Sepang,
30800,yes,SUPERIOR PROPERTY DEVELOPMENT SDN. BHD.,general@superiorpropertydevelopment.com.my,077582997,"Lot 101, Jalan Batu Pahat, 86100, Batu Pahat, Johor","No.8, Ground Floor, Jalan Persiaran Yayasan, 86000, Batu Pahat, Johor",Aktif,2,30800-1,Taman Mekar Emas,Johor,Batu Pahat,
30801,yes,ANJURAN CITY  SDN. BHD.,reginalee@shangheight.com.my,063355553,"No. 19 & 19-1, Jalan Inang 1, Taman Paya Rumput Utama, 76450, Melaka Tengah, Melaka","2b-9, Jalan Kesidang 3/6,, Melaka Mall,, Off Jalan Tun Perak,, 75300, Melaka Tengah, Melaka",Aktif,3,30801-1,Taman Paya Rumput Gemilang,Melaka,Melaka Tengah,
30802,no,,,,,,,,,,,,
30803,yes,BANGSA BINA SDN. BHD.,bangsabina3939@gmail.com,045483393,"18, 1st Floor, Lorong Bukit Kecil Indah,, Taman Bukit Kecil Indah,, 14000, Seberang Perai Tengah, Pulau Pinang","45, Jalan Perak,, 10150, Daerah Timor Laut, Pulau Pinang",Aktif,1,30803-1,Taman Bina Lestari,Perak,Selama,
30804,yes,JJRSB PROPERTIES SDN. BHD.,jjrsb.properties@gmail.com,096249526,"Lot Pt 3995 (2), Blok A,, Perkedaian Ladang Tok Pelam,, Jalan Sultan Zainal Abidin,, 20000, Kuala Terengganu, Terengganu","1527 C,, Jalan Ibrahim,, Bukit Besar,, 21100, Kuala Terengganu, Terengganu",Aktif,2,30804-1,Gong Balai Marang,Terengganu,Marang,
30805,yes,SUPREME SPRINGS SDN. BHD.,cy.wong@mahsing.com.my,0392216888,"Penthouse Suite 2, Wisma Mah Sing, No.163, Jalan Sungai Besi, 57100, Kuala Lumpur, Wp Kuala Lumpur","Penthouse Suite 1, Wisma Mah Sing, No 163 Jalan Sungai Besi, 57100, Kuala Lumpur, Wp Kuala Lumpur",Aktif,1,30805-1,Residensi M Terra,Selangor,Petaling ,
30806,no,,,,,,,,,,,,
30807,yes,WORLD CORPORATE CONSTRUCTION SDN. BHD.,loyal188@gmail.com,045057220,"No. 36-g, Jalan Kampung Gajah, Seksyen 2, Taman Bagan Jermal, 12200, Seberang Perai Utara, Pulau Pinang","182a, Jalan Raja Uda, Pusat Perniagaan Raja Uda, 12300, Seberang Perai Utara, Pulau Pinang",Aktif,1,30807-1,Pangsapuri Seri Juru Indah,Pulau Pinang,Seberang Perai Tengah,
30808,yes,DAIE DEVELOPMENT (CENTRAL) SDN. BHD.,daie.gemilangmalawati@gmail.com,0124801880,"A2-22-3, Jalan Kiara, Arcoris Soho, Mont Kiara, 50480, Kuala Lumpur, Wp Kuala Lumpur","F-2-43, Blok F, Taipan Damansara 2, Jalan Pju 1a/3, Ara Damansara, 47301, Petaling , Selangor",Aktif,1,30808-1,Taman Malawati,Selangor,Kuala Selangor,
30809,yes,RASMAJATI SDN. BHD.,rasmajatisdnbhd@gmail.com,0350328888,"No.14, Jalan Glenmarie, (persiaran Kerjaya), Section U1, 40150, Petaling , Selangor","No.13a,jalan Ss 21/56b, Damansara Utama, Petaling Jaya,selangor, 47400, Petaling , Selangor",Aktif,1,30809-1,Ilham Residensi @ Selangorku,Selangor,Sepang,
30810,yes,K TEK DEVELOPMENT SDN. BHD.,leongwaigit@yahoo.com,0167933621,"No.42, Jalan Pantai Saujana 5, Taman Pantai Saujana, 34900, Manjung, Perak","No. 42, Taman Pantai Saujana 5,, Taman Pantai Saujana,, 34900, Manjung, Perak",Aktif,1,30810-1,Taman Pantai Saujana,Perak,Manjung,
30811,yes,DINASTI GEMILANG SDN. BHD.,general@shangheight.com.my,063355553,"19 & 19-1, Jalan Inang 1,, Taman Paya Rumput Utama, 76450, Melaka Tengah, Melaka","13-1 Jalan Ttc 26a, Taman Teknologi Cheng, 75260, Melaka Tengah, Melaka",Aktif,1,30811-1,Taman Bertam Setia,Melaka,Melaka Tengah,
30812,yes,TOUCHSTONE LAND SDN. BHD.,DANCLLIM117@GMAIL.COM,0389990648,"1-3 Jalan Kuchai Maju 4, Kuchai Entrepreneurs Park, 58200, Kuala Lumpur, Wp Kuala Lumpur","Unit 310, 3rd Floor, Lobby 2, Block A, Damansara Intan, No. 1, Jalan Ss20/27, 47400, Petaling , Selangor",Aktif,1,30812-1,Dua Meranti Residensi,Selangor,Sepang,
30813,yes,MACROVEST SDN. BHD.,leemei@bsg.com.my,0124315300,"25-b Farquhar Street, 10200, Daerah Timor Laut, Pulau Pinang","Suite I, 2nd Floor, Wisma Lister Garden, 123 Jalan Macalister, 10400, Daerah Timor Laut, Pulau Pinang",Aktif,1,30813-1,Westin Residences Penang,Pulau Pinang,Daerah Timor Laut,
30814,yes,URBANLINK DEVELOPMENT SDN. BHD.,salesadmin@moscongroup.com,0380663588,"F-04-05, Pusat Perdagangan Puchong Prima , Jalan Prima 5/3, Persiaran Prima Utama, Taman Puchong Prima , 47100, Petaling , Selangor","No 1-25b, Jalan Desa 1/3,, Desa Aman Puri Kepong,, 52100, Wp Kuala Lumpur",Aktif,1,30814-1,Taman Dato Hormat 2,Selangor,Klang,
30815,no,,,,,,,,,,,,
30816,yes,GEMLAND DEVELOPMENT SDN. BHD.,sukmel@yahoo.com,0333418345,"No. 20 Lorong Batu Nilam 19a, Bandar Bukit Tinggi 2, 41200, Klang, Selangor","Lot 42020-3-2 (3rd Floor), Wisma Wcc Bayu,, Jalan Batu Unjur 7, Taman Bayu Perdana,, 41200, Kuala Langat, Selangor",Aktif,1,30816-1,Taman Bentara,Selangor,Kuala Langat,
30817,no,,,,,,,,,,,,
30818,yes,HARTA NUSAJAYA SDN. BHD.,property@melatiehsan.com.my,0340222177,"Wisma Melati Ehsan, C-01-01 & C-01-02, Jalan Ej 4/1, Taman Ehsan Jaya, 81100, Johor Bahru, Johor","Wisma Melati Ehsan, C-01-01 & C-01-02, Jalan Ej 4/1, Taman Ehsan Jaya, 81100, Johor Bahru, Johor",Aktif,3,30818-1,Perumahan Iskandar Puteri Bangsa Johor,Johor,Johor Bahru,
30819,yes,TEMASEK TEKUN SDN. BHD.,wongkayel@hotmail.com,073517642,"No 85, Jalan Harmonium 35/1, Taman Desa Tebrau, 81100, Johor Bahru, Johor","No 21-01, Jalan Titiwangsa 3/2, Taman Tampoi Indah, 81200, Johor Bahru, Johor",Aktif,3,30819-1,The Hill@alam Heights,Johor,Johor Bahru,
30820,yes,TANAH DATAI  SDN. BHD.,arthur@aglm.com.my,0374928063,"Suite #100-7.013 Block J, The School @ Jaya One, Jalan 13/6, Off Jalan Universiti Seksyen 13, 46200, Petaling , Selangor","E-3a-3 Block E Setiawalk,, Persiaran Wawasan,, Pusat Bandar Puchong, 47160, Petaling , Selangor",Aktif,1,30820-1,Taman Kosas,Selangor,Hulu Langat,
30821,yes,RADIUM GLOBAL SDN. BHD.,chong.yc@radiumdevelopment.com,0341618218,"No.21-2, Pv7, Jalan Melati Utama 2, Taman Melati Utama, Setapak, 53100, Kuala Lumpur, Wp Kuala Lumpur","62c, Jalan Ss21/62, Damansara Utama, 47400, Petaling , Selangor",Aktif,1,30821-1,Residensi Radium,Wp Kuala Lumpur,Kuala Lumpur,
30822,no,,,,,,,,,,,,
30823,yes,LUXE VISTA SDN. BHD.,luxevistasb@gmail.com,01164364219,"23, Jalan Datoh, 30000, Kinta, Perak","47a Jalan Chung Ah Ming, Pasir Puteh, 31650, Kinta, Perak",Aktif,1,30823-1,Eastern Garden,Perak,Hilir Perak,
30824,no,,,,,,,,,,,,
30825,yes,MUTIARA LAFAZ SDN. BHD.,comzosrealestate@gmail.com,063356661,"No. 2, Jalan Mp 10, Taman Merdeka Permai, 75350, Melaka Tengah, Melaka","50-1, 52-1 & 54-1, Jalan Bpm 2, Taman Bukit Piatu Mutiara, 75150, Melaka Tengah, Melaka",Aktif,2,30825-1,Taman Tampoi Damai,Melaka,Melaka Tengah,
30826,yes,KERJAYA PANCAR SDN. BHD.,comzosrealestate@gmail.com,063356661,"No. 2, Jalan Mp 10, Taman Merdeka Permai, Batu Berendam, Hang Tuah Jaya, 75350, Melaka Tengah, Melaka","No. 110 , Jalan Melaka Raya 25, , Taman Melaka Raya, 75000, Melaka Tengah, Melaka",Aktif,1,30826-1,Taman Merak Merbok,Melaka,Melaka Tengah,
30827,yes,KENCANA BUANA SDN. BHD.,kencanabuana@hotmail.com,043565860,"No. 1146, Mukim 16, Kampung Teluk,, Sungai Dua, 13800, Seberang Perai Utara, Pulau Pinang","Unit 1-3-3, No.1, , Jalan P.ramlee, , 10460, Daerah Timor Laut, Pulau Pinang",Aktif,2,30827-1,Taman Seri Puteri,Pulau Pinang,Seberang Perai Tengah,
30828,yes,MAJESTIC GEN  SDN. BHD.,taweedher@majestic-gen.com,0320321899,"Unit No.3a-05-01, Level 5, Corporate Tower 3a, Pavilion Damansara Heights, No.3, Jalan Damanlela, 50490, Kuala Lumpur, Wp Kuala Lumpur","No. 9, Jalan Indah 16, Taman Cheras Indah,, 56100, Kuala Lumpur, Wp Kuala Lumpur",Aktif,3,30828-1,Residensi Gen Bintang,Wp Kuala Lumpur,Kuala Lumpur,
30829,yes,LIK TIAN DEVELOPMENT SDN. BHD.,liktiansdnbhd@gmail.com,052418620,"E-1-6, Soho Ipoh,, 2, Jalan Sultan Idris Shah,, 30000, Kinta, Perak","6, Jalan Chew Sin On,, 31650, Kinta, Perak",Aktif,1,30829-1,Taman Silibin Tropika,Perak,Kinta,
30830,yes,KUANTAN WATERFRONT RESORT CITY SDN. BHD.,wg_heap@yahoo.com,0123705181,"D-35-01, Level 35, Exsim Tower, , Millerz Square @ Old Klang Road, , Megan Legasi, No. 357, Jalan Klang Lama, , 58000, Kuala Lumpur, Wp Kuala Lumpur","No. D-09-02, Level 9, Exsim Tower, Millerz Square @ Old Klang Road, Megan Legasi, No. 357, Jalan Kelang Lama, 58000, Kuala Lumpur, Wp Kuala Lumpur",Aktif,1,30830-1,Sea Crestz @ Kuantan Waterfront Resort City,Pahang,Kuantan,
30831,yes,BESTARI DEVELOPMENT SDN. BHD.,support@primaimpian.com,0333441002,"No. 20-g, Jalan Makyong 5f/ku5, Bandar Bukit Raja, 41050, Klang, Selangor","No. 17-1, Jalan Makyong 5a/ku5, Bandar Bukit Raja, 41050, Klang, Selangor",Aktif,1,30831-1,Taman Desa Bukit Permata,Selangor,Klang,
30832,yes,MAPAHILL DEVELOPMENT SDN. BHD.,mapahilldev@gmail.com,045936205,"71-a Jalan Kampar, 10460, Daerah Timor Laut, Pulau Pinang","No. 7a Lorong Pulau Tikus, 10350, Daerah Timor Laut, Pulau Pinang",Aktif,1,30832-1,Taman Bistari Jaya,Pulau Pinang,Seberang Perai Selatan,
30833,yes,INTAN SEKITAR SDN. BHD.,chthai@dacdh.com,01133139313,"Penthouse, The Crest 3, Two Square, 2, Jalan 19/1, 46300, Petaling , Selangor","62-2,jalan 2a/27a, Section 1,wangsa Maju, 53300, Kuala Lumpur, Wp Kuala Lumpur",Aktif,1,30833-1,Latitud8,Wp Kuala Lumpur,Kuala Lumpur,
30834,yes,M AZURA  SDN. BHD.,cy.wong@mahsing.com.my,60392216888,"Penthouse Suite 2, Wisma Mah Sing, No. 163, Jalan Sungai Besi, 57100, Kuala Lumpur, Wp Kuala Lumpur","Wisma Mah Sing, Penthouse Suite 1, No.163,jalan Sungai Besi,kuala Lumpur, 57100, Kuala Lumpur, Wp Kuala Lumpur",Aktif,1,30834-1,Residensi M Azura,Wp Kuala Lumpur,Kuala Lumpur,
30835,no,,,,,,,,,,,,
30836,yes,CMC PREMIER LAND SDN. BHD.,aroma.pg@gmail.com,343313006,"No. 79 & 81, Jalan Selat, Taman Selat, 12000, Seberang Perai Utara, Pulau Pinang","63, 1st Floor, Jalan Selat, Taman Selat, 12000, Seberang Perai Utara, Pulau Pinang",Aktif,1,30836-1,Taman Alma Permai,Pulau Pinang,Seberang Perai Tengah,
30837,yes,AROOF DEVELOPMENT  SDN. BHD.,aroofdevelopment@gmail.com,045306058,"No. 1562, Jalan Nangka,, Taman Jambu Mawar,, 14000, Seberang Perai Tengah, Pulau Pinang","No. 29a, Lorong P.s. 1,, Bandar Perda,, 14000, Seberang Perai Tengah, Pulau Pinang",Aktif,1,30837-1,Taman Damar Fasa 2,Kedah,Kubang Pasu,
30838,yes,GERGASI VENTURES SDN. BHD.,tthco@tohth.com,058071770,"No. 26a, Jalan Lang Jaya 1,, Pusat Komersial Lang Jaya,, 30010, Kinta, Perak","No. 3,, Jalan Wah Keong,, Taman Wah Keong,, 31400, Kinta, Perak",Aktif,1,30838-1,Taman Muhibbah,Perak,Hilir Perak,
30839,yes,BROADWISE CORPORATION SDN. BHD.,azilla.amrealty@gmail.com,0350365988,"4-g-9, Rimbun Amverton, Jalan Sungai Kelubi 32/112, 40460, Klang, Selangor","No. 22c, Jalan Gelugor,, 41050, Klang, Selangor",Aktif,1,30839-1,Residensi Vista Amverton,Selangor,Klang,
30840,yes,VISTA MERCU SDN. BHD.,vistamercusb@gmail.com,0395493962,"1-2, Jalan Panglima, Off Jalan Persiaran Mahkota Cheras, Bandar Mahkota Cheras, 43200, Hulu Langat, Selangor","#211-2, Jalan Sarjana, Taman Connaught, 56000, Kuala Lumpur, Wp Kuala Lumpur",Aktif,1,30840-1,Residensi Vista Angsana,Selangor,Hulu Langat,
30841,yes,IMC LAND SDN. BHD.,sbgroup1972@gmail.com,052537722,"A-g-12, Soho Ipoh, Jalan Sultan Iskandar, 30000, Kinta, Perak","60, Jalan Leong Sin Nam, 30300, Kinta, Perak",Aktif,1,30841-1,Halaman Meru Permai,Perak,Kinta,
30842,no,,,,,,,,,,,,
30843,yes,ECO KARISMA DEVELOPMENT SDN. BHD.,ecokarisma@gmail.com,0163340999,"No. 12, First Floor, Jalan Ppmp 3/1,, Pusat Perniagaan Manjung Point 3,, 32040, Manjung, Perak","Suite A-23-9, Level 23,, Menara Uoa Bangsar, No 5, Jln Bangsar Utama 1,, 59000, Kuala Lumpur, Wp Kuala Lumpur",Aktif,3,30843-1,Taman Raja Muda Musa 2,Perak,Manjung,
30844,yes,ADDA MEGAH SDN. BHD.,addamegah@gmail.com,052418611,"18a, Jalan Centrepoint 1,, Pinji Centrepoint,, 31650, Kinta, Perak","10a Jalan Centrepoint 2,, Pinji Centrepoint,, 31650, Kinta, Perak",Aktif,2,30844-1,Taman Pulai Raya,Perak,Kinta,
30845,yes,SANGBUMI JAYA SDN. BHD.,sangbumijaya@emailgateways.com,0377256855,"60-a, Jalan Ss 21/62, Damansara Utama,, 47400, Petaling , Selangor","62-2, Jalan 2a/27a, Section 1, Wangsa Maju,, 53300, Kuala Lumpur, Wp Kuala Lumpur",Aktif,1,30845-1,Taman Desa Idaman,Selangor,Kuala Langat,
30846,yes,UNIQ GREENHOME SDN. BHD.,uniqgreenhomesdnbhd28@yahoo.com,0380791518,"No. E-5-23, Ioi Boulevard, Jalan Kenari 5, Bandar Puchong Jaya, 47170, Petaling , Selangor","No. 151-a, Jalan Rodat 6/ku5, Bandar Bukit Raja, 41050, Klang, Selangor",Aktif,1,30846-1,Taman Langat Impian,Selangor,Kuala Langat,
30847,yes,KUALA NILAM DEVELOPMENT SDN. BHD.,sa.sts@enghangroup.com,0378046682,"No 31, Jalan Ss 4c/5, Taman Rasa Sayang, 47301, Petaling , Selangor","110b, Jalan Ss 14/1, 47500, Petaling , Selangor",Aktif,1,30847-1,Eria Residences,Selangor,Sepang,
30848,yes,CAHAYA SERAYA SDN. BHD.,cahayaseraya@gmail.com,0173002138,"C-08-08, Sunway Nexis Business Suites, Jalan Pju 5/1, Kota Damansara, 47810, Petaling , Selangor","No. 63c Jalan Ss25/2, Taman Bukit Emas, 47301, Petaling , Selangor",Aktif,1,30848-1,Taman Ixora,Negeri Sembilan,Rembau,
30849,yes,GL BINAJAYA  SDN. BHD.,glbinajaya@gmail.com,0167300730,"No.18 Lorong Shahbandar 3, Tingkat 2, Pusat Perniagaan Intan Flora, Jalan Sungai Manik, 36000, Hilir Perak, Perak","2-1a, Jalan Pandan 2/2, Pandan Jaya, Cheras, 55100, Kuala Lumpur, Wp Kuala Lumpur",Aktif,1,30849-1,Taman Villamas,Perak,Bagan Datuk,
30850,no,,,,,,,,,,,,
30851,yes,CJ INVESCO SDN. BHD.,cjinvesco@gmail.com,075101490,"Cjinvesco Sales Gallery, Persiaran Medini Utara 3, Medini, 79100, Johor Bahru, Johor","Suite 905, Level 9, City Plaza, Jalan Tebrau, 80300, Johor Bahru, Johor",Aktif,1,30851-1,Lestari Medini,Johor,Johor Bahru,
30852,no,,,,,,,,,,,,
30853,yes,GERAK SWASTA SDN. BHD.,gerakswasta33@gmail.com,055471379,"No. 96, Jalan Ampang, Tambun, 31400, Kinta, Perak","No.8a-10a, Taxation House, Jalan Medan Ipoh 1b, Medan Ipoh Bistari, 31400, Kinta, Perak",Aktif,1,30853-1,Desa Tambun Jaya,Perak,Kinta,
30854,no,,,,,,,,,,,,
30855,yes,T & A JAYA BERSAMA  SDN. BHD.,angtjab@gmail.com,0199321883,"No.2 Jalan Semantan Baru 2, Simpang Songsang	, 28000, Temerloh, Pahang","No.9, 1st Floor,, Taman Zabidin,, Jalan Temerloh,, 28400, Pahang",Aktif,1,30855-1,Taman Kijal Titian,Terengganu,Kemaman,
30856,no,,,,,,,,,,,,
30857,yes,OLYMPIC BUILDERS SDN. BHD.,zia@trinitygroup.com.my,0380629009,"Zp-10, Zest Point, Lebuhraya Bukit Jalil, Bk 9, Bandar Kinrara, 47180, Petaling , Selangor","B-21-1, Level 21, Tower B, Northpoint Mid Valley City, No. 1, Medan Syed Putra Utara, 59200, Kuala Lumpur, Wp Kuala Lumpur",Aktif,1,30857-1,Pangsapuri Seri Aura,Selangor,Petaling ,
30858,no,,,,,,,,,,,,
30859,yes,SUPER FANTASTIC SDN. BHD.,ita9378@gmail.com,095156688,"A-7384, 1st Floor,, Jalan Kubang Buaya,, 25250, Kuantan, Pahang","A33, 1st Floor, Lorong Tun Ismail 10, Sri Dagangan Kuantan, 25000, Kuantan, Pahang",Aktif,2,30859-1,Prima Bukit Goh,Pahang,Kuantan,
30860,yes,TREVI PROPERTIES SDN. BHD.,Treviprop@gmail.com,0392824888,"No. 40-b, Jalan Pandan 2/1, Pandan Jaya, Cheras, 55100, Kuala Lumpur, Wp Kuala Lumpur","2-1a, Jalan Pandan 2/2, Pandan Jaya, Cheras, 55100, Kuala Lumpur, Wp Kuala Lumpur",Aktif,1,30860-1,Residensi Desa Tiara,Selangor,Hulu Langat,
30861,no,,,,,,,,,,,,
30862,no,,,,,,,,,,,,
30863,yes,PUNCAK BANDARAYA SDN. BHD.,nurzehan@whb.com.my,0355262525,"Mercu Worldwide, No.7, Persiaran Sukan, Laman Seri Business Park, Seksyen 13, 40100, Petaling , Selangor","Mercu Worldwide, No.7, Persiaran Sukan, Laman Seri Business Park, Seksyen 13, 40100, Petaling , Selangor",Aktif,1,30863-1,"Pavonia Worldwide, Bukit Bandaraya, Shah Alam.",Selangor,Petaling ,
30864,yes,MISISAMA SDN. BHD.,sales.ad.heesland@gmail.com,0333440088,"7 Jalan Keluli Am 7/am, Pusat Perniagaan Bukit Raja, Seksyen 7, 40000, Petaling , Selangor","Room 1.02 50a & 52a, Jalan Pasar, 41400, Klang, Selangor",Aktif,1,30864-1,Taman Pahlawan,Selangor,Kuala Langat,
30865,no,,,,,,,,,,,,
30866,no,,,,,,,,,,,,
30867,no,,,,,,,,,,,,
30868,no,,,,,,,,,,,,
30869,yes,LIM SEONG HAI HOLDINGS SDN. BHD.,info.LSHH@limseonghai.com,0340218899,"Wisma Lim Seong Hai , 33, Jalan Gombak, 53000, Kuala Lumpur, Wp Kuala Lumpur","43a, Cangkat Bukit Bintang, 50200, Kuala Lumpur, Wp Kuala Lumpur",Aktif,1,30869-1,Residensi Sentul Ria,Wp Kuala Lumpur,Kuala Lumpur,
30870,no,,,,,,,,,,,,
30871,yes,KEWS SENIBONG  SDN. BHD.,salessupport@wmsenibong.com.my,073820388,"N-01, Blok N, Pinggiran Senibong, No.1, Persiaran Senibong, Teluk Senibong, 81750, Johor Bahru, Johor","Suite 5.11 & 5.12, 5th Floor, Menara Tjb,, No. 9, Jalan Syed Mohd. Mufti,, 80888, Johor Bahru, Johor",Aktif,4,30871-1,Hijauan Kews,Johor,Johor Bahru,
30872,no,,,,,,,,,,,,
30873,yes,MMMK SDN. BHD.,Mmmk_sb@hotmail.com,056922233,"Lot 14794, Jalan C,, Kg Acheh, 32000, Manjung, Perak","No 2, Jalan Foo Eng Lin, Taman Hoover, 31650, Kinta, Perak",Aktif,1,30873-1,Taman Pinggiran Deralik,Perak,Manjung,
30874,yes,SETIA MF SFH DEVELOPMENT  SDN. BHD.,setia-federalhill@spsetia.com,0322832255,"Setia International Centre, Lot 215, Pantai Baru, Jalan Bangsar, 59200, Wp Kuala Lumpur","S P Setia Berhad Corporate Hq,, No. 12, Persiaran Setia Dagang,, Setia Alam, Seksyen U13,, 40170, Selangor",Aktif,1,30874-1,Residensi Bukit Persekutuan 1,Wp Kuala Lumpur,-,
30875,yes,ETEAM TAPAH  SDN. BHD.,fei.eteam@gmail.com,0165623939,"E-1-6, Soho Ipoh 2,, Jalan Sultan Idris Shah,, 30000, Kinta, Perak","No. 81 (2nd Floor), Jalan Market, 30000, Kinta, Perak",Aktif,1,30875-1,"Residensi Kawan, Tapah",Perak,Batang Padang,
30876,yes,PERUMAHAN MASTERON SDN. BHD.,mohdnazarikhusairi.mohdzawawi@masteron.com.my,0392128008,"Level P1, Menara Choy Fook On, No.1b, Jalan Yong Shook Lin , Section 7, 46050, Petaling , Selangor","Unit 2005, 20th Floor, Tower 2, Faber Towers, Jalan Desa Bahagia, Taman Desa, 58100, Wp Kuala Lumpur",Aktif,1,30876-1,Residensi Veridian,Selangor,-,
30877,yes,BUMI HARTAWAN SDN. BHD.,bumihartawansdnbhd@gmail.com,0138681829,"No. 5a2 (2nd Floor), Jalan Vistana, Taiping Vistana, 34000, Larut & Matang, Perak","No. 32 (1st Floor), Jalan Medan Taiping 4, Medan Taiping, 34000, Larut & Matang, Perak",Aktif,1,30877-1,Taman Gantang Permai,Perak,Larut & Matang,
30878,no,,,,,,,,,,,,
30879,no,,,,,,,,,,,,
30880,yes,FIRST HOME BUILDER (PAHANG) SDN. BHD.,info@firsthome.com.my,042828809,"No. 1-03-01, Jalan Ahmad Nor, Pusat Perdagangan Nova, 11600, Daerah Timor Laut, Pulau Pinang","Suite C, 1-3-5 (level 3), Elit Avenue, Bayan City, Jalan Mayang Pasir 3, 11950, Daerah Barat Daya, Pulau Pinang",Aktif,1,30880-1,Taman Idaman Cherating,Pahang,-,
30881,yes,GOLDEN RCH DEVELOPMENT  SDN. BHD.,grchdev@grchgroup.com,0124115255,"33, Karpal Singh Dr, Jelutong, 11600, Daerah Timor Laut, Pulau Pinang","Unit 1-3-3,, No. 1, Jalan P. Ramlee,, 10460, Pulau Pinang",Aktif,1,30881-1,Pangsapuri Sejahtera,Pulau Pinang,Seberang Perai Tengah,
30882,yes,CHARM PROPERTIES SDN. BHD.,charmpropreties888@gmail.com,055263378,"Pt 80034, Taman Meru Industrial Estate Phase 3, Jalan Jelapang, 30020, Kinta, Perak","No,121a Jalan Raja Ekram, Ipoh, 30450, Kinta, Perak",Aktif,1,30882-1,Taman Pandan Perdana,Selangor,Hulu Langat,
30883,yes,SEKITAR SINARMAS SDN. BHD.,admin@sekitarsinarmas.com,062324466,"Lot 1, Air Keroh Industrial Estate, 75450, Melaka","49-b Jalan Melaka Raya 8, Taman Melaka Raya, 75000, Melaka Tengah, Melaka",Aktif,1,30883-1,Vila Bachang,Melaka,Melaka Tengah,
30884,yes,SCIENTEX LESTARI SDN. BHD.,francislee@scientex.com.my,075909909,"No. 9, Persiaran Selangor,, Seksyen 15,, 40200, Klang, Selangor","No. 9, Persiaran Selangor,, Seksyen 15,, 40200, Klang, Selangor",Aktif,8,30884-1,Taman Scientex Kulai 3,Johor,Kulai,
30885,no,,,,,,,,,,,,
30886,yes,MJ CAPITAL SDN. BHD.,admin@summerharvest.my,066326220,"No. 161 & 162, Jalan Haruan 5/5, Oakland Commerce Square, 70300, Negeri Sembilan","161 & 162, Jalan Haruan 5/5, Oakland Commerce Square, 70300, Negeri Sembilan",Aktif,1,30886-1,Taman Gadong Jaya,Negeri Sembilan,Seremban,
30887,yes,NATURE CENTURY DEVELOPMENT SDN. BHD.,md.halil@outlook.com,0162568799,"Lot Pt 2811, Jalan Angsa, Taman Berkeley, 41150, Selangor","52a Lebuh Enggang, 41150, Selangor",Aktif,2,30887-1,Taman Lestari Permai,Selangor,Sepang,
30888,no,,,,,,,,,,,,
30889,yes,JRK LAND SDN. BHD.,info@jrkgroup.com.my,0390813355,"122, Jalan Dataran Cheras 8,, Cheras Traders Square,, 43200, Selangor","Office Suite No. 603 Block C,, Pusat Dagangan Phileo Damansara 1,, No. 9, Jalan 16/11, Off Jalan Damansara,, 46350, Selangor",Aktif,1,30889-1,Pangsapuri Celestia,Selangor,-,
30890,yes,MAJOR WINNER SDN. BHD.,justin.majorwinner@gmail.com,062867921,"88, Jalan Tmr 25,, Taman Melaka Raya, 75000, Melaka","64, Jalan Tkl 6, Taman Kota Laksamana, Seksyen 1, 75200, Melaka",Aktif,1,30890-1,Taman Temiang Emas,Johor,-,
30891,yes,TEMPOYANG DEVELOPER SDN. BHD.,tempoyangdeveloper@outlook.com,0199886336,"Lot 1245, Batu 5,, Jalan Cheneras,, 27200, Kuala Lipis, Pahang","No. 53, Tingkat 2a,, Bandar Raub Perdana,, 27600, Raub, Pahang",Aktif,1,30891-1,Taman Gali Gelmilang,Pahang,-,
30892,yes,MUARICH PROPERTIES  SDN. BHD.,muarichpro@gmail.com,0196853348,"No 33-4 1st Floor Jalan Ali, 84000, Johor","Lc 448 Jalan Payamas, 84900, Johor",Aktif,1,30892-1,Taman Bukit Treh Indah,Johor,Muar,
30893,yes,MAJUJAYA (UTARA) SDN. BHD.,majujayautara@gmail.com,047715118,"No. 2b, Tingkat (01), Taman Dahlia Fasa 2, Jalan Lencong Barat, 05050, Kota Setar, Kedah","No. 1010-1012, Kompleks Sri Putra,, Seberang Jalan Putra,, 05150, Kota Setar, Kedah",Aktif,1,30893-1,Taman Markisa 2,Kedah,Yan,
30894,yes,U SUN HOLDING SDN. BHD.,usun.tamanbentara@gmail.com,0378905015,"No. 35-1, Jalan Ramin 2, Bandar Botanic, 41200, Selangor","No. 31b, Persiaran Sultan Ibrahim Ku1,, 41300, Selangor",Aktif,1,30894-1,Taman Bentara,Selangor,Kuala Langat,
30895,yes,KK FRONTIERS DEVELOPMENT SDN. BHD.,kkcons.melaka@gmail.com,063121122,"3-1, 3rd Floor, Jalan Cheng Perdana 1/1a, Taman Desa Cheng Perdana , 75260, Melaka Tengah, Melaka","389, Jalan Melaka Raya 6,, Taman Melaka Raya,, 75000, Melaka Tengah, Melaka",Aktif,2,30895-1,Taman Cheng Setia,Melaka,-,
30896,yes,BUKIT GEMILANG CAPITAL  SDN. BHD.,lokesookheng@yahoo.com.my,0194726737,"No. 95, Tingat Satu, Pusat Perniagaan Oren, Jalan Merbau, 13000, Pulau Pinang","No. 95, Tingkat Satu, , Pusat Perniagaan Oren,, Jalan Merbau, 13000, Pulau Pinang",Aktif,1,30896-1,Taman Sira Kulim,Perak,-,
30897,yes,MESTIKA BISTARI SDN. BHD.,cy.wong@mahsing.com.my,0392216888,"Penthouse Suite 2, Wisma Mah Sing, 163 Jalan Sungai Besi , 57100, Kuala Lumpur, Wp Kuala Lumpur","Wisma Mah Sing, Penthouse Suite 1, No.163, Jalan Sungai Besi, 57100, Kuala Lumpur, Wp Kuala Lumpur",Aktif,3,30897-1,M Legasi,Selangor,Hulu Langat,
30898,yes,ISKANDAR DEVELOPMENT MANAGEMENT SERVICES SDN. BHD.,info@iskandarinvestment.com,075353000,"A 18 & A 19, Medini 9, Persiaran Medini Sentral 1, Bandar Medini Iskandar, 79250, Johor Bahru, Johor","A18 & A19, Medini 9,, Persiaran Medini Sentral 1,, Bandar Medini Iskandar,, 79250, Johor Bahru, Johor",Aktif,1,30898-1,Residensi Rimba,Johor,Johor Bahru,
30899,yes,OSK AMANJAYA SDN. BHD.,khair.abdullah@oskp.com.my,0321771999,"18th Floor, Plaza Osk, Jalan Ampang , 50450, Wp Kuala Lumpur","21st Floor, Plaza Osk, Jalan Ampang , 50450, Wp Kuala Lumpur",Aktif,2,30899-1,Taman Lang Aman,Kedah,Kuala Muda,
30900,no,,,,,,,,,,,,
30901,yes,HARTANAH ANGGUN INOVASI  SDN. BHD.,office@hai-development.com,0194749734,"Lot 24816, Persiaran Seksyen 6/11, 13200, Pulau Pinang","No. 16, 1st Floor, Lorong Tembikai 6, Kawasan Perniagaan Sungai Rambai, 14000, Pulau Pinang",Aktif,1,30901-1,Taman Putera Ria,Pulau Pinang,Seberang Perai Utara,
30902,yes,MEGAHOMES TEAM SDN. BHD.,adm_mtsb@megahomes.com.my,0379838168,"2-10, Dataran Loka, No. 9, Jalan Kuchai Lama, 58200, Tiada Maklumat Daerah, Wp Kuala Lumpur","No. 34-a, Jalan Sg 3/2,, Pusat Bandar Sri Gombak,, 68100, Gombak, Selangor",Aktif,2,30902-1,Taman Idaman Murni,Selangor,Sepang,
30903,yes,BANJARAN BARAT SDN. BHD.,banjaranbaratipoh@gmail.com,052108810,"Business Suite No. 19-a-20-2, Level 20, Uoa Centre, 19 Jalan Pinang, 50450, Wp Kuala Lumpur","Business Suite No. 19a-20-2,, Level 20, Uoa Centre,, 19, Jalan Pinang,, 50450, Wp Kuala Lumpur",Aktif,1,30903-1,Taman Chepor Sentosa,Perak,-,
30904,yes,KHP DEVELOPMENT SDN. BHD.,khpdevsb@gmail.com,0168721282,"55, Jalan Tongkang Pecah, Parit Bilal, 83010, Batu Pahat, Johor","123 B, Jalan 25, Taman Melaka Raya, 75000, Melaka",Aktif,2,30904-1,Taman Peserai Ria,Johor,Batu Pahat,
30905,no,,,,,,,,,,,,
30906,yes,KC DAMAI REALTY SDN. BHD.,mucodevelopment@gmail.com,047733857,"A-33, Susuran Tandop,, Kawasan Perusahaan Tandop Baru, 05400, Kota Setar, Kedah","2179-a, Lorong Kampung Pisang, 05100, Kota Setar, Kedah",Aktif,1,30906-1,Taman Ihsan,Kedah,Kota Setar,
30907,yes,STELLAR TRINITY SDN. BHD.,jessie.cheng@chinhinproperty.com,0174025578,"Menara Chin Hin, Level 26, 8th & Stellar, No. 1, Jalan Naga Emas, Sri Petaling, 57000, Wp Kuala Lumpur","Suite 16.06, Mwe Plaza,, No. 8 Lebuh Farquhar,, 10200, Pulau Pinang",Aktif,2,30907-1,Bukit Botanika,Selangor,Hulu Selangor,
30908,yes,TIMELESS CENTURY SDN. BHD.,timelesscenturysb@gmail.com,047149723,"No. 78, Jalan Lumpur, 05100, Kedah","No. 1010-1012, Kompleks Sri Putra,, Seberang Jalan Putra,, 05150, Kedah",Aktif,1,30908-1,Taman Dahlia,Kedah,Pendang,
30909,yes,PRESTIGE ORIGIN SDN. BHD.,leemei@bsg.com.my,042637888,"25-b, Lebuh Farquhar, 10200, Pulau Pinang","Level 7, 33b Jalan Pahang, 10400, Pulau Pinang",Aktif,1,30909-1,Waterstone,Pulau Pinang,Daerah Timor Laut,
30910,yes,ALAWIYYIN BINA SDN. BHD.,alawiyyinbinas@gmail.com,092960654,"No. 16 Sungai Rabit, 28000, Pahang","No. 37, Tingkat 2, Jalan Sudirman, 28000, Pahang",Aktif,1,30910-1,Taman Seri Peragap,Pahang,Temerloh,
30911,yes,KK DEVELOPMENT SDN. BHD.,kkdevelopment2022@gmail.com,0125129081,"No. 49, Jalan Labrooy, Taman Merdeka, 30100, Kinta, Perak","No. 81 (2nd Floor), Jalan Market, 30000, Kinta, Perak",Aktif,1,30911-1,Taman Puncak Jelapang Maju,Perak,-,
30912,no,,,,,,,,,,,,
30913,yes,WESMAH DEVELOPMENT SDN. BHD.,sales@hasilmenang.com,0333581122,"Lot 42580 (grn 283988), , No. 12a Galeri Empire, Jalan Empayar D/a, Persiaran Sultan Ibrahim Ku1, 41150, Klang, Selangor","24b Tkt 2, Jalan Dato Yusof Shahbudin 28, , Taman Sentosa, 41200, Klang, Selangor",Aktif,1,30913-1,Taman Tok Muda Gemilang,Selangor,-,
30914,yes,EXSIM KG TIONG (KT)  SDN. BHD.,syazana.sahimi@exsim.my,0379631999,"D-35-01, Level 35, Exsim Tower, Millerz Square @ Old Klang Road, Megan Legasi, No. 357, Jalan Klang Lama, 58000, Kuala Lumpur, Wp Kuala Lumpur","No. D-09-02, Level 9, Exsim Tower, Millerz Square @ Old Klang Road, Megan Legasi, No. 357, Jalan Kelang Lama, 58000, Kuala Lumpur, Wp Kuala Lumpur",Aktif,1,30914-1,Menara Kubah (qubaz Suites @ Kuala Terengganu),Terengganu,Kuala Terengganu,
30915,yes,DINASTI SAKTI SDN. BHD.,dinastisakti@gmail.com,0392857439,"Lot 16-3rd Floor, Lorong 6e/91, Taman Shamelin Perkasa, Off Jalan Cheras, 56100, Wp Kuala Lumpur","Lot 16-3rd Floor, Lorong 6e/91 Taman Shamelin Perkasa, Off Jalan Cheras, 56100, Wp Kuala Lumpur",Aktif,1,30915-1,Desa Pipit Harmoni,Terengganu,-,
30916,yes,EDARAN SINAR PROPERTIES SDN. BHD.,edaransinar11@gmail.com,055463550,"No. 174, Jln Sultan Azlan Shah Utara,, Taman Anda,, 31400, Perak","No. 34, Fourth Floor,, Jalan Raja Permaisuri Bainun,, 30250, Perak",Aktif,1,30916-1,Taman Desa Tambun,Perak,Kinta,
30917,yes,PARAGON URBAN SDN. BHD.,paragon_urban@jolandgroup.com.my,072781111,"Level 10-01, Grand Paragon Hotel,, No.18, Jalan Harimau,, Taman Century,, 80250, Johor","Suite 336, 3rd Floor,, Johor Tower, Jalan Gereja,, 80888, Johor",Aktif,1,30917-1,Suite Premium Paragon,Johor,-,
30918,no,,,,,,,,,,,,
30919,yes,TOPLITE DEVELOPMENT SDN. BHD.,supremeland@supremeinfinityland.com,01121896200,"No. 33a, Jalan Pt1, Taman Puncak Taiping, 34000, Larut & Matang, Perak","No. 57, 2nd Floor,, Persiaran Tbc,, Taiping Business Centre,, 34000, Larut & Matang, Perak",Aktif,1,30919-1,Taman Kamunting Permaisuri,Perak,Larut & Matang,
30920,yes,LWT DEVELOPMENT SDN. BHD.,kumpulanyakin@outlook.com,0139333500,"36a, Tingkat 1, Jalan Bds 2, Bukit Desa Semantan, 28000, Temerloh, Pahang","No.9, 1st Floor,, Taman Zabidin,, Jalan Temerloh,, 28400, Temerloh, Pahang",Aktif,1,30920-1,Taman Pulai Permai,Pahang,Temerloh,
30921,yes,OYL DEVELOPMENT SDN. BHD.,oyldevsb@gmail.com,055470588,"No. 6a, Jalan Medan Ipoh 3, Bandar Baru Medan Ipoh, 31400, Kinta, Perak","No. 3a, Laluan Pinji Seni 4, Taman Pinji Seni, 31650, Kinta, Perak",Aktif,1,30921-1,Cyber Avenue,Perak,Kinta,
30922,yes,TILAND DEVELOPMENT SDN. BHD.,admin@tilandgroup.com,073311665,"No.81, Jalan Kebun Teh, Taman Kebun Teh, 80250, Johor","56, Jalan Kempas Utama 2/2,, Taman Kempas Utama,, 81300, Johor",Aktif,1,30922-1,Meadow Heights,Johor,Johor Bahru,
30923,no,,,,,,,,,,,,
30924,yes,GOODWOOD ESTATES SDN. BHD.,goodwood.estates01@gmail.com,60361485288,"No. 35-2, Jalan Pju 5/11, , Dataran Sunway,, Kota Damansara,, 47810, Petaling , Selangor","No. 12, Taman Pantai Indah 2, 34900, Manjung, Perak",Aktif,1,30924-1,Taman Tronoh Hijau,Perak,-,
30925,yes,HARTANAH AMANI SDN. BHD.,sukmel@yahoo.com,0333418345,"47b, Jalan Batai Laut 3, Taman Intan, 41300, Selangor","No. 8-10, Jalan Gamelan 1,, Bandar Bukit Raja,, 41050, Klang, Selangor",Aktif,1,30925-1,Desa Seri Setia,Selangor,Sepang,
30926,yes,MILENIUM BARU SDN. BHD.,weiren@msummit.com,042969222,"Menara M Summit , Level 21, , 191-21-1 Jalan Magazine, 10300, Daerah Timor Laut, Pulau Pinang","Unit 1-3-3, No. 1, Jalan P. Ramlee,, 10460, Daerah Timor Laut, Pulau Pinang",Aktif,1,30926-1,Tuan Pavilion,Pulau Pinang,Daerah Timor Laut,
30927,no,,,,,,,,,,,,
30928,yes,FLORA HIJAUAN (MRR2) SDN. BHD.,development.fhmrr2@gmail.com,0356325288,"No. 38-b, Jalan Usj 10/1b,, Uep Subang Jaya,, 47620, Petaling , Selangor","149a, Jalan Aminuddin Baki,, Taman Tun Dr. Ismail,, 60000, Kuala Lumpur, Wp Kuala Lumpur",Aktif,1,30928-1,Residensi Flora Hijauan,Selangor,Gombak,
30929,yes,TLT LAND DEVELOPMENT SDN. BHD.,cnscsb97@gmail.com,062888814,"No. 3-1, Jalan Pnbbu 5,, Pusat Niaga Bukit Baru Utama, , Bukit Baru,, 75150, Melaka Tengah, Melaka","No. 64, Jalan Tkl 6,, Taman Kota Laksamana,, Seksyen 1,, 75200, Melaka Tengah, Melaka",Aktif,1,30929-1,Taman Batu Putih Paya Dalam,Melaka,-,
30930,no,,,,,,,,,,,,
30931,yes,OCR TEMPLER SDN. BHD.,sylau@ocr.com.my,0377101000,"A-3a-01, Block Allamanda, , 10 Boulevard,, Lebuhraya Sprint, Pju 6a, , 47400, Petaling , Selangor","B-21-1, Level 21, Tower B, , Northpoint Mid Valley City, , No. 1, Medan Syed Putra Utara,, 59200, Kuala Lumpur, Wp Kuala Lumpur",Aktif,1,30931-1,D'templer,Selangor,Gombak,
30932,yes,VIVA HEIGHTS DEVELOPMENT SDN. BHD.,vivaheightsdevelopment@gmail.com,0333243076,"No. 39, Jalan Bayu Tinggi 2a/ks6, Taman Bayu Tinggi, 41200, Klang, Selangor","16-1 (1st Floor), Jalan Remia 4/ks6,, Bandar Botanic, 41200, Klang, Selangor",Aktif,1,30932-1,Taman Bentara,Selangor,Kuala Langat,
30933,no,,,,,,,,,,,,
30934,no,,,,,,,,,,,,
30935,no,,,,,,,,,,,,
30936,no,,,,,,,,,,,,
30937,yes,PV M6 SDN. BHD.,pvm6sb@gmail.com,0122919596,"K-2-2, Solaris Mont Kiara, No. 2, Jalan Solaris, Mont Kiara, 50480, Kuala Lumpur, Wp Kuala Lumpur","2-37, Pv 128, 128, , Jalan Genting Klang,  , 53300, Kuala Lumpur, Wp Kuala Lumpur",Aktif,1,30937-1,The Maison 23,Wp Kuala Lumpur,-,
30938,yes,ANGKASA VENTURE SDN. BHD.,angkasaventure@gmail.com,0351019985,"No. 51, Jalan Sp 5/4, Pusat Perdagangan Bsp, Bandar Saujana Putra, 42610, Kuala Langat, Selangor","20-m, Lorong Gopeng,, 41400, Klang, Selangor",Aktif,1,30938-1,Taman Banting Mewah,Selangor,-,
30939,yes,H&T LAND SDN. BHD.,htlanddev@gmail.com,0176031777,"42, Jalan Perwira 1/1, Taman Perwira, Bukit Bakri, 84200, Johor","No. 7 (1st Floor) Jalan Pesta 1/1, Taman Tun Dr. Ismail 1, Jalan Bakri, 84000, Johor",Aktif,1,30939-1,Taman Desa,Johor,-,
30940,no,,,,,,,,,,,,
30941,yes,ECO SUMMIT SDN. BHD.,airmasv@gmail.com,043806012,"33, Jalan Jelawat, Seberang Jaya, 13700, Seberang Perai Tengah, Pulau Pinang","45, Jalan Perak, 10150, Daerah Timor Laut, Pulau Pinang",Aktif,1,30941-1,Residensi Ria Sutera,Pulau Pinang,Seberang Perai Utara,
30942,yes,MENARA CENGAL RESOURCES SDN. BHD.,menaracengalresources@gmail.com,096164765,"Lot 17639, Taman Semarak, Bukit Tunggal, 21200, Terengganu","Lot 1701, Taman Ibai Landmark,, Jalan Tok Adis,, Kuala Ibai,, 20400, Terengganu",Aktif,1,30942-1,Taman Sri Cengal,Terengganu,-,
30943,no,,,,,,,,,,,,
30944,yes,PIXEL VALLEY SDN. BHD.,sitirahayu@kpproperty.com.my,0386828238,"C-30-01 & C-31-01, Menara Vista Petaling, No 137, Jalan Puchong, 58200, Kuala Lumpur, Wp Kuala Lumpur","802, 8th Floor, Block C Kelana Square, 17 Jalan Ss 7/26, 47301, Petaling , Selangor",Aktif,1,30944-1,Pangsapuri Servis Vista,Pulau Pinang,-,
30945,yes,GREENCOVE SDN. BHD.,sitirahayu@kpproperty.com.my,0386828238,"C-30-01 & C-31-01, Menara Vista Petaling, No 137, Jalan Puchong, 58200, Kuala Lumpur, Wp Kuala Lumpur","802, 8th Floor, Block C Kelana Square 17,, Jalan Ss 7/26,, 47301, Petaling , Selangor",Aktif,1,30945-1,Residensi Sena,Selangor,-,
30946,yes,BLOOMING PROPERTIES SDN. BHD.,norjahizan@gmail.com,6073305972,"Unit 6.08, Level 6, Plaza Dnp,, No.59, Jalan Dato Abdullah Tahir, 80300, Johor","Suite 5.11 & 5.12, 5th Floor, Menara Tjb, , No. 9, Jalan Syed Mohd. Mufti,, 80888, Johor",Aktif,1,30946-1,Residensi Senibong Mutiara,Johor,Johor Bahru,
30947,yes,SEPUTEH KUKUH SDN. BHD.,abhhims@gmail.com,057162767,"Lot 6298, Jalan Taiping, 34200, Kerian, Perak","No. 25, Jln Helang, Pekan Baru, 34200, Kerian, Perak",Aktif,1,30947-1,Residensi Seputeh 1,Wp Kuala Lumpur,-,
30948,yes,PARAMOUNT PROPERTY (PG) SDN. BHD.,wlai@paramountproperty.my,045060350,"G-01, Utropolis Utama, Persiaran Cassia Barat 3, 14110, Seberang Perai Selatan, Pulau Pinang","Level 12, Tower B,, Pusat Perdagangan Dataran  Atwater,, Jalan Profesor Diraja Ungku Aziz,, 46200, Petaling , Selangor",Aktif,1,30948-1,Taman Bukit Embun,Pulau Pinang,-,
30949,yes,CREED PROPERTY MALAYSIA SDN. BHD.,sales@cimedini.com,072677300,"C-02-15, Pusat Perdagangan Ion Akses, Persiaran Medini Sentral 6, Bandar Medini Iskandar, 79250, Johor","31-04 Level 31, Menara Landmark,, No. 12 Jalan Ngee Heng,, 80888, Johor Bahru, Johor",Aktif,1,30949-1,Residensi Ion,Johor,Johor Bahru,
30950,no,,,,,,,,,,,,
30951,yes,RIMBUN PURNAMA SDN. BHD.,info@rimbunpurnama.my,0379548111,"No.5, Jalan  51a/225, 46100, Petaling , Selangor","A-301, Block A, Kelana Square, No. 17, Jalan Ss7/26, 47301, Petaling , Selangor",Aktif,1,30951-1,Perumahan Penjawat Awam Malaysia(ppam) Bandar Tun Razak,Wp Kuala Lumpur,Kuala Lumpur,
30952,no,,,,,,,,,,,,
30953,yes,ASAS SAKSAMA SDN. BHD.,legal.jb@ander.com.my,073823868,"No.85, Jalan Harmonium 35/1, Taman Desa Tebrau, 81100, Johor","No 21-01, Jalan Titiwangsa 3/2, Taman Tampoi Indah, 81200, Johor",Aktif,2,30953-1,The Fringe @ Seri Alam,Johor,Johor Bahru,
30954,yes,ANCUBIC VALLEY SDN. BHD.,creditcontrol@ancubic.com,0322411017,"G-01, Residensi Rimba Pantai Dalam, No. 6, Jalan Pantai Sentral 3, Pantai Dalam, 59200, Kuala Lumpur, Wp Kuala Lumpur","Third Floor, No. 77, 79 & 81, Jalan Ss 21/60, Damansara Utama, 47400, Petaling , Selangor",Aktif,1,30954-1,Harmoni 8,Selangor,-,
30955,yes,HARTACOM PROPERTY SDN. BHD.,salesadmin@amberhomes.com.my,0391715133,"02-07, Kompleks Permaisuri Q, No.6 Jalan Sri Permaisuri, Bandar Sri Permaisuri, Cheras, 56000, Wp Kuala Lumpur","Unit 310, 3rd Floor, Lobby 2, Block A, Damansara Intan, No. 1, Jalan Ss20/27, 47400, Selangor",Aktif,1,30955-1,Pusat Komersial Aurum,Wp Kuala Lumpur,Kuala Lumpur,
30956,yes,PEMBANGUNAN NUSA CINTA SDN. BHD.,pnusacinta@gmail.com,01161812141,"B2-1-16 Lorong Pauh Jaya 1/3, Taman Pauh Jaya , 13500, Seberang Perai Tengah, Pulau Pinang","105-07-08 Jalan Gurdwara, Hexagon Tech Park, 10300, Daerah Timor Laut, Pulau Pinang",Aktif,2,30956-1,Taman Keladi Indah,Pulau Pinang,Seberang Perai Utara,
30957,yes,TENTU MESRA SDN. BHD.,tentumesrasb@gmail.com,0125585765,"C14, Tingkat 1, Lorong 8, Taman Sejati Indah, 08000, Kuala Muda, Kedah","570, Lorong 12, Taman Bandar Baru, 08000, Kuala Muda, Kedah",Aktif,1,30957-1,Taman Sentosa,Kedah,Baling,
30958,no,,,,,,,,,,,,
30959,no,,,,,,,,,,,,
30960,yes,WAWASAN PROPERTY  SDN. BHD.,project.lot901@gmail.com,064841575,"D-1, 38c, Jalan Desa 1/3,, Desa Aman Puri,, 52100, Wp Kuala Lumpur","No. 57-1, Jalan Ku 12,, Taman Krubong Utama, 75250, Melaka",Aktif,1,30960-1,Taman Wawasan 3,Negeri Sembilan,Kuala Pilah,
30961,yes,ABM BERKAT SDN. BHD.,choostaff@gmail.com,0199392109,"Lot 343, Tingkat 1, Seksyen 27, Jalan Tok Guru, 15400, Kelantan","Lot 345, Aras 2, Seksyen 27, Jalan Pengkalan Chepa, 15400, Kelantan",Aktif,1,30961-1,Residensi Senja,Kelantan,-,
30962,yes,TOTAL MAJORITY SDN. BHD.,creditadmin@gmail.com,0376801018,"Ra-g-23a, Eve Suite @ Ara Damansara , No 1a, Jalan Pju 1a/41, 47301, Selangor","170-09-01, Livingston Tower,, Jalan Argyll, 10050, Pulau Pinang",Aktif,2,30962-1,Alam Impian,Selangor,-,
30963,yes,HLK REALTY SDN. BHD.,hlkrealtysb@gmail.com,0377342929,"A-6-01, Blok A, Ara Damansara Oasis Square, Jalan Pju 1a/7a, 47301, Selangor","44-1a, Jalan Bandar 2, Pusat Bandar Puchong, 47100, Selangor",Aktif,1,30963-1,Taman Singa Baru 2,Perak,-,
30964,yes,TAHAP MENTARI DEVELOPMENT SDN. BHD.,onehome797@gmail.com,0333584989,"No. 30-1, Jalan Astaka 5/ku2, Bandar Bukit Raja, 41050, Klang, Selangor","No. 17-1, Jalan Makyong 5a/ku5, Bandar Bukit Raja, 41050, Klang, Selangor",Aktif,1,30964-1,Taman Dato Harun 5,Selangor,Klang,
30965,yes,CPI ASSET SDN. BHD.,kellie.keoh@cpiland.com,0322021688,"B01-a-08, Level 8, Menara 2, No. 3 Jalan Bangsar, Kl Eco City, 59200, Wp Kuala Lumpur","2-37, Pv 128, 128 , Jalan Genting Klang, 53300, Wp Kuala Lumpur",Aktif,1,30965-1,Permata Gemma,Selangor,Gombak,
30966,yes,FAR EAST NUSAJAYA SDN. BHD.,corporate@linbaq.com,6075853344,"Block B, Educity Complex 2, Persiaran Canselor 1, Kota Ilmu Educity, 79200, Johor","No. 10a, 1st Floor,, Jalan Ss2/67,, 47300, Petaling , Selangor",Aktif,2,30966-1,Residensi Sari Hijau I,Johor,-,
30967,yes,GROUNDCON SDN. BHD.,zktham@newfields.com.my,0320312888,"Suite 6.01 Penthouse, Wisma Academy, 4-a, Jalan 19/1, 46300, Selangor","No:308 Block A (3rd Floor), Kelana Business Centre, 97 Jalan Ss7/2, Kelana Jaya, 47301, Selangor",Aktif,1,30967-1,Zeya Residences,Selangor,Hulu Langat,
30968,yes,CITRA BINA SDN. BHD.,thndevelopmentsb@gmail.com,0333249186,"B-07-02, Residensi Estetika,, Jalan Dagang Sb,, The Mines Resort City,, 43300, Petaling , Selangor","02-00-2d, Kuchai Brempark,, Jalan Selesa 2, Taman Gembira,, 58200, Kuala Lumpur, Wp Kuala Lumpur",Aktif,1,30968-1,Taman Bayu Harmoni,Selangor,-,
30969,yes,ASTAKA KIMLUN SDN. BHD.,salesadmin@astaka.com.my,072315457,"No 22 Jalan Padi Emas 1/4, Uda Business Centre, 81200, Johor","No 22 Jalan Padi Emas 1/4, Uda Business Centre, 81200, Johor",Aktif,1,30969-1,Residensi Arden,Johor,Johor Bahru,
30970,yes,GEMILANG MUHIBAH SDN. BHD.,tpmlks79@gmail.com,0341072400,"C-07-13a, Plaza Bukit Jalil,, No. 1, Persiaran Jalil 1,, Bandar Bukit Jalil,, 57000, Wp Kuala Lumpur","18-2b, Jalan Pandan 2/1,, Pandan Jaya,, 55100, Wp Kuala Lumpur",Aktif,1,30970-1,Taman Belian,Negeri Sembilan,-,
30971,no,,,,,,,,,,,,
30972,no,,,,,,,,,,,,
30973,no,,,,,,,,,,,,
30974,yes,WAYMONT DEVELOPMENT SDN. BHD.,waymontsb@gmail.com,092962867,"Block B-2-17, Damen Usj 1, Persiaran Kewajipan, Usj1,, 47600, Petaling , Selangor","A-2-15 Street Mall, One South Jalan Os, Taman Serdang Perdana Seksyen 6, 43300, Petaling , Selangor",Aktif,1,30974-1,Perumahan Makmur Suria Jaya,Pahang,-,
30975,yes,MENTAKAB JAYA SDN. BHD.,mentakabjaya@gmail.com,092770436,"No. 1, Jalan Dagang 1/4, Taman Perindustrian Temerloh, 28400, Pahang","No 19 Tingkat 1, Jalan Teratai,, Pekeliling Mentakab,, 28400, Pahang",Aktif,1,30975-1,Taman Pulai Murni,Pahang,-,
30976,yes,SKYAMAN DEVELOPMENT SDN. BHD.,skyworldsandm@gmail.com,60342709968,"Level 8, Block B, Wisma Ntp World, Excella Business Park, Jalan Ampang Putra, 55100, Kuala Lumpur, Wp Kuala Lumpur","Unit 30-01, Level 30, Tower A,, Vertical Business Suite, Avenue 3,, Bangsar South, No. 8, Jalan Kerinchi,, 59200, Kuala Lumpur, Wp Kuala Lumpur",Aktif,1,30976-1,Residensi Skyaman 1,Wp Kuala Lumpur,Kuala Lumpur,
30977,no,,,,,,,,,,,,
30978,no,,,,,,,,,,,,
30979,no,,,,,,,,,,,,
30980,yes,PACIFIC GEOLAND SDN. BHD.,kellylaw@landpacific.com,0362117072,"C-01-02, Plaza Damas 3, No. 63, Jalan Sri Hartamas 1, Sri Hartamas, 50480, Wp Kuala Lumpur","Block H-2-11, Plaza Damas,, 60, Jalan Sri Hartamas 1,, Sri Hartamas,, 50480, Wp Kuala Lumpur",Aktif,1,30980-1,Astoria Ceylon Hill,Wp Kuala Lumpur,Kuala Lumpur,
30981,yes,TIARA CEMERLANG SDN. BHD.,norjahizan@gmail.com,073305972,"Unit 6.08, Level 6, Plaza Dnp, No. 59, Jalan Dato' Abdullah Tahir, 80300, Johor","Suite 5.11 & 5.12, 5th Floor, Menara Tjb,, No. 9, Jalan Syed Mohd. Mufti,, 80888, Johor Bahru, Johor",Aktif,3,30981-1,Residensi Tiara Cemerlang 1,Johor,Johor Bahru,
30982,no,,,,,,,,,,,,
30983,yes,SEIRING HARUM SDN. BHD.,seiringharumsb@gmail.com,0350332655,"No. 12a-1, Jalan Eco Ardence B U12/36b, Eco Ardence, Seksyen U12, 40170, Selangor","A-2-6, Glomac Damansara, No. 699, Jalan Damansara, 60000, Wp Kuala Lumpur",Aktif,1,30983-1,Taman Desa Bukit Delima,Selangor,Klang,
30984,no,,,,,,,,,,,,
30985,yes,JELITA BINA SDN. BHD.,ihsanceria5222@gmail.com,043580522,"No. 2, 2nd Floor, Persiaran Maklom,, Pusat Perniagaan Maklom,, 13800, Seberang Perai Utara, Pulau Pinang","88-01-12, Lintang Sungai Pinang,, Sri Wonder Kompleks,, 10150, Daerah Timor Laut, Pulau Pinang",Aktif,2,30985-1,Taman Pelangi Indah,Perak,Kerian,
30986,no,,,,,,,,,,,,
30987,yes,RUINENG INTERNATIONAL (M) SDN. BHD.,admin@rewardsupremedev.com,0333249186,"No 8,, Jalan Aman Sinaria 9,, Bandar Tropicana Aman,, 42500, Selangor","No. 41-3, Jalan Metro Perdana 7,, Taman Usahawan Kepong,, Kepong Utara,, 52100, Wp Kuala Lumpur",Aktif,1,30987-1,Taman Bukit Awana,Negeri Sembilan,Kuala Pilah,
30988,yes,TWSK DEVELOPMENT SDN. BHD. ,twskdev@gmail.com,0165502555,"No. 37, Medan Stesen 19, Pasir Puteh , 31650, Perak","12a (1st Floor),, Jalan Dass,, 30300, Perak",Aktif,1,30988-1,Taman Bidor Putera,Perak,-,
30989,yes,BREW VANTAGE SDN. BHD.,tajinhua@majesticgen.com.my,0320949939,"No.99, Jalan Pudu Lama, 50200, Wp Kuala Lumpur","No.99, Jalan Pudu Lama, 50200, Wp Kuala Lumpur",Aktif,1,30989-1,Taman Sungai Dua Utama,Pulau Pinang,Seberang Perai Utara,
30990,yes,MAJESTIC GEN (SOUTHERN) SDN. BHD.,shasharazali@majesticgen.com.my,0320949939,"Unit No. 3a-05-01, Level 5, Corporate Tower 3a, Pavilion Damansara Heights, No. 3, Jalan Damanlela, 50490, Wp Kuala Lumpur","No 99, Jalan Pudu Lama, 50200, Wp Kuala Lumpur",Aktif,1,30990-1,Taman Yu,Negeri Sembilan,Seremban,
30991,no,,,,,,,,,,,,
30992,yes,SA JADE DEVELOPMENT SDN. BHD.,chiangjk@xinsynergy.com.my,046046899,"556h, Century Garden, Jalan Sultan Azlan Shah, Kampung Batu Uban, 11700, Daerah Barat Daya, Pulau Pinang","Third Floor, No. 77, 79 & 81, Jalan Ss21/60, Damansara Utama, 47400, Petaling , Selangor",Aktif,2,30992-1,Taman Perdana Putera,Pulau Pinang,Seberang Perai Selatan,
30993,yes,GREEN ACE HERITAGE SDN. BHD.,airmasv@gmail.com,043806012,"33, Jalan Jelawat, Seberang Jaya, 13700, Pulau Pinang","45 Jalan Perak, 10150, Pulau Pinang",Aktif,1,30993-1,Taman Prima Emas,Pulau Pinang,Seberang Perai Tengah,
30994,yes,SIXTEEN RESIDENCES SDN. BHD.,sixteenresidences@gmail.com,0386008633,"No. 27-2, Jalan Usj 10/1f, 47620, Selangor","No. 9-7 (level 7), Jalan Usj 9/5q, Subang Business Centre, 47610, Selangor",Aktif,1,30994-1,Residensi Subang 16,Selangor,-,
30995,yes,PAUTAN WARISAN SDN. BHD.,sa@snfcapital.com.my,055486663,"Lot 1307, Level 13, Tower 2, Faber Towers, Jalan Desa Bahagia, Taman Desa, 58100, Kuala Lumpur, Wp Kuala Lumpur","Unit 1203, Level 12, Uptown 1, No. 1 Jalan Ss21/58, , Damansara Uptown, 47400, Petaling , Selangor",Aktif,1,30995-1,Taman Ampang,Perak,Kinta,
30996,yes,NIKMAT PROSPEK SDN. BHD.,nikmatprospek@gmail.com,063373800,"15a, Jalan Malim Permai 2/3, Taman Malim Permai, 75250, Melaka","123b Jalan 25, Taman Melaka Raya, 75000, Melaka",Aktif,1,30996-1,Taman Sungai Rambai Setia,Melaka,-,
30997,yes,3PEAK CONSTRUCTION SDN BHD,trepeak718@gmail.com,055463550,"No. 174, Jalan Sultan Azlan Shah Utara, Taman Anda, 31400, Perak","No. 34, Fourth Floor,, Jalan Raja Permaisuri Bainun,, 30250, Perak",Aktif,1,30997-1,Taman Anda,Perak,-,
30998,yes,MUZDALFA HOLDINGS SDN. BHD.,mfahan99@gmail.com,0389257036,"No. 1-31, 1st Floor, Plaza Gm, Lorong Haji Taib 5, Chow Kit, 50350, Wp Kuala Lumpur","Level 15-2,, Bangunan Faber Imperial Court,, Jalan Sultan Ismail,, 50250, Wp Kuala Lumpur",Aktif,1,30998-1,Taman Salak Megah,Selangor,Sepang,
30999,no,,,,,,,,,,,,
31000,no,,,,,,,,,,,,
31001,yes,TM JAYA RESOURCES SDN. BHD.,activeoverland@gmail.com,062869859,"No. G-3 Jalan Pm 4, Plaza Mahkota , 75000, Melaka","No.10 (mez. Floor), Jalan Kota Laksamana 2/15, Taman Kota Laksamana, Seksyen 2, 75200, Melaka",Aktif,1,31001-1,Taman Cheng Setia,Melaka,Melaka Tengah,
31002,no,,,,,,,,,,,,
31003,no,,,,,,,,,,,,
31004,yes,CHERAS TRADERS SQUARE SDN. BHD.,sales@scpgroup.com.my,0376651228,"No. 101, Block D, Phileo Damansara 1, Jalan 16/11, 46350, Selangor","Unit 3a-12, Level 3a, Tower A,, Vertical Business Suite, Avenue 3, Bangsar South, No. 8 Jalan Kerinchi, 59200, Wp Kuala Lumpur",Aktif,1,31004-1,Residensi Damaisari,Selangor,Petaling ,
31005,yes,SINARAN99 SDN. BHD.,admin.info@sunavenuegroup.com,0364117298,"Block B, B-2-01, Plaza Arcadia, Jalan Intisari Perdana, Desa Parkcity, 52200, Wp Kuala Lumpur","No. 27-2, Plaza Sinar,, Jalan 6/38d, Taman Sri Sinar,, Segambut,, 51200, Wp Kuala Lumpur",Aktif,1,31005-1,Taman Tok Muda Jaya,Selangor,-,
31006,yes,TROPICANA MAKMUR CAHAYA SDN. BHD.,michelle@tropicanacorp.com.my,0376636888,"Unit 1301, Level 13, Tropicana Gardens Office Tower, No 2a, Persiaran Surian, Tropicana Indah, 47810, Petaling , Selangor","Unit 1301, Level 13,, Tropicana Gardens Office Tower,, No. 2a, Persiaran Surian, Tropicana Indah,, 47810, Petaling , Selangor",Aktif,2,31006-1,Breeze Hill,Pahang,-,
31007,yes,EXSIM KEBUN TEH SDN. BHD.,syazana.sahimi@exsim.my,0379631999,"D-35-01, Level 35, Exsim Tower, Millerz Square @ Old Klang Road, Megan Legasi, No. 357, Jalan Kelang Lama, 58000, Wp Kuala Lumpur","No. D-09-02, Level 9, Exsim Tower,, Millerz Square @ Old Klang Road,, Megan Legasi, No. 357, Jalan Kelang Lama,, 58000, Wp Kuala Lumpur",Aktif,1,31007-1,Residensi Kebun Teh (the Asteriaz @ Kebun Teh),Johor,-,
31008,yes,SMART ADVANCE RESOURCES SDN. BHD.,huiyin@platinumvictory.com,0340233666,"Lot 25067, Taman Melati Utama, Setapak, 53100, Wp Kuala Lumpur","C-6-12, Streetmall, One South, Jalan Os, Taman Serdang Perdana, Seksyen 6, 43300, Selangor",Aktif,1,31008-1,Residensi Platinum Melati,Wp Kuala Lumpur,-,
31009,no,,,,,,,,,,,,
31010,yes,HARTA JAYA DEVELOPMENT SDN. BHD.,hartajayadevsb@gmail.com,055470588,"No. 6a, Jalan Medan Ipoh 3, Bandar Baru Medan Ipoh, 31400, Perak","No. 3a, Laluan Pinji Seni 4, Taman Pinji Seni, 31650, Perak",Aktif,1,31010-1,Chemor Avenue,Perak,Kinta,
31011,no,,,,,,,,,,,,
31012,yes,MENAREZ DEVELOPMENT  SDN. BHD.,admin@binaharta.my,0364110491,"A-1-2, Block A, Plaza Arkadia, Jalan Residen 3, Desa Parkcity, 52200, Wp Kuala Lumpur","D-2-15, Pusat Komersial Jalan Kuching,, No. 115, Jalan Kepayang, Off Jalan Kuching, 51200, Kuala Lumpur, Wp Kuala Lumpur",Aktif,1,31012-1,Residensi Jalinan Sentul,Wp Kuala Lumpur,-,
31013,no,,,,,,,,,,,,
31014,yes,INTAN PRIMA TOWNSHIP DEVELOPMENT SDN. BHD.,project.tiprima@intanprima.com.my,067953399,"Pt 2400, Jalan Bucida Hijauan 1, Taman Bucida Hijauan, 71800, Negeri Sembilan","Level 7, Mercu 3, No. 3, Jalan Bangsar, , Kl Eco City,, 59200, Wp Kuala Lumpur",Aktif,2,31014-1,Bandar Pr1ma Teluk Intan,Perak,Hilir Perak,
31015,yes,CONNOISSEUR PROPERTIES SDN. BHD.,letterbox@connoisseurgroup.com.my,6077072627,"Unit 23a-07, Pangsapuri Tenteram, Jalan Tenteram, 80300, Johor","Suite 5.11 & 5.12, 5th Floor, Menara Tjb,, No. 9, Jalan Syed Mohd. Mufti,, 80888, Johor",Aktif,1,31015-1,Residensi Bukit Meldrum,Johor,-,
31016,no,,,,,,,,,,,,
31017,no,,,,,,,,,,,,
31018,no,,,,,,,,,,,,
31019,yes,DIAMOND GARDEN CITY SDN. BHD.,cllim@nusalaguna.com,052200358,"No. 47 & 49 Lahat Mines 1, Bandar Lahat Mines, 31500, Perak","No.85 (2nd Floor), Jalan Bercham, Bandar Baru Tasek, 31400, Perak",Aktif,1,31019-1,Diamond Garden City,Perak,-,
31020,yes,IDAMAN URBAN DEVELOPMENT  SDN. BHD.,leongbelkron@gmail.com,052419988,"No. 118a & 120a,, Jalan Bahru,, Off Jalan Kampar,, 30250, Perak","47a Jalan Chung Ah Ming, Pasir Puteh, 31650, Perak",Aktif,2,31020-1,Taman Tanjung Cahaya,Perak,Kinta,
31021,no,,,,,,,,,,,,
31022,no,,,,,,,,,,,,
31023,yes,RST DEVELOPMENT SDN. BHD.,rstdevsb@gmail.com,0331804100,"55-1, Jalan Aman Sinaria 2, Bandar Tropicana Aman, 42500, Selangor","7a, Jalan Tapah, Off Jalan Goh Hock Huat, 41400, Selangor",Aktif,1,31023-1,"Taman Dato' Hormat 6, Kampung Sungai Kembong",Selangor,Klang,
31024,no,,,,,,,,,,,,
31025,no,,,,,,,,,,,,
31026,yes,EVERGREEN MANSION SDN. BHD.,evergreenmansionsb@gmail.com,0124687595,"Plot 62, Phase 4, Lorong Perusahaan Maju 3,, Prai Industrial Estate,, 13600, Pulau Pinang","182a, Jalan Raja Uda,, Pusat Perniagaan Raja Uda,, 12300, Pulau Pinang",Aktif,1,31026-1,Taman Fajar Permai,Pulau Pinang,-,
31027,yes,IQTISAD WORLD (M) SDN. BHD.,iqtisadworld@gmail.com,0376140198,"C-9-5, Block C, Setiawalk, Persiaran Wawasan, Pusat Bandar Puchong, 47160, Selangor","240a Jalan Bandar 13, Pusat Bandar Melawati, 53100, Wp Kuala Lumpur",Aktif,1,31027-1,Taman Langat Utama 2,Selangor,-,
31028,yes,SETIA GARDENS DEVELOPMENT SDN. BHD.,yoges8017@gmail.com,0379311888,"L11-01-02 & L11-03-3a, Level 11, Pjx Tower, No. 16a, Persiaran Barat, 46050, Selangor","No. 57-3, (3rd Floor), Jalan Metro Perdana Barat 1, , Taman Usahawan Kepong, Kepong Utara, 52100, Wp Kuala Lumpur",Aktif,2,31028-1,Taman Inang Sari,Selangor,Klang,
31029,yes,RIO CHERAS SOUTH  SDN. BHD.,greentargetholdings@gmail.com,0356300670,"No.11, Jalan Pjs 8/18 , Dataran Mentari, 46150, Petaling , Selangor","No. 57-3 ( 3rd Floor ) Jalan Metro, Perdana Barat 1, Taman Usahawan, Kepong, Kepong Utara, 52100, Kuala Lumpur, Wp Kuala Lumpur",Aktif,1,31029-1,Residensi Rio Cheras Selatan,Selangor,Hulu Langat,
31030,no,,,,,,,,,,,,
31031,yes,PLAZA SENTOSA PROPERTIES SDN. BHD.,marketing@tslawland.com,0386842899,"Unit 18, 1st Floor, Block G, Plaza Sentosa, Jalan Sutera, Taman Sentosa, 80150, Johor","Lot 306, 3rd Floor, Tower 2,, Faber Towers, Jalan Desa Bahagia,, Taman Desa,, 58100, Wp Kuala Lumpur",Aktif,1,31031-1,Skyline One Sentosa,Johor,Johor Bahru,
31032,no,,,,,,,,,,,,
31033,yes,BANTING PROPERTY DEVELOPMENT SDN. BHD.,boonseong5253@gmail.com,0126720868,"Unit 13-1, Level 13 Port Tech Tower, Jalan Tiara 3, Bandar Baru Klang, 41150, Selangor","No. 63c, Jalan Ss25/2, Taman Bukit Emas, 47301, Selangor",Aktif,1,31033-1,Taman Kristal,Selangor,-,
31034,yes,SUNWAY MAJESTIC  SDN. BHD.,car_jb@sunway.com.my,075098800,"Level 9, Wisma Sunway Big Box, Persiaran Medini 5, Bandar Sunway Iskandar Puteri (sunway City Iskandar Puteri), 79250, Johor","Level 16, Menara Sunway,, Jalan Lagoon Timur,, Bandar Sunway,, 47500, Selangor",Aktif,1,31034-1,Soho Sunway Majestic,Johor,Johor Bahru,
31035,yes,CLEMENTI LAND SDN. BHD.,clementiland@gmail.com,069514884,"No. 1 (1st Floor), Lorong Wan Haji Ibrahim 1, Jalan Abdul Rahman, Pusat Perniagaan Abdul Rahman, 84000, Muar, Johor","No. 46 (1st Floor), Jalan Arab, 84000, Muar, Johor",Aktif,1,31035-1,Taman Sri Permai,Johor,-,
31036,yes,MESWARA REALTY HOLDINGS SDN. BHD.,office.meswara@gmail.com,60331914741,"No.22, Jalan Cermai, Taman Gembira, 42600, Selangor","No 18b Jalan Gelugor, Klang Financial Square, 41050, Selangor",Aktif,1,31036-1,Taman Masjid Tanah,Melaka,-,
31037,yes,NEXPIXEL SDN. BHD.,fm10@seripajam.com.my,067996222,"Pt 9889, Jalan Bbn 1/3j, Putra Point, Putra Nilai, 71800, Negeri Sembilan","Level 7, Mercu 3, No. 3, Jalan Bangsar,, Kl Eco City,, 59200, Wp Kuala Lumpur",Aktif,1,31037-1,Taman Sentul,Negeri Sembilan,Seremban,
31038,yes,ELEGANCE SONATA SDN. BHD.,josephinelim@gadang.com.my,0362796203,"Wisma Gadang, No. 52, Jalan Tago 2, Off Jalan Persiaran Utama, Sri Damansara, 52200, Wp Kuala Lumpur","Wisma Gadang, No. 52, Jalan Tago 2, Off Jalan Persiaran Utama, Sri Damansara, 52200, Wp Kuala Lumpur",Aktif,1,31038-1,Laman Waringin,Selangor,-,
31039,yes,DASAR AFDAL (PK) SDN. BHD.,dasarafdal_pk363@yahoo.com,052422722,"No. 3, Jalan Haji Eusoff, Housing Trust, 30250, Perak","No. 81 (2nd Floor), Jalan Market, 30000, Perak",Aktif,1,31039-1,Taman Kurnia Berkat,Perak,-,
31040,yes,SUDI BARU REALTY  SDN. BHD.,sudibarurealty@hotmail.com,044661230,"No. 10 Tingkat Atas, Jalan Jerai Maju 2, Taman Jerai Maju, 08300, Kedah","Level 1, 8a Jalan Tengah, 05100, Kedah",Aktif,1,31040-1,Taman Suria Perdana,Kedah,-,
31041,yes,KSL BESTARI SDN. BHD.,gt@ksl.my,079311430,"Wisma Ksl, No. 148, Batu 1 1/2,, Jalan Buloh Kasap,, 85000, Johor","A-3-55, Pusat Komersial Bayu Tasek,, Persiaran Southkey 1,, Kota Southkey,, 80150, Johor",Aktif,1,31041-1,Residensi Bestari,Selangor,-,
31042,yes,LKNP DEVELOPMENT  SDN. BHD.,lknpdevelopment@gmail.com,042250228,"No. 34, Jalan Sungai Ara 4, Sungai Ara, 11900, Daerah Barat Daya, Pulau Pinang","No. 188, Second Floor, Jalan Tembikai, Taman Padang Lallang,, 14000, Seberang Perai Tengah, Pulau Pinang",Aktif,1,31042-1,Ipil Permai 5,Pulau Pinang,-,
31043,no,,,,,,,,,,,,
31044,no,,,,,,,,,,,,
31045,no,,,,,,,,,,,,
31046,yes,MIZUMI MAXIM SDN. BHD.,maxim@maximglobal.com.my,0378865454,"No. 2d, Jalan Ss 6/6, Kelana Jaya, 47301, Petaling , Selangor","No. 2d, Jalan Ss 6/6, Kelana Jaya, 47301, Petaling , Selangor",Aktif,1,31046-1,Residensi Maxim D'parc,Wp Kuala Lumpur,-,
31047,yes,ECO GREEN PAVILION PROPERTIES  SDN. BHD.,ecogreenpavilionproperties@gmail.com,0389987728,"No.2a-2, Block 2, Jalan Jalil Jaya 2, Jalil Link, Jalan 1/55b, 57000, Wp Kuala Lumpur","B-9-7 (front Portion), Megan Avenue 1, No.189, Jalan Tun Razak, 50400, Wp Kuala Lumpur",Aktif,1,31047-1,Taman Sri Meranti,Selangor,-,
31048,no,,,,,,,,,,,,
31049,yes,HAVERSE QUEST SDN. BHD.,agnes.boon@haverse.my,076631333,"No.977, Jalan Muhibah 3, Taman Perindustrian Muhibah, 81400, Johor","No. 2-01, Jalan Bestari 6/2, Taman Nusa Bestari, 79150, Johor",Aktif,1,31049-1,Regent's Park,Johor,-,
31050,yes,CAHAYA TIMUR UTAMA SDN. BHD.,cahayatimur.sb888@gmail.com,097478888,"Pt 813, 1st Floor, Seksyen 27, Jalan Sri Cemerlang, 15350, Kelantan","Lot 577, Section 19, Taman Limau Manis, Jalan Hamzah, 15050, Kelantan",Aktif,1,31050-1,Taman Matrik,Kelantan,-,
31051,yes,ASPIRASI CEKAP SDN. BHD.,skyworldsandm@gmail.com,60342709968,"Level 8, Block B, Wisma Ntp World,, Excella Business Park, Jalan Ampang Putra,, Ampang,, 55100, Wp Kuala Lumpur","Unit 30-01, Level 30, Tower A,, Vertical Business Suite, Avenue 3,, Bangsar South, No. 8, Jalan Kerinchi,, 59200, Wp Kuala Lumpur",Aktif,1,31051-1,Residensi Awani Prima,Wp Kuala Lumpur,-,
31052,yes,MESMAJU DEVELOPMENT SDN. BHD.,csd@masjaya.com,0136879796,"Suite 9-7, Co-me Up, Bp Avenue, No.8, Jalan Abdul Rahman, Bandar Penggaram, 83000, Batu Pahat, Johor","Suite 9-5, Co-me Up, Bp Avenue,, No. 8, Jalan Abdul Rahman,, Bandar Penggaram,, 83000, Batu Pahat, Johor",Aktif,1,31052-1,Cassia Garden,Johor,Batu Pahat,
31053,yes,SKYWIZ REALTY SDN. BHD.,project@skywizgroup.com,062889138,"A-01-01, Menara The Wave, Jalan Klj 5, Kota Laksamana Jaya, 75200, Melaka","123b, Jalan 25, Taman Melaka Raya, 75000, Melaka",Aktif,2,31053-1,Taman Eco Seri,Melaka,Alor Gajah,
31054,yes,GREEN CAMOUR PROPERTY SDN. BHD.,greencamourproperty@gmail.com,043565860,"No 9-g, Lorong Setia Sentral 1, Pusat Perniagaan Setia Sentral , 14000, Pulau Pinang","No. 8, Lorong Pulau Tikus, 10350, Pulau Pinang",Aktif,1,31054-1,Pangsapuri Servis Visi,Pulau Pinang,Seberang Perai Selatan,
31055,no,,,,,,,,,,,,
31056,yes,KUKUH BINA DEVELOPMENT SDN. BHD.,kbina.dev@gmail.com,063121112,"No. 82, Jalan Cb 1, Taman Cheng Baru, 75250, Melaka Tengah, Melaka","No. 30-1, Jalan Rahmat 4,, Taman Malim Jaya,, 75250, Melaka Tengah, Melaka",Aktif,1,31056-1,Taman Cheng Murni,Melaka,-,
31057,yes,VIP WAVES SDN. BHD.,unitedestatesdnbhd@gmail.com,0132292887,"No. 1a, Jalan Greentown 4, Greentown Nova, 30450, Kinta, Perak","No. 30,, Medan Istana 1,, Bandar Ipoh Raya,, 30000, Kinta, Perak",Aktif,3,31057-1,Rimbayu Tanjung Rambutan,Perak,Kinta,
31058,yes,CHERITA DEVELOPMENT SDN. BHD.,joanne.loke@petersb.com.my,0377829988,"Level 3, Wisma Peter's, No. 1, Jalan Pjs 1/2, Taman Petaling Utama, 46150, Selangor","200,jalan Sultan Iskandar, 30000, Perak",Aktif,1,31058-1,Pangsapuri Servis Ceria,Selangor,-,
31059,yes,SINARAN KENCANA SDN. BHD.,sales@mgbgroup.com.my,0378745888,"H-g, Sunway Pj@51a, Jalan Ss9a/19, Seksyen 51a, 47300, Selangor","G-3a, Sunway Pj@51a,, Jalan Ss9a/19, Seksyen 51a,, 47300, Selangor",Aktif,1,31059-1,Residensi Starlight,Pahang,-,
31060,no,,,,,,,,,,,,
31061,yes,PINNACLE BUKIT GAMBIER SDN. BHD.,marketing.sg@pinnaclegroup.com.my,0379322268,"Level 26a, Tower B, Pinnacle Pj,, Jalan Utara C,, 46200, Selangor","3a32, Level 4 (lift 7), Block A, Damansara Intan, 1, Jalan Ss20/27, 47400, Selangor",Aktif,1,31061-1,Pinnacle Bukit Gambier,Pulau Pinang,Daerah Timor Laut,
31062,no,,,,,,,,,,,,
31063,yes,WAWARI SDN. BHD.,gt@ksl.my,079311430,"Wisma Ksl, No. 148, Batu 1 1/2,, Jalan Buloh Kasap,, 85000, Johor","A-3-55, Pusat Komersial Bayu Tasek,, Persiaran Southkey 1,, Kota Southkey, 80150, Johor",Aktif,5,31063-1,Bandar Wawari,Johor,-,
31064,yes,EXSIM MX4 SDN. BHD.,syazana.sahimi@exsim.my,0379631999,"D-35-01, Level 35, Exsim Tower, Millerz Square @ Old Klang Road, Megan Legasi, No 357, Jalan Klang Lama, 58000, Wp Kuala Lumpur","No. D-09-02, Level 9, Exsim Tower, Millerz Square @ Old Klang Road, Megan Legasi, No. 357, Jalan Kelang Lama, 58000, Wp Kuala Lumpur",Aktif,1,31064-1,D'evia Residences @ Kwasa Damansara,Selangor,-,
31065,no,,,,,,,,,,,,
31066,yes,SANJUNG BUDI SDN. BHD.,mrm1073@gmail.com,097446368,"4355-f, Tingkat 1, Jalan Pengkalan Chepa, 15400, Kota Bharu, Kelantan","Lot 345,  Aras 2,  Seksyen 27, Jalan Pengkalan Chepa, 15400, Kota Bharu, Kelantan",Aktif,2,31066-1,Taman Sb 1,Kelantan,Tumpat,
31067,no,,,,,,,,,,,,
31068,yes,DAYANG GEMILANG SDN. BHD.,info@spb.my,062848127,"No. 16 & 17, Plaza Seri Kubu, Jalan Tan Chay Yan, 75300, Melaka","50-1, 52-1 & 54-1, Jalan Bpm 2, Taman Bukit Piatu Mutiara, 75150, Melaka",Aktif,1,31068-1,Taman La Casa Ara,Pulau Pinang,-,
31069,yes,CHESTWOOD PROPERTIES SDN. BHD.,chestwoodpropertiessb@gmail.com,6052403788,"No. 57-a, 1st Floor, Jalan Sultan Abdul Jalil, 30300, Perak","34, Fourth Floor,, Jalan Raja Permaisuri Bainun,, 30250, Perak",Aktif,1,31069-1,Arena Perpaduan Utama,Perak,-,
31070,yes,STARHILL CENTURY SDN. BHD.,mohammad.zaim@setiaawan.com,0379322000,"Unit 110, Block G, Phileo Damansara 1, No. 9, Jalan 16/11, Off Jalan Damansara, 46350, Selangor","No. 5 1st Floor, Business Centre Taman Desa, Off Jalan Kelang Lama, 58100, Wp Kuala Lumpur",Aktif,1,31070-1,Residensi Sena,Selangor,Petaling ,
31071,yes,ICG ADVISORY SDN. BHD.,icgdevcorp@outlook.com,60187809624,"No.21, 1st Floor Jalan Warisan, Taman Warisan, 84000, Johor","S-07 Podium 1, Menara Ansar, No. 65, Jalan Trus, 80000, Johor",Aktif,1,31071-1,Taman Berkat Makmur,Johor,Muar,
31072,yes,ECO KARISMA LAND SDN. BHD.,keneeth111@hotmail.com,0163340999,"No. 12, First Floor, Jalan Ppmp 3/1, , Pusat Perniagaan Manjung Point 3,, 32040, Perak","Suite A-23-9, Level 23, Menara Uoa Bangsar, No. 5, Jalan Bangsar Utama 1, 59000, Wp Kuala Lumpur",Aktif,1,31072-1,Taman Cempaka Karisma,Perak,-,
31073,no,,,,,,,,,,,,
31074,yes,MAXIM PELANGI SDN. BHD.,dulinaazwer@maximglobal.com.my,0378037008,"No. 2d, Jalan Ss 6/6, Kelana Jaya, 47301, Petaling , Selangor","No. 2d, Jalan Ss 6/6, Kelana Jaya , 47301, Petaling , Selangor",Aktif,1,31074-1,Residensi Maxim Pelangi,Johor,Johor Bahru,
31075,yes,SKYWORLD MUTIARA DEVELOPMENT SDN. BHD.,skyworldsandm@gmail.com,60342709968,"Level 8, Block B, Wisma Ntp World,, Excella Business Park,, Jalan Ampang Putra, Ampang, 55100, Wp Kuala Lumpur","Unit 30-01, Level 30, Tower A,, Vertical Business Suite, Avenue 3,, Bangsar South, No. 8, Jalan Kerinchi,, 59200, Wp Kuala Lumpur",Aktif,2,31075-1,Skyawani Pearlmont Residences,Pulau Pinang,Seberang Perai Tengah,
31076,yes,AQUA LEGACY SDN. BHD.,skyworldsandm@gmail.com,60342709968,"Level 8, Block B, Wisma Ntp , World, Excella Business Park, Jalan Ampang Putra, 55100, Wp Kuala Lumpur","Unit 30-01, Level 30, Tower A, Vertical Business Suite, Avenue 3, Bangsar South, No. 8, Jalan Kerinchi, 59200, Wp Kuala Lumpur",Aktif,1,31076-1,Residensi Awani 6,Wp Kuala Lumpur,-,
31077,yes,PACIFIC SKYLINE SDN. BHD.,kellylaw@landpacific.com,0362117072,"C-01-02, Plaza Damas 3,, No.63, Jalan Sri Hartamas 1,, Sri Hartamas, , 50480, Wp Kuala Lumpur","Block H-2-11, Plaza Damas,, 60, Jalan Sri Hartamas 1,, Sri Hartamas,, 50480, Wp Kuala Lumpur",Aktif,1,31077-1,Residensi Kanopi (canopy Hills 2),Selangor,-,
31078,yes,ARABAYU SEPAKAT SDN. BHD.,jyonelteh@tantan.com,0322898989,"Level 32, The Gardens South Tower, Mid Valley City, Lingkaran Syed Putra, 59200, Wp Kuala Lumpur","Level 32, The Gardens South Tower, Mid Valley City, Lingkaran Syed Putra, 59200, Wp Kuala Lumpur",Aktif,1,31078-1,Vila Batai,Wp Kuala Lumpur,Kuala Lumpur,
31079,yes,SOON VILLE PROPERTY SDN. BHD.,thean.ming@lasbgroup.com,0125063614,"No. 1 Jalan Sp 12 , Taman Semabok Perdana, 75050, Melaka","50-1, 52-1 & 54-1, Jalan Bpm 2, Taman Bukit Piatu Mutiara, 75150, Melaka",Aktif,1,31079-1,Taman Kelemak Indah,Melaka,-,
31080,no,,,,,,,,,,,,
31081,no,,,,,,,,,,,,
31082,yes,TAT LIAN PROPERTY  SDN. BHD.,cywong@unicoh.com.my,0321410166,"8th Floor, Menara Bgi, Plaza Berjaya, 12 Jalan Imbi, 55100, Wp Kuala Lumpur","8th Floor, Menara Cosway, Plaza Berjaya, 12 Jalan Imbi, 55100, Wp Kuala Lumpur",Aktif,1,31082-1,Taman Yayasan,Selangor,-,
31083,yes,SIN HUAT HIN LOGISTICS SDN. BHD.,shhlsbdev@gmail.com,0331913151,"Lot 370, Batu 15, Jalan Klang Banting, Jenjarom, 42600, Kuala Langat, Selangor","Lot 370,batu 15, Jalan Klang Banting, Jenjarom,kuala Langat,selangor, 42600, Kuala Langat, Selangor",Aktif,1,31083-1,Taman Desa Putera,Selangor,-,
31084,yes,LUX VERITAS (M) SDN. BHD.,Luxveritasmsb@gmail.com,0338844326,"12gf, Jalan Rengas, Southern Park, 41200, Klang, Selangor","12-3, Jalan 3/114, Kuchai Business Centre, Jalan Kuchai Lama, 58200, Kuala Lumpur, Wp Kuala Lumpur",Aktif,1,31084-1,Lot9276-the Lux @ Abadi Heights,Selangor,Sepang,
31085,no,,,,,,,,,,,,
31086,no,,,,,,,,,,,,
31087,yes,WINDSOR HOMES SDN. BHD.,marketing@multifieldasia.com,0327899028,"Unit 2, Level 43, Naza Tower Platinum Park, No. 10, Persiaran Klcc, 50088, Kuala Lumpur, Wp Kuala Lumpur","Unit 7-01, Level 7,, Menara Lagenda,, No. 3, Jalan Ss20/27,, 47400, Petaling , Selangor",Aktif,1,31087-1,Windsor Villa,Selangor,Sepang,
31088,yes,EXSIM WATERFRONT SDN. BHD.,piperchiow@exsim.my,0379631999,"D-35-01, Level 35, Exsim Tower, Millerz Square @ Old Klang Road, Megan Legasi, No. 357, Jalan Kelang Lama, 58000, Wp Kuala Lumpur","163-d-5, Wisma Seri Perak, Jalan Perak, 10150, Pulau Pinang",Aktif,2,31088-1,The Lighthauz,Pulau Pinang,Daerah Timor Laut,
31089,no,,,,,,,,,,,,
31090,no,,,,,,,,,,,,
31091,no,,,,,,,,,,,,
31092,no,,,,,,,,,,,,
31093,yes,SUNRICH CONQUEST SDN. BHD.,sf.saw@gsdland.com.my,1700818932,"Lot 30 Persiaran Relau, 11900, Pulau Pinang","282c(level 3),, Jalan Gurdwara,, 10300, Pulau Pinang",Aktif,1,31093-1,D'hazelton,Pulau Pinang,-,
31094,no,,,,,,,,,,,,
31095,yes,NILAI IMPIAN SDN. BHD.,nilaiimpiansdnbhd@gmail.com,01116494623,"No. 54, Jalan Ghazali Jawi, 31400, Perak","10a Jalan Centrepoint 2,, Pinji Centrepoint,, 31650, Perak",Aktif,1,31095-1,45 Lumi @ Tambun,Perak,Kinta,
31096,yes,SINARAN URUSJUTA SDN. BHD.,zheeying.ong@chinhinproperty.com,0182793043,"Wisma Fiamma, No. 20, Jalan 7a/62a, Bandar Menjalara, 52200, Wp Kuala Lumpur","35, First Floor, Jalan Ss2/55, 47300, Selangor",Aktif,1,31096-1,Divine Klcc,Wp Kuala Lumpur,-,
31097,yes,VIP NATURE SDN. BHD.,milanpropertiessdnbhd@gmail.com,052432118,"No. 7, Lebuh Lasam, 30350, Perak","No. 30, Medan Istana 1,, Bandar Ipoh Raya,, 30000, Perak",Aktif,1,31097-1,Menglembu Avenue,Perak,Kinta,
31098,no,,,,,,,,,,,,
31099,yes,JUBIMAS SDN. BHD.,adm.jubimas@gmail.com,098597766,"K-522, Jalan Sulaimani, 24000, Terengganu","158-160,2nd Floor, Jalan Teluk Sisek, 25000, Pahang",Aktif,1,31099-1,"Perumahan Lot 52900, Taman Kijal Meraga 2",Terengganu,-,
31100,yes,EXSIM LUMBA KUDA SDN. BHD.,ben.lee@exsim.my,0379631999,"D-35-01, Level 35, Exsim Tower, Millerz Square @ Old Klang Road, Megan Legasi, No. 357, Jalan Kelang Lama, 58000, Wp Kuala Lumpur","No. D-09-02, Level 9, Exsim Tower,, Millerz Square @ Old Klang Road,, Megan Legasi, No. 357, Jalan Kelang Lama,, 58000, Wp Kuala Lumpur",Aktif,4,31100-1,Residensi Dataran Selatan (dover Tower),Johor,-,
31101,yes,KIRANAMAZ PROPERTY SDN. BHD.,shayher.wong@gmail.com,0377880036,"Unit 14-02, Medan Kelang Lama 28,, No. 419, Jalan Kelang Lama,, 58000, Wp Kuala Lumpur","No. 104-2, Jalan Mega Mendung, Taman United, 58200, Kuala Lumpur, Wp Kuala Lumpur",Aktif,1,31101-1,Residensi Galaksi (aurum/andaman),Selangor,Petaling ,
31102,no,,,,,,,,,,,,
31103,no,,,,,,,,,,,,
31104,yes,TWL USJ HEIGHTS SDN. BHD.,ting@twlholdings.com.my,0327330038,"Wisma Twl, No. 19, Jalan Melaka, 50100, Kuala Lumpur, Wp Kuala Lumpur","Wisma Twl, No. 19, Jalan Melaka, 50100, Kuala Lumpur, Wp Kuala Lumpur",Aktif,1,31104-1,Pangsapuri Gemilang Twl,Selangor,-,
31105,yes,ECOPARK PROPERTIES SDN. BHD.,ecoparksdnbhd@gmail.com,063123368,"No. 8-g, Jalan Industri Tmp 2, Taman Perindustrian Tanjung Minyak Perdana, 75260, Melaka","No 64 Jalan Tkl 6, Taman Kota Laksamana, Seksyen 1, 75200, Melaka",Aktif,1,31105-1,Serene Park,Melaka,-,
31106,no,,,,,,,,,,,,
31107,no,,,,,,,,,,,,
31108,no,,,,,,,,,,,,
31109,no,,,,,,,,,,,,
31110,yes,PINTARAN MAJU DEVELOPMENT SDN. BHD.,pintaranmaju@gmail.com,0333193610,"No 1, Jalan Kasuarina 7/ks7, Bandar Botanic, 41200, Selangor","Lot 42020-3-2 (3rd Floor), Wisma Wcc Bayu,, Jalan Batu Unjur 7,, Taman Bayu Perdana,, 41200, Selangor",Aktif,1,31110-1,Taman Andalas Jaya,Selangor,Klang,
31111,yes,GOLDEN PENINSULAR CAPITAL SDN. BHD.,ng@gph.com.my,0333746888,"No. 25-a, First Floor, Jalan Stesen,, 41000, Selangor","20-m, Lorong Gopeng,, 41400, Selangor",Aktif,1,31111-1,Taman Bestari Jenjarom,Selangor,Kuala Langat,
31112,yes,GOLDEN ALDERWOOD PROPERTIES SDN. BHD.,gventuresproperties@gmail.com,0350385829,"Unit 2-6, Subplace Boulevard, No. 6, Jalan Juruanalisis U1/35, Seksyen U1, 40150, Selangor","No 2, Jalan Foo Eng Lin, Taman Hoover, 31650, Perak",Aktif,1,31112-1,Residensi Alderwood,Wp Kuala Lumpur,Kuala Lumpur,
31113,no,,,,,,,,,,,,
31114,yes,BON ENCLAVE SDN. BHD.,info@bonestates.com,0376616222,"No. 57 Jalan Penaga,, Bangsar,, 59100, Kuala Lumpur, Wp Kuala Lumpur","No. 38, Lorong Yap Hin,, Off Jalan Pasar,, 55100, Kuala Lumpur, Wp Kuala Lumpur",Aktif,1,31114-1,Taman Nadayu,Selangor,-,
31115,no,,,,,,,,,,,,
31116,yes,JAYAMAS HARMONY SDN. BHD.,jayamasharmony@gmail.com,0124279638,"No. 141, Tingkat Atas, Pekan Simpang Kuala, Jalan Psk 1, 05400, Kedah","No: 1559 (2nd Floor),, Jalan Kota,, P.o. Box 130, 05710, Kedah",Aktif,1,31116-1,Taman Gemilang 2,Kedah,Pendang,
31117,yes,SEVENTEEN DEVELOPMENT SDN. BHD.,dkdsb17@gmail.com,0102331717,"Lot 4150, Jalan Klang - Kuala Selangor, Batu 25 1/4 Asam Jawa, 45700, Selangor","No 18b, Jalan Gelugor, Klang Financial Square, 41050, Selangor",Aktif,1,31117-1,Taman Enggang Indah,Selangor,-,
31118,no,,,,,,,,,,,,
31119,yes,SERIBU JUTA PROPERTIES SDN. BHD.,azmilsani@gmail.com,01126408803,"Pt 757, No 17, Tingkat Atas Rk Md Pasar Kampung Raja, 22200, Terengganu","Lot 60032, Tingkat Satu, Jalan Taman Perniagaan, 22000, Terengganu",Aktif,1,31119-1,Padang Kubang Siam,Terengganu,-,
31120,no,,,,,,,,,,,,
31121,yes,SD ARA DAMANSARA DEVELOPMENT SDN. BHD.,puncakdana08@gmail.com,0378317891,"D1-1-1 Block D1 Dana 1 Commercial Centre, Jalan Pju 1a/46, Pusat Perdagangan Dana 1, 47301, Selangor","No. 24-g, Jalan 2/17, Taman Fadason, 52000, Wp Kuala Lumpur",Aktif,2,31121-1,Arra Residences,Selangor,-,
31122,no,,,,,,,,,,,,
31123,no,,,,,,,,,,,,
31124,yes,SEVENCO PRESTIGE SDN. BHD.,zhi-an.sim@sevenco.my,0389660256,"11,, Jalan Clove Hall,, 10050, Pulau Pinang","11, Jalan Clove Hall, 10050, Pulau Pinang",Aktif,1,31124-1,Sevenco Prestige Sdn. Bhd.,Pulau Pinang,-,
31125,no,,,,,,,,,,,,
31126,yes,EASTERN & ORIENTAL EXPRESS SDN. BHD.,sharifah@easternandoriental.com,038682822,"C-34-01, Menara Vista Petaling, No.137, Jalan Puchong, 58200, Wp Kuala Lumpur","C-34-01, Menara Vista Petaling, No. 137, Jalan Puchong, 58200, Wp Kuala Lumpur",Aktif,1,31126-1,Residensi Seri Embun,Selangor,-,
31127,no,,,,,,,,,,,,
31128,no,,,,,,,,,,,,
31129,yes,IKL HEIGHTS SDN. BHD.,wvlsara@gmail.com,0362112229,"6-2, Jalan Solaris 3,, Solaris Mont Kiara,, 50480, Wp Kuala Lumpur","Third Floor, No. 77, 79 & 81,, Jalan Ss21/60, Damansara Utama,, 47400, Selangor",Aktif,1,31129-1,Taman Abadi Heights,Selangor,Sepang,
31130,yes,STEADFAST CAPITAL GROUP SDN. BHD.,steadfastcapitalgroupsdnbhd@gmail.com,0187875225,"No. 270, Jalan Mersing, 86000, Johor","No. 23, Ground Floor, Jalan Lambak, 86000, Johor",Aktif,1,31130-1,Taman Laguna,Johor,-,
31131,no,,,,,,,,,,,,
31132,yes,ANCUBIC PJ SDN. BHD.,creditcontrol@ancubic.com,0322411017,"G-01, Residensi Rimba Pantai Dalam, No.6, Jalan Pantai Sentral 3, Pantai Dalam, 59200, Wp Kuala Lumpur","Third Floor, No. 77, 79 & 81, Jalan Ss 21/60, Damansara Utama, 47400, Selangor",Aktif,1,31132-1,Residensi Ros Ria,Selangor,-,
31133,no,,,,,,,,,,,,
31134,no,,,,,,,,,,,,
31135,yes,ECO BOTANIC 3  SDN. BHD.,kpktecobotanic@ecoworld.my,6075715252,"The Tomorrow Centre No 9, 11, 15 & 17, Jalan Ekoperniagaan 1/6, Taman Ekoperniagaan, 81100, Johor","Unit No. 19-01, , Menara Ecoworld,, Bukit Bintang City Centre, No. 2, Jalan Hang Tuah,, 55100, Wp Kuala Lumpur",Aktif,7,31135-1,Presint Botani 1,Johor,Johor Bahru,
31136,no,,,,,,,,,,,,
31137,no,,,,,,,,,,,,
31138,no,,,,,,,,,,,,
31139,yes,KHUAN CHOO SDN. BHD.,jessica.kek@malton.com.my,0320882888,"Level 18 & 19, Pavilion Tower, 75 Jalan Raja Chulan, 50200, Wp Kuala Lumpur","19-0, Level 19, Pavilion Tower, 75, Jalan Raja Chulan, 50200, Wp Kuala Lumpur",Aktif,1,31139-1,Mutiara Kempas,Johor,Johor Bahru,
31140,no,,,,,,,,,,,,
31141,yes,CTC SKYLINE DEVELOPMENT  SDN. BHD.,sufeiwang.wf@gmail.com,072073320,"Ptb 24692, Jalan Senyum, Kampung Wadihana, 80300, Johor","8c-1 (1st Floor), Jalan Tun Abdul Razak (susur 3), 80000, Johor",Aktif,1,31141-1,Residensi Skyone,Johor,Johor Bahru,
31142,no,,,,,,,,,,,,
31143,no,,,,,,,,,,,,
31144,no,,,,,,,,,,,,
31145,no,,,,,,,,,,,,
31146,no,,,,,,,,,,,,
31147,no,,,,,,,,,,,,
31148,yes,ALAM MAJU LAND SDN. BHD.,alammajuland01@gmail.com,044400311,"No. 302, 1st Floor, Lorong 9, Taman Bandar Baru, 08000, Kedah","21-b (first Floor),, Lebuhraya Maktab,, 10250, Pulau Pinang",Aktif,1,31148-1,Taman Bunga Raya,Kedah,-,
31149,yes,PGB DESA HEIGHTS SDN. BHD.,admin_group@pgbgroup.com.my,072786668,"Level 10-02, Grand Paragon Hotel,, No. 18, Jalan Harimau,, Taman Century,, 80250, Johor","Level 10-02, Grand Paragon Hotel,, No. 18, Jalan Harimau,, Taman Century,, 80250, Johor",Aktif,1,31149-1,Residensi Danga Paragon 1,Johor,-,
31150,no,,,,,,,,,,,,
31151,no,,,,,,,,,,,,
31152,no,,,,,,,,,,,,
31153,no,,,,,,,,,,,,
31154,yes,YASHI LAND  SDN. BHD.,info.development@shiya.com.my,073359877,"Unit 5.07, Level 5, Plaza Dnp, Mo.59, Jalan Dato' Abdullah Tahir, 80300, Johor","Suite 5.11 & 5.12, 5th Floor, Menara Tjb,, No. 9, Jalan Syed Mohd. Mufti,, 80888, Johor",Aktif,1,31154-1,Taman Bukit Skudai,Johor,-,
31155,no,,,,,,,,,,,,
31156,no,,,,,,,,,,,,
31157,yes,MIDTOWN SANCTUARY SDN. BHD.,-,,"Suite G-1, Vertical Corporate , Tower B, Avenue 10, The Vertical, Bangsar South City, No. 8 Jalan Kerinchi, 59200, Wp Kuala Lumpur","No. 9, Jalan Indah 16,, Taman Cheras Indah,, 56100, Wp Kuala Lumpur",Aktif,1,31157-1,Residensi Aethera,Johor,-,
31158,yes,KUKUH DINAMIK EKSPRES SDN. BHD.,creditadmin@orando.com.my,0362754933,"No. 6-1, Jalan Medan Putra, Business Centre, Off Jalan Damansara, 52200, Wp Kuala Lumpur","A-3-13, 8 Avenue Pj, Jalan Sg. Jernih 8/1, 46050, Selangor",Aktif,1,31158-1,Residensi Peel,Wp Kuala Lumpur,Kuala Lumpur,
31159,yes,HARTAWAN DEVELOPMENT SDN. BHD.,admin_celine@pbrealty.com.my,063373333,"No. 1b, Wisma Pb Realty, Jalan Pk8,, Taman Perindustrian Krubong, 75260, Melaka","17-1, Jalan Ps 1,, Plaza Semabok, Semabok,, 75050, Melaka",Aktif,2,31159-1,Taman Hartawan Residen,Melaka,-,
31160,no,,,,,,,,,,,,
31161,no,,,,,,,,,,,,
31162,no,,,,,,,,,,,,
31163,no,,,,,,,,,,,,
31164,no,,,,,,,,,,,,
31165,no,,,,,,,,,,,,
31166,no,,,,,,,,,,,,
31167,no,,,,,,,,,,,,
31168,no,,,,,,,,,,,,
31169,yes,HW MURNI DEVELOPMENT SDN. BHD.,hwmurnidevelopment@gmail.com,066514519,"No 192, Wisma Wl, Jalan Seremban, Taman Indah Mas Ii, 71000, Negeri Sembilan","612-1, Jalan Haruan 4/8,, Oakland Commercial Centre,, 70300, Negeri Sembilan",Aktif,1,31169-1,Taman Pd Murni,Negeri Sembilan,-,
31170,no,,,,,,,,,,,,
31171,no,,,,,,,,,,,,
31172,yes,SERI BUMI MAKMUR SDN. BHD.,project@rmasyhur.com.my,6056835596,"45a, Jalan Wira Jaya, Taman Ipoh Jaya Timur 1, 31350, Kinta, Perak","29, Jalan Chew Boon Juan,, 30250, Kinta, Perak",Aktif,1,31172-1,Taman Perakku Impian,Perak,-,
31173,yes,FAIRVIEW CORPORATION SDN. BHD.,propsales@fairview.com.my,0387371111,"No. 57, Tingkat 1, Wisma Fairview, Jalan Besar, 43000, Selangor","Unit A-3-1, 3rd Floor, 8 Avenue,, Jalan Sg. Jernih 8/1, Seksyen 8,, 46050, Selangor",Aktif,1,31173-1,Keruing Bayu,Selangor,-,
31174,no,,,,,,,,,,,,
31175,no,,,,,,,,,,,,
31176,no,,,,,,,,,,,,
31177,no,,,,,,,,,,,,
31178,no,,,,,,,,,,,,
31179,yes,ASTANA HARMONI   SDN. BHD.,esigning.ahsb@oskp.com.my,0321771688,"18th Floor, Plaza Osk, Jalan Ampang, 50450, Wp Kuala Lumpur","21st Floor, Plaza Osk, Jalan Ampang, 50450, Wp Kuala Lumpur",Aktif,1,31179-1,Osk Areca,Negeri Sembilan,Seremban,
31180,no,,,,,,,,,,,,
31181,no,,,,,,,,,,,,
31182,no,,,,,,,,,,,,
31183,yes,JUBLI JELITA SDN. BHD.,jublijelita@gmail.com,0378000710,"Zenith Corporate Park, Unit 50, Block D, No. 1, Jalan Ss 7/26, Kelana Jaya, 47301, Selangor","Unit 20-5 Level 20, Q Sentral, 2a Jalan Stesen Sentral 2, Kuala Lumpur Sentral, 50470, Wp Kuala Lumpur",Aktif,1,31183-1,Taman Oscar,Selangor,-,
31184,no,,,,,,,,,,,,
31185,yes,DRAGON KNOWLEDGE SDN. BHD.,viviantan6112@gmail.com,0193886112,"No. 17, Jalan Mohd. Yusof, Abdul Rahman, Kampung Abdullah, 85000, Segamat, Johor","Ground Floor, 2, Jalan Ps 3, , Plaza Semabok, Semabok, , 75050, Melaka Tengah, Melaka",Aktif,1,31185-1,Perumahan Makmur Sepayang Jaya - Fasa 1,Pahang,Rompin,
31186,no,,,,,,,,,,,,
31187,no,,,,,,,,,,,,
31188,no,,,,,,,,,,,,
31189,yes,TOUCHSTONE SETIA ALAM SDN. BHD.,general@touchstonedevelopment.net,0379710073,"1-3, Jalan Kuchai Maju 4, Kuchai Entrepreneurs Park, 58200, Wp Kuala Lumpur","Unit 310, 3rd Floor, Lobby 2, Block A, Damansara Intan, No. 1, Jalan Ss20/27, 47400, Selangor",Aktif,1,31189-1,Pangsapuri Angsana,Selangor,Petaling ,
31190,no,,,,,,,,,,,,
31191,no,,,,,,,,,,,,
31192,yes,MAGMA KIARA SDN. BHD.,adriantan@magma.my,0362113686,"D5-5-5, Solaris Dutamas,, No. 1, Jalan Dutamas 1,, 50480, Wp Kuala Lumpur","Ho Hup Tower - Aurora Place, 2-07-01 - Level 7,, Plaza Bukit Jalil, No. 1, Persiaran Jalil 1,, Bandar Bukit Jalil,, 57000, Wp Kuala Lumpur",Aktif,1,31192-1,Menara Dutamas,Wp Kuala Lumpur,-,
31193,yes,ASPIRA GARDENS SDN. BHD.,leemei@bsg.com.my,6042636314,"25-b, Lebuh Farquhar, 10200, Pulau Pinang","347-v Tingkat Pemancar, 11700, Pulau Pinang",Aktif,1,31193-1,Cantonment Residence,Pulau Pinang,-,
31194,no,,,,,,,,,,,,
31195,no,,,,,,,,,,,,
31196,no,,,,,,,,,,,,
31197,yes,AMANSETIA  AGROTECH SDN. BHD.,amansetiaagrotech2025@gmail.com,0172557100,"C2-m, Block C, Jalan Selaman 1, Dataran Palma, 68000, Selangor","15-11, Q Sentral,, No. 2a, Jalan Stesen Sentral 2,, Kl Sentral,, 50470, Kuala Lumpur, Wp Kuala Lumpur",Aktif,1,31197-1,Nadiman,Pahang,-,
31198,no,,,,,,,,,,,,
31199,yes,MEGATECH PROPERTIES SDN. BHD.,adm.jubimas@gmail.com,098587766,"I-01-05, 5th Floor, Block I, Setia Walk, Persiaran Wawasan, Pusat Bandar Puchong, 47160, Kuala Selangor, Selangor","Pt 11271, Tingkat Satu,, Jalan Kubang Kurus,, Taman Cukai Utama,, 24000, Kemaman, Terengganu",Aktif,1,31199-1,Taman Bandar Baharu Kijal,Terengganu,-,
31200,no,,,,,,,,,,,,
31201,no,,,,,,,,,,,,
31202,yes,EC VANTAGE SDN. BHD.,kellie.keoh@cpiland.com,0322021688,"B01-a-08, Level 8, Menara 2,, No. 3 Jalan Bangsar, Kl Eco City,, 59200, Wp Kuala Lumpur","2-37, Pv 128, 128,, Jalan Genting Klang,, 53300, Wp Kuala Lumpur",Aktif,1,31202-1,Residensi Warisan Salak Selatan,Wp Kuala Lumpur,Kuala Lumpur,
31203,no,,,,,,,,,,,,
31204,no,,,,,,,,,,,,
31205,yes,PANORAMA KREATIF  SDN. BHD.,sharon@lunarproperties.com.my,052421288,"No. 21, Jalan Che Tak, 30300, Perak","No. 30, Medan Istana 1, Bandar Ipoh Raya, 30000, Perak",Aktif,1,31205-1,Taman Klebang Emas,Perak,Kinta,
31206,yes,PEMAJU KELANG LAMA SDN. BHD.,pemajukelanglama001@gmail.com,043565860,"No. 1146, Mk 16,, Kampung Teluk,, Sungai Dua,, 13800, Pulau Pinang","Unit 1-3-1, No. 1, Jalan P. Ramlee, 10460, Pulau Pinang",Aktif,1,31206-1,Taman Himalaya,Pulau Pinang,-,
31207,no,,,,,,,,,,,,
31208,no,,,,,,,,,,,,
31209,no,,,,,,,,,,,,
31210,yes,KENTING PAVILION DEVELOPMENT  SDN. BHD.,hq.kpdsb@gmail.com,0391081349,"No. 43, Damai Circle, Jalan Damai Raya 6,, Alam Damai,, 56000, Wp Kuala Lumpur","Level 15-2, Bangunan Faber Imperial Court,, Jalan Sultan Ismail,, 50250, Wp Kuala Lumpur",Aktif,1,31210-1,Taman Bentara,Selangor,-,
31211,no,,,,,,,,,,,,
31212,yes,TRISTAR ACRES SDN. BHD.,enquiry@prospekkini.com,063377878,"No. 47 & 47-1, Jalan Pe 3, Taman Paya Emas, 76450, Melaka","2b-9, Jalan Kesidang 3/6,, Off Jalan Tun Perak,, 75300, Melaka",Aktif,1,31212-1,Taman Senawang Perdana,Negeri Sembilan,-,
31213,no,,,,,,,,,,,,
31214,no,,,,,,,,,,,,
31215,no,,,,,,,,,,,,
31216,no,,,,,,,,,,,,
31217,no,,,,,,,,,,,,
31218,yes,HARTA TEMASEK SDN. BHD.,milanpropertiessdnbhd@gmail.com,052432118,"No. 7, Lebuh Lasam, 30350, Perak","No. 30, Medan Istana 1,, Bandar Ipoh Raya,, 30000, Perak",Aktif,1,31218-1,Klebang Temasek,Perak,Kinta,
31219,yes,GD SMART TOWNSHIP SDN. BHD.,project@gdst.com.my,067953399,"Pt2400, Jalan Bucida Hijauan 1, Taman Bucida Hijauan, 71800, Negeri Sembilan","Pt2400, Jalan Bucida Hijauan 1, Taman Bucida Hijauan, 71800, Negeri Sembilan",Aktif,1,31219-1,Menara Gd,Wp Kuala Lumpur,-,
31220,yes,BETARA GEMALA SDN. BHD.,orionheights15@gmail.com,0172606800,"19 Persiaran Brash, 30350, Perak","47a Jalan Chung Ah Ming, Pasir Puteh, 31650, Perak",Aktif,1,31220-1,Taman Seri Bemban Baru,Perak,-,
31221,no,,,,,,,,,,,,
31222,no,,,,,,,,,,,,
31223,yes,MLK TEGUH  SDN. BHD.,norjahizan@gmail.com,073359877,"Unit 5.07, Level 5, Plaza Dnp, No. 59, Jalan Dato Abdullah Tahir, 80300, Johor","Suite 5.11 & 5.12, 5th Floor, Menara Tjb,, No. 9, Jalan Syed Mohd. Mufti,, 80888, Johor",Aktif,1,31223-1,Apartmen Botanika,Johor,-,
31224,no,,,,,,,,,,,,
31225,no,,,,,,,,,,,,
31226,no,,,,,,,,,,,,
31227,no,,,,,,,,,,,,
31228,no,,,,,,,,,,,,
31229,no,,,,,,,,,,,,
31230,yes,PARKCITY DAMANSARA SDN. BHD.,espa-damansara@ppcity.com.my,0362808181,"C-3-1, Plaza Arkadia,, No. 3, Jalan Intisari Perdana,, Desa Parkcity,, 52200, Wp Kuala Lumpur","Suite 16-03, Level 16, Wisma Uoa Ii,, No. 21, Jalan Pinang, 50450, Wp Kuala Lumpur",Aktif,3,31230-1,Zenia,Selangor,Petaling ,
31231,no,,,,,,,,,,,,
31232,yes,MELISSA VALLEY SDN. BHD.,melissavalleysb@outlook.com,0177798578,"No.255, 1st Floor, Taman Kejora Ii, Kelang Lama, 09000, Kedah","No. 16, 1st Floor Lorong Tembikai 6 , Kawasan Perniagaan Sungai Rambai , 14000, Pulau Pinang",Aktif,1,31232-1,Taman Kejora 2,Kedah,-,
31233,no,,,,,,,,,,,,
31234,no,,,,,,,,,,,,
31235,yes,CONTINUM SG LONG  SDN. BHD.,continumsgl@outlook.com,0328578135,"No.26-3 & 28-3, Jalan 25/70a, Desa Hartamas, 50480, Wp Kuala Lumpur","11-3, Subang Business Centre,, Jalan Usj 9/5q,, 47620, Selangor",Aktif,1,31235-1,Residensi Safron,Selangor,-,
31236,no,,,,,,,,,,,,
31237,no,,,,,,,,,,,,
31238,no,,,,,,,,,,,,
31239,no,,,,,,,,,,,,
31240,no,,,,,,,,,,,,
31241,no,,,,,,,,,,,,
31242,no,,,,,,,,,,,,
31243,yes,KEMAJUAN CEKAP CEMERLANG SDN. BHD.,kemajuancekapcemerlang@gmail.com,062834727,"Level 11, Unit 12, Kenanga Residences,, Jalan Kenanga 3/31, Taman Kenanga,, 75200, Melaka","Units B To F, 4th Floor, Bangunan Jian Mei,, Jalan Kenanga 3/29a, Gajah Berang,, 75200, Melaka",Aktif,2,31243-1,Taman Rambai Idaman 1,Melaka,-,
31244,no,,,,,,,,,,,,
31245,no,,,,,,,,,,,,
31246,no,,,,,,,,,,,,
31247,yes,ASTANA SETIA & EURO SAGA  SDN. BHD.,info.ases@limseonghai.com,0340218899,"Wisma Lim Seong Hai, 33, Jalan Gombak, 53000, Wp Kuala Lumpur","43a,cangkat Bukit Bintang, Kuala Lumpur, 50200, Wp Kuala Lumpur",Aktif,1,31247-1,Residensi Tepian Tasik,Wp Kuala Lumpur,Kuala Lumpur,
31248,no,,,,,,,,,,,,
31249,no,,,,,,,,,,,,
31250,no,,,,,,,,,,,,
31251,yes,M ARIA SDN. BHD.,MAria@mahsing.com.my,0392216888,"Penthouse Suite 2, Wisma Mah Sing, No.163 Jalan Sungai Besi, 57100, Wp Kuala Lumpur","Penthouse Suite 1,, Wisma Mah Sing,, No. 163, Jalan Sungai Besi,, 57100, Wp Kuala Lumpur",Aktif,1,31251-1,Residensi M Aria,Wp Kuala Lumpur,-,
31252,yes,KEMAMAN BESTARI SDN. BHD.,adm.luasnyaman@gmail.com,098585373,"K-424, Taman Kemaman, 24000, Terengganu","Pt 11271,tingkat Satu, Jalan Kubang Kurus, Taman Cukai Utama, 24000, Terengganu",Aktif,1,31252-1,Taman Bandar Baharu Kijal,Terengganu,-,
31253,no,,,,,,,,,,,,
31254,yes,KNK LAND DEVELOPMENT SDN. BHD.,knkland@hotmail.com,0378599883,"D-3-13 Oasis Ara Damansara, Jalan Pju 1a/7a, Ara Damansara, 47301, Selangor","Wisma 1 Alliance, Unit B (room B), 3rd Floor, No. 1, Lorong Kasawari 4b, Taman Eng Ann, 41150, Selangor",Aktif,1,31254-1,Taman Kristal Banting,Selangor,-,
31255,no,,,,,,,,,,,,
31256,no,,,,,,,,,,,,
31257,yes,HEKTAR GIAT SDN. BHD.,amy.kong@kiarasusila.com,0390801991,"No. 1, Block C, Jalan Indah 2/6, Taman Indah Batu 11 Cheras, 43200, Selangor","C-2-5 Medan Connaught , No. 1, Jalan 3/144a, 56000, Wp Kuala Lumpur",Aktif,1,31257-1,Residensi Dahlia,Selangor,-,
31258,no,,,,,,,,,,,,
31259,no,,,,,,,,,,,,
31260,yes,EIGHTLY DEVELOPMENT  SDN. BHD.,eightlydevelopment@gmail.com,0167334333,"No.33 Jalan Indah 1/6, Taman Bukit Indah, 81200, Johor Bahru, Johor","No. 67-01 Jalan Permas 10/1, Bandar Baru Permas Jaya, 81750, Johor Bahru, Johor",Aktif,1,31260-1,Taman Megah,Johor,-,
31261,yes,REDHILL FRONTIER SDN. BHD.,wongkayel@hotmail.com,073517642,"No.85, Jalan Harmonium 35/1, Taman Desa Tebrau, 81100, Johor","No 21-01, Jalan Titiwangsa 3/2, Taman Tampoi Indah, 81200, Johor",Aktif,2,31261-1,Redhill@seri Alam,Johor,-,
31262,no,,,,,,,,,,,,
31263,yes,PARAMOUNT LIFESTYLE SDN. BHD.,zeiata.samad@tiongnamproperties.com,073310599,"Lot 30462,, Jalan Kempas Baru, 81200, Johor","Lot 30462, Jalan Kempas Baru, 81200, Johor",Aktif,1,31263-1,Residensi Legasi Pinus,Johor,-,
31264,no,,,,,,,,,,,,
31265,yes,SRI SEROM DEVELOPMENT SDN. BHD.,chiahinchai@gmail.com,069755475,"Lot 5105 Serom 4, 84410, Johor","Lc 448 Jalan Payamas, 84900, Johor",Aktif,1,31265-1,Lot 174,Johor,-,
31266,no,,,,,,,,,,,,
31267,no,,,,,,,,,,,,
31268,no,,,,,,,,,,,,
31269,no,,,,,,,,,,,,
31270,no,,,,,,,,,,,,
31271,yes,MERANTI DEVELOPMENT SDN. BHD.,rkvk24@gmail.com,0376142807,"1-1 D7 Sentul East, Jalan Sentul, 51000, Wp Kuala Lumpur","19b, Jalan Tapah, Off Jalan Goh Hock Huat, 41400, Selangor",Aktif,1,31271-1,Meranti Avenue,Perak,-,
31272,no,,,,,,,,,,,,
31273,no,,,,,,,,,,,,
31274,yes,MODERN PLUS  SDN. BHD.,mktg-authority@jkgland.com,0327758688,"27 Th Floor, Menara Jkg, No. 282, Jalan Raja Laut, 50350, Wp Kuala Lumpur","29th Floor, Menara Jkg,, No. 282, Jalan Raja Laut,, 50350, Wp Kuala Lumpur",Aktif,1,31274-1,Aosis Mont Kiara,Wp Kuala Lumpur,-,
31275,no,,,,,,,,,,,,
31276,yes,GAINLAND PROPERTIES SDN. BHD.,gainlandproperties@gmail.com,0103150215,"No. 18, 1st Floor, Lorong Haji Wan Ibrahim, , Pusat Perniagaan Abdul Rahman, 84000, Johor","No. 46 (1st Floor), Jalan Arab, 84000, Johor",Aktif,1,31276-1,Taman Serom 7 Utama,Johor,-,
31277,no,,,,,,,,,,,,
31278,yes,NILAI UNGGUL PROPERTIES SDN. BHD.,nilaiunggul.development@gmail.com,098585373,"K-580, Tingkat 2, , Jalan Da'omar, , 24000, Terengganu","Pt 11271, Tingkat Satu, Jalan Kubang Kurus, Taman Cukai Utama, 24000, Terengganu",Aktif,1,31278-1,"Perumahan Lot 4329, Taman Kijal Kemuning 2",Terengganu,-,
31279,no,,,,,,,,,,,,
31280,no,,,,,,,,,,,,
31281,no,,,,,,,,,,,,
31282,yes,SKYWORLD CASSIA DEVELOPMENT SDN. BHD.,skyworldsandm@gmail.com,60342709968,"Level 8, Block B, Wisma Ntp World, Excella Business Park, Jalan Ampang Putra, 55100, Wp Kuala Lumpur","Unit 30-01, Level 30, Tower A,, Vertical Business Suite, Avenue 3,, Bangsar South, No. 8, Jalan Kerinchi,, 59200, Wp Kuala Lumpur",Aktif,1,31282-1,Skyawani Cassia Residences 1,Pulau Pinang,-,
31283,no,,,,,,,,,,,,
31284,no,,,,,,,,,,,,
31285,no,,,,,,,,,,,,
31286,no,,,,,,,,,,,,
31287,no,,,,,,,,,,,,
31288,no,,,,,,,,,,,,
31289,no,,,,,,,,,,,,
31290,no,,,,,,,,,,,,
31291,no,,,,,,,,,,,,
31292,no,,,,,,,,,,,,
31293,yes,SUNSURIA DAMANSARA SDN. BHD.,elken.eu@sunsuria.com,0361457777,"Suite 8, Main Tower Sunsuria Avenue, Persiaran Mahogani, Kota Damansara Pju 5, 47810, Selangor","Suite 8, Main Tower Sunsuria Avenue, Persiaran Mahogani, Kota Damansara Pju 5, 47810, Selangor",Aktif,1,31293-1,Residensi Ria,Selangor,-,
31294,no,,,,,,,,,,,,
31295,no,,,,,,,,,,,,
31296,no,,,,,,,,,,,,
31297,no,,,,,,,,,,,,
31298,no,,,,,,,,,,,,
31299,no,,,,,,,,,,,,
31300,no,,,,,,,,,,,,
31301,no,,,,,,,,,,,,
31302,no,,,,,,,,,,,,
31303,yes,BINA SERI SUMBANG SDN. BHD.,amberqualitysb@gmail.com,052557722,"No. 62, Jalan Leong Boon Swee, 30000, Perak","60-b , Jalan Leong Boon Swee, 30000, Perak",Aktif,1,31303-1,Pusing Perdana,Perak,-,
31304,no,,,,,,,,,,,,
31305,no,,,,,,,,,,,,
31306,no,,,,,,,,,,,,
31307,no,,,,,,,,,,,,
31308,no,,,,,,,,,,,,
31309,yes,GJH CHEMARA  SDN. BHD.,kath@gjhsb.com,063163859,"Wisma Gjh, No. 1, Jalan Anggerik 2,, Taman Paya Rumput Perdana,, 76450, Melaka","48 Jalan Kota Laksamana 2/15,, Taman Kota Laksamana,, Seksyen 2, 75200, Melaka",Aktif,1,31309-1,Taman Bukit Chemara,Negeri Sembilan,-,
31310,yes,RASA WANGI DEVELOPMENT SDN. BHD.,chong.yc@radiumdevelopment.com,0341618218,"No. 21-2, Pv7, Jalan Melati Utama 2, Taman Melati Utama, Setapak, 53100, Wp Kuala Lumpur","62c,jalan Ss 21/62, Damansara Utama, 47400, Selangor",Aktif,1,31310-1,Residensi Radium Evara,Wp Kuala Lumpur,-,
31311,no,,,,,,,,,,,,
31312,yes,FUMA REALTY  SDN. BHD.,fuma.bne@fuma.com.my,062349399,"No. 21, Jalan Mh 3,, Taman Muzaffar Heights,, 75450, Melaka","No. 30-1, Jalan Rahmat 4,, Taman Malim Jaya,, 75250, Melaka",Aktif,1,31312-1,Taman Simpang Bekoh Impian,Melaka,-,
31313,no,,,,,,,,,,,,
31314,no,,,,,,,,,,,,
31315,no,,,,,,,,,,,,
31316,yes,SETIA HARTAMAS LAND SDN. BHD.,setiahartamasland01@gmail.com,043565860,"No.1146, Mk 16, Kampung Teluk, Sungai Dua, 13800, Pulau Pinang","Unit 1-3-3,, No. 1, Jalan P. Ramlee,, 10460, Pulau Pinang",Aktif,1,31316-1,Bandar Baru Kutan Perdana,Kelantan,Tumpat,
31317,no,,,,,,,,,,,,
31318,yes,YTVS HOLDINGS SDN. BHD.,leegendahd@gmail.com,0377329728,"1023, 10th Floor, Lobby 6, Block A, Damansara Intan, No 1, Jalan Ss 20/27, 47400, Selangor","No. 24 (ground Floor), Lorong 6e/91,, Taman Shamelin Perkasa,, Cheras,, 56100, Wp Kuala Lumpur",Aktif,1,31318-1,Casa Putri,Terengganu,Kemaman,
31319,no,,,,,,,,,,,,
31320,no,,,,,,,,,,,,
31321,no,,,,,,,,,,,,
31322,no,,,,,,,,,,,,
31323,no,,,,,,,,,,,,
31324,no,,,,,,,,,,,,
31325,no,,,,,,,,,,,,
31326,no,,,,,,,,,,,,
31327,no,,,,,,,,,,,,
31328,no,,,,,,,,,,,,
31329,yes,MENANG SEJAHTERA SDN. BHD.,menangsejahterasdnbhd@gmail.com,0390559558,"No 18-1, Jalan Radin Bagus 3, Bandar Baru Sri Petaling, 57000, Wp Kuala Lumpur","Suite A-23-9, Level 23, Menara Uoa Bangsar,, No. 5, Jalan Bangsar Utama 1,, 59000, Wp Kuala Lumpur",Aktif,1,31329-1,Residensi Melati,Wp Kuala Lumpur,-,
31330,no,,,,,,,,,,,,
31331,no,,,,,,,,,,,,
31332,yes,BINASTRA SYNERGY SDN. BHD.,luwengkit@binastra.com.my,0989987666,"No. 1 & 3, Jalan Jalil Jaya 3, Jalil Link, Bukit Jalil, 57000, Wp Kuala Lumpur","No. 10-1, Jalan Bk5a/3b, Bandar Kinrara, 47100, Selangor",Aktif,1,31332-1,Binastra Cochrane,Wp Kuala Lumpur,Kuala Lumpur,
31333,no,,,,,,,,,,,,
31334,yes,KIARA SQUARE SDN. BHD.,sales@scpgroup.com.my,0376651228,"No.101, Block D, Phileo Damansara 1, Jalan 16/11, 46350, Selangor","Unit 3a-12, Level 3a, Tower A,, Vertical Business Suite, Avenue 3, Bangsar South, No. 8 Jalan Kerinchi, 59200, Wp Kuala Lumpur",Aktif,1,31334-1,Residensi Damaisari 2,Selangor,-,
31335,no,,,,,,,,,,,,
31336,no,,,,,,,,,,,,
31337,no,,,,,,,,,,,,
31338,no,,,,,,,,,,,,
31339,no,,,,,,,,,,,,
31340,no,,,,,,,,,,,,
31341,no,,,,,,,,,,,,
31342,no,,,,,,,,,,,,
31343,no,,,,,,,,,,,,
31344,no,,,,,,,,,,,,
31345,no,,,,,,,,,,,,
31346,no,,,,,,,,,,,,
31347,no,,,,,,,,,,,,
31348,yes,EKSTRA DEVELOPMENT SDN.BHD.,ekstradev@gmail.com,052550689,"5th Floor, Plaza Teh Teng Seng, No. 227 Jalan Permaisuri Bainun, 30250, Perak","55a, Medan Ipoh 1a, Medan Ipoh Bistari, 31400, Perak",Aktif,1,31348-1,Rimbun Damai Residensi,Perak,-,
31349,yes,STC SUPERB DEVELOPMENT  SDN. BHD.,stcsdsb@gmail.com,0167298128,"No.11, Jalan Emas Merah,, Taman Emas Merah, 81500, Johor","No, 50, Jalan Kempas Utama 2/2,, Taman Kempas Utama, 81300, Johor",Aktif,1,31349-1,Taman Intan,Johor,-,
31350,no,,,,,,,,,,,,
31351,no,,,,,,,,,,,,
31352,no,,,,,,,,,,,,
31353,yes,SINAJAYA KAPITAL SDN. BHD.,unitedestatesdnbhd@gmail.com,0132292887,"No. 1a,, Jalan Greentown 4, , Greentown Nova,, 30450, Perak","No. 30, Medan Istana 1,, Bandar Ipoh Raya,, 30000, Perak",Aktif,1,31353-1,Impiana Residensi @ Klebang,Perak,-,
31354,no,,,,,,,,,,,,
31355,no,,,,,,,,,,,,
31356,no,,,,,,,,,,,,
31357,no,,,,,,,,,,,,
31358,no,,,,,,,,,,,,
31359,no,,,,,,,,,,,,
31360,no,,,,,,,,,,,,
31361,no,,,,,,,,,,,,
31362,no,,,,,,,,,,,,
31363,no,,,,,,,,,,,,
31364,no,,,,,,,,,,,,
31365,no,,,,,,,,,,,,
31366,no,,,,,,,,,,,,
31367,yes,EOI SDN. BHD.,elaine.tan@kip.com.my,0362520888,"Unit B-4, Blok B, Tingkat 4, Menara Kip, 1, Jalan Seri Utara 1, Sri Utara, Off Jalan Ipoh, 68100, Wp Kuala Lumpur","Unit B-4, Blok B, Tingkat 4, Menara Kip, No. 1, Jalan Seri Utara 1, Sri Utara, Off Jalan Ipoh, 68100, Wp Kuala Lumpur",Aktif,1,31367-1,Residensi Komersial Atlas,Johor,-,
31368,no,,,,,,,,,,,,
31369,no,,,,,,,,,,,,
31370,no,,,,,,,,,,,,
31371,no,,,,,,,,,,,,
31372,no,,,,,,,,,,,,
31373,no,,,,,,,,,,,,
31374,yes,GRIPLAND DEVELOPMENT SDN. BHD.,griplanddevelopment@gmail.com,054801241,"Lot 17032, Jalan Permai 1, Taman Ketoyang Permai, 35900, Perak","No.19-1, Jalan Prima 7,, Pusat Niaga Metro Prima, Kepong,, 52100, Wp Kuala Lumpur",Aktif,1,31374-1,Taman Malim Jaya,Perak,-,
31375,yes,FAITHVIEW HOLDING  SDN. BHD.,annabellelim@faithview-dev.com,062860888,"Menara Faithview, No. 21, Jalan Kl 3/15, Taman Kota Laksamana Sek 3, 75200, Melaka","123b, Jalan 25, Taman Melaka Raya, 75000, Melaka",Aktif,1,31375-1,Ambience Residence,Melaka,Melaka Tengah,
31376,no,,,,,,,,,,,,
31377,no,,,,,,,,,,,,
31378,no,,,,,,,,,,,,
31379,no,,,,,,,,,,,,
31380,no,,,,,,,,,,,,
31381,no,,,,,,,,,,,,
31382,no,,,,,,,,,,,,
31383,no,,,,,,,,,,,,
31384,no,,,,,,,,,,,,
31385,no,,,,,,,,,,,,
31386,no,,,,,,,,,,,,
31387,no,,,,,,,,,,,,
31388,yes,STOCKLAND DEVELOPMENT SDN. BHD.,stocklanddevelopmentsb@gmail.com,052418620,"No. 12, Jalan Datoh, 30000, Perak","No. 7, Persiaran Pinggir Rapat 3,, Taman Saikat,, 31350, Perak",Aktif,1,31388-1,Taman Grandis Simpulai,Perak,-,
31389,no,,,,,,,,,,,,
31390,no,,,,,,,,,,,,
31391,no,,,,,,,,,,,,
31392,no,,,,,,,,,,,,
31393,no,,,,,,,,,,,,
31394,no,,,,,,,,,,,,
31395,no,,,,,,,,,,,,
31396,no,,,,,,,,,,,,
31397,no,,,,,,,,,,,,
31398,no,,,,,,,,,,,,
31399,no,,,,,,,,,,,,
31400,yes,HONOR PROFILE SDN. BHD.,honorprofilesdnbhd@gmail.com,067688607,"No 49, 2nd & 3rd Floor, Jalan Era Square 3, Era Square, 70200, Negeri Sembilan","2nd Floor, No.411, Jalan Haruan 4, Oakland Commercial Centre, 70300, Negeri Sembilan",Aktif,1,31400-1,Taman Seremban Heights,Negeri Sembilan,-,
31401,no,,,,,,,,,,,,
31402,no,,,,,,,,,,,,
31403,no,,,,,,,,,,,,
31404,no,,,,,,,,,,,,
31405,no,,,,,,,,,,,,
31406,no,,,,,,,,,,,,
31407,no,,,,,,,,,,,,
31408,no,,,,,,,,,,,,
31409,no,,,,,,,,,,,,
31410,yes,KEJORA BITARA SDN. BHD.,kejorabitara1995@gmail.com,0123928772,"Lot Plo 49 Jalan Rami 4, Kawasan Perindustrian Bukit Pasir, Bukit Pasir, 84300, Johor","No. 67, 3rd Floor, Jalan Ali, 84000, Johor",Aktif,1,31410-1,Taman Bakri Jaya,Johor,-,
31411,no,,,,,,,,,,,,
31412,no,,,,,,,,,,,,
31413,no,,,,,,,,,,,,
31414,no,,,,,,,,,,,,
31415,no,,,,,,,,,,,,
31416,no,,,,,,,,,,,,
31417,no,,,,,,,,,,,,
31418,no,,,,,,,,,,,,
31419,no,,,,,,,,,,,,
31420,no,,,,,,,,,,,,
31421,no,,,,,,,,,,,,
31422,no,,,,,,,,,,,,
31423,yes,MOUNTAIN BRIDGE (SP) SDN. BHD.,brigsteelengchl@yahoo.com,0379818491,"It Mall Plaza Sungai Besi, Pt Lot 901,, No. L4-2, Batu 5 1/2, Jalan Sungai Besi,, Salak Selatan Baru,, 57100, Wp Kuala Lumpur","D-36-3a-lot 128, 3 Two Square,, No. 2, Jalan 19/1,, 46300, Selangor",Aktif,1,31423-1,Desa Restu 4,Selangor,-,
31424,no,,,,,,,,,,,,
31425,no,,,,,,,,,,,,
31426,no,,,,,,,,,,,,
31427,no,,,,,,,,,,,,
31428,no,,,,,,,,,,,,
31429,no,,,,,,,,,,,,
31430,no,,,,,,,,,,,,
31431,no,,,,,,,,,,,,
31432,no,,,,,,,,,,,,
31433,no,,,,,,,,,,,,
31434,no,,,,,,,,,,,,
31435,no,,,,,,,,,,,,
31436,no,,,,,,,,,,,,
31437,no,,,,,,,,,,,,
31438,no,,,,,,,,,,,,
31439,no,,,,,,,,,,,,
31440,no,,,,,,,,,,,,
31441,no,,,,,,,,,,,,
31442,no,,,,,,,,,,,,
31443,no,,,,,,,,,,,,
31444,no,,,,,,,,,,,,
31445,no,,,,,,,,,,,,
31446,no,,,,,,,,,,,,
31447,no,,,,,,,,,,,,
31448,no,,,,,,,,,,,,
31449,no,,,,,,,,,,,,
31450,no,,,,,,,,,,,,
31451,no,,,,,,,,,,,,
31452,no,,,,,,,,,,,,
31453,no,,,,,,,,,,,,
31454,no,,,,,,,,,,,,
31455,no,,,,,,,,,,,,
31456,no,,,,,,,,,,,,
31457,no,,,,,,,,,,,,
31458,no,,,,,,,,,,,,
31459,no,,,,,,,,,,,,
31460,no,,,,,,,,,,,,
31461,no,,,,,,,,,,,,
31462,no,,,,,,,,,,,,
31463,no,,,,,,,,,,,,
31464,no,,,,,,,,,,,,
31465,no,,,,,,,,,,,,
31466,no,,,,,,,,,,,,
31467,no,,,,,,,,,,,,
31468,no,,,,,,,,,,,,
31469,no,,,,,,,,,,,,
31470,no,,,,,,,,,,,,
31471,no,,,,,,,,,,,,
31472,no,,,,,,,,,,,,
31473,no,,,,,,,,,,,,
31474,no,,,,,,,,,,,,
31475,no,,,,,,,,,,,,
31476,no,,,,,,,,,,,,
31477,no,,,,,,,,,,,,
31478,no,,,,,,,,,,,,
31479,no,,,,,,,,,,,,
31480,no,,,,,,,,,,,,
31481,no,,,,,,,,,,,,
31482,no,,,,,,,,,,,,
31483,no,,,,,,,,,,,,
31484,no,,,,,,,,,,,,
31485,no,,,,,,,,,,,,
31486,no,,,,,,,,,,,,
31487,no,,,,,,,,,,,,
31488,no,,,,,,,,,,,,
31489,no,,,,,,,,,,,,
31490,no,,,,,,,,,,,,
31491,no,,,,,,,,,,,,
31492,no,,,,,,,,,,,,
31493,no,,,,,,,,,,,,
31494,no,,,,,,,,,,,,
31495,no,,,,,,,,,,,,
31496,no,,,,,,,,,,,,
31497,no,,,,,,,,,,,,
31498,no,,,,,,,,,,,,
31499,no,,,,,,,,,,,,
31500,no,,,,,,,,,,,,
31501,no,,,,,,,,,,,,
31502,no,,,,,,,,,,,,
31503,no,,,,,,,,,,,,
31504,no,,,,,,,,,,,,
31505,no,,,,,,,,,,,,
31506,no,,,,,,,,,,,,
31507,no,,,,,,,,,,,,
31508,no,,,,,,,,,,,,
31509,no,,,,,,,,,,,,
31510,no,,,,,,,,,,,,
31511,no,,,,,,,,,,,,
31512,no,,,,,,,,,,,,
31513,no,,,,,,,,,,,,
31514,no,,,,,,,,,,,,
31515,no,,,,,,,,,,,,
31516,no,,,,,,,,,,,,
31517,no,,,,,,,,,,,,
31518,no,,,,,,,,,,,,
31519,no,,,,,,,,,,,,
31520,no,,,,,,,,,,,,
31521,no,,,,,,,,,,,,
31522,no,,,,,,,,,,,,
31523,no,,,,,,,,,,,,
31524,no,,,,,,,,,,,,
31525,no,,,,,,,,,,,,
31526,no,,,,,,,,,,,,
31527,no,,,,,,,,,,,,
31528,no,,,,,,,,,,,,
31529,no,,,,,,,,,,,,
31530,no,,,,,,,,,,,,
31531,no,,,,,,,,,,,,
31532,no,,,,,,,,,,,,
31533,no,,,,,,,,,,,,
31534,no,,,,,,,,,,,,
31535,no,,,,,,,,,,,,
31536,no,,,,,,,,,,,,
31537,no,,,,,,,,,,,,
31538,no,,,,,,,,,,,,
31539,no,,,,,,,,,,,,
31540,no,,,,,,,,,,,,
31541,no,,,,,,,,,,,,
31542,no,,,,,,,,,,,,
31543,no,,,,,,,,,,,,
31544,no,,,,,,,,,,,,
31545,no,,,,,,,,,,,,
31546,no,,,,,,,,,,,,
31547,no,,,,,,,,,,,,
31548,no,,,,,,,,,,,,
31549,no,,,,,,,,,,,,
31550,no,,,,,,,,,,,,
31551,no,,,,,,,,,,,,
31552,no,,,,,,,,,,,,
31553,no,,,,,,,,,,,,
31554,no,,,,,,,,,,,,
31555,no,,,,,,,,,,,,
31556,no,,,,,,,,,,,,
31557,no,,,,,,,,,,,,
31558,no,,,,,,,,,,,,
31559,no,,,,,,,,,,,,
31560,no,,,,,,,,,,,,
31561,no,,,,,,,,,,,,
31562,no,,,,,,,,,,,,
31563,no,,,,,,,,,,,,
31564,no,,,,,,,,,,,,
31565,no,,,,,,,,,,,,
31566,no,,,,,,,,,,,,
31567,no,,,,,,,,,,,,
31568,no,,,,,,,,,,,,
31569,no,,,,,,,,,,,,
31570,no,,,,,,,,,,,,
31571,no,,,,,,,,,,,,
31572,no,,,,,,,,,,,,
31573,no,,,,,,,,,,,,
31574,no,,,,,,,,,,,,
31575,no,,,,,,,,,,,,
31576,no,,,,,,,,,,,,
31577,no,,,,,,,,,,,,
31578,no,,,,,,,,,,,,
31579,no,,,,,,,,,,,,
31580,no,,,,,,,,,,,,
31581,no,,,,,,,,,,,,
31582,no,,,,,,,,,,,,
31583,no,,,,,,,,,,,,
31584,no,,,,,,,,,,,,
31585,no,,,,,,,,,,,,
31586,no,,,,,,,,,,,,
31587,no,,,,,,,,,,,,
31588,no,,,,,,,,,,,,
31589,no,,,,,,,,,,,,
31590,no,,,,,,,,,,,,
31591,no,,,,,,,,,,,,
31592,no,,,,,,,,,,,,
31593,no,,,,,,,,,,,,
31594,no,,,,,,,,,,,,
31595,no,,,,,,,,,,,,
31596,no,,,,,,,,,,,,
31597,no,,,,,,,,,,,,
31598,no,,,,,,,,,,,,
31599,no,,,,,,,,,,,,
31600,no,,,,,,,,,,,,
31601,no,,,,,,,,,,,,
31602,no,,,,,,,,,,,,
31603,no,,,,,,,,,,,,
31604,no,,,,,,,,,,,,
31605,no,,,,,,,,,,,,
31606,no,,,,,,,,,,,,
31607,no,,,,,,,,,,,,
31608,no,,,,,,,,,,,,
31609,no,,,,,,,,,,,,
31610,no,,,,,,,,,,,,
31611,no,,,,,,,,,,,,
31612,no,,,,,,,,,,,,
31613,no,,,,,,,,,,,,
31614,no,,,,,,,,,,,,
31615,no,,,,,,,,,,,,
31616,no,,,,,,,,,,,,
31617,no,,,,,,,,,,,,
31618,no,,,,,,,,,,,,
31619,no,,,,,,,,,,,,
31620,no,,,,,,,,,,,,
31621,no,,,,,,,,,,,,
31622,no,,,,,,,,,,,,
31623,no,,,,,,,,,,,,
31624,no,,,,,,,,,,,,
31625,no,,,,,,,,,,,,
31626,no,,,,,,,,,,,,
31627,no,,,,,,,,,,,,
31628,no,,,,,,,,,,,,
31629,no,,,,,,,,,,,,
31630,no,,,,,,,,,,,,
31631,no,,,,,,,,,,,,
31632,no,,,,,,,,,,,,
31633,no,,,,,,,,,,,,
31634,no,,,,,,,,,,,,
31635,no,,,,,,,,,,,,
31636,no,,,,,,,,,,,,
31637,no,,,,,,,,,,,,
31638,no,,,,,,,,,,,,
31639,no,,,,,,,,,,,,
31640,no,,,,,,,,,,,,
31641,no,,,,,,,,,,,,
31642,no,,,,,,,,,,,,
31643,no,,,,,,,,,,,,
31644,no,,,,,,,,,,,,
31645,no,,,,,,,,,,,,
31646,no,,,,,,,,,,,,
31647,no,,,,,,,,,,,,
31648,no,,,,,,,,,,,,
31649,no,,,,,,,,,,,,
31650,no,,,,,,,,,,,,
31651,no,,,,,,,,,,,,
31652,no,,,,,,,,,,,,
31653,no,,,,,,,,,,,,
31654,no,,,,,,,,,,,,
31655,no,,,,,,,,,,,,
31656,no,,,,,,,,,,,,
31657,no,,,,,,,,,,,,
31658,no,,,,,,,,,,,,
31659,no,,,,,,,,,,,,
31660,no,,,,,,,,,,,,
31661,no,,,,,,,,,,,,
31662,no,,,,,,,,,,,,
31663,no,,,,,,,,,,,,
31664,no,,,,,,,,,,,,
31665,no,,,,,,,,,,,,
31666,no,,,,,,,,,,,,
31667,no,,,,,,,,,,,,
31668,no,,,,,,,,,,,,
31669,no,,,,,,,,,,,,
31670,no,,,,,,,,,,,,
31671,no,,,,,,,,,,,,
31672,no,,,,,,,,,,,,
31673,no,,,,,,,,,,,,
31674,no,,,,,,,,,,,,
31675,no,,,,,,,,,,,,
31676,no,,,,,,,,,,,,
31677,no,,,,,,,,,,,,
31678,no,,,,,,,,,,,,
31679,no,,,,,,,,,,,,
31680,no,,,,,,,,,,,,
31681,no,,,,,,,,,,,,
31682,no,,,,,,,,,,,,
31683,no,,,,,,,,,,,,
31684,no,,,,,,,,,,,,
31685,no,,,,,,,,,,,,
31686,no,,,,,,,,,,,,
31687,no,,,,,,,,,,,,
31688,no,,,,,,,,,,,,
31689,no,,,,,,,,,,,,
31690,no,,,,,,,,,,,,
31691,no,,,,,,,,,,,,
31692,no,,,,,,,,,,,,
31693,no,,,,,,,,,,,,
31694,no,,,,,,,,,,,,
31695,no,,,,,,,,,,,,
31696,no,,,,,,,,,,,,
31697,no,,,,,,,,,,,,
31698,no,,,,,,,,,,,,
31699,no,,,,,,,,,,,,
31700,no,,,,,,,,,,,,
31701,no,,,,,,,,,,,,
31702,no,,,,,,,,,,,,
31703,no,,,,,,,,,,,,
31704,no,,,,,,,,,,,,
31705,no,,,,,,,,,,,,
31706,no,,,,,,,,,,,,
31707,no,,,,,,,,,,,,
31708,no,,,,,,,,,,,,
31709,no,,,,,,,,,,,,
31710,no,,,,,,,,,,,,
31711,no,,,,,,,,,,,,
31712,no,,,,,,,,,,,,
31713,no,,,,,,,,,,,,
31714,no,,,,,,,,,,,,
31715,no,,,,,,,,,,,,
31716,no,,,,,,,,,,,,
31717,no,,,,,,,,,,,,
31718,no,,,,,,,,,,,,
31719,no,,,,,,,,,,,,
31720,no,,,,,,,,,,,,
31721,no,,,,,,,,,,,,
31722,no,,,,,,,,,,,,
31723,no,,,,,,,,,,,,
31724,no,,,,,,,,,,,,
31725,no,,,,,,,,,,,,
31726,no,,,,,,,,,,,,
31727,no,,,,,,,,,,,,
31728,no,,,,,,,,,,,,
31729,no,,,,,,,,,,,,
31730,no,,,,,,,,,,,,
31731,no,,,,,,,,,,,,
31732,no,,,,,,,,,,,,
31733,no,,,,,,,,,,,,
31734,no,,,,,,,,,,,,
31735,no,,,,,,,,,,,,
31736,no,,,,,,,,,,,,
31737,no,,,,,,,,,,,,
31738,no,,,,,,,,,,,,
31739,no,,,,,,,,,,,,
31740,no,,,,,,,,,,,,
31741,no,,,,,,,,,,,,
31742,no,,,,,,,,,,,,
31743,no,,,,,,,,,,,,
31744,no,,,,,,,,,,,,
31745,no,,,,,,,,,,,,
31746,no,,,,,,,,,,,,
31747,no,,,,,,,,,,,,
31748,no,,,,,,,,,,,,
31749,no,,,,,,,,,,,,
31750,no,,,,,,,,,,,,
31751,no,,,,,,,,,,,,
31752,no,,,,,,,,,,,,
31753,no,,,,,,,,,,,,
31754,no,,,,,,,,,,,,
31755,no,,,,,,,,,,,,
31756,no,,,,,,,,,,,,
31757,no,,,,,,,,,,,,
31758,no,,,,,,,,,,,,
31759,no,,,,,,,,,,,,
31760,no,,,,,,,,,,,,
31761,no,,,,,,,,,,,,
31762,no,,,,,,,,,,,,
31763,no,,,,,,,,,,,,
31764,no,,,,,,,,,,,,
31765,no,,,,,,,,,,,,
31766,no,,,,,,,,,,,,
31767,no,,,,,,,,,,,,
31768,no,,,,,,,,,,,,
31769,no,,,,,,,,,,,,
31770,no,,,,,,,,,,,,
31771,no,,,,,,,,,,,,
31772,no,,,,,,,,,,,,
31773,no,,,,,,,,,,,,
31774,no,,,,,,,,,,,,
31775,no,,,,,,,,,,,,
31776,no,,,,,,,,,,,,
31777,no,,,,,,,,,,,,
31778,no,,,,,,,,,,,,
31779,no,,,,,,,,,,,,
31780,no,,,,,,,,,,,,
31781,no,,,,,,,,,,,,
31782,no,,,,,,,,,,,,
31783,no,,,,,,,,,,,,
31784,no,,,,,,,,,,,,
31785,no,,,,,,,,,,,,
31786,no,,,,,,,,,,,,
31787,no,,,,,,,,,,,,
31788,no,,,,,,,,,,,,
31789,no,,,,,,,,,,,,
31790,no,,,,,,,,,,,,
31791,no,,,,,,,,,,,,
31792,no,,,,,,,,,,,,
31793,no,,,,,,,,,,,,
31794,no,,,,,,,,,,,,
31795,no,,,,,,,,,,,,
31796,no,,,,,,,,,,,,
31797,no,,,,,,,,,,,,
31798,no,,,,,,,,,,,,
31799,no,,,,,,,,,,,,
31800,no,,,,,,,,,,,,
31801,no,,,,,,,,,,,,
31802,no,,,,,,,,,,,,
31803,no,,,,,,,,,,,,
31804,no,,,,,,,,,,,,
31805,no,,,,,,,,,,,,
31806,no,,,,,,,,,,,,
31807,no,,,,,,,,,,,,
31808,no,,,,,,,,,,,,
31809,no,,,,,,,,,,,,
31810,no,,,,,,,,,,,,
31811,no,,,,,,,,,,,,
31812,no,,,,,,,,,,,,
31813,no,,,,,,,,,,,,
31814,no,,,,,,,,,,,,
31815,no,,,,,,,,,,,,
31816,no,,,,,,,,,,,,
31817,no,,,,,,,,,,,,
31818,no,,,,,,,,,,,,
31819,no,,,,,,,,,,,,
31820,no,,,,,,,,,,,,
31821,no,,,,,,,,,,,,
31822,no,,,,,,,,,,,,
31823,no,,,,,,,,,,,,
31824,no,,,,,,,,,,,,
31825,no,,,,,,,,,,,,
31826,no,,,,,,,,,,,,
31827,no,,,,,,,,,,,,
31828,no,,,,,,,,,,,,
31829,no,,,,,,,,,,,,
31830,no,,,,,,,,,,,,
31831,no,,,,,,,,,,,,
31832,no,,,,,,,,,,,,
31833,no,,,,,,,,,,,,
31834,no,,,,,,,,,,,,
31835,no,,,,,,,,,,,,
31836,no,,,,,,,,,,,,
31837,no,,,,,,,,,,,,
31838,no,,,,,,,,,,,,
31839,no,,,,,,,,,,,,
31840,no,,,,,,,,,,,,
31841,no,,,,,,,,,,,,
31842,no,,,,,,,,,,,,
31843,no,,,,,,,,,,,,
31844,no,,,,,,,,,,,,
31845,no,,,,,,,,,,,,
31846,no,,,,,,,,,,,,
31847,no,,,,,,,,,,,,
31848,no,,,,,,,,,,,,
31849,no,,,,,,,,,,,,
31850,no,,,,,,,,,,,,
31851,no,,,,,,,,,,,,
31852,no,,,,,,,,,,,,
31853,no,,,,,,,,,,,,
31854,no,,,,,,,,,,,,
31855,no,,,,,,,,,,,,
31856,no,,,,,,,,,,,,
31857,no,,,,,,,,,,,,
31858,no,,,,,,,,,,,,
31859,no,,,,,,,,,,,,
31860,no,,,,,,,,,,,,
31861,no,,,,,,,,,,,,
31862,no,,,,,,,,,,,,
31863,no,,,,,,,,,,,,
31864,no,,,,,,,,,,,,
31865,no,,,,,,,,,,,,
31866,no,,,,,,,,,,,,
31867,no,,,,,,,,,,,,
31868,no,,,,,,,,,,,,
31869,no,,,,,,,,,,,,
31870,no,,,,,,,,,,,,
31871,no,,,,,,,,,,,,
31872,no,,,,,,,,,,,,
31873,no,,,,,,,,,,,,
31874,no,,,,,,,,,,,,
31875,no,,,,,,,,,,,,
31876,no,,,,,,,,,,,,
31877,no,,,,,,,,,,,,
31878,no,,,,,,,,,,,,
31879,no,,,,,,,,,,,,
31880,no,,,,,,,,,,,,
31881,no,,,,,,,,,,,,
31882,no,,,,,,,,,,,,
31883,no,,,,,,,,,,,,
31884,no,,,,,,,,,,,,
31885,no,,,,,,,,,,,,
31886,no,,,,,,,,,,,,
31887,no,,,,,,,,,,,,
31888,no,,,,,,,,,,,,
31889,no,,,,,,,,,,,,
31890,no,,,,,,,,,,,,
31891,no,,,,,,,,,,,,
31892,no,,,,,,,,,,,,
31893,no,,,,,,,,,,,,
31894,no,,,,,,,,,,,,
31895,no,,,,,,,,,,,,
31896,no,,,,,,,,,,,,
31897,no,,,,,,,,,,,,
31898,no,,,,,,,,,,,,
31899,no,,,,,,,,,,,,
31900,no,,,,,,,,,,,,
31901,no,,,,,,,,,,,,
31902,no,,,,,,,,,,,,
31903,no,,,,,,,,,,,,
31904,no,,,,,,,,,,,,
31905,no,,,,,,,,,,,,
31906,no,,,,,,,,,,,,
31907,no,,,,,,,,,,,,
31908,no,,,,,,,,,,,,
31909,no,,,,,,,,,,,,
31910,no,,,,,,,,,,,,
31911,no,,,,,,,,,,,,
31912,no,,,,,,,,,,,,
31913,no,,,,,,,,,,,,
31914,no,,,,,,,,,,,,
31915,no,,,,,,,,,,,,
31916,no,,,,,,,,,,,,
31917,no,,,,,,,,,,,,
31918,no,,,,,,,,,,,,
31919,no,,,,,,,,,,,,
31920,no,,,,,,,,,,,,
31921,no,,,,,,,,,,,,
31922,no,,,,,,,,,,,,
31923,no,,,,,,,,,,,,
31924,no,,,,,,,,,,,,
31925,no,,,,,,,,,,,,
31926,no,,,,,,,,,,,,
31927,no,,,,,,,,,,,,
31928,no,,,,,,,,,,,,
31929,no,,,,,,,,,,,,
31930,no,,,,,,,,,,,,
31931,no,,,,,,,,,,,,
31932,no,,,,,,,,,,,,
31933,no,,,,,,,,,,,,
31934,no,,,,,,,,,,,,
31935,no,,,,,,,,,,,,
31936,no,,,,,,,,,,,,
31937,no,,,,,,,,,,,,
31938,no,,,,,,,,,,,,
31939,no,,,,,,,,,,,,
31940,no,,,,,,,,,,,,
31941,no,,,,,,,,,,,,
31942,no,,,,,,,,,,,,
31943,no,,,,,,,,,,,,
31944,no,,,,,,,,,,,,
31945,no,,,,,,,,,,,,
31946,no,,,,,,,,,,,,
31947,no,,,,,,,,,,,,
31948,no,,,,,,,,,,,,
31949,no,,,,,,,,,,,,
31950,no,,,,,,,,,,,,
31951,no,,,,,,,,,,,,
31952,no,,,,,,,,,,,,
31953,no,,,,,,,,,,,,
31954,no,,,,,,,,,,,,
31955,no,,,,,,,,,,,,
31956,no,,,,,,,,,,,,
31957,no,,,,,,,,,,,,
31958,no,,,,,,,,,,,,
31959,no,,,,,,,,,,,,
31960,no,,,,,,,,,,,,
31961,no,,,,,,,,,,,,
31962,no,,,,,,,,,,,,
31963,no,,,,,,,,,,,,
31964,no,,,,,,,,,,,,
31965,no,,,,,,,,,,,,
31966,no,,,,,,,,,,,,
31967,no,,,,,,,,,,,,
31968,no,,,,,,,,,,,,
31969,no,,,,,,,,,,,,
31970,no,,,,,,,,,,,,
31971,no,,,,,,,,,,,,
31972,no,,,,,,,,,,,,
31973,no,,,,,,,,,,,,
31974,no,,,,,,,,,,,,
31975,no,,,,,,,,,,,,
31976,no,,,,,,,,,,,,
31977,no,,,,,,,,,,,,
31978,no,,,,,,,,,,,,
31979,no,,,,,,,,,,,,
31980,no,,,,,,,,,,,,
31981,no,,,,,,,,,,,,
31982,no,,,,,,,,,,,,
31983,no,,,,,,,,,,,,
31984,no,,,,,,,,,,,,
31985,no,,,,,,,,,,,,
31986,no,,,,,,,,,,,,
31987,no,,,,,,,,,,,,
31988,no,,,,,,,,,,,,
31989,no,,,,,,,,,,,,
31990,no,,,,,,,,,,,,
31991,no,,,,,,,,,,,,
31992,no,,,,,,,,,,,,
31993,no,,,,,,,,,,,,
31994,no,,,,,,,,,,,,
31995,no,,,,,,,,,,,,
31996,no,,,,,,,,,,,,
31997,no,,,,,,,,,,,,
31998,no,,,,,,,,,,,,
31999,no,,,,,,,,,,,,
32000,no,,,,,,,,,,,,
32001,no,,,,,,,,,,,,
32002,no,,,,,,,,,,,,
32003,no,,,,,,,,,,,,
32004,no,,,,,,,,,,,,
32005,no,,,,,,,,,,,,
32006,no,,,,,,,,,,,,
32007,no,,,,,,,,,,,,
32008,no,,,,,,,,,,,,
32009,no,,,,,,,,,,,,
32010,no,,,,,,,,,,,,
32011,no,,,,,,,,,,,,
32012,no,,,,,,,,,,,,
32013,no,,,,,,,,,,,,
32014,no,,,,,,,,,,,,
32015,no,,,,,,,,,,,,
32016,no,,,,,,,,,,,,
32017,no,,,,,,,,,,,,
32018,no,,,,,,,,,,,,
32019,no,,,,,,,,,,,,
32020,no,,,,,,,,,,,,
32021,no,,,,,,,,,,,,
32022,no,,,,,,,,,,,,
32023,no,,,,,,,,,,,,
32024,no,,,,,,,,,,,,
32025,no,,,,,,,,,,,,
32026,no,,,,,,,,,,,,
32027,no,,,,,,,,,,,,
32028,no,,,,,,,,,,,,
32029,no,,,,,,,,,,,,
32030,no,,,,,,,,,,,,
32031,no,,,,,,,,,,,,
32032,no,,,,,,,,,,,,
32033,no,,,,,,,,,,,,
32034,no,,,,,,,,,,,,
32035,no,,,,,,,,,,,,
32036,no,,,,,,,,,,,,
32037,no,,,,,,,,,,,,
32038,no,,,,,,,,,,,,
32039,no,,,,,,,,,,,,
32040,no,,,,,,,,,,,,
32041,no,,,,,,,,,,,,
32042,no,,,,,,,,,,,,
32043,no,,,,,,,,,,,,
32044,no,,,,,,,,,,,,
32045,no,,,,,,,,,,,,
32046,no,,,,,,,,,,,,
32047,no,,,,,,,,,,,,
32048,no,,,,,,,,,,,,
32049,no,,,,,,,,,,,,
32050,no,,,,,,,,,,,,
32051,no,,,,,,,,,,,,
32052,no,,,,,,,,,,,,
32053,no,,,,,,,,,,,,
32054,no,,,,,,,,,,,,
32055,no,,,,,,,,,,,,
32056,no,,,,,,,,,,,,
32057,no,,,,,,,,,,,,
32058,no,,,,,,,,,,,,
32059,no,,,,,,,,,,,,
32060,no,,,,,,,,,,,,
32061,no,,,,,,,,,,,,
32062,no,,,,,,,,,,,,
32063,no,,,,,,,,,,,,
32064,no,,,,,,,,,,,,
32065,no,,,,,,,,,,,,
32066,no,,,,,,,,,,,,
32067,no,,,,,,,,,,,,
32068,no,,,,,,,,,,,,
32069,no,,,,,,,,,,,,
32070,no,,,,,,,,,,,,
32071,no,,,,,,,,,,,,
32072,no,,,,,,,,,,,,
32073,no,,,,,,,,,,,,
32074,no,,,,,,,,,,,,
32075,no,,,,,,,,,,,,
32076,no,,,,,,,,,,,,
32077,no,,,,,,,,,,,,
32078,no,,,,,,,,,,,,
32079,no,,,,,,,,,,,,
32080,no,,,,,,,,,,,,
32081,no,,,,,,,,,,,,
32082,no,,,,,,,,,,,,
32083,no,,,,,,,,,,,,
32084,no,,,,,,,,,,,,
32085,no,,,,,,,,,,,,
32086,no,,,,,,,,,,,,
32087,no,,,,,,,,,,,,
32088,no,,,,,,,,,,,,
32089,no,,,,,,,,,,,,
32090,no,,,,,,,,,,,,
32091,no,,,,,,,,,,,,
32092,no,,,,,,,,,,,,
32093,no,,,,,,,,,,,,
32094,no,,,,,,,,,,,,
32095,no,,,,,,,,,,,,
32096,no,,,,,,,,,,,,
32097,no,,,,,,,,,,,,
32098,no,,,,,,,,,,,,
32099,no,,,,,,,,,,,,
32100,no,,,,,,,,,,,,
32101,no,,,,,,,,,,,,
32102,no,,,,,,,,,,,,
32103,no,,,,,,,,,,,,
32104,no,,,,,,,,,,,,
32105,no,,,,,,,,,,,,
32106,no,,,,,,,,,,,,
32107,no,,,,,,,,,,,,
32108,no,,,,,,,,,,,,
32109,no,,,,,,,,,,,,
32110,no,,,,,,,,,,,,
32111,no,,,,,,,,,,,,
32112,no,,,,,,,,,,,,
32113,no,,,,,,,,,,,,
32114,no,,,,,,,,,,,,
32115,no,,,,,,,,,,,,
32116,no,,,,,,,,,,,,
32117,no,,,,,,,,,,,,
32118,no,,,,,,,,,,,,
32119,no,,,,,,,,,,,,
32120,no,,,,,,,,,,,,
32121,no,,,,,,,,,,,,
32122,no,,,,,,,,,,,,
32123,no,,,,,,,,,,,,
32124,no,,,,,,,,,,,,
32125,no,,,,,,,,,,,,
32126,no,,,,,,,,,,,,
32127,no,,,,,,,,,,,,
32128,no,,,,,,,,,,,,
32129,no,,,,,,,,,,,,
32130,no,,,,,,,,,,,,
32131,no,,,,,,,,,,,,
32132,no,,,,,,,,,,,,
32133,no,,,,,,,,,,,,
32134,no,,,,,,,,,,,,
32135,no,,,,,,,,,,,,
32136,no,,,,,,,,,,,,
32137,no,,,,,,,,,,,,
32138,no,,,,,,,,,,,,
32139,no,,,,,,,,,,,,
32140,no,,,,,,,,,,,,
32141,no,,,,,,,,,,,,
32142,no,,,,,,,,,,,,
32143,no,,,,,,,,,,,,
32144,no,,,,,,,,,,,,
32145,no,,,,,,,,,,,,
32146,no,,,,,,,,,,,,
32147,no,,,,,,,,,,,,
32148,no,,,,,,,,,,,,
32149,no,,,,,,,,,,,,
32150,no,,,,,,,,,,,,
32151,no,,,,,,,,,,,,
32152,no,,,,,,,,,,,,
32153,no,,,,,,,,,,,,
32154,no,,,,,,,,,,,,
32155,no,,,,,,,,,,,,
32156,no,,,,,,,,,,,,
32157,no,,,,,,,,,,,,
32158,no,,,,,,,,,,,,
32159,no,,,,,,,,,,,,
32160,no,,,,,,,,,,,,
32161,no,,,,,,,,,,,,
32162,no,,,,,,,,,,,,
32163,no,,,,,,,,,,,,
32164,no,,,,,,,,,,,,
32165,no,,,,,,,,,,,,
32166,no,,,,,,,,,,,,
32167,no,,,,,,,,,,,,
32168,no,,,,,,,,,,,,
32169,no,,,,,,,,,,,,
32170,no,,,,,,,,,,,,
32171,no,,,,,,,,,,,,
32172,no,,,,,,,,,,,,
32173,no,,,,,,,,,,,,
32174,no,,,,,,,,,,,,
32175,no,,,,,,,,,,,,
32176,no,,,,,,,,,,,,
32177,no,,,,,,,,,,,,
32178,no,,,,,,,,,,,,
32179,no,,,,,,,,,,,,
32180,no,,,,,,,,,,,,
32181,no,,,,,,,,,,,,
32182,no,,,,,,,,,,,,
32183,no,,,,,,,,,,,,
32184,no,,,,,,,,,,,,
32185,no,,,,,,,,,,,,
32186,no,,,,,,,,,,,,
32187,no,,,,,,,,,,,,
32188,no,,,,,,,,,,,,
32189,no,,,,,,,,,,,,
32190,no,,,,,,,,,,,,
32191,no,,,,,,,,,,,,
32192,no,,,,,,,,,,,,
32193,no,,,,,,,,,,,,
32194,no,,,,,,,,,,,,
32195,no,,,,,,,,,,,,
32196,no,,,,,,,,,,,,
32197,no,,,,,,,,,,,,
32198,no,,,,,,,,,,,,
32199,no,,,,,,,,,,,,
32200,no,,,,,,,,,,,,
32201,no,,,,,,,,,,,,
32202,no,,,,,,,,,,,,
32203,no,,,,,,,,,,,,
32204,no,,,,,,,,,,,,
32205,no,,,,,,,,,,,,
32206,no,,,,,,,,,,,,
32207,no,,,,,,,,,,,,
32208,no,,,,,,,,,,,,
32209,no,,,,,,,,,,,,
32210,no,,,,,,,,,,,,
32211,no,,,,,,,,,,,,
32212,no,,,,,,,,,,,,
32213,no,,,,,,,,,,,,
32214,no,,,,,,,,,,,,
32215,no,,,,,,,,,,,,
32216,no,,,,,,,,,,,,
32217,no,,,,,,,,,,,,
32218,no,,,,,,,,,,,,
32219,no,,,,,,,,,,,,
32220,no,,,,,,,,,,,,
32221,no,,,,,,,,,,,,
32222,no,,,,,,,,,,,,
32223,no,,,,,,,,,,,,
32224,no,,,,,,,,,,,,
32225,no,,,,,,,,,,,,
32226,no,,,,,,,,,,,,
32227,no,,,,,,,,,,,,
32228,no,,,,,,,,,,,,
32229,no,,,,,,,,,,,,
32230,no,,,,,,,,,,,,
32231,no,,,,,,,,,,,,
32232,no,,,,,,,,,,,,
32233,no,,,,,,,,,,,,
32234,no,,,,,,,,,,,,
32235,no,,,,,,,,,,,,
32236,no,,,,,,,,,,,,
32237,no,,,,,,,,,,,,
32238,no,,,,,,,,,,,,
32239,no,,,,,,,,,,,,
32240,no,,,,,,,,,,,,
32241,no,,,,,,,,,,,,
32242,no,,,,,,,,,,,,
32243,no,,,,,,,,,,,,
32244,no,,,,,,,,,,,,
32245,no,,,,,,,,,,,,
32246,no,,,,,,,,,,,,
32247,no,,,,,,,,,,,,
32248,no,,,,,,,,,,,,
32249,no,,,,,,,,,,,,
32250,no,,,,,,,,,,,,
32251,no,,,,,,,,,,,,
32252,no,,,,,,,,,,,,
32253,no,,,,,,,,,,,,
32254,no,,,,,,,,,,,,
32255,no,,,,,,,,,,,,
32256,no,,,,,,,,,,,,
32257,no,,,,,,,,,,,,
32258,no,,,,,,,,,,,,
32259,no,,,,,,,,,,,,
32260,no,,,,,,,,,,,,
32261,no,,,,,,,,,,,,
32262,no,,,,,,,,,,,,
32263,no,,,,,,,,,,,,
32264,no,,,,,,,,,,,,
32265,no,,,,,,,,,,,,
32266,no,,,,,,,,,,,,
32267,no,,,,,,,,,,,,
32268,no,,,,,,,,,,,,
32269,no,,,,,,,,,,,,
32270,no,,,,,,,,,,,,
32271,no,,,,,,,,,,,,
32272,no,,,,,,,,,,,,
32273,no,,,,,,,,,,,,
32274,no,,,,,,,,,,,,
32275,no,,,,,,,,,,,,
32276,no,,,,,,,,,,,,
32277,no,,,,,,,,,,,,
32278,no,,,,,,,,,,,,
32279,no,,,,,,,,,,,,
32280,no,,,,,,,,,,,,
32281,no,,,,,,,,,,,,
32282,no,,,,,,,,,,,,
32283,no,,,,,,,,,,,,
32284,no,,,,,,,,,,,,
32285,no,,,,,,,,,,,,
32286,no,,,,,,,,,,,,
32287,no,,,,,,,,,,,,
32288,no,,,,,,,,,,,,
32289,no,,,,,,,,,,,,
32290,no,,,,,,,,,,,,
32291,no,,,,,,,,,,,,
32292,no,,,,,,,,,,,,
32293,no,,,,,,,,,,,,
32294,no,,,,,,,,,,,,
32295,no,,,,,,,,,,,,
32296,no,,,,,,,,,,,,
32297,no,,,,,,,,,,,,
32298,no,,,,,,,,,,,,
32299,no,,,,,,,,,,,,
32300,no,,,,,,,,,,,,
32301,no,,,,,,,,,,,,
32302,no,,,,,,,,,,,,
32303,no,,,,,,,,,,,,
32304,no,,,,,,,,,,,,
32305,no,,,,,,,,,,,,
32306,no,,,,,,,,,,,,
32307,no,,,,,,,,,,,,
32308,no,,,,,,,,,,,,
32309,no,,,,,,,,,,,,
32310,no,,,,,,,,,,,,
32311,no,,,,,,,,,,,,
32312,no,,,,,,,,,,,,
32313,no,,,,,,,,,,,,
32314,no,,,,,,,,,,,,
32315,no,,,,,,,,,,,,
32316,no,,,,,,,,,,,,
32317,no,,,,,,,,,,,,
32318,no,,,,,,,,,,,,
32319,no,,,,,,,,,,,,
32320,no,,,,,,,,,,,,
32321,no,,,,,,,,,,,,
32322,no,,,,,,,,,,,,
32323,no,,,,,,,,,,,,
32324,no,,,,,,,,,,,,
32325,no,,,,,,,,,,,,
32326,no,,,,,,,,,,,,
32327,no,,,,,,,,,,,,
32328,no,,,,,,,,,,,,
32329,no,,,,,,,,,,,,
32330,no,,,,,,,,,,,,
32331,no,,,,,,,,,,,,
32332,no,,,,,,,,,,,,
32333,no,,,,,,,,,,,,
32334,no,,,,,,,,,,,,
32335,no,,,,,,,,,,,,
32336,no,,,,,,,,,,,,
32337,no,,,,,,,,,,,,
32338,no,,,,,,,,,,,,
32339,no,,,,,,,,,,,,
32340,no,,,,,,,,,,,,
32341,no,,,,,,,,,,,,
32342,no,,,,,,,,,,,,
32343,no,,,,,,,,,,,,
32344,no,,,,,,,,,,,,
32345,no,,,,,,,,,,,,
32346,no,,,,,,,,,,,,
32347,no,,,,,,,,,,,,
32348,no,,,,,,,,,,,,
32349,no,,,,,,,,,,,,
32350,no,,,,,,,,,,,,
32351,no,,,,,,,,,,,,
32352,no,,,,,,,,,,,,
32353,no,,,,,,,,,,,,
32354,no,,,,,,,,,,,,
32355,no,,,,,,,,,,,,
32356,no,,,,,,,,,,,,
32357,no,,,,,,,,,,,,
32358,no,,,,,,,,,,,,
32359,no,,,,,,,,,,,,
32360,no,,,,,,,,,,,,
32361,no,,,,,,,,,,,,
32362,no,,,,,,,,,,,,
32363,no,,,,,,,,,,,,
32364,no,,,,,,,,,,,,
32365,no,,,,,,,,,,,,
32366,no,,,,,,,,,,,,
32367,no,,,,,,,,,,,,
32368,no,,,,,,,,,,,,
32369,no,,,,,,,,,,,,
32370,no,,,,,,,,,,,,
32371,no,,,,,,,,,,,,
32372,no,,,,,,,,,,,,
32373,no,,,,,,,,,,,,
32374,no,,,,,,,,,,,,
32375,no,,,,,,,,,,,,
32376,no,,,,,,,,,,,,
32377,no,,,,,,,,,,,,
32378,no,,,,,,,,,,,,
32379,no,,,,,,,,,,,,
32380,no,,,,,,,,,,,,
32381,no,,,,,,,,,,,,
32382,no,,,,,,,,,,,,
32383,no,,,,,,,,,,,,
32384,no,,,,,,,,,,,,
32385,no,,,,,,,,,,,,
32386,no,,,,,,,,,,,,
32387,no,,,,,,,,,,,,
32388,no,,,,,,,,,,,,
32389,no,,,,,,,,,,,,
32390,no,,,,,,,,,,,,
32391,no,,,,,,,,,,,,
32392,no,,,,,,,,,,,,
32393,no,,,,,,,,,,,,
32394,no,,,,,,,,,,,,
32395,no,,,,,,,,,,,,
32396,no,,,,,,,,,,,,
32397,no,,,,,,,,,,,,
32398,no,,,,,,,,,,,,
32399,no,,,,,,,,,,,,
32400,no,,,,,,,,,,,,
32401,no,,,,,,,,,,,,
32402,no,,,,,,,,,,,,
32403,no,,,,,,,,,,,,
32404,no,,,,,,,,,,,,
32405,no,,,,,,,,,,,,
32406,no,,,,,,,,,,,,
32407,no,,,,,,,,,,,,
32408,no,,,,,,,,,,,,
32409,no,,,,,,,,,,,,
32410,no,,,,,,,,,,,,
32411,no,,,,,,,,,,,,
32412,no,,,,,,,,,,,,
32413,no,,,,,,,,,,,,
32414,no,,,,,,,,,,,,
32415,no,,,,,,,,,,,,
32416,no,,,,,,,,,,,,
32417,no,,,,,,,,,,,,
32418,no,,,,,,,,,,,,
32419,no,,,,,,,,,,,,
32420,no,,,,,,,,,,,,
32421,no,,,,,,,,,,,,
32422,no,,,,,,,,,,,,
32423,no,,,,,,,,,,,,
32424,no,,,,,,,,,,,,
32425,no,,,,,,,,,,,,
32426,no,,,,,,,,,,,,
32427,no,,,,,,,,,,,,
32428,no,,,,,,,,,,,,
32429,no,,,,,,,,,,,,
32430,no,,,,,,,,,,,,
32431,no,,,,,,,,,,,,
32432,no,,,,,,,,,,,,
32433,no,,,,,,,,,,,,
32434,no,,,,,,,,,,,,
32435,no,,,,,,,,,,,,
32436,no,,,,,,,,,,,,
32437,no,,,,,,,,,,,,
32438,no,,,,,,,,,,,,
32439,no,,,,,,,,,,,,
32440,no,,,,,,,,,,,,
32441,no,,,,,,,,,,,,
32442,no,,,,,,,,,,,,
32443,no,,,,,,,,,,,,
32444,no,,,,,,,,,,,,
32445,no,,,,,,,,,,,,
32446,no,,,,,,,,,,,,
32447,no,,,,,,,,,,,,
32448,no,,,,,,,,,,,,
32449,no,,,,,,,,,,,,
32450,no,,,,,,,,,,,,
32451,no,,,,,,,,,,,,
32452,no,,,,,,,,,,,,
32453,no,,,,,,,,,,,,
32454,no,,,,,,,,,,,,
32455,no,,,,,,,,,,,,
32456,no,,,,,,,,,,,,
32457,no,,,,,,,,,,,,
32458,no,,,,,,,,,,,,
32459,no,,,,,,,,,,,,
32460,no,,,,,,,,,,,,
32461,no,,,,,,,,,,,,
32462,no,,,,,,,,,,,,
32463,no,,,,,,,,,,,,
32464,no,,,,,,,,,,,,
32465,no,,,,,,,,,,,,
32466,no,,,,,,,,,,,,
32467,no,,,,,,,,,,,,
32468,no,,,,,,,,,,,,
32469,no,,,,,,,,,,,,
32470,no,,,,,,,,,,,,
32471,no,,,,,,,,,,,,
32472,no,,,,,,,,,,,,
32473,no,,,,,,,,,,,,
32474,no,,,,,,,,,,,,
32475,no,,,,,,,,,,,,
32476,no,,,,,,,,,,,,
32477,no,,,,,,,,,,,,
32478,no,,,,,,,,,,,,
32479,no,,,,,,,,,,,,
32480,no,,,,,,,,,,,,
32481,no,,,,,,,,,,,,
32482,no,,,,,,,,,,,,
32483,no,,,,,,,,,,,,
32484,no,,,,,,,,,,,,
32485,no,,,,,,,,,,,,
32486,no,,,,,,,,,,,,
32487,no,,,,,,,,,,,,
32488,no,,,,,,,,,,,,
32489,no,,,,,,,,,,,,
32490,no,,,,,,,,,,,,
32491,no,,,,,,,,,,,,
32492,no,,,,,,,,,,,,
32493,no,,,,,,,,,,,,
32494,no,,,,,,,,,,,,
32495,no,,,,,,,,,,,,
32496,no,,,,,,,,,,,,
32497,no,,,,,,,,,,,,
32498,no,,,,,,,,,,,,
32499,no,,,,,,,,,,,,
32500,no,,,,,,,,,,,,
32501,no,,,,,,,,,,,,
32502,no,,,,,,,,,,,,
32503,no,,,,,,,,,,,,
32504,no,,,,,,,,,,,,
32505,no,,,,,,,,,,,,
32506,no,,,,,,,,,,,,
32507,no,,,,,,,,,,,,
32508,no,,,,,,,,,,,,
32509,no,,,,,,,,,,,,
32510,no,,,,,,,,,,,,
32511,no,,,,,,,,,,,,
32512,no,,,,,,,,,,,,
32513,no,,,,,,,,,,,,
32514,no,,,,,,,,,,,,
32515,no,,,,,,,,,,,,
32516,no,,,,,,,,,,,,
32517,no,,,,,,,,,,,,
32518,no,,,,,,,,,,,,
32519,no,,,,,,,,,,,,
32520,no,,,,,,,,,,,,
32521,no,,,,,,,,,,,,
32522,no,,,,,,,,,,,,
32523,no,,,,,,,,,,,,
32524,no,,,,,,,,,,,,
32525,no,,,,,,,,,,,,
32526,no,,,,,,,,,,,,
32527,no,,,,,,,,,,,,
32528,no,,,,,,,,,,,,
32529,no,,,,,,,,,,,,
32530,no,,,,,,,,,,,,
32531,no,,,,,,,,,,,,
32532,no,,,,,,,,,,,,
32533,no,,,,,,,,,,,,
32534,no,,,,,,,,,,,,
32535,no,,,,,,,,,,,,
32536,no,,,,,,,,,,,,
32537,no,,,,,,,,,,,,
32538,no,,,,,,,,,,,,
32539,no,,,,,,,,,,,,
32540,no,,,,,,,,,,,,
32541,no,,,,,,,,,,,,
32542,no,,,,,,,,,,,,
32543,no,,,,,,,,,,,,
32544,no,,,,,,,,,,,,
32545,no,,,,,,,,,,,,
32546,no,,,,,,,,,,,,
32547,no,,,,,,,,,,,,
32548,no,,,,,,,,,,,,
32549,no,,,,,,,,,,,,
32550,no,,,,,,,,,,,,
32551,no,,,,,,,,,,,,
32552,no,,,,,,,,,,,,
32553,no,,,,,,,,,,,,
32554,no,,,,,,,,,,,,
32555,no,,,,,,,,,,,,
32556,no,,,,,,,,,,,,
32557,no,,,,,,,,,,,,
32558,no,,,,,,,,,,,,
32559,no,,,,,,,,,,,,
32560,no,,,,,,,,,,,,
32561,no,,,,,,,,,,,,
32562,no,,,,,,,,,,,,
32563,no,,,,,,,,,,,,
32564,no,,,,,,,,,,,,
32565,no,,,,,,,,,,,,
32566,no,,,,,,,,,,,,
32567,no,,,,,,,,,,,,
32568,no,,,,,,,,,,,,
32569,no,,,,,,,,,,,,
32570,no,,,,,,,,,,,,
32571,no,,,,,,,,,,,,
32572,no,,,,,,,,,,,,
32573,no,,,,,,,,,,,,
32574,no,,,,,,,,,,,,
32575,no,,,,,,,,,,,,
32576,no,,,,,,,,,,,,
32577,no,,,,,,,,,,,,
32578,no,,,,,,,,,,,,
32579,no,,,,,,,,,,,,
32580,no,,,,,,,,,,,,
32581,no,,,,,,,,,,,,
32582,no,,,,,,,,,,,,
32583,no,,,,,,,,,,,,
32584,no,,,,,,,,,,,,
32585,no,,,,,,,,,,,,
32586,no,,,,,,,,,,,,
32587,no,,,,,,,,,,,,
32588,no,,,,,,,,,,,,
32589,no,,,,,,,,,,,,
32590,no,,,,,,,,,,,,
32591,no,,,,,,,,,,,,
32592,no,,,,,,,,,,,,
32593,no,,,,,,,,,,,,
32594,no,,,,,,,,,,,,
32595,no,,,,,,,,,,,,
32596,no,,,,,,,,,,,,
32597,no,,,,,,,,,,,,
32598,no,,,,,,,,,,,,
32599,no,,,,,,,,,,,,
32600,no,,,,,,,,,,,,
32601,no,,,,,,,,,,,,
32602,no,,,,,,,,,,,,
32603,no,,,,,,,,,,,,
32604,no,,,,,,,,,,,,
32605,no,,,,,,,,,,,,
32606,no,,,,,,,,,,,,
32607,no,,,,,,,,,,,,
32608,no,,,,,,,,,,,,
32609,no,,,,,,,,,,,,
32610,no,,,,,,,,,,,,
32611,no,,,,,,,,,,,,
32612,no,,,,,,,,,,,,
32613,no,,,,,,,,,,,,
32614,no,,,,,,,,,,,,
32615,no,,,,,,,,,,,,
32616,no,,,,,,,,,,,,
32617,no,,,,,,,,,,,,
32618,no,,,,,,,,,,,,
32619,no,,,,,,,,,,,,
32620,no,,,,,,,,,,,,
32621,no,,,,,,,,,,,,
32622,no,,,,,,,,,,,,
32623,no,,,,,,,,,,,,
32624,no,,,,,,,,,,,,
32625,no,,,,,,,,,,,,
32626,no,,,,,,,,,,,,
32627,no,,,,,,,,,,,,
32628,no,,,,,,,,,,,,
32629,no,,,,,,,,,,,,
32630,no,,,,,,,,,,,,
32631,no,,,,,,,,,,,,
32632,no,,,,,,,,,,,,
32633,no,,,,,,,,,,,,
32634,no,,,,,,,,,,,,
32635,no,,,,,,,,,,,,
32636,no,,,,,,,,,,,,
32637,no,,,,,,,,,,,,
32638,no,,,,,,,,,,,,
32639,no,,,,,,,,,,,,
32640,no,,,,,,,,,,,,
32641,no,,,,,,,,,,,,
32642,no,,,,,,,,,,,,
32643,no,,,,,,,,,,,,
32644,no,,,,,,,,,,,,
32645,no,,,,,,,,,,,,
32646,no,,,,,,,,,,,,
32647,no,,,,,,,,,,,,
32648,no,,,,,,,,,,,,
32649,no,,,,,,,,,,,,
32650,no,,,,,,,,,,,,
32651,no,,,,,,,,,,,,
32652,no,,,,,,,,,,,,
32653,no,,,,,,,,,,,,
32654,no,,,,,,,,,,,,
32655,no,,,,,,,,,,,,
32656,no,,,,,,,,,,,,
32657,no,,,,,,,,,,,,
32658,no,,,,,,,,,,,,
32659,no,,,,,,,,,,,,
32660,no,,,,,,,,,,,,
32661,no,,,,,,,,,,,,
32662,no,,,,,,,,,,,,
32663,no,,,,,,,,,,,,
32664,no,,,,,,,,,,,,
32665,no,,,,,,,,,,,,
32666,no,,,,,,,,,,,,
32667,no,,,,,,,,,,,,
32668,no,,,,,,,,,,,,
32669,no,,,,,,,,,,,,
32670,no,,,,,,,,,,,,
32671,no,,,,,,,,,,,,
32672,no,,,,,,,,,,,,
32673,no,,,,,,,,,,,,
32674,no,,,,,,,,,,,,
32675,no,,,,,,,,,,,,
32676,no,,,,,,,,,,,,
32677,no,,,,,,,,,,,,
32678,no,,,,,,,,,,,,
32679,no,,,,,,,,,,,,
32680,no,,,,,,,,,,,,
32681,no,,,,,,,,,,,,
32682,no,,,,,,,,,,,,
32683,no,,,,,,,,,,,,
32684,no,,,,,,,,,,,,
32685,no,,,,,,,,,,,,
32686,no,,,,,,,,,,,,
32687,no,,,,,,,,,,,,
32688,no,,,,,,,,,,,,
32689,no,,,,,,,,,,,,
32690,no,,,,,,,,,,,,
32691,no,,,,,,,,,,,,
32692,no,,,,,,,,,,,,
32693,no,,,,,,,,,,,,
32694,no,,,,,,,,,,,,
32695,no,,,,,,,,,,,,
32696,no,,,,,,,,,,,,
32697,no,,,,,,,,,,,,
32698,no,,,,,,,,,,,,
32699,no,,,,,,,,,,,,
32700,no,,,,,,,,,,,,
32701,no,,,,,,,,,,,,
32702,no,,,,,,,,,,,,
32703,no,,,,,,,,,,,,
32704,no,,,,,,,,,,,,
32705,no,,,,,,,,,,,,
32706,no,,,,,,,,,,,,
32707,no,,,,,,,,,,,,
32708,no,,,,,,,,,,,,
32709,no,,,,,,,,,,,,
32710,no,,,,,,,,,,,,
32711,no,,,,,,,,,,,,
32712,no,,,,,,,,,,,,
32713,no,,,,,,,,,,,,
32714,no,,,,,,,,,,,,
32715,no,,,,,,,,,,,,
32716,no,,,,,,,,,,,,
32717,no,,,,,,,,,,,,
32718,no,,,,,,,,,,,,
32719,no,,,,,,,,,,,,
32720,no,,,,,,,,,,,,
32721,no,,,,,,,,,,,,
32722,no,,,,,,,,,,,,
32723,no,,,,,,,,,,,,
32724,no,,,,,,,,,,,,
32725,no,,,,,,,,,,,,
32726,no,,,,,,,,,,,,
32727,no,,,,,,,,,,,,
32728,no,,,,,,,,,,,,
32729,no,,,,,,,,,,,,
32730,no,,,,,,,,,,,,
32731,no,,,,,,,,,,,,
32732,no,,,,,,,,,,,,
32733,no,,,,,,,,,,,,
32734,no,,,,,,,,,,,,
32735,no,,,,,,,,,,,,
32736,no,,,,,,,,,,,,
32737,no,,,,,,,,,,,,
32738,no,,,,,,,,,,,,
32739,no,,,,,,,,,,,,
32740,no,,,,,,,,,,,,
32741,no,,,,,,,,,,,,
32742,no,,,,,,,,,,,,
32743,no,,,,,,,,,,,,
32744,no,,,,,,,,,,,,
32745,no,,,,,,,,,,,,
32746,no,,,,,,,,,,,,
32747,no,,,,,,,,,,,,
32748,no,,,,,,,,,,,,
32749,no,,,,,,,,,,,,
32750,no,,,,,,,,,,,,
32751,no,,,,,,,,,,,,
32752,no,,,,,,,,,,,,
32753,no,,,,,,,,,,,,
32754,no,,,,,,,,,,,,
32755,no,,,,,,,,,,,,
32756,no,,,,,,,,,,,,
32757,no,,,,,,,,,,,,
32758,no,,,,,,,,,,,,
32759,no,,,,,,,,,,,,
32760,no,,,,,,,,,,,,
32761,no,,,,,,,,,,,,
32762,no,,,,,,,,,,,,
32763,no,,,,,,,,,,,,
32764,no,,,,,,,,,,,,
32765,no,,,,,,,,,,,,
32766,no,,,,,,,,,,,,
32767,no,,,,,,,,,,,,
32768,no,,,,,,,,,,,,
32769,no,,,,,,,,,,,,
32770,no,,,,,,,,,,,,
32771,no,,,,,,,,,,,,
32772,no,,,,,,,,,,,,
32773,no,,,,,,,,,,,,
32774,no,,,,,,,,,,,,
32775,no,,,,,,,,,,,,
32776,no,,,,,,,,,,,,
32777,no,,,,,,,,,,,,
32778,no,,,,,,,,,,,,
32779,no,,,,,,,,,,,,
32780,no,,,,,,,,,,,,
32781,no,,,,,,,,,,,,
32782,no,,,,,,,,,,,,
32783,no,,,,,,,,,,,,
32784,no,,,,,,,,,,,,
32785,no,,,,,,,,,,,,
32786,no,,,,,,,,,,,,
32787,no,,,,,,,,,,,,
32788,no,,,,,,,,,,,,
32789,no,,,,,,,,,,,,
32790,no,,,,,,,,,,,,
32791,no,,,,,,,,,,,,
32792,no,,,,,,,,,,,,
32793,no,,,,,,,,,,,,
32794,no,,,,,,,,,,,,
32795,no,,,,,,,,,,,,
32796,no,,,,,,,,,,,,
32797,no,,,,,,,,,,,,
32798,no,,,,,,,,,,,,
32799,no,,,,,,,,,,,,
32800,no,,,,,,,,,,,,
32801,no,,,,,,,,,,,,
32802,no,,,,,,,,,,,,
32803,no,,,,,,,,,,,,
32804,no,,,,,,,,,,,,
32805,no,,,,,,,,,,,,
32806,no,,,,,,,,,,,,
32807,no,,,,,,,,,,,,
32808,no,,,,,,,,,,,,
32809,no,,,,,,,,,,,,
32810,no,,,,,,,,,,,,
32811,no,,,,,,,,,,,,
32812,no,,,,,,,,,,,,
32813,no,,,,,,,,,,,,
32814,no,,,,,,,,,,,,
32815,no,,,,,,,,,,,,
32816,no,,,,,,,,,,,,
32817,no,,,,,,,,,,,,
32818,no,,,,,,,,,,,,
32819,no,,,,,,,,,,,,
32820,no,,,,,,,,,,,,
32821,no,,,,,,,,,,,,
32822,no,,,,,,,,,,,,
32823,no,,,,,,,,,,,,
32824,no,,,,,,,,,,,,
32825,no,,,,,,,,,,,,
32826,no,,,,,,,,,,,,
32827,no,,,,,,,,,,,,
32828,no,,,,,,,,,,,,
32829,no,,,,,,,,,,,,
32830,no,,,,,,,,,,,,
32831,no,,,,,,,,,,,,
32832,no,,,,,,,,,,,,
32833,no,,,,,,,,,,,,
32834,no,,,,,,,,,,,,
32835,no,,,,,,,,,,,,
32836,no,,,,,,,,,,,,
32837,no,,,,,,,,,,,,
32838,no,,,,,,,,,,,,
32839,no,,,,,,,,,,,,
32840,no,,,,,,,,,,,,
32841,no,,,,,,,,,,,,
32842,no,,,,,,,,,,,,
32843,no,,,,,,,,,,,,
32844,no,,,,,,,,,,,,
32845,no,,,,,,,,,,,,
32846,no,,,,,,,,,,,,
32847,no,,,,,,,,,,,,
32848,no,,,,,,,,,,,,
32849,no,,,,,,,,,,,,
32850,no,,,,,,,,,,,,
32851,no,,,,,,,,,,,,
32852,no,,,,,,,,,,,,
32853,no,,,,,,,,,,,,
32854,no,,,,,,,,,,,,
32855,no,,,,,,,,,,,,
32856,no,,,,,,,,,,,,
32857,no,,,,,,,,,,,,
32858,no,,,,,,,,,,,,
32859,no,,,,,,,,,,,,
32860,no,,,,,,,,,,,,
32861,no,,,,,,,,,,,,
32862,no,,,,,,,,,,,,
32863,no,,,,,,,,,,,,
32864,no,,,,,,,,,,,,
32865,no,,,,,,,,,,,,
32866,no,,,,,,,,,,,,
32867,no,,,,,,,,,,,,
32868,no,,,,,,,,,,,,
32869,no,,,,,,,,,,,,
32870,no,,,,,,,,,,,,
32871,no,,,,,,,,,,,,
32872,no,,,,,,,,,,,,
32873,no,,,,,,,,,,,,
32874,no,,,,,,,,,,,,
32875,no,,,,,,,,,,,,
32876,no,,,,,,,,,,,,
32877,no,,,,,,,,,,,,
32878,no,,,,,,,,,,,,
32879,no,,,,,,,,,,,,
32880,no,,,,,,,,,,,,
32881,no,,,,,,,,,,,,
32882,no,,,,,,,,,,,,
32883,no,,,,,,,,,,,,
32884,no,,,,,,,,,,,,
32885,no,,,,,,,,,,,,
32886,no,,,,,,,,,,,,
32887,no,,,,,,,,,,,,
32888,no,,,,,,,,,,,,
32889,no,,,,,,,,,,,,
32890,no,,,,,,,,,,,,
32891,no,,,,,,,,,,,,
32892,no,,,,,,,,,,,,
32893,no,,,,,,,,,,,,
32894,no,,,,,,,,,,,,
32895,no,,,,,,,,,,,,
32896,no,,,,,,,,,,,,
32897,no,,,,,,,,,,,,
32898,no,,,,,,,,,,,,
32899,no,,,,,,,,,,,,
32900,no,,,,,,,,,,,,
32901,no,,,,,,,,,,,,
32902,no,,,,,,,,,,,,
32903,no,,,,,,,,,,,,
32904,no,,,,,,,,,,,,
32905,no,,,,,,,,,,,,
32906,no,,,,,,,,,,,,
32907,no,,,,,,,,,,,,
32908,no,,,,,,,,,,,,
32909,no,,,,,,,,,,,,
32910,no,,,,,,,,,,,,
32911,no,,,,,,,,,,,,
32912,no,,,,,,,,,,,,
32913,no,,,,,,,,,,,,
32914,no,,,,,,,,,,,,
32915,no,,,,,,,,,,,,
32916,no,,,,,,,,,,,,
32917,no,,,,,,,,,,,,
32918,no,,,,,,,,,,,,
32919,no,,,,,,,,,,,,
32920,no,,,,,,,,,,,,
32921,no,,,,,,,,,,,,
32922,no,,,,,,,,,,,,
32923,no,,,,,,,,,,,,
32924,no,,,,,,,,,,,,
32925,no,,,,,,,,,,,,
32926,no,,,,,,,,,,,,
32927,no,,,,,,,,,,,,
32928,no,,,,,,,,,,,,
32929,no,,,,,,,,,,,,
32930,no,,,,,,,,,,,,
32931,no,,,,,,,,,,,,
32932,no,,,,,,,,,,,,
32933,no,,,,,,,,,,,,
32934,no,,,,,,,,,,,,
32935,no,,,,,,,,,,,,
32936,no,,,,,,,,,,,,
32937,no,,,,,,,,,,,,
32938,no,,,,,,,,,,,,
32939,no,,,,,,,,,,,,
32940,no,,,,,,,,,,,,
32941,no,,,,,,,,,,,,
32942,no,,,,,,,,,,,,
32943,no,,,,,,,,,,,,
32944,no,,,,,,,,,,,,
32945,no,,,,,,,,,,,,
32946,no,,,,,,,,,,,,
32947,no,,,,,,,,,,,,
32948,no,,,,,,,,,,,,
32949,no,,,,,,,,,,,,
32950,no,,,,,,,,,,,,
32951,no,,,,,,,,,,,,
32952,no,,,,,,,,,,,,
32953,no,,,,,,,,,,,,
32954,no,,,,,,,,,,,,
32955,no,,,,,,,,,,,,
32956,no,,,,,,,,,,,,
32957,no,,,,,,,,,,,,
32958,no,,,,,,,,,,,,
32959,no,,,,,,,,,,,,
32960,no,,,,,,,,,,,,
32961,no,,,,,,,,,,,,
32962,no,,,,,,,,,,,,
32963,no,,,,,,,,,,,,
32964,no,,,,,,,,,,,,
32965,no,,,,,,,,,,,,
32966,no,,,,,,,,,,,,
32967,no,,,,,,,,,,,,
32968,no,,,,,,,,,,,,
32969,no,,,,,,,,,,,,
32970,no,,,,,,,,,,,,
32971,no,,,,,,,,,,,,
32972,no,,,,,,,,,,,,
32973,no,,,,,,,,,,,,
32974,no,,,,,,,,,,,,
32975,no,,,,,,,,,,,,
32976,no,,,,,,,,,,,,
32977,no,,,,,,,,,,,,
32978,no,,,,,,,,,,,,
32979,no,,,,,,,,,,,,
32980,no,,,,,,,,,,,,
32981,no,,,,,,,,,,,,
32982,no,,,,,,,,,,,,
32983,no,,,,,,,,,,,,
32984,no,,,,,,,,,,,,
32985,no,,,,,,,,,,,,
32986,no,,,,,,,,,,,,
32987,no,,,,,,,,,,,,
32988,no,,,,,,,,,,,,
32989,no,,,,,,,,,,,,
32990,no,,,,,,,,,,,,
32991,no,,,,,,,,,,,,
32992,no,,,,,,,,,,,,
32993,no,,,,,,,,,,,,
32994,no,,,,,,,,,,,,
32995,no,,,,,,,,,,,,
32996,no,,,,,,,,,,,,
32997,no,,,,,,,,,,,,
32998,no,,,,,,,,,,,,
32999,no,,,,,,,,,,,,
33000,no,,,,,,,,,,,,
