kod_projek,kod_pemaju,nama_pemaju,projek_nama,negeri,daerah,unit,bilik,bilik_air,status,permit_mula,permit_tamat
1-1,1,CHONG TECK QUEE & SON SDN. BHD.,Taman Cempaka,-,-,0,0,0,,2002-10-26,2003-06-11
1-2,1,CHONG TECK QUEE & SON SDN. BHD.,Setia Indah (pangsapuri Indah View),-,-,0,0,0,,,
1-3,1,CHONG TECK QUEE & SON SDN. BHD.,Taman Desa Jawa (p3),-,-,0,0,0,,1987-03-10,1988-03-09
1-4,1,CHONG TECK QUEE & SON SDN. BHD.,Taman Saujana Indah,Pahang,Jerantut,67,0,0,,2019-04-20,2020-04-19
1-5,1,CHONG TECK QUEE & SON SDN. BHD.,Taman Saujana Indah,Pahang,Jerantut,28,0,0,,2018-04-03,2020-04-02
5-1,5,CHIN BROTHERS CO SDN. BHD.,Taman Kinta,-,-,0,0,0,,1996-07-24,1997-07-23
5-2,5,CHIN BROTHERS CO SDN. BHD.,Sri Mahsuri,-,-,0,0,0,,1980-01-17,1981-01-16
5-3,5,CHIN BROTHERS CO SDN. BHD.,Taman Bunga Raya,-,-,0,0,0,,1980-01-17,1981-01-16
5-4,5,CHIN BROTHERS CO SDN. BHD.,"Lot 328,1681 & 1719",-,-,0,0,0,,1978-06-26,1979-06-25
5-5,5,CHIN BROTHERS CO SDN. BHD.,"Lot 614, 663, 669",-,-,0,0,0,,1995-01-06,1996-01-05
5-6,5,CHIN BROTHERS CO SDN. BHD.,Desa Embun Emas,-,-,0,0,0,,1998-09-03,1999-09-02
5-7,5,CHIN BROTHERS CO SDN. BHD.,Desa Embun Emas,-,-,0,0,0,,1997-07-03,1998-07-02
5-8,5,CHIN BROTHERS CO SDN. BHD.,Condominium Rayaria Ipoh Fasa 1,-,-,0,0,0,,2002-05-03,2003-05-02
5-9,5,CHIN BROTHERS CO SDN. BHD.,Rayaria Kondominium,Perak,Kinta,40,0,0,,2011-11-21,2012-11-20
5-10,5,CHIN BROTHERS CO SDN. BHD.,Rayaria Kondominium,Perak,Kinta,40,0,0,,2015-01-11,2016-01-10
5-11,5,CHIN BROTHERS CO SDN. BHD.,Taman Kinta,Perak,Kinta,8,0,0,,2008-10-22,2009-10-21
5-12,5,CHIN BROTHERS CO SDN. BHD.,Villa Batu Bukit,-,-,0,0,0,,2002-03-28,2003-03-27
5-13,5,CHIN BROTHERS CO SDN. BHD.,Condominium Rayaria Ipoh Fasa 2,-,-,0,0,0,,,
5-14,5,CHIN BROTHERS CO SDN. BHD.,Taman Fair Park,-,-,0,0,0,,2003-03-10,2004-03-09
8-1,8,GLENVIEW DEVELOPMENT SDN. BHD.,Lot 10490 Mukim Klang,-,-,0,0,0,,,
9-1,9,BOLTON BERHAD,Taman Midah,-,-,0,0,0,,1982-08-09,1983-08-08
9-2,9,BOLTON BERHAD,"Taman Midah F.3i,3j,3k",-,-,0,0,0,,1991-11-15,1992-11-14
9-3,9,BOLTON BERHAD,Parkrose Condominium,-,-,0,0,0,,1991-03-11,1992-03-10
9-4,9,BOLTON BERHAD,Pelita Indah Condominium,-,-,0,0,0,,1993-10-14,1994-10-13
9-5,9,BOLTON BERHAD,D'mayang Condominium,-,-,0,0,0,,1999-03-01,2000-02-29
9-6,9,BOLTON BERHAD,Xxx,-,-,0,0,0,,,
9-7,9,BOLTON BERHAD,Xxx,-,-,0,0,0,,,
9-8,9,BOLTON BERHAD,Xxx,-,-,0,0,0,,,
9-9,9,BOLTON BERHAD,Xxx,-,-,0,0,0,,,
9-10,9,BOLTON BERHAD,Xxx,-,-,0,0,0,,,
9-11,9,BOLTON BERHAD,Villa U-thant,-,-,0,0,0,,,
9-12,9,BOLTON BERHAD,Taman Midah Harmoni Fasa 3m.,-,-,0,0,0,,2000-03-10,2001-03-09
9-13,9,BOLTON BERHAD,Xxx,-,-,0,0,0,,,
9-14,9,BOLTON BERHAD,Taman Midah - Fasa 1n,-,-,0,0,0,,2001-06-11,2002-06-10
9-15,9,BOLTON BERHAD,Taman Midah  Phase 10,-,-,0,0,0,,2001-08-24,2002-08-23
10-1,10,SIA HER YAM REALTY SDN BHD,Taman Asia Timur,-,-,0,0,0,,,
10-2,10,SIA HER YAM REALTY SDN BHD,Taman Kahang Baru,Johor,Kluang,161,0,0,,2005-06-29,2005-12-28
10-3,10,SIA HER YAM REALTY SDN BHD,Taman Melur,-,-,0,0,0,,1996-12-12,1997-12-11
10-4,10,SIA HER YAM REALTY SDN BHD,Taman Kahang Baru,-,-,0,0,0,,1993-10-23,1994-10-22
10-5,10,SIA HER YAM REALTY SDN BHD,Taman Perling,Johor,Segamat,212,0,0,,2016-05-18,2017-05-17
10-6,10,SIA HER YAM REALTY SDN BHD,Taman Flora,Johor,Segamat,90,0,0,,2019-09-22,2020-09-21
10-7,10,SIA HER YAM REALTY SDN BHD,Taman Kenari Indah,Johor,Segamat,16,0,0,,2021-11-25,2022-11-24
10-8,10,SIA HER YAM REALTY SDN BHD,Taman Perling,Johor,Segamat,30,4,5,,2024-03-11,2025-03-10
10-9,10,SIA HER YAM REALTY SDN BHD,Taman Desa,Johor,Batu Pahat,30,4,4,,2026-06-29,2027-06-28
10-10,10,SIA HER YAM REALTY SDN BHD,"Taman Kenari Indah, Bukit Siput",Johor,Segamat,57,5,4,,2026-02-15,2027-02-14
23-1,23,TEH WAN SANG &SONS HOUSING DEVT. S/B ,Taman Bukit Kuchai,-,-,0,0,0,,1992-06-11,1993-06-10
25-1,25,BAN LEE SENDIRIAN BERHAD,Taman Tan Sri Lee Yan Lian,-,-,0,0,0,,2001-07-10,2002-07-09
25-2,25,BAN LEE SENDIRIAN BERHAD,Taman Kepong Baru,-,-,0,0,0,,,
25-3,25,BAN LEE SENDIRIAN BERHAD,Taman Lee Yan Lean,-,-,0,0,0,,,
29-1,29,MAH POH CHEONG COMPANY SDN. BHD.,"Pekan Baru, Teluk Intan",-,-,0,0,0,,1984-02-27,1985-02-26
29-3,29,MAH POH CHEONG COMPANY SDN. BHD.,Taman Bukit Mas (p3),-,-,0,0,0,,1982-07-27,1983-07-26
29-4,29,MAH POH CHEONG COMPANY SDN. BHD.,Taman Naga Emas,-,-,0,0,0,,2004-07-22,2005-07-21
32-1,32,BRDB DEVELOPMENTS SDN. BHD.,Menara Bangsar,-,-,0,0,0,,1996-02-13,1997-02-12
32-2,32,BRDB DEVELOPMENTS SDN. BHD.,Bangsar Puteri Condominium,-,-,0,0,0,,1993-09-21,1994-09-20
32-3,32,BRDB DEVELOPMENTS SDN. BHD.,Taman Serdang Raya,-,-,0,0,0,,2003-01-15,2004-01-14
32-4,32,BRDB DEVELOPMENTS SDN. BHD.,Verona Townhouse Fasa I & 2,-,-,0,0,0,,1996-02-13,1997-02-12
32-5,32,BRDB DEVELOPMENTS SDN. BHD.,Taman Serdang Raya Fasa I&ii,-,-,0,0,0,,,
32-6,32,BRDB DEVELOPMENTS SDN. BHD.,Sri Penaga,-,-,0,0,0,,1997-06-12,1998-06-11
32-7,32,BRDB DEVELOPMENTS SDN. BHD.,Lot 50356 (sbg) Mk. Dan Daerah K.lumpur,-,-,0,0,0,,1989-10-24,1990-10-23
32-8,32,BRDB DEVELOPMENTS SDN. BHD.,Taman Bandar Jaya,-,-,0,0,0,,,
32-9,32,BRDB DEVELOPMENTS SDN. BHD.,Sri Penaga,-,-,0,0,0,,1993-10-07,1994-10-06
32-10,32,BRDB DEVELOPMENTS SDN. BHD.,L0t 50358  Mukim Kuala Lumpur,-,-,0,0,0,,2003-11-24,2004-11-23
32-11,32,BRDB DEVELOPMENTS SDN. BHD.,Palmyra Bangsar,-,-,0,0,0,,2004-07-01,2005-06-30
32-12,32,BRDB DEVELOPMENTS SDN. BHD.,Inara,Wp Kuala Lumpur,Kuala Lumpur,22,0,0,,2005-12-17,2006-12-16
32-13,32,BRDB DEVELOPMENTS SDN. BHD.,One Menerung,Wp Kuala Lumpur,Kuala Lumpur,229,0,0,,2009-06-05,2010-06-04
32-14,32,BRDB DEVELOPMENTS SDN. BHD.,Serai Bukit Bandaraya,Wp Kuala Lumpur,Kuala Lumpur,121,0,0,,2016-05-20,2017-05-19
32-15,32,BRDB DEVELOPMENTS SDN. BHD.,Residensi Menerung 111,Wp Kuala Lumpur,Kuala Lumpur,111,"2, 3, 4, 6","2, 3, 4, 5",,2026-08-18,2027-08-17
32-16,32,BRDB DEVELOPMENTS SDN. BHD.,Residensi Eden,Wp Kuala Lumpur,Kuala Lumpur,146,"6, 7","6, 7",,2025-07-25,2028-07-24
37-1,37,PETALING GARDEN SDN. BHD.,Bandar Baru Seri Petaling,Wp Kuala Lumpur,Kuala Lumpur,650,0,0,,2008-05-20,2009-05-19
37-2,37,PETALING GARDEN SDN. BHD.,Taman Indah Kelang,-,-,0,0,0,,1984-07-16,1985-07-15
37-3,37,PETALING GARDEN SDN. BHD.,Pgb Plaza - City Apartment,-,-,0,0,0,,,
37-4,37,PETALING GARDEN SDN. BHD.,Bandar Baru Seri Petaling - Zone K,Wp Kuala Lumpur,Kuala Lumpur,156,0,0,,2013-10-27,2014-10-26
37-5,37,PETALING GARDEN SDN. BHD.,Bandar Baru Seri Petaling Fasa Zone P3(residensi Rimbunan),Wp Kuala Lumpur,Kuala Lumpur,272,0,0,,2020-04-07,2021-04-06
37-6,37,PETALING GARDEN SDN. BHD.,Setia Warisan Tropika,Selangor,Sepang,187,4,3,,2022-10-16,2023-10-15
37-7,37,PETALING GARDEN SDN. BHD.,Setia Warisan Tropika,Selangor,Sepang,135,"3, 4","4, 5",,2023-12-06,2024-12-05
37-8,37,PETALING GARDEN SDN. BHD.,Setia Warisan Tropika (phase 3a),Selangor,Sepang,117,0,0,,2023-02-23,2026-02-22
37-9,37,PETALING GARDEN SDN. BHD.,Taman Setia Tropika,Selangor,Sepang,420,3,2,,2024-12-04,2027-12-03
37-10,37,PETALING GARDEN SDN. BHD.,Taman Setia Tropika,Selangor,-,162,4,3,,2026-02-24,2028-02-23
45-1,45,S.E.A HOUSING CORPORATION SDN. BHD.,Taman Sea,-,-,0,0,0,,1991-07-30,1992-07-29
51-1,51,THE UNITED ENTERPRISE (KEDAH) SDN. BERHAD ,Taman Sri Halban,Kedah,Kubang Pasu,41,0,0,,1998-08-12,1999-08-11
51-2,51,THE UNITED ENTERPRISE (KEDAH) SDN. BERHAD ,Taman Cengal (fasa 2),-,-,0,0,0,,1999-07-28,2000-07-27
51-3,51,THE UNITED ENTERPRISE (KEDAH) SDN. BERHAD ,Taman Indera,-,-,0,0,0,,2003-07-30,2004-07-29
51-4,51,THE UNITED ENTERPRISE (KEDAH) SDN. BERHAD ,Taman Indera,-,-,0,0,0,,2003-10-07,2004-10-06
59-1,59,CHEW LOY CONST.CO. SDN. BHD,Taman Bahagia,-,-,0,0,0,,1997-01-09,1998-01-08
65-1,65,PENINSULAR LAND DEVELOPMENT SDN. BHD.,The Peninsular,-,-,0,0,0,,,
65-2,65,PENINSULAR LAND DEVELOPMENT SDN. BHD.,Ampang 971,-,-,0,0,0,,2001-09-07,2002-09-06
75-1,75,QUEK & COMPANY SDN BHD,Taman Kasturi,-,-,0,0,0,,1990-03-20,1991-03-19
75-2,75,QUEK & COMPANY SDN BHD,Taman Pantai Indah,-,-,0,0,0,,1991-10-16,1992-10-15
75-3,75,QUEK & COMPANY SDN BHD,Taman Saujana,-,-,0,0,0,,1992-03-02,1993-03-01
75-4,75,QUEK & COMPANY SDN BHD,Taman Wawasan,-,-,0,0,0,,1997-03-04,1998-03-03
75-5,75,QUEK & COMPANY SDN BHD,Taman Damai,-,-,0,0,0,,1997-03-04,1998-03-03
75-6,75,QUEK & COMPANY SDN BHD,Taman Sekilau Indah,-,-,0,0,0,,1996-10-11,1997-10-10
75-7,75,QUEK & COMPANY SDN BHD,Taman Putra-putri,-,-,0,0,0,,1998-07-03,1999-07-02
75-8,75,QUEK & COMPANY SDN BHD,Taman Alam Impian,-,-,0,0,0,,2000-01-26,2001-01-25
75-10,75,QUEK & COMPANY SDN BHD,Taman Fajar & Fasa-2(p10),-,-,0,0,0,,1986-07-01,1987-06-30
75-11,75,QUEK & COMPANY SDN BHD, Pt 44299 - Pt 44310 Mukim Kuala Kuantan,-,-,0,0,0,,2001-07-21,2002-07-20
75-12,75,QUEK & COMPANY SDN BHD,Taman Idaman,-,-,0,0,0,,2001-08-29,2002-08-28
75-13,75,QUEK & COMPANY SDN BHD,Taman Putra-putri Fasa 2,-,-,0,0,0,,2002-03-01,2003-02-28
75-14,75,QUEK & COMPANY SDN BHD,Pt 8506 - Pt 8528 Mukim Sungai Karang,-,-,0,0,0,,2005-05-13,2005-07-16
75-15,75,QUEK & COMPANY SDN BHD,Taman Putra-putri  Fasa 3,-,-,0,0,0,,2003-08-30,2004-08-29
75-16,75,QUEK & COMPANY SDN BHD,Taman Putra-putri Fasa Iv,-,-,0,0,0,,2004-11-02,2005-11-01
75-17,75,QUEK & COMPANY SDN BHD,Taman Karangan Indah,Pahang,Kuantan,35,0,0,,2006-06-14,2007-06-13
75-18,75,QUEK & COMPANY SDN BHD,Taman Pandan Perdana 1,Pahang,Kuantan,29,0,0,,2010-03-26,2011-03-25
75-19,75,QUEK & COMPANY SDN BHD,Taman Rasau Aman 1,Pahang,Kuantan,37,0,0,,2008-01-25,2009-01-24
75-20,75,QUEK & COMPANY SDN BHD,Taman Permatang Badak Jaya,Pahang,Kuantan,58,0,0,,2008-11-13,2009-11-12
75-21,75,QUEK & COMPANY SDN BHD,Taman Permatang Badak Perdana 4,Pahang,Kuantan,28,0,0,,2011-05-16,2012-05-15
75-22,75,QUEK & COMPANY SDN BHD,Taman Bayu Balok,Pahang,Kuantan,10,0,0,,2014-01-08,2016-01-07
75-23,75,QUEK & COMPANY SDN BHD,Taman Qasadia,Pahang,Kuantan,12,0,0,,2014-11-20,2016-11-19
75-24,75,QUEK & COMPANY SDN BHD,Taman Johan,Pahang,Kuantan,30,0,0,,2015-07-11,2017-07-10
75-25,75,QUEK & COMPANY SDN BHD,Qiara Bukit Setongkol,Pahang,Kuantan,10,0,0,,2018-05-30,2019-05-29
75-26,75,QUEK & COMPANY SDN BHD,Qasadia 2,Pahang,Kuantan,10,0,0,,2016-12-22,2018-12-21
75-27,75,QUEK & COMPANY SDN BHD,Izora 2,Pahang,Kuantan,29,0,0,,2017-11-23,2019-11-22
75-28,75,QUEK & COMPANY SDN BHD,Quek & Company Sdn Bhd,Pahang,Kuantan,28,0,0,,2019-04-10,2021-04-09
75-29,75,QUEK & COMPANY SDN BHD,Residensi Double 8 Bukit Setongkol,Pahang,Kuantan,18,0,0,,2019-07-12,2021-07-11
75-30,75,QUEK & COMPANY SDN BHD,Bayu Kempadang 2,Pahang,Kuantan,27,0,0,,2022-04-25,2023-04-24
75-31,75,QUEK & COMPANY SDN BHD,Taman Mahkota,Pahang,Kuantan,13,4,2,,2025-03-29,2026-03-28
75-32,75,QUEK & COMPANY SDN BHD,Johan 2,Pahang,Kuantan,25,4,2,,2025-09-07,2026-09-06
75-33,75,QUEK & COMPANY SDN BHD,Taman Qasria,Pahang,Kuantan,14,4,2,,2026-07-11,2027-07-10
75-34,75,QUEK & COMPANY SDN BHD,Qasana Seafront,Pahang,Kuantan,14,4,2,,2026-08-12,2027-08-11
75-35,75,QUEK & COMPANY SDN BHD,Bayu Kempadang 3,Pahang,-,20,4,2,,2024-11-23,2026-11-22
75-36,75,QUEK & COMPANY SDN BHD,Qasa Harmoni,Pahang,-,16,4,2,,2026-06-05,2028-06-04
79-1,79,NAM FUAT (MALAYA) COMPANY SDN. BHD.,Lot 11319-11345 & 11347-11374,-,-,0,0,0,,1987-05-21,1988-05-20
79-2,79,NAM FUAT (MALAYA) COMPANY SDN. BHD.,Taman Salak South,Wp Kuala Lumpur,Kuala Lumpur,103,0,0,,2007-03-16,2008-01-07
79-3,79,NAM FUAT (MALAYA) COMPANY SDN. BHD.,Villa Bahagia Taman Salak South,-,-,0,0,0,,2003-02-20,2004-02-19
79-4,79,NAM FUAT (MALAYA) COMPANY SDN. BHD.,Taman Salak South,Wp Kuala Lumpur,Kuala Lumpur,11,0,0,,2016-08-04,2024-08-03
85-1,85,ORIENTAL REALTY SDN. BERHAD,Taman Saw Kit,Pulau Pinang,Daerah Barat Daya,508,0,0,,2009-09-28,2010-09-27
85-2,85,ORIENTAL REALTY SDN. BERHAD,Taman Bagan Lalang,Pulau Pinang,Seberang Perai Utara,13,0,0,,2006-03-14,2007-03-13
85-3,85,ORIENTAL REALTY SDN. BERHAD,Taman Oriental,-,-,0,0,0,,2002-11-23,2003-11-22
85-4,85,ORIENTAL REALTY SDN. BERHAD,"Taman Oriental, Paya Terubong",-,-,0,0,0,,,
85-5,85,ORIENTAL REALTY SDN. BERHAD,Taman Bagan,Pulau Pinang,Seberang Perai Utara,48,0,0,,2007-01-19,2008-01-18
85-6,85,ORIENTAL REALTY SDN. BERHAD,Taman Jasa,Pulau Pinang,Seberang Perai Tengah,68,0,0,,2011-08-08,2012-08-07
90-1,90,TAN CHEE HOE & SONS SDN. BHD.,Taman Seremban Jaya,-,-,0,0,0,,1992-11-23,1993-11-22
113-1,113,HOMEMAKERS SDN. BHD ,Ppp/l,-,-,0,0,0,,,
113-2,113,HOMEMAKERS SDN. BHD ,Taman Seputeh,-,-,0,0,0,,,
113-3,113,HOMEMAKERS SDN. BHD ,Sri Langit Kondominium,-,-,0,0,0,,2002-07-08,2003-07-07
120-1,120,JAYA HOUSING CORPORATION SDN. BHD.,Taman Selayang Jaya,-,-,0,0,0,,,
120-2,120,JAYA HOUSING CORPORATION SDN. BHD.,Taman Selayang Jaya.,-,-,0,0,0,,1998-09-17,1999-09-16
122-1,122,HUAT COMPANY SDN. BHD.,Taman Berjaya Nibong Tebal,-,-,0,0,0,,,
122-2,122,HUAT COMPANY SDN. BHD.,Taman Berjaya Sungai Petani,-,-,0,0,0,,,
131-1,131,TANG KWOR HAM REALTY SDN. BHD.,Taman Sri Emas F-4 (p1),-,-,0,0,0,,1980-10-03,1981-10-02
131-2,131,TANG KWOR HAM REALTY SDN. BHD.,Rumah Pangsa Sri Bukit,-,-,0,0,0,,,
131-3,131,TANG KWOR HAM REALTY SDN. BHD.,Desa Seri Emas,-,-,0,0,0,,1990-04-14,1991-04-13
131-4,131,TANG KWOR HAM REALTY SDN. BHD.,Taman Seri Emas 6,-,-,0,0,0,,1993-07-01,1994-06-30
131-5,131,TANG KWOR HAM REALTY SDN. BHD.,Menara Maharani,-,-,0,0,0,,1996-04-05,1997-04-04
131-6,131,TANG KWOR HAM REALTY SDN. BHD.,"Taman Seri Emas 7,",-,-,0,0,0,,1998-10-06,1999-10-05
131-7,131,TANG KWOR HAM REALTY SDN. BHD.,Deretan Merlimau,-,-,0,0,0,,1991-02-20,1992-02-19
131-8,131,TANG KWOR HAM REALTY SDN. BHD.,Taman Menara Emas,-,-,0,0,0,,,
132-1,132,LIP SIN COMPANY SDN BHD,Taman Sri Tenang,-,-,0,0,0,,1989-08-26,1990-08-25
132-2,132,LIP SIN COMPANY SDN BHD,Taman Sri Tenang (lot 480),-,-,0,0,0,,1993-10-25,1994-10-24
132-3,132,LIP SIN COMPANY SDN BHD,"Taman Lip Sin Lot 97, 98, 540",-,-,0,0,0,,1987-04-17,1988-04-16
132-4,132,LIP SIN COMPANY SDN BHD,Taman Sungai Dua,-,-,0,0,0,,,
132-5,132,LIP SIN COMPANY SDN BHD,Medan Ria,-,-,0,0,0,,1993-08-26,1994-08-25
132-6,132,LIP SIN COMPANY SDN BHD,Taman Nipah,-,-,0,0,0,,1993-09-25,1994-09-24
132-7,132,LIP SIN COMPANY SDN BHD,Xxx,-,-,0,0,0,,,
132-8,132,LIP SIN COMPANY SDN BHD,Taman Lip Sin Fasa 10,-,-,0,0,0,,1984-12-29,1985-12-28
132-9,132,LIP SIN COMPANY SDN BHD,Taman Pekaka,-,-,0,0,0,,1992-11-26,1993-11-25
132-10,132,LIP SIN COMPANY SDN BHD,Medan Nipah,Pulau Pinang,Daerah Barat Daya,75,0,0,,1997-01-14,1998-01-13
132-11,132,LIP SIN COMPANY SDN BHD,Taman Mewah,Pulau Pinang,Daerah Barat Daya,157,0,0,,1996-02-15,1997-02-14
132-12,132,LIP SIN COMPANY SDN BHD,Taman Mewah Fasa 2,Pulau Pinang,Daerah Barat Daya,120,0,0,,1997-07-07,1998-07-06
132-13,132,LIP SIN COMPANY SDN BHD,Taman Ser Mewah Fasa 1,-,-,0,0,0,,2000-08-18,2001-08-17
132-14,132,LIP SIN COMPANY SDN BHD,Medan Hikmat,-,-,0,0,0,,1999-02-04,2000-02-03
132-15,132,LIP SIN COMPANY SDN BHD,Taman Pekaka,-,-,0,0,0,,1998-10-15,1999-10-14
132-16,132,LIP SIN COMPANY SDN BHD,Sri Indah,-,-,0,0,0,,1999-10-07,2000-10-06
132-17,132,LIP SIN COMPANY SDN BHD,Taman Sri Mewah Fasa 2,-,-,0,0,0,,2001-04-20,2002-04-19
132-18,132,LIP SIN COMPANY SDN BHD,Taman Sri Mewah Fasa 3,-,-,0,0,0,,2003-04-22,2004-04-21
132-19,132,LIP SIN COMPANY SDN BHD,Taman Seri Mewah Fasa 4,-,-,0,0,0,,,
132-20,132,LIP SIN COMPANY SDN BHD,Taman Sri Aman Fasa 2,-,-,0,0,0,,2004-04-24,2005-04-23
132-21,132,LIP SIN COMPANY SDN BHD,Taman Sri Mewah  Fasa 5,-,-,0,0,0,,2004-10-08,2005-10-07
132-22,132,LIP SIN COMPANY SDN BHD,Taman Sri Mewah Jelita,Pulau Pinang,Daerah Barat Daya,22,0,0,,2009-07-23,2010-07-22
132-23,132,LIP SIN COMPANY SDN BHD,Lip Sin Company Sdn. Bhd. ,Pulau Pinang,Daerah Barat Daya,77,0,0,,2013-08-29,2014-08-28
138-1,138,SYARIKAT CHIT LOONG REALTY SDN. BHD.,Taman Bukit Bidor,-,-,0,0,0,,1992-05-06,1993-05-05
138-2,138,SYARIKAT CHIT LOONG REALTY SDN. BHD.,Taman Bukit Bidor,-,-,0,0,0,,2002-01-14,2003-01-13
138-3,138,SYARIKAT CHIT LOONG REALTY SDN. BHD.,Taman Bukit Bidor,-,-,0,0,0,,2004-08-03,2005-07-29
138-4,138,SYARIKAT CHIT LOONG REALTY SDN. BHD.,"Taman Daya,bidor",-,-,0,0,0,,2005-10-17,2006-10-16
151-1,151,PENANG LAND DEVELOPMENT SDN. BHD.,Taman Lembah Sungei,-,-,0,0,0,,,
151-2,151,PENANG LAND DEVELOPMENT SDN. BHD.,"Lot  2304,2305,2306,2307 & 2346",-,-,0,0,0,,,
151-3,151,PENANG LAND DEVELOPMENT SDN. BHD.,Xxx,-,-,0,0,0,,,
151-4,151,PENANG LAND DEVELOPMENT SDN. BHD.,Lot 469,-,-,0,0,0,,,
152-1,152,KUANTAN REALTY & ESTATE AGENCY SDN. BHD.,Seri Prima,-,-,0,0,0,,1992-04-16,1993-04-15
152-2,152,KUANTAN REALTY & ESTATE AGENCY SDN. BHD.,Xxx,-,-,0,0,0,,1996-01-16,1997-01-15
152-3,152,KUANTAN REALTY & ESTATE AGENCY SDN. BHD.,Taman Seri Prisma Kuantan,-,-,0,0,0,,,
158-1,158,CHONG COMPANY SDN BERHAD,Pinang Court,-,-,0,0,0,,1992-10-22,1993-10-21
158-3,158,CHONG COMPANY SDN BERHAD,Bukitjambul,Pulau Pinang,Daerah Timor Laut,147,0,0,,2019-01-13,2020-01-12
158-4,158,CHONG COMPANY SDN BERHAD,Xxx,-,-,0,0,0,,,
158-5,158,CHONG COMPANY SDN BERHAD,Sierra East,Pulau Pinang,Daerah Timor Laut,1318,0,0,,2017-06-06,2018-06-05
158-6,158,CHONG COMPANY SDN BERHAD,Sri Aman Blok G,Pulau Pinang,Daerah Timor Laut,146,0,0,,2005-08-04,2006-08-03
158-7,158,CHONG COMPANY SDN BERHAD,Taman Jawa,Pulau Pinang,Seberang Perai Utara,16,0,0,,2020-05-31,2021-05-30
163-1,163,HOOVER REALTY C0. SDN. BHD.,Taman Wah Keong,-,-,0,0,0,,1991-11-26,1992-11-25
163-2,163,HOOVER REALTY C0. SDN. BHD.,Lot 62244(p1),-,-,0,0,0,,,
163-3,163,HOOVER REALTY C0. SDN. BHD.,Lot 113197 - 114806,-,-,0,0,0,,2001-08-16,2002-08-15
193-1,193,SIM NAM HOUSING DEVELOPMENT CO. SDN. BHD,Taman Gembira,-,-,0,0,0,,,
193-2,193,SIM NAM HOUSING DEVELOPMENT CO. SDN. BHD,"Taman Gembira (18370,18380,18399,18340 & Lot 1316)",-,-,0,0,0,,1993-11-18,1994-11-17
193-3,193,SIM NAM HOUSING DEVELOPMENT CO. SDN. BHD,Taman Gembira - R.pangsa,-,-,0,0,0,,,
193-4,193,SIM NAM HOUSING DEVELOPMENT CO. SDN. BHD,Taman Gembira - Lot 1071 - 1073 ),-,-,0,0,0,,2001-09-26,2002-09-25
193-5,193,SIM NAM HOUSING DEVELOPMENT CO. SDN. BHD,Taman Gembira,-,-,0,0,0,,2002-05-21,2003-05-20
193-6,193,SIM NAM HOUSING DEVELOPMENT CO. SDN. BHD,Taman Gembira,Wp Kuala Lumpur,Kuala Lumpur,209,0,0,,2007-08-17,2008-08-16
193-7,193,SIM NAM HOUSING DEVELOPMENT CO. SDN. BHD,Gembira Park,Wp Kuala Lumpur,Kuala Lumpur,140,0,0,,2007-08-10,2008-08-09
199-1,199,UNITED PROPERTIES CO-OPERATION SDN. BHD,Taman Permai 3,Negeri Sembilan,Seremban,148,0,0,,2008-06-02,2009-06-01
199-2,199,UNITED PROPERTIES CO-OPERATION SDN. BHD,Taman Permai,-,-,0,0,0,,,
199-3,199,UNITED PROPERTIES CO-OPERATION SDN. BHD,Taman Permai 2,-,-,0,0,0,,1993-11-23,1994-11-22
199-4,199,UNITED PROPERTIES CO-OPERATION SDN. BHD,Taman Permai Iii,-,-,0,0,0,,,
199-5,199,UNITED PROPERTIES CO-OPERATION SDN. BHD,Taman Permai Iii,-,-,0,0,0,,,
199-6,199,UNITED PROPERTIES CO-OPERATION SDN. BHD,Taman Permai,-,-,0,0,0,,,
202-1,202,LEE MAN CONSTRUCTION COMPANY SDN. BHD.,Taman Seri Berembang,-,-,0,0,0,,,
202-2,202,LEE MAN CONSTRUCTION COMPANY SDN. BHD.,Taman Seri Berembang.,-,-,0,0,0,,2003-11-28,2004-11-27
207-1,207,ONG CONSTRUCTION SDN. BHD.,Taman Seri Intan,-,-,0,0,0,,1991-09-23,1992-09-22
213-1,213,SIN HIN DEVELOPMENT SDN. BHD.,Taman Jaya,-,-,0,0,0,,1992-11-07,1993-11-06
213-2,213,SIN HIN DEVELOPMENT SDN. BHD.,Taman Jaya,-,-,0,0,0,,2003-03-24,2003-06-17
237-1,237,LIM CHOON HING & SONS SDN. BHD ,Taman Leboh Sepat 3,-,-,0,0,0,,1990-06-07,1991-06-06
237-2,237,LIM CHOON HING & SONS SDN. BHD ,Taman Telok Pulai,-,-,0,0,0,,1990-10-02,1991-10-01
237-3,237,LIM CHOON HING & SONS SDN. BHD ,Lot 1735,-,-,0,0,0,,,
237-4,237,LIM CHOON HING & SONS SDN. BHD ,Lot Ct 23453 Lot 3497,-,-,0,0,0,,1993-10-11,1994-10-10
237-5,237,LIM CHOON HING & SONS SDN. BHD ,Lot 6881 & 6915,-,-,0,0,0,,1996-04-12,1997-04-11
237-6,237,LIM CHOON HING & SONS SDN. BHD ,Taman Intan,-,-,0,0,0,,,
237-7,237,LIM CHOON HING & SONS SDN. BHD ,Taman Menang,-,-,0,0,0,,1996-04-02,1997-04-01
237-8,237,LIM CHOON HING & SONS SDN. BHD ,Taman Damai,-,-,0,0,0,,1996-07-15,1997-07-14
237-9,237,LIM CHOON HING & SONS SDN. BHD ,Taman Sungai Indah,-,-,0,0,0,,,
237-10,237,LIM CHOON HING & SONS SDN. BHD ,Taman Meru Jaya,-,-,0,0,0,,2001-11-26,2002-11-25
237-11,237,LIM CHOON HING & SONS SDN. BHD ,Taman Seri Bahagia,-,-,0,0,0,,2003-07-01,2004-06-05
240-1,240,MALAYAN BUILDING DEVELOPMENT SDN. BHD.,Desa Tambun Ipoh,-,-,0,0,0,,1992-11-07,1993-11-06
243-1,243,RUBY DEVELOPMENT SDN. BHD.,Pangsapuri Delima,-,-,0,0,0,,1993-07-24,1994-07-23
246-1,246,KIMSAR SDN. BHD.,Kimsar Apartments,-,-,0,0,0,,,
247-1,247,GOLDEN CITY PROPERTIES SDN. BHD,Wisma Sayor,-,-,0,0,0,,,
247-2,247,GOLDEN CITY PROPERTIES SDN. BHD,Taman Sinaran Kelang Fasa 2,-,-,0,0,0,,1991-10-23,1992-10-22
247-3,247,GOLDEN CITY PROPERTIES SDN. BHD,Taman Cheras Intan,Selangor,Hulu Langat,884,0,0,,2009-07-28,2010-07-27
252-1,252,PERAK REAL ESTATES SDN. BHD,Taman Perak,-,-,0,0,0,,1991-01-23,1992-01-22
252-3,252,PERAK REAL ESTATES SDN. BHD,Taman Saujana,-,-,0,0,0,,1996-07-15,1997-07-14
252-5,252,PERAK REAL ESTATES SDN. BHD,Taman Saujana,-,-,0,0,0,,1999-10-13,2000-10-12
260-1,260,CHIN PEK SOO & SONS SDN. BHD.,Taman Grik,-,-,0,0,0,,2001-06-27,2002-06-26
260-2,260,CHIN PEK SOO & SONS SDN. BHD.,Taman Mutiara Lot 697,-,-,0,0,0,,1992-02-08,1993-02-07
260-3,260,CHIN PEK SOO & SONS SDN. BHD.,Taman Rapat Bahagia,-,-,0,0,0,,1993-12-09,1994-12-08
260-4,260,CHIN PEK SOO & SONS SDN. BHD.,Taman Rapat Bahagia,-,-,0,0,0,,1998-10-18,1999-10-17
260-5,260,CHIN PEK SOO & SONS SDN. BHD.,Taman Grik,Perak,Hulu Perak,59,0,0,,2008-03-06,2009-03-05
260-6,260,CHIN PEK SOO & SONS SDN. BHD.,Lot 32055-32074,Perak,Hulu Perak,20,0,0,,,
263-1,263,SUNRISE BERHAD,O.g. Heights,-,-,0,0,0,,,
263-2,263,SUNRISE BERHAD,Lot 17728 Jalan Kampung Jawa,-,-,0,0,0,,,
263-3,263,SUNRISE BERHAD,Lot 847 - 851 & 1003,-,-,0,0,0,,,
263-4,263,SUNRISE BERHAD,Cascadium,-,-,0,0,0,,1989-10-10,1990-10-09
263-5,263,SUNRISE BERHAD,Taman Sri Bahagia,Selangor,Hulu Langat,105,0,0,,1992-11-13,1993-11-12
263-6,263,SUNRISE BERHAD,Mont Kiara,-,-,0,0,0,,1991-12-12,1992-12-11
263-7,263,SUNRISE BERHAD,Xxx,-,-,0,0,0,,,
263-8,263,SUNRISE BERHAD,Mont' Kiara Pelangi,Wp Kuala Lumpur,Kuala Lumpur,299,0,0,,,
263-9,263,SUNRISE BERHAD,Mont' Kiara Sophia,-,-,203,0,0,,,
263-10,263,SUNRISE BERHAD,Mont Kiara Astana,-,-,0,0,0,,1999-02-10,2000-02-09
263-11,263,SUNRISE BERHAD,Mont' Kiara Bayu,-,-,394,0,0,,2002-04-17,2003-04-16
263-12,263,SUNRISE BERHAD,Mont'kiara Damai,-,-,230,0,0,,2002-10-02,2003-10-01
263-13,263,SUNRISE BERHAD,The Residence (mk16b),Wp Kuala Lumpur,Kuala Lumpur,20,0,0,,2008-08-28,2009-08-27
263-14,263,SUNRISE BERHAD,The Residence(mk16b),Wp Kuala Lumpur,Kuala Lumpur,18,0,0,,,
263-15,263,SUNRISE BERHAD,Cs 2 @puteri Habour,Johor,Johor Bahru,1292,0,0,,2016-06-20,2017-06-19
263-16,263,SUNRISE BERHAD,Residensi Sefina Mont'kiara,Wp Kuala Lumpur,Kuala Lumpur,245,0,0,,2018-07-11,2019-07-10
265-1,265,KINTA PROPERTIES SDN.BERHAD.,Taman Pertama Fasa 2d,-,-,0,0,0,,1992-05-04,1993-05-03
265-2,265,KINTA PROPERTIES SDN.BERHAD.,"Taman Pertama, Fasa 18-20",-,-,0,0,0,,1993-09-07,1994-09-06
265-3,265,KINTA PROPERTIES SDN.BERHAD.,Taman Pertama Fasa 22,-,-,0,0,0,,1992-02-10,1993-02-09
265-4,265,KINTA PROPERTIES SDN.BERHAD.,Taman Sri Desa,-,-,0,0,0,,1996-09-09,1997-09-08
265-5,265,KINTA PROPERTIES SDN.BERHAD.,Taman Pertama Fasa 26,-,-,0,0,0,,1993-10-21,1994-10-20
265-6,265,KINTA PROPERTIES SDN.BERHAD.,Taman Pertama (fasa 27),-,-,0,0,0,,,
283-1,283,ENG LIAN ENTERPRISE SDN. BHD.,Bangsar Baru Fasa 6a,-,-,0,0,0,,,
289-1,289,HOCK BAN SEONG & CO. SDN. BHD.,Lot 10429,-,-,0,0,0,,1996-10-04,1997-10-03
289-2,289,HOCK BAN SEONG & CO. SDN. BHD.,Taman Mesra Jati,-,-,0,0,0,,2003-01-22,2004-01-21
289-3,289,HOCK BAN SEONG & CO. SDN. BHD.,Taman Sejati,Selangor,Klang,106,0,0,,2004-03-16,2005-03-15
292-1,292,SAIWAI LAND SDN. BHD.,Taman Sri Segambut,-,-,0,0,0,,1999-08-05,2000-08-04
292-2,292,SAIWAI LAND SDN. BHD.,Taman Sri Segambut,-,-,0,0,0,,2004-04-02,2005-04-01
292-3,292,SAIWAI LAND SDN. BHD.,Taman Sri Segambut,Wp Kuala Lumpur,Kuala Lumpur,6,0,0,,2009-08-24,2010-08-23
292-4,292,SAIWAI LAND SDN. BHD.,46 Unit Rumah Teres 3 Tingkat Di Tman Sri Segambut,Wp Kuala Lumpur,Kuala Lumpur,46,0,0,,2011-11-14,2012-11-13
295-1,295,UNION DEVELOPMENT SDN BHD.,Seri Gembira ,-,-,0,0,0,,1997-10-15,1998-10-14
299-1,299,PERAK CONSTRUCTION SDN. BHD.,Taman Pusing (p1),-,-,0,0,0,,1991-01-29,1992-01-28
303-1,303,BUKIT GAMBIR COMPANY SDN. BERHAD,Taman Melor Jaya Fasa 1,Johor,Tangkak,185,4,3,,2021-08-29,2022-08-28
303-2,303,BUKIT GAMBIR COMPANY SDN. BERHAD,Taman Melor Jaya,Johor,Tangkak,71,4,3,,2023-07-28,2025-07-27
303-3,303,BUKIT GAMBIR COMPANY SDN. BERHAD,Taman Melor Jaya,Johor,Tangkak,41,4,4,,2023-08-24,2025-08-23
303-4,303,BUKIT GAMBIR COMPANY SDN. BERHAD,Taman Melor Jaya,Johor,Tangkak,78,4,4,,2025-10-01,2027-09-30
318-1,318,SYARIKAT PERUMAHAN PEGAWAI KERAJAAN SENDIRIAN BERHAD,Taman Bukit Cheras,-,-,0,0,0,,1998-08-29,1999-08-28
318-2,318,SYARIKAT PERUMAHAN PEGAWAI KERAJAAN SENDIRIAN BERHAD,Seri Beringin,Wp Kuala Lumpur,Kuala Lumpur,54,0,0,,2007-06-13,2008-06-12
318-3,318,SYARIKAT PERUMAHAN PEGAWAI KERAJAAN SENDIRIAN BERHAD,Taman Melati,-,-,0,0,0,,,
318-4,318,SYARIKAT PERUMAHAN PEGAWAI KERAJAAN SENDIRIAN BERHAD,Alam Damai,Wp Kuala Lumpur,Kuala Lumpur,2487,0,0,,2008-03-06,2009-03-05
318-5,318,SYARIKAT PERUMAHAN PEGAWAI KERAJAAN SENDIRIAN BERHAD,Taman Melati,-,-,0,0,0,,2000-12-13,2001-12-12
318-6,318,SYARIKAT PERUMAHAN PEGAWAI KERAJAAN SENDIRIAN BERHAD,Lot 248 Dan 262,-,-,0,0,0,,,
319-1,319,HO SHEN CONSTRUCTION (M) SDN. BHD.,Taman Pelangi Ii,-,-,0,0,0,,1992-02-10,1993-02-09
348-1,348,NAM SENG HOUSING DEVELOPMENT SDN. BHD.,Taman Bacang,-,-,0,0,0,,,
348-2,348,NAM SENG HOUSING DEVELOPMENT SDN. BHD.,Taman Orkid Mewah,Melaka,Melaka Tengah,290,0,0,,2006-07-24,2007-07-23
351-1,351,KLUANG DEVELOPMENT SDN. BHD.,Taman Sri Tengah,-,-,0,0,0,,2001-10-09,2002-10-08
351-2,351,KLUANG DEVELOPMENT SDN. BHD.,Taman Sri Tengah,-,-,0,0,0,,1991-07-10,1992-07-09
351-3,351,KLUANG DEVELOPMENT SDN. BHD.,Taman Simpang Rengam,-,-,0,0,0,,,
354-1,354,TAI LEE CREDIT CORPORATION SDN. BHD.,Taman Mas Taiping,-,-,0,0,0,,1991-10-16,1992-10-15
355-1,355,KUAN WOH SDN. BERHAD,Taman Kuan Woh,-,-,0,0,0,,,
355-2,355,KUAN WOH SDN. BERHAD,Taman Harmoni,Perak,Kinta,113,0,0,,2007-01-19,2008-01-18
357-1,357,CITY INVESTMENT SDN. BHD.,Ast Ii,-,-,0,0,0,,,
357-2,357,CITY INVESTMENT SDN. BHD.,Taman A.s.t. Ii,-,-,0,0,0,,,
362-1,362,DAIMAN DEVELOPMENT BHD.,Taman Johor Jaya Vila Pesona,Johor,Johor Bahru,91,0,0,,2005-11-01,2006-10-31
362-2,362,DAIMAN DEVELOPMENT BHD.,Taman Senai Utama,Johor,Johor Bahru,58,0,0,,1997-08-04,1998-08-03
362-3,362,DAIMAN DEVELOPMENT BHD.,Vila Bintang Indah,Johor,Johor Bahru,26,0,0,,2007-04-17,2008-04-16
362-4,362,DAIMAN DEVELOPMENT BHD.,Taman Daiman Jaya,Johor,Johor Bahru,395,0,0,,2016-01-10,2017-01-09
362-5,362,DAIMAN DEVELOPMENT BHD.,"Taman Daiman Jaya Zone 3a, 4a & 5",Johor,Kota Tinggi,352,0,0,,2014-04-04,2015-04-03
362-6,362,DAIMAN DEVELOPMENT BHD.,Taman Daiman Jaya,Johor,Kota Tinggi,56,0,0,,2017-09-27,2018-09-26
362-7,362,DAIMAN DEVELOPMENT BHD.,Taman Daiman Jaya,Johor,Kota Tinggi,48,0,0,,2016-05-25,2018-05-24
362-8,362,DAIMAN DEVELOPMENT BHD.,Taman Johor Jaya,Johor,Kota Tinggi,69,0,0,,2017-03-02,2019-03-01
362-9,362,DAIMAN DEVELOPMENT BHD.,Taman Daiman Jaya,Johor,Kota Tinggi,62,0,0,,2018-03-16,2020-03-15
362-10,362,DAIMAN DEVELOPMENT BHD.,Taman Daiman Jaya,Johor,Kota Tinggi,233,0,0,,2018-03-22,2020-03-21
362-11,362,DAIMAN DEVELOPMENT BHD.,Taman Daiman Jaya,Johor,Kota Tinggi,64,0,0,,2020-09-29,2021-09-28
362-12,362,DAIMAN DEVELOPMENT BHD.,Taman Daiman Jaya Presint 4b3,Johor,Kota Tinggi,60,4,5,,2025-03-16,2026-03-15
362-13,362,DAIMAN DEVELOPMENT BHD.,Taman Senai Utama,Johor,Kulai,30,3,2,,2024-03-11,2026-03-10
362-14,362,DAIMAN DEVELOPMENT BHD.,Taman Daiman Jaya,Johor,Kota Tinggi,85,4,"3, 5",,2025-04-18,2027-04-17
408-1,408,BAN SENG HUAT SDN. BHD ,Xxx,-,-,0,0,0,,,
408-2,408,BAN SENG HUAT SDN. BHD ,Xxx,-,-,0,0,0,,,
408-3,408,BAN SENG HUAT SDN. BHD ,Taman Sai Gin,-,-,0,0,0,,2003-07-05,2004-04-11
408-4,408,BAN SENG HUAT SDN. BHD ,Taman Sai Gin,-,-,0,0,0,,2002-10-24,2003-10-23
408-5,408,BAN SENG HUAT SDN. BHD ,Taman Serumpun,-,-,0,0,0,,,
425-1,425,AUN HUAT & BROTHERS SDN. BHD,Taman Anda ,-,-,0,0,0,,2000-08-16,2001-08-15
425-2,425,AUN HUAT & BROTHERS SDN. BHD,Taman Anda Fasa 3a Dan 3b,-,-,0,0,0,,1997-03-19,1998-03-18
425-3,425,AUN HUAT & BROTHERS SDN. BHD,"Taman Anda (fasa 5,6,).",-,-,0,0,0,,1993-08-10,1994-08-09
439-1,439,SHARIKAT PERUMAHAN PACIFIC SDN. BHD.,Taman Peninsular Jaya,-,-,0,0,0,,1992-04-22,1993-04-21
439-2,439,SHARIKAT PERUMAHAN PACIFIC SDN. BHD.,Taman Gembira,-,-,0,0,0,,,
439-3,439,SHARIKAT PERUMAHAN PACIFIC SDN. BHD.,Taman East Coast Jaya,-,-,0,0,0,,,
439-4,439,SHARIKAT PERUMAHAN PACIFIC SDN. BHD.,Lot 4550,-,-,0,0,0,,,
439-5,439,SHARIKAT PERUMAHAN PACIFIC SDN. BHD.,Taman Air Puteh,-,-,0,0,0,,,
439-6,439,SHARIKAT PERUMAHAN PACIFIC SDN. BHD.,Taman Peninsular Jaya Fasa 2,-,-,0,0,0,,,
439-7,439,SHARIKAT PERUMAHAN PACIFIC SDN. BHD.,Taman Union Jaya,-,-,0,0,0,,1992-04-22,1993-04-21
439-8,439,SHARIKAT PERUMAHAN PACIFIC SDN. BHD.,Taman Peninsular Jaya Fasa 3,-,-,0,0,0,,,
439-9,439,SHARIKAT PERUMAHAN PACIFIC SDN. BHD.,Taman Mewah,-,-,0,0,0,,1993-08-11,1994-08-11
439-10,439,SHARIKAT PERUMAHAN PACIFIC SDN. BHD.,Taman Aman,-,-,0,0,0,,1993-09-14,1994-09-13
439-11,439,SHARIKAT PERUMAHAN PACIFIC SDN. BHD.,Xxx,-,-,0,0,0,,1996-11-14,1997-11-13
439-12,439,SHARIKAT PERUMAHAN PACIFIC SDN. BHD.,Taman Fairmount,-,-,0,0,0,,2000-10-06,2001-10-05
439-13,439,SHARIKAT PERUMAHAN PACIFIC SDN. BHD.,Taman Bandar,-,-,0,0,0,,1996-11-06,1997-11-05
439-14,439,SHARIKAT PERUMAHAN PACIFIC SDN. BHD.,Taman Air Putih,-,-,0,0,0,,1997-11-26,1998-11-25
439-15,439,SHARIKAT PERUMAHAN PACIFIC SDN. BHD.,Taman Bandar Ii,-,-,0,0,0,,2001-03-27,2002-03-26
439-16,439,SHARIKAT PERUMAHAN PACIFIC SDN. BHD.,Taman Fairmont Fasa Ii,-,-,0,0,0,,1999-04-24,2000-04-23
439-17,439,SHARIKAT PERUMAHAN PACIFIC SDN. BHD.,Taman Sekilau,-,-,0,0,0,,2001-10-09,2002-10-08
439-18,439,SHARIKAT PERUMAHAN PACIFIC SDN. BHD.,Taman Bandar 3,-,-,0,0,0,,2003-05-16,2004-05-15
439-19,439,SHARIKAT PERUMAHAN PACIFIC SDN. BHD.,Taman  Melawar  11,Pahang,Raub,28,0,0,,,
439-20,439,SHARIKAT PERUMAHAN PACIFIC SDN. BHD.,Taman Timor,Terengganu,Kemaman,15,0,0,,2007-09-27,2008-01-09
439-21,439,SHARIKAT PERUMAHAN PACIFIC SDN. BHD.,Taman Timur Permai,Pahang,Kuantan,25,0,0,,2011-06-26,2012-06-25
439-22,439,SHARIKAT PERUMAHAN PACIFIC SDN. BHD.,Taman Permatang Badak Maju,Pahang,Kuantan,28,0,0,,2011-10-17,2012-06-17
439-23,439,SHARIKAT PERUMAHAN PACIFIC SDN. BHD.,Taman Bukit Kuang Permai,Terengganu,Kemaman,8,0,0,,2017-06-15,2018-06-14
439-24,439,SHARIKAT PERUMAHAN PACIFIC SDN. BHD.,Sharikat Perumahan Pacific Sdn Bhd,Pahang,Kuantan,27,0,0,,2018-10-13,2024-10-12
439-25,439,SHARIKAT PERUMAHAN PACIFIC SDN. BHD.,Sharikat Perumahan Pacific Sdn Bhd,Pahang,Bentong,30,0,0,,2017-07-24,2018-07-23
439-26,439,SHARIKAT PERUMAHAN PACIFIC SDN. BHD.,Taman Melewar 2,Pahang,Raub,12,0,0,,2015-07-30,2017-07-29
462-1,462,KAM SENG CO. (M) SDN. BHD.,Taman Mewah,-,-,0,0,0,,1989-11-11,1990-11-10
462-3,462,KAM SENG CO. (M) SDN. BHD.,Taman Mewah Baru Lot 15260,-,-,0,0,0,,1993-10-19,1994-10-18
462-4,462,KAM SENG CO. (M) SDN. BHD.,Taman Bemban,-,-,0,0,0,,1997-06-05,1998-06-04
462-5,462,KAM SENG CO. (M) SDN. BHD.,Taman Sayang Baru,-,-,0,0,0,,1984-10-30,1985-10-29
462-6,462,KAM SENG CO. (M) SDN. BHD.,Taman Saujana Megah,Perak,Kinta,38,0,0,,2007-06-12,2008-05-09
473-1,473,SOUTH EAST ASIA LAND DEVT. (M) BHD.,Taman Kotamas,-,-,0,0,0,,1993-12-02,1994-12-01
481-1,481,GIM HWA REALTY SDN. BHD.,Taman Intan (jalan Manggis),-,-,0,0,0,,,
481-2,481,GIM HWA REALTY SDN. BHD.,Taman Intan Fasa 11,-,-,0,0,0,,1989-04-21,1990-04-20
481-3,481,GIM HWA REALTY SDN. BHD.,Taman Cahaya,-,-,0,0,0,,1992-05-12,1993-05-11
481-5,481,GIM HWA REALTY SDN. BHD.,Taman Intan (jalan Laxamana),-,-,0,0,0,,1986-01-15,1987-01-14
490-1,490,WIJAYA DEVELOPMENT SDN. BHD.,"Taman Srijaya, Sagil",-,-,0,0,0,,,
490-2,490,WIJAYA DEVELOPMENT SDN. BHD.,"Taman Srijaya, Rengam",-,-,0,0,0,,1996-04-19,1997-04-18
490-3,490,WIJAYA DEVELOPMENT SDN. BHD.,"Taman Srijaya, Gerisek",-,-,0,0,0,,1992-11-05,1993-11-04
490-4,490,WIJAYA DEVELOPMENT SDN. BHD.,Taman Seri Jaya Fasa 2,-,-,0,0,0,,1993-11-15,1994-11-14
490-5,490,WIJAYA DEVELOPMENT SDN. BHD.,"Taman Srijaya, Pekan Jabi",-,-,0,0,0,,1993-12-01,1994-11-30
490-6,490,WIJAYA DEVELOPMENT SDN. BHD.,"Taman Berjaya, Simpang Rengam",-,-,0,0,0,,1993-10-29,1994-10-28
490-7,490,WIJAYA DEVELOPMENT SDN. BHD.,Taman Suria,-,-,0,0,0,,1992-04-28,1993-04-27
490-8,490,WIJAYA DEVELOPMENT SDN. BHD.,"Taman Srijaya, Chamek",-,-,0,0,0,,1992-11-24,1993-11-23
490-9,490,WIJAYA DEVELOPMENT SDN. BHD.,"Taman Suria, Labis",-,-,0,0,0,,1993-09-24,1994-09-23
490-11,490,WIJAYA DEVELOPMENT SDN. BHD.,Taman Berjaya,-,-,0,0,0,,1996-11-13,1997-11-12
490-12,490,WIJAYA DEVELOPMENT SDN. BHD.,"Taman Wira,simpang Rengam",-,-,0,0,0,,1996-11-16,1997-11-15
490-13,490,WIJAYA DEVELOPMENT SDN. BHD.,Taman Wira,-,-,0,0,0,,2000-09-29,2001-09-28
490-14,490,WIJAYA DEVELOPMENT SDN. BHD.,Taman Berjaya Fasa Ii,-,-,0,0,0,,1999-08-15,2000-08-14
490-15,490,WIJAYA DEVELOPMENT SDN. BHD.,Taman Wira,-,-,0,0,0,,1999-01-14,2000-01-13
490-16,490,WIJAYA DEVELOPMENT SDN. BHD.,Taman Berjaya Fasa 3,-,-,0,0,0,,2000-08-18,2001-08-17
490-17,490,WIJAYA DEVELOPMENT SDN. BHD.,"Taman Srijaya Ii, Chamek",Johor,Kluang,49,0,0,,2005-08-17,2006-05-14
490-18,490,WIJAYA DEVELOPMENT SDN. BHD.,Taman Suria,-,-,0,0,0,,2001-03-27,2002-03-26
490-19,490,WIJAYA DEVELOPMENT SDN. BHD.,Taman Wira Fasa 2,-,-,0,0,0,,2001-05-19,2002-05-18
490-20,490,WIJAYA DEVELOPMENT SDN. BHD.,Taman Wawasan  - Fasa 1,-,-,0,0,0,,2002-06-08,2003-05-30
490-21,490,WIJAYA DEVELOPMENT SDN. BHD.,Taman Murni,-,-,0,0,0,,2003-04-21,2004-02-23
490-22,490,WIJAYA DEVELOPMENT SDN. BHD.,"Taman Indah, Chaah",-,-,0,0,0,,2002-05-03,2003-05-02
490-23,490,WIJAYA DEVELOPMENT SDN. BHD.,Taman Cantik,-,-,0,0,0,,2004-07-14,2005-04-18
490-24,490,WIJAYA DEVELOPMENT SDN. BHD.,Taman Wawasan  Fasa 2,-,-,0,0,0,,2004-11-24,2005-09-12
490-25,490,WIJAYA DEVELOPMENT SDN. BHD.,Taman Wira Fasa Ii,-,-,0,0,0,,2004-03-18,2005-03-17
490-26,490,WIJAYA DEVELOPMENT SDN. BHD.,Taman Wawasan Fasa Iii,-,-,0,0,0,,2004-06-21,2005-06-20
490-27,490,WIJAYA DEVELOPMENT SDN. BHD.,Taman Murni Ii,Johor,Segamat,30,0,0,,2006-06-08,2007-06-07
494-1,494,SYARIKAT MALURI SDN. BHD.,Taman Maluri,-,-,0,0,0,,2006-03-14,2007-03-13
494-2,494,SYARIKAT MALURI SDN. BHD.,Casa Ria Apartment,-,-,0,0,0,,,
505-1,505,TASEK DEVELOPMENT SDN. BHD.,Taman Tasek,-,-,0,0,0,,2005-06-20,2006-06-19
506-1,506,SIN SOON LEE REALTY COMPANY (M) SENDIRIAN BERHAD,Taman Makmur,-,-,0,0,0,,1992-11-24,1993-11-23
506-2,506,SIN SOON LEE REALTY COMPANY (M) SENDIRIAN BERHAD,Taman Mewah,-,-,0,0,0,,1992-03-02,1993-03-01
506-3,506,SIN SOON LEE REALTY COMPANY (M) SENDIRIAN BERHAD,Taman Megah,-,-,0,0,0,,1996-12-20,1997-12-19
506-4,506,SIN SOON LEE REALTY COMPANY (M) SENDIRIAN BERHAD,Wisma Shun Li,-,-,0,0,0,,,
506-5,506,SIN SOON LEE REALTY COMPANY (M) SENDIRIAN BERHAD,Taman Mutiara,-,-,0,0,0,,1999-01-19,2000-01-18
506-6,506,SIN SOON LEE REALTY COMPANY (M) SENDIRIAN BERHAD,Taman Megah 3,Johor,Batu Pahat,587,4,5,,2020-02-20,2026-02-19
506-7,506,SIN SOON LEE REALTY COMPANY (M) SENDIRIAN BERHAD,Taman Sinar Impian,Johor,Batu Pahat,88,0,0,,2019-10-17,2020-10-16
509-1,509,LEAN FUNG CONSTRUCTION SDN. BHD.,Lean Fung Garden,-,-,0,0,0,,2005-07-07,2006-04-06
509-2,509,LEAN FUNG CONSTRUCTION SDN. BHD.,Kebun Raya Lean Fung,-,-,0,0,0,,1993-07-07,1994-07-06
509-3,509,LEAN FUNG CONSTRUCTION SDN. BHD.,Lean Fung Garden (lot 42),-,-,0,0,0,,,
509-4,509,LEAN FUNG CONSTRUCTION SDN. BHD.,Taman Lean Fung Lot 975 & 436,-,-,0,0,0,,,
509-5,509,LEAN FUNG CONSTRUCTION SDN. BHD.,Taman Lean Fung,-,-,0,0,0,,,
509-6,509,LEAN FUNG CONSTRUCTION SDN. BHD.,Taman Pantai,Pulau Pinang,Seberang Perai Utara,33,0,0,,2009-01-08,2010-01-07
509-7,509,LEAN FUNG CONSTRUCTION SDN. BHD.,Sinaran Pengkalan Weld,Pulau Pinang,Daerah Timor Laut,6,0,0,,2008-07-25,2009-07-24
517-1,517,SYARIKAT MAJU JAYA SDN. BHD,Medan Maju Jaya,Selangor,Petaling ,423,0,0,,1991-09-21,1992-09-20
533-1,533,HENG KEE COMPANY SENDIRIAN BERHAD,"Subb Lot 380-437-l0t 30, Bandar Cheras",-,-,0,0,0,,1996-08-02,1997-08-01
533-2,533,HENG KEE COMPANY SENDIRIAN BERHAD,Lot 249,-,-,0,0,0,,2004-04-10,2004-11-11
533-3,533,HENG KEE COMPANY SENDIRIAN BERHAD,Taman Kekwa-phase Ii,Negeri Sembilan,Seremban,113,0,0,,2012-02-18,2013-02-17
533-4,533,HENG KEE COMPANY SENDIRIAN BERHAD,Taman Kekwa,Negeri Sembilan,Seremban,61,0,0,,2018-07-25,2019-07-24
545-1,545,LEAN TAT DEVELOPMENT CO. SDN. BHD.,Lot 1042,-,-,0,0,0,,,
545-2,545,LEAN TAT DEVELOPMENT CO. SDN. BHD.,Taman Tangling,-,-,0,0,0,,1990-07-09,1991-07-08
545-3,545,LEAN TAT DEVELOPMENT CO. SDN. BHD.,Taman Kijang,-,-,0,0,0,,1991-11-26,1992-11-25
545-4,545,LEAN TAT DEVELOPMENT CO. SDN. BHD.,Taman Mesrajaya,-,-,0,0,0,,1997-08-04,1998-08-03
545-5,545,LEAN TAT DEVELOPMENT CO. SDN. BHD.,Taman Sejahtera Indah,-,-,0,0,0,,1998-09-03,1999-09-02
545-6,545,LEAN TAT DEVELOPMENT CO. SDN. BHD.,Taman Sentul Jaya,-,-,0,0,0,,2002-08-09,2003-08-08
545-7,545,LEAN TAT DEVELOPMENT CO. SDN. BHD.,Taman Aman Jaya,Pulau Pinang,Seberang Perai Tengah,53,0,0,,2008-06-16,2009-06-15
545-8,545,LEAN TAT DEVELOPMENT CO. SDN. BHD.,Taman Tangling,Pulau Pinang,Seberang Perai Selatan,12,0,0,,,
547-1,547,LAM CHEW DEVELOPMENT SDN. BHD,Taman Han Chiang,-,-,0,0,0,,1993-12-01,1994-11-30
547-2,547,LAM CHEW DEVELOPMENT SDN. BHD,Zzz,-,-,0,0,0,,1995-01-07,1996-01-06
565-1,565,THONG BROTHERS PROPERTY DEVT. SDN. BHD.,Taman Melati,Perak,Hilir Perak,10,0,0,,1984-07-12,1985-07-11
572-1,572,I & P INDERAWASIH JAYA SDN. BHD,Taman Inderawasih,-,-,0,0,0,,2000-03-28,2001-03-27
572-2,572,I & P INDERAWASIH JAYA SDN. BHD,Taman Inderawasih 2 Fasa 1(jenis A),Pulau Pinang,Seberang Perai Tengah,46,0,0,,2006-09-12,2007-09-11
572-3,572,I & P INDERAWASIH JAYA SDN. BHD,Taman Inderawasih 2 Fasa 1(jenis A1),Pulau Pinang,Seberang Perai Tengah,6,0,0,,2006-12-08,2007-12-07
578-1,578,PEMBANGUNAN PERUMAHAN ASEAN SDN. BHD.,Taman Asean,-,-,0,0,0,,,
578-2,578,PEMBANGUNAN PERUMAHAN ASEAN SDN. BHD.,Pangsapuri Asean,-,-,0,0,0,,,
581-1,581,SATO AMOY CONST. (M) SDN. BHD,"Lot 38085 , 38048 , 38047 , 38071.",-,-,0,0,0,,,
582-1,582,ENG DEVELOPMENT CO. SDN. BHD.,Taman Sri Menanti                               ,-,-,0,0,0,,,
582-2,582,ENG DEVELOPMENT CO. SDN. BHD.,Melody Park,-,-,0,0,0,,1989-08-15,1990-08-14
582-3,582,ENG DEVELOPMENT CO. SDN. BHD.,Taman River View,-,-,0,0,0,,,
582-4,582,ENG DEVELOPMENT CO. SDN. BHD.,Taman Ria,-,-,0,0,0,,,
582-5,582,ENG DEVELOPMENT CO. SDN. BHD.,Casuarina Park Lot 12,-,-,0,0,0,,1993-07-14,1994-07-13
582-6,582,ENG DEVELOPMENT CO. SDN. BHD.,Lot 2492-2498 (pasir Panjang),-,-,0,0,0,,,
582-7,582,ENG DEVELOPMENT CO. SDN. BHD.,Pangsapuri Cheri,-,-,0,0,0,,1989-09-04,1990-09-03
582-8,582,ENG DEVELOPMENT CO. SDN. BHD.,Taman Merin (lot 4342 & 4343),-,-,0,0,0,,,
582-9,582,ENG DEVELOPMENT CO. SDN. BHD.,Alai Resort (taman Alai),-,-,0,0,0,,2001-12-22,2002-12-10
582-10,582,ENG DEVELOPMENT CO. SDN. BHD.,Pangsapuri Mutiara,-,-,0,0,0,,1990-04-12,1991-04-11
582-11,582,ENG DEVELOPMENT CO. SDN. BHD.,Pangsapuri Strawberi,-,-,0,0,0,,,
582-12,582,ENG DEVELOPMENT CO. SDN. BHD.,Kondominium Ruby Lot 410,-,-,0,0,0,,1992-11-03,1993-11-02
582-13,582,ENG DEVELOPMENT CO. SDN. BHD.,Pangsapuri Pandan Wangi,-,-,0,0,0,,,
582-14,582,ENG DEVELOPMENT CO. SDN. BHD.,Jade Garden,-,-,0,0,0,,,
582-15,582,ENG DEVELOPMENT CO. SDN. BHD.,Alai Perdana Townhuse,-,-,0,0,0,,,
582-16,582,ENG DEVELOPMENT CO. SDN. BHD.,Taman Alai,-,-,0,0,0,,2001-04-06,2002-04-05
582-17,582,ENG DEVELOPMENT CO. SDN. BHD.,Taman Jarim Jaya,-,-,0,0,0,,2002-05-07,2003-05-06
582-18,582,ENG DEVELOPMENT CO. SDN. BHD.,Taman Alai Perdana,Melaka,Melaka Tengah,110,0,0,,2006-07-11,2007-07-10
582-19,582,ENG DEVELOPMENT CO. SDN. BHD.,Taman Batu Berendam Putra,Melaka,Melaka Tengah,100,0,0,,2007-03-16,2008-03-16
582-20,582,ENG DEVELOPMENT CO. SDN. BHD.,Taman Batu Berendam Putra,Melaka,Melaka Tengah,35,0,0,,2009-11-12,2010-07-30
584-1,584,LOH HOLDINGS SDN. BHD.,Taman Sri Jempul,-,-,0,0,0,,1980-09-11,1981-09-10
584-2,584,LOH HOLDINGS SDN. BHD.,Taman Sri Cahaya,-,-,0,0,0,,1988-08-25,1989-08-24
584-3,584,LOH HOLDINGS SDN. BHD.,Lot 2616,-,-,0,0,0,,1992-02-08,1993-02-07
584-4,584,LOH HOLDINGS SDN. BHD.,Taman Bakti,-,-,0,0,0,,1997-08-14,1998-08-13
584-5,584,LOH HOLDINGS SDN. BHD.,"Pt 4469, Hs(m) 424",-,-,0,0,0,,,
597-1,597,SIME DARBY PROPERTY (KL EAST) SDN. BHD.,Taman Melawati,-,-,0,0,0,,1995-06-24,1996-06-23
597-2,597,SIME DARBY PROPERTY (KL EAST) SDN. BHD.,Bandar Baru Bangi,-,-,0,0,0,,,
597-3,597,SIME DARBY PROPERTY (KL EAST) SDN. BHD.,Wangsa Melawati,-,-,0,0,0,,,
597-4,597,SIME DARBY PROPERTY (KL EAST) SDN. BHD.,Desa Melawati,-,-,0,0,0,,1996-09-04,1997-09-03
597-5,597,SIME DARBY PROPERTY (KL EAST) SDN. BHD.,Taman Melawati,-,-,0,0,0,,,
597-6,597,SIME DARBY PROPERTY (KL EAST) SDN. BHD.,Desa Melawati,Wp Kuala Lumpur,Kuala Lumpur,196,0,0,,2011-05-14,2023-05-13
597-7,597,SIME DARBY PROPERTY (KL EAST) SDN. BHD.,Pangsapuri Gaya,Wp Kuala Lumpur,Kuala Lumpur,240,0,0,,2011-08-11,2012-05-11
597-8,597,SIME DARBY PROPERTY (KL EAST) SDN. BHD.,Desa Melawati (dm6d2),Wp Kuala Lumpur,Kuala Lumpur,26,0,0,,2010-12-09,2011-12-08
597-9,597,SIME DARBY PROPERTY (KL EAST) SDN. BHD.,The Veo (dmbc4),Wp Kuala Lumpur,Kuala Lumpur,350,0,0,,2016-12-28,2017-12-27
597-10,597,SIME DARBY PROPERTY (KL EAST) SDN. BHD.,Taman Melawati (plot B & C),Selangor,Gombak,528,0,0,,2016-04-21,2017-04-20
597-11,597,SIME DARBY PROPERTY (KL EAST) SDN. BHD.,Quarza,Wp Kuala Lumpur,Kuala Lumpur,508,0,0,,2019-03-18,2020-03-17
597-12,597,SIME DARBY PROPERTY (KL EAST) SDN. BHD.,Residensi Laman Timur,Wp Kuala Lumpur,Kuala Lumpur,57,5,"5, 6",,2024-05-20,2025-05-19
597-13,597,SIME DARBY PROPERTY (KL EAST) SDN. BHD.,Residensi Laman Satu Melawati,Selangor,Gombak,234,"3, 4","2, 3",,2025-10-07,2026-10-06
597-14,597,SIME DARBY PROPERTY (KL EAST) SDN. BHD.,Residensi Dian,Wp Kuala Lumpur,Kuala Lumpur,480,"2, 3, 4, 5","2, 3, 4, 5",,2024-09-25,2027-09-24
597-15,597,SIME DARBY PROPERTY (KL EAST) SDN. BHD.,Residensi Vista Timur,Wp Kuala Lumpur,Kuala Lumpur,61,"5, 6","5, 6, 7",,2026-05-08,2028-05-07
609-1,609,CHIN NAM BEE DEVELOPMENT SDN. BHD.,Taman Yong Peng Jaya,-,-,0,0,0,,,
609-2,609,CHIN NAM BEE DEVELOPMENT SDN. BHD.,Xxx,-,-,0,0,0,,1992-11-03,1993-11-02
609-3,609,CHIN NAM BEE DEVELOPMENT SDN. BHD.,Xxx,-,-,0,0,0,,,
616-1,616,KENLIBENZ PROPERTIES SDN. BHD,Ta,-,-,0,0,0,,,
616-2,616,KENLIBENZ PROPERTIES SDN. BHD,Taman Cheng Permai,-,-,0,0,0,,1998-06-25,1999-06-24
646-1,646,GOH TIONG SIN CONSTRUCTION SDN. BHD.,Taman Suria,-,-,0,0,0,,1992-05-12,1993-05-11
646-2,646,GOH TIONG SIN CONSTRUCTION SDN. BHD.,Taman Sinn,-,-,0,0,0,,2004-09-03,2005-09-02
663-1,663,SYARIKAT KUANTAN DEVELOPMENT SDN.BHD.,Lot 69,-,-,0,0,0,,,
663-2,663,SYARIKAT KUANTAN DEVELOPMENT SDN.BHD.,Taman Jaya,-,-,0,0,0,,,
663-3,663,SYARIKAT KUANTAN DEVELOPMENT SDN.BHD.,Taman Muhibbah,-,-,0,0,0,,,
663-4,663,SYARIKAT KUANTAN DEVELOPMENT SDN.BHD.,Taman Sri Jaya,-,-,0,0,0,,,
663-5,663,SYARIKAT KUANTAN DEVELOPMENT SDN.BHD.,Taman Selamat,-,-,0,0,0,,,
663-6,663,SYARIKAT KUANTAN DEVELOPMENT SDN.BHD.,Bukit Sekilau Perdana,-,-,0,0,0,,1984-10-30,1985-10-29
663-7,663,SYARIKAT KUANTAN DEVELOPMENT SDN.BHD.,Taman Desa Ria,-,-,0,0,0,,1989-08-17,1990-08-16
663-8,663,SYARIKAT KUANTAN DEVELOPMENT SDN.BHD.,Taman Seri Pekan,-,-,0,0,0,,2003-04-22,2004-04-21
663-9,663,SYARIKAT KUANTAN DEVELOPMENT SDN.BHD.,Taman Tas Jaya,-,-,0,0,0,,2002-10-03,2003-10-02
663-10,663,SYARIKAT KUANTAN DEVELOPMENT SDN.BHD.,Taman Sri Setongkol,-,-,0,0,0,,2003-07-10,2004-07-09
663-11,663,SYARIKAT KUANTAN DEVELOPMENT SDN.BHD.,Perkampungan Pelindung Maju,Pahang,Kuantan,30,0,0,,2006-11-16,2007-11-15
663-12,663,SYARIKAT KUANTAN DEVELOPMENT SDN.BHD.,Taman Sri Setongkol 2,Pahang,Kuantan,58,0,0,,2011-04-04,2012-04-03
663-13,663,SYARIKAT KUANTAN DEVELOPMENT SDN.BHD.,Taman Kota Ria 2,Pahang,Kuantan,22,0,0,,2009-06-29,2010-06-28
663-14,663,SYARIKAT KUANTAN DEVELOPMENT SDN.BHD.,Taman Kota Ria 3,Pahang,Kuantan,24,0,0,,2011-11-25,2012-11-24
663-15,663,SYARIKAT KUANTAN DEVELOPMENT SDN.BHD.,Taman Princeton,Pahang,Kuantan,7,0,0,,2020-02-10,2021-02-09
663-16,663,SYARIKAT KUANTAN DEVELOPMENT SDN.BHD.,Taman Pelindung Maju 2,Pahang,Kuantan,30,0,0,,2015-06-02,2016-06-01
663-17,663,SYARIKAT KUANTAN DEVELOPMENT SDN.BHD.,Taman Kota Ria 4,Pahang,Kuantan,24,0,0,,2016-08-23,2017-08-22
663-18,663,SYARIKAT KUANTAN DEVELOPMENT SDN.BHD.,Taman Princeton,Pahang,Kuantan,5,0,0,,2018-01-26,2019-01-25
663-19,663,SYARIKAT KUANTAN DEVELOPMENT SDN.BHD.,Taman Jaya Indah,Pahang,Kuantan,13,0,0,,2020-12-18,2024-12-17
663-20,663,SYARIKAT KUANTAN DEVELOPMENT SDN.BHD.,Taman Kota Ria 5,Pahang,Kuantan,12,4,2,,2025-07-13,2026-07-12
663-21,663,SYARIKAT KUANTAN DEVELOPMENT SDN.BHD.,Taman Kota Ria 5,Pahang,Kuantan,11,4,2,,2025-12-30,2027-12-29
673-1,673,PELANGI SDN. BHD.,Taman Pelangi,-,-,0,0,0,,,
673-2,673,PELANGI SDN. BHD.,Taman Perling ,-,-,0,0,0,,2003-02-22,2004-02-21
673-3,673,PELANGI SDN. BHD.,Taman Pelangi Fasa 4,-,-,0,0,0,,1993-09-09,1994-09-08
673-4,673,PELANGI SDN. BHD.,Taman Perling,-,-,0,0,0,,1992-08-24,1993-08-23
673-5,673,PELANGI SDN. BHD.,Taman Perling,-,-,0,0,0,,2003-01-21,2004-01-20
673-6,673,PELANGI SDN. BHD.,Taman Perling,Johor,Johor Bahru,144,0,0,,2003-10-02,2004-10-01
673-7,673,PELANGI SDN. BHD.,Taman Perling,-,-,0,0,0,,2004-03-17,2005-03-16
673-8,673,PELANGI SDN. BHD.,Taman Perling,Johor,Johor Bahru,135,0,0,,2005-11-06,2006-11-05
673-9,673,PELANGI SDN. BHD.,Taman Perling,Johor,Johor Bahru,118,0,0,,2008-10-28,2009-10-27
673-10,673,PELANGI SDN. BHD.,Taman Perling,Johor,Johor Bahru,81,0,0,,2013-09-17,2014-09-16
673-11,673,PELANGI SDN. BHD.,D'serambi,Johor,Johor Bahru,35,0,0,,2013-12-05,2015-12-04
673-12,673,PELANGI SDN. BHD.,Residensi Camar,Johor,Johor Bahru,499,"1, 2, 3","1, 2",,2025-04-25,2028-04-24
683-1,683,KANG GIAP (PERLIS) SDN. BHD.,Taman Perlis,-,-,0,0,0,,1998-01-16,1999-01-15
683-2,683,KANG GIAP (PERLIS) SDN. BHD.,Taman Bukit Kaya,-,-,0,0,0,,1991-12-26,1992-12-25
686-1,686,TAMAN UDA-MURNI SDN. BHD.,Taman Murni Permai,-,-,0,0,0,,1990-12-28,1991-12-27
686-2,686,TAMAN UDA-MURNI SDN. BHD.,Taman Murni Indah,-,-,0,0,0,,1991-08-15,1992-08-14
696-1,696,TEH TENG SENG REALTY SDN. BHD.,Taman Seri Gajah,-,-,0,0,0,,1989-10-17,1990-10-16
705-1,705,NAM TAK REALTY SDN. BHD.,Taman Sri Mujur,-,-,0,0,0,,1989-08-17,1990-08-16
705-2,705,NAM TAK REALTY SDN. BHD.,Taman Sri Mujur,-,-,0,0,0,,1991-10-24,1992-10-23
707-1,707,TAMPOI INVESTMENT CO. SDN. BHD.,Taman Gembira,-,-,0,0,0,,1992-11-13,1993-11-12
709-1,709,ENG ANN REALTY COMPANY (KLANG) SDN BHD,Taman Pertama,-,-,0,0,0,,1993-09-15,1994-09-14
709-2,709,ENG ANN REALTY COMPANY (KLANG) SDN BHD,"Pangsapuri Pelangi Heights, Klang",-,-,0,0,0,,2003-07-17,2004-07-16
709-3,709,ENG ANN REALTY COMPANY (KLANG) SDN BHD,Pangsapuri Pelangi Heights,Selangor,Klang,280,0,0,,2014-04-15,2015-04-14
713-1,713,PERBIBA SDN. BHD.,Pekan Razaki,-,-,0,0,0,,,
713-2,713,PERBIBA SDN. BHD.,Taman Okid,-,-,0,0,0,,1992-09-26,1993-09-25
713-4,713,PERBIBA SDN. BHD.,Taman Maju,-,-,0,0,0,,1991-01-10,1992-01-09
713-5,713,PERBIBA SDN. BHD.,Taman Anggerik,-,-,0,0,0,,1997-11-18,1998-11-17
713-6,713,PERBIBA SDN. BHD.,Xxx,-,-,0,0,0,,,
713-7,713,PERBIBA SDN. BHD.,Xxx,-,-,0,0,0,,,
713-8,713,PERBIBA SDN. BHD.,Taman Galeri Kepayang,-,-,0,0,0,,,
713-9,713,PERBIBA SDN. BHD.,Taman Permai Sungai Siput,-,-,0,0,0,,2002-10-17,2003-10-16
713-10,713,PERBIBA SDN. BHD.,Taman Aman,-,-,0,0,0,,,
734-1,734,TTDI DEVELOPMENT SDN. BHD.,Taman Tun Dr. Ismail,-,-,0,0,0,,1997-10-27,1998-10-26
734-2,734,TTDI DEVELOPMENT SDN. BHD.,Sri Ttdi ( Fasa 9 ),-,-,0,0,0,,1997-10-27,1998-10-26
734-3,734,TTDI DEVELOPMENT SDN. BHD.,Kiara Park Apartment Fasa 8,-,-,0,0,0,,,
734-4,734,TTDI DEVELOPMENT SDN. BHD.,Kiara View Apartment Fasa 5g,-,-,0,0,0,,,
734-5,734,TTDI DEVELOPMENT SDN. BHD.,Taman Tun Dr Ismail - Fasa 5e,-,-,0,0,0,,2002-11-30,2003-11-29
734-6,734,TTDI DEVELOPMENT SDN. BHD.,"Taman Tun Dr. Ismail, Kuala Lumpur",-,-,0,0,0,,,
734-7,734,TTDI DEVELOPMENT SDN. BHD.,Taman Tun Dr Ismail,-,-,0,0,0,,,
734-8,734,TTDI DEVELOPMENT SDN. BHD.,"Platinum Park, Kuala Lumpur",-,-,0,0,0,,,
742-1,742,GOLDEN DRAGON GARDEN SDN. BHD,Taman Emas (p1),-,-,0,0,0,,1991-01-17,1992-01-16
742-2,742,GOLDEN DRAGON GARDEN SDN. BHD,"Pt 926-1542 , 1544-1553",-,-,0,0,0,,,
742-3,742,GOLDEN DRAGON GARDEN SDN. BHD,Lot 14879s Mukim Hulu Kinta,-,-,0,0,0,,,
760-1,760,FOCK WAH DEVELOPMENT SDN. BHD.,Taman Bertuah (fail Lama),-,-,0,0,0,,,
760-2,760,FOCK WAH DEVELOPMENT SDN. BHD.,Medan Warisan,-,-,0,0,0,,1993-09-03,1994-09-02
760-3,760,FOCK WAH DEVELOPMENT SDN. BHD.,Taman Pemandangan Zamrud,-,-,0,0,0,,1991-07-02,1992-07-01
760-4,760,FOCK WAH DEVELOPMENT SDN. BHD.,Taman Sri Pelanduk,-,-,0,0,0,,1993-07-13,1994-07-12
760-5,760,FOCK WAH DEVELOPMENT SDN. BHD.,Medan Warisan,-,-,0,0,0,,2001-05-04,2002-05-03
760-6,760,FOCK WAH DEVELOPMENT SDN. BHD.,Seri Makmur,-,-,0,0,0,,1999-10-26,2000-10-25
760-7,760,FOCK WAH DEVELOPMENT SDN. BHD.,Lot 659 Geran 1567,-,-,0,0,0,,2000-11-27,2001-11-26
760-8,760,FOCK WAH DEVELOPMENT SDN. BHD.,"Lot P.t. 68, P.t. 90- P.t.95",-,-,0,0,0,,2002-02-26,2003-02-25
760-9,760,FOCK WAH DEVELOPMENT SDN. BHD.,Taman Chendor Indah,Pahang,Kuantan,23,0,0,,2006-11-23,2007-08-16
760-10,760,FOCK WAH DEVELOPMENT SDN. BHD.,"Forest & Hill, Bukit Pelindung",Pahang,Kuantan,34,0,0,,2011-06-16,2012-06-15
761-1,761,GOLDEN CITY DEVELOPMENT SDN. BHD.,Taman Rasa Sayang ,-,-,0,0,0,,2000-01-06,2001-01-05
761-2,761,GOLDEN CITY DEVELOPMENT SDN. BHD.,Taman Cheras Awana,-,-,0,0,0,,1996-04-16,1997-04-15
761-3,761,GOLDEN CITY DEVELOPMENT SDN. BHD.,Taman Rasa Sayang Tampin,-,-,0,0,0,,1993-12-09,1994-12-08
761-4,761,GOLDEN CITY DEVELOPMENT SDN. BHD.,Taman Bukit Tampin,-,-,0,0,0,,1986-12-01,1987-11-30
761-5,761,GOLDEN CITY DEVELOPMENT SDN. BHD.,Taman Bukit Tampin,-,-,0,0,0,,1997-08-09,1998-08-08
761-6,761,GOLDEN CITY DEVELOPMENT SDN. BHD.,Taman Cheras Awana Phase 6,-,-,0,0,0,,2001-02-21,2002-02-20
761-7,761,GOLDEN CITY DEVELOPMENT SDN. BHD.,Taman Cheras Awana Phase 7,-,-,0,0,0,,2004-11-04,2005-10-02
761-8,761,GOLDEN CITY DEVELOPMENT SDN. BHD.,Taman Rasa Sayang Tampin Fasa 3,-,-,0,0,0,,2003-03-12,2004-02-13
761-9,761,GOLDEN CITY DEVELOPMENT SDN. BHD.,Taman Cheras Awana Fasa 8,-,-,0,0,0,,2005-01-03,2006-01-02
761-10,761,GOLDEN CITY DEVELOPMENT SDN. BHD.,Taman Rasa Sayang Fasa 4,-,-,0,0,0,,2004-08-11,2005-08-10
761-11,761,GOLDEN CITY DEVELOPMENT SDN. BHD.,Golden City Development Sdn Bhd,Selangor,Hulu Langat,11,0,0,,,
761-12,761,GOLDEN CITY DEVELOPMENT SDN. BHD.,Kelana Residence,Selangor,Petaling ,60,0,0,,2019-08-01,2020-07-31
780-1,780,CHIIN HO REALTY DEVELOPMENT (M) SDN. BHD.,Taman Sentosa Fasa Ii,-,-,0,0,0,,,
780-2,780,CHIIN HO REALTY DEVELOPMENT (M) SDN. BHD.,Taman Kotamas,-,-,0,0,0,,1998-09-11,1999-09-10
780-3,780,CHIIN HO REALTY DEVELOPMENT (M) SDN. BHD.,Taman Labu Jaya,-,-,0,0,0,,1991-01-03,1992-01-02
789-1,789,CLONLEE REALTY SDN. BHD.,Taman Clonlee,Negeri Sembilan,Tampin,156,0,0,,2006-07-20,2007-07-19
790-1,790,CHIP AIK REALTY CO. SDN. BHD.,Xxx,-,-,0,0,0,,,
790-2,790,CHIP AIK REALTY CO. SDN. BHD.,Xxx,-,-,0,0,0,,,
790-3,790,CHIP AIK REALTY CO. SDN. BHD.,Taman Chip Aik,Negeri Sembilan,Seremban,28,0,0,,2005-08-16,2006-08-15
790-4,790,CHIP AIK REALTY CO. SDN. BHD.,Taman Orkid (p4),-,-,0,0,0,,1992-06-09,1993-06-08
792-1,792,NG CHEE YEW SDN. BHD.,Taman Bukit Kaya,-,-,0,0,0,,1998-09-04,1999-09-03
793-1,793,LEONG AUN ENTERPRISE SDN. BHD.,Taman Timur,-,-,0,0,0,,1999-05-24,2000-05-23
793-2,793,LEONG AUN ENTERPRISE SDN. BHD.,Www,-,-,0,0,0,,,
793-3,793,LEONG AUN ENTERPRISE SDN. BHD.,Taman Timur,-,-,0,0,0,,2001-01-11,2002-01-10
793-4,793,LEONG AUN ENTERPRISE SDN. BHD.,Taman Timur,-,-,0,0,0,,2000-06-21,2001-06-20
793-5,793,LEONG AUN ENTERPRISE SDN. BHD.,Taman Timur,-,-,0,0,0,,2003-11-04,2004-11-03
801-1,801,NAM CHOON DEVELOPERS SDN. BHD.,Taman Setongkol,-,-,0,0,0,,1993-12-03,1994-12-02
801-2,801,NAM CHOON DEVELOPERS SDN. BHD.,Lot 103,-,-,0,0,0,,,
801-3,801,NAM CHOON DEVELOPERS SDN. BHD.,Taman Oona,-,-,0,0,0,,,
801-4,801,NAM CHOON DEVELOPERS SDN. BHD.,Lot 1897 Gm 8976,-,-,0,0,0,,,
801-5,801,NAM CHOON DEVELOPERS SDN. BHD.,Taman Sungai Karang Darat I,-,-,0,0,0,,1999-07-07,2000-07-06
801-6,801,NAM CHOON DEVELOPERS SDN. BHD.,Taman Setongkol Fasa 5,-,-,0,0,0,,2001-08-13,2002-08-12
817-1,817,UNIPHOENIX JAYA SDN. BHD.,Taman Kota Jaya,Johor,Kota Tinggi,4129,0,0,,2021-03-15,2022-03-14
829-1,829,USAHA EHSAN SDN. BHD.,Taman Ehsan Fasa-3b (p1),-,-,0,0,0,,1992-06-26,1993-06-25
835-1,835,PERMAS JAYA SDN. BHD.,Bandar Baru Permas Jaya Dua,Johor,Johor Bahru,0,0,0,,2000-01-19,2001-01-18
835-2,835,PERMAS JAYA SDN. BHD.,Bandar Baru Permas Jaya,Johor,Johor Bahru,8257,0,0,,2018-05-14,2019-05-13
835-3,835,PERMAS JAYA SDN. BHD.,Bandar Baru Permas Jaya,Johor,Johor Bahru,0,0,0,,2003-04-12,2004-04-11
835-4,835,PERMAS JAYA SDN. BHD.,Bandar Baru Permas Jaya,Johor,Johor Bahru,170,0,0,,2007-01-09,2008-01-08
835-5,835,PERMAS JAYA SDN. BHD.,Bandar Baru Permas Jaya,Johor,Johor Bahru,92,0,0,,2006-12-14,2007-12-13
835-6,835,PERMAS JAYA SDN. BHD.,The Straits View Residences,Johor,Johor Bahru,108,0,0,,2011-04-28,2012-04-27
835-7,835,PERMAS JAYA SDN. BHD.,The Straits View Residences,Johor,Johor Bahru,112,0,0,,2014-04-16,2015-04-15
835-8,835,PERMAS JAYA SDN. BHD.,"Rumah Teres 2 Tingkat, Zone 2-3",Johor,Johor Bahru,119,0,0,,2020-08-12,2021-08-11
835-9,835,PERMAS JAYA SDN. BHD.,Rumah Teres 2 Tingkat,Johor,Johor Bahru,150,0,0,,2020-08-14,2021-08-13
835-10,835,PERMAS JAYA SDN. BHD.,Permas Ville,Johor,Johor Bahru,291,"1, 2, 3","1, 2, 3",,2023-03-11,2024-03-10
835-11,835,PERMAS JAYA SDN. BHD.,"Zone 2-1, Bandar Baru Permas Jaya",Johor,Johor Bahru,142,"3, 4","3, 4",,2024-09-05,2025-09-04
835-12,835,PERMAS JAYA SDN. BHD.,Apartmen Bayu Permas,Johor,Johor Bahru,100,"3, 4","2, 3",,2023-09-13,2026-09-12
835-13,835,PERMAS JAYA SDN. BHD.,Rimbunan,Johor,Johor Bahru,198,5,6,,2024-09-04,2027-09-03
835-14,835,PERMAS JAYA SDN. BHD.,Residensi Dwi Pesona,Johor,Johor Bahru,715,"1, 3, 4","1, 2, 3",,2025-09-26,2028-09-25
835-15,835,PERMAS JAYA SDN. BHD.,Residensi Suasana Permas,Johor,Johor Bahru,399,3,2,,2025-11-26,2028-11-25
836-1,836,HARIMAU HOUSING DEVELOPMENT SDN. BHD.,Bandar Baru Permas Jaya,-,-,0,0,0,,,
839-1,839,LANDBANQ SDN. BHD.,Taman Lake View,-,-,0,0,0,,1992-06-26,1993-06-25
839-2,839,LANDBANQ SDN. BHD.,Taman Lake View,-,-,0,0,0,,1996-11-01,1997-10-31
847-1,847,LEONG WAN DEVELOPMENT SDN. BHD.,Taman Telok Sisek,-,-,0,0,0,,1990-03-13,1991-03-12
847-2,847,LEONG WAN DEVELOPMENT SDN. BHD.,Taman Air Putih,-,-,0,0,0,,,
847-3,847,LEONG WAN DEVELOPMENT SDN. BHD.,Taman Galing Kecil,-,-,0,0,0,,1996-08-08,1997-08-07
847-4,847,LEONG WAN DEVELOPMENT SDN. BHD.,Leong Wan Development Sdn Bhd,-,-,0,0,0,,2001-11-20,2002-11-19
847-5,847,LEONG WAN DEVELOPMENT SDN. BHD.,Lot 29020 - 29023 Mukim Kuala Kuantan,-,-,0,0,0,,2003-05-19,2004-04-09
847-6,847,LEONG WAN DEVELOPMENT SDN. BHD.,Lot 463 Mukim Kuala Kuantan,-,-,0,0,0,,2004-12-13,2005-12-12
847-7,847,LEONG WAN DEVELOPMENT SDN. BHD.,Leong Wan Development Sdn Bhd,Pahang,Kuantan,50,0,0,,2006-08-25,2007-08-24
847-8,847,LEONG WAN DEVELOPMENT SDN. BHD.,Leong Wan Development Sdn.bhd.,Pahang,Kuantan,14,0,0,,2010-11-15,2011-11-14
847-9,847,LEONG WAN DEVELOPMENT SDN. BHD.,Leong Wan Development Sdn Bhd,Pahang,Kuantan,15,0,0,,2014-11-27,2015-11-26
855-1,855,SOGA SDN. BHD,Taman Soga,-,-,0,0,0,,2004-06-07,2005-06-06
855-2,855,SOGA SDN. BHD,Taman Soga Ii,Johor,Batu Pahat,57,0,0,,2008-05-28,2009-05-27
855-3,855,SOGA SDN. BHD,Taman Soga Ii,Johor,Batu Pahat,5,0,0,,2007-06-08,2008-06-07
855-4,855,SOGA SDN. BHD,Soga Sdn Bhd,Johor,Batu Pahat,24,0,0,,2011-05-26,2012-05-25
885-1,885,BONDS CORPORATION SDN. BHD.,Desa Cheras,-,-,0,0,0,,2002-09-27,2003-09-26
885-2,885,BONDS CORPORATION SDN. BHD.,Kampung Jawa,-,-,0,0,0,,2003-07-03,2004-04-09
887-1,887,BANDAR PARK SDN. BHD.,Bandar Lahat Baru,-,-,0,0,0,,,
887-2,887,BANDAR PARK SDN. BHD.,Bandar Lahat Baru,Perak,Kinta,653,0,0,,2011-04-22,2012-04-21
897-1,897,PEMBANGUNAN FARLIM SDN. BHD,Taman Raud Utama,-,-,0,0,0,,,
904-1,904,MERITAGE LAND SDN. BHD.,Taman Sri Air Putih (p1),-,-,0,0,0,,1986-05-07,1987-05-06
904-2,904,MERITAGE LAND SDN. BHD.,Taman Haji Ahmad,-,-,0,0,0,,2001-03-02,2002-03-01
904-3,904,MERITAGE LAND SDN. BHD.,Taman Haji Ahmad - Fasa 2,-,-,0,0,0,,2003-03-07,2004-03-06
904-4,904,MERITAGE LAND SDN. BHD.,Taman Galing View,Pahang,Kuantan,29,0,0,,2005-03-26,2006-03-25
904-5,904,MERITAGE LAND SDN. BHD.,Taman Setongkol Hill,Pahang,Kuantan,27,0,0,,2018-09-27,2019-09-26
904-6,904,MERITAGE LAND SDN. BHD.,Taman Kobat Residensi,Pahang,Kuantan,27,0,0,,2021-02-05,2023-02-04
904-7,904,MERITAGE LAND SDN. BHD.,Taman Kobat Residensi 2,Pahang,Kuantan,32,4,2,,2023-05-02,2025-05-01
907-1,907,YU LEE REALTY SDN. BHD.,Taman Seri Bukit,-,-,0,0,0,,,
907-2,907,YU LEE REALTY SDN. BHD.,294 Emr 2783,-,-,0,0,0,,1993-10-04,1994-10-03
907-3,907,YU LEE REALTY SDN. BHD.,"Lot 37 Taman Hijau, Kajang",-,-,0,0,0,,1997-06-26,1998-06-25
910-1,910,SYARIKAT KAR KING SDN. BHD,Taman Mas,-,-,0,0,0,,2000-04-24,2001-04-23
910-2,910,SYARIKAT KAR KING SDN. BHD,Taman Mas Jaya ,-,-,0,0,0,,2004-06-07,2005-06-06
910-3,910,SYARIKAT KAR KING SDN. BHD,Taman Mas - Fasa 1,-,-,0,0,0,,2002-06-21,2003-06-20
910-4,910,SYARIKAT KAR KING SDN. BHD,Taman Mas,Perak,Kinta,72,0,0,,2006-08-14,2007-04-28
910-5,910,SYARIKAT KAR KING SDN. BHD,Taman Tapah Iii,Perak,Batang Padang,26,0,0,,2009-11-03,2010-11-02
910-6,910,SYARIKAT KAR KING SDN. BHD,Desa Lahat Sri-wang,Perak,Kinta,45,0,0,,2011-11-16,2012-07-26
911-1,911,SRI PINANG DEVELOPMENT SDN. BHD.,Sri Pinang,-,-,0,0,0,,1990-11-13,1991-11-12
920-1,920,CHIP HOCK REALTY & DEVELOPMENT SDN. BHD.,Taman Bukit Melaka - Fasa Iii,-,-,0,0,0,,1995-01-07,1996-01-06
920-2,920,CHIP HOCK REALTY & DEVELOPMENT SDN. BHD.,Taman Kerjasama Satu,-,-,0,0,0,,1992-03-07,1993-03-06
920-3,920,CHIP HOCK REALTY & DEVELOPMENT SDN. BHD.,Taman Kesidang Sek.ii,-,-,0,0,0,,1993-12-11,1994-12-10
920-4,920,CHIP HOCK REALTY & DEVELOPMENT SDN. BHD.,Taman Dahlia,-,-,0,0,0,,2003-08-11,2004-08-10
920-5,920,CHIP HOCK REALTY & DEVELOPMENT SDN. BHD.,Taman Segar,-,-,0,0,0,,1988-03-04,1989-03-03
930-1,930,SYARIKAT JAYA DIRI KEMAJUAN SDN. BHD.,Taman Mutiara,-,-,0,0,0,,1990-08-07,1991-08-06
930-2,930,SYARIKAT JAYA DIRI KEMAJUAN SDN. BHD., Taman Sri Wangi Yong Peng,-,-,0,0,0,,1996-07-17,1997-07-16
930-3,930,SYARIKAT JAYA DIRI KEMAJUAN SDN. BHD.,Taman Mutiara I & Ii,-,-,0,0,0,,,
930-5,930,SYARIKAT JAYA DIRI KEMAJUAN SDN. BHD.,Taman Cerah Fasa I & Ii,-,-,0,0,0,,1991-11-27,1992-11-26
930-6,930,SYARIKAT JAYA DIRI KEMAJUAN SDN. BHD.,Taman Bakri,-,-,0,0,0,,1996-07-17,1997-07-16
930-7,930,SYARIKAT JAYA DIRI KEMAJUAN SDN. BHD.,Taman Bakri,-,-,0,0,0,,1992-03-13,1993-03-12
930-8,930,SYARIKAT JAYA DIRI KEMAJUAN SDN. BHD.,Sri Damai,-,-,0,0,0,,1993-09-03,1994-09-02
930-9,930,SYARIKAT JAYA DIRI KEMAJUAN SDN. BHD.,Taman Peri,-,-,0,0,0,,1996-12-03,1997-12-02
930-10,930,SYARIKAT JAYA DIRI KEMAJUAN SDN. BHD.,Taman Peri,-,-,0,0,0,,1992-04-10,1993-04-09
930-11,930,SYARIKAT JAYA DIRI KEMAJUAN SDN. BHD.,Taman Sri Sentosa,-,-,0,0,0,,,
930-12,930,SYARIKAT JAYA DIRI KEMAJUAN SDN. BHD.,Syarikat Jaya Diri Kemajuan Sdn. Bhd.,Johor,Batu Pahat,24,0,0,,2010-12-27,2011-12-26
930-13,930,SYARIKAT JAYA DIRI KEMAJUAN SDN. BHD.,Syarikat Jaya Diri Kemajuan Sdn Bhd,Johor,Batu Pahat,28,0,0,,2011-01-21,2012-01-20
930-14,930,SYARIKAT JAYA DIRI KEMAJUAN SDN. BHD.,Syarikat Jaya Diri Kemajuan Sdn. Bhd.,Johor,Batu Pahat,58,0,0,,2013-08-30,2015-08-29
931-1,931,SYARIKAT SAKAN SENDIRIAN BERHAD,Taman Shahab,Kedah,Kota Setar,0,0,0,,,
931-3,931,SYARIKAT SAKAN SENDIRIAN BERHAD,Komplek Zarah (p3),Kedah,-,0,0,0,,1985-03-04,1986-03-03
931-4,931,SYARIKAT SAKAN SENDIRIAN BERHAD,Taman Murni (p4),Kedah,-,0,0,0,,1986-05-25,1987-05-24
931-5,931,SYARIKAT SAKAN SENDIRIAN BERHAD,Taman Sri Menanti (p5),Kedah,-,0,0,0,,1992-03-21,1993-03-20
931-7,931,SYARIKAT SAKAN SENDIRIAN BERHAD,Desa Kamela,Kedah,-,0,0,0,,1993-07-18,1994-07-17
931-8,931,SYARIKAT SAKAN SENDIRIAN BERHAD,Taman Desa Baiduri,Kedah,-,0,0,0,,1998-11-07,1999-11-06
931-9,931,SYARIKAT SAKAN SENDIRIAN BERHAD,Desa Kamela Fasa 3,-,-,0,0,0,,2001-08-28,2002-08-27
931-10,931,SYARIKAT SAKAN SENDIRIAN BERHAD,Taman Shahab 2,Kedah,Kota Setar,0,0,0,,2004-12-07,2005-12-06
931-11,931,SYARIKAT SAKAN SENDIRIAN BERHAD,Taman Desa Impiana,Kedah,-,0,0,0,,2005-05-04,2006-05-03
931-12,931,SYARIKAT SAKAN SENDIRIAN BERHAD,Lot 2057,Kedah,Kubang Pasu,23,0,0,,2009-04-23,2010-04-22
931-13,931,SYARIKAT SAKAN SENDIRIAN BERHAD,Lot 125,Kedah,Kota Setar,28,0,0,,2011-04-07,2012-03-01
931-14,931,SYARIKAT SAKAN SENDIRIAN BERHAD,Pt 12800,Kedah,Kota Setar,30,0,0,,2011-08-12,2012-08-11
931-15,931,SYARIKAT SAKAN SENDIRIAN BERHAD,Belum Ada Nama ,Kedah,Kota Setar,98,0,0,,2011-12-08,2012-12-07
931-16,931,SYARIKAT SAKAN SENDIRIAN BERHAD,Taman Mayang Sari,Kedah,Kota Setar,30,0,0,,2013-12-17,2014-12-16
931-17,931,SYARIKAT SAKAN SENDIRIAN BERHAD,Taman Desa Ara,Kedah,Kota Setar,98,0,0,,2015-04-22,2017-04-21
931-18,931,SYARIKAT SAKAN SENDIRIAN BERHAD,Syarikat Sakan Sendirian Berhad,Kedah,Kota Setar,30,0,0,,2019-10-24,2022-10-23
931-19,931,SYARIKAT SAKAN SENDIRIAN BERHAD,Syarikat Sakan Sendirian Berhad,Kedah,Kota Setar,49,0,0,,2022-01-19,2023-01-18
931-20,931,SYARIKAT SAKAN SENDIRIAN BERHAD,Taman Tunku Mohd Jiwa (ttmj),Kedah,Kota Setar,88,3,2,,2023-01-25,2025-01-24
978-1,978,PANTAI VIEW SDN. BHD.,Pantai View,-,-,0,0,0,,,
982-1,982,BESERI JAYA ENTERPRISE SDN. BHD.,Perumahan Awam Sg. Petani,-,-,0,0,0,,1992-02-10,1993-02-09
982-2,982,BESERI JAYA ENTERPRISE SDN. BHD.,Taman Bukit Rambai,-,-,0,0,0,,1991-08-10,1992-08-09
982-3,982,BESERI JAYA ENTERPRISE SDN. BHD.,Lot 1218 (p3),-,-,0,0,0,,1986-01-28,1987-01-27
982-4,982,BESERI JAYA ENTERPRISE SDN. BHD.,Taman Bukit Peringgit (p4),-,-,0,0,0,,1986-12-09,1987-12-08
982-5,982,BESERI JAYA ENTERPRISE SDN. BHD.,Taman Bunga Tanjung,-,-,0,0,0,,,
982-6,982,BESERI JAYA ENTERPRISE SDN. BHD.,Taman Melaka Pindah,-,-,0,0,0,,1989-10-25,1990-10-24
1002-1,1002,PULAU INDAH SDN. BHD.,Taman Indah,-,-,0,0,0,,1982-01-02,1983-01-01
1012-1,1012,SENG HONG ENTERPRISE SDN. BHD.,Taman Suria,-,-,0,0,0,,1996-08-10,1997-08-09
1012-2,1012,SENG HONG ENTERPRISE SDN. BHD.,Taman Seri Semarak,-,-,0,0,0,,1992-07-04,1993-07-03
1012-3,1012,SENG HONG ENTERPRISE SDN. BHD.,Taman Bersatu,-,-,0,0,0,,1997-01-02,1998-01-01
1012-4,1012,SENG HONG ENTERPRISE SDN. BHD.,Taman Sungai Kerang,-,-,0,0,0,,1989-01-20,1990-01-19
1012-5,1012,SENG HONG ENTERPRISE SDN. BHD.,Taman Bersatu,-,-,0,0,0,,1992-01-22,1993-01-21
1012-6,1012,SENG HONG ENTERPRISE SDN. BHD.,.,-,-,0,0,0,,1992-01-22,1993-01-21
1012-7,1012,SENG HONG ENTERPRISE SDN. BHD.,Pt 1015 Mukim Jitra,-,-,0,0,0,,,
1012-8,1012,SENG HONG ENTERPRISE SDN. BHD.,Taman Sri Tanjong Satu,-,-,0,0,0,,1998-06-12,1999-06-11
1012-9,1012,SENG HONG ENTERPRISE SDN. BHD.,Tmn.perpaduan 11 Dan Taman Restu,-,-,0,0,0,,2002-08-01,2002-12-26
1012-10,1012,SENG HONG ENTERPRISE SDN. BHD.,Taman Repoh Jaya,-,-,0,0,0,,2001-06-02,2002-06-01
1012-11,1012,SENG HONG ENTERPRISE SDN. BHD.,Taman Sejahtera,Perlis,Perlis,88,0,0,,2006-09-13,2007-09-12
1012-12,1012,SENG HONG ENTERPRISE SDN. BHD.,Taman Kempas,Kedah,Pokok Sena (daerah Kecil),181,0,0,,2010-05-04,2010-11-03
1012-13,1012,SENG HONG ENTERPRISE SDN. BHD.,Seng Hong Enterprise Sdn Bhd,Perak,Larut & Matang,122,0,0,,2016-08-02,2017-08-01
1012-14,1012,SENG HONG ENTERPRISE SDN. BHD.,Taman Utara Jaya Jejawi,Perlis,Perlis,55,4,3,,2016-12-25,2027-12-24
1012-15,1012,SENG HONG ENTERPRISE SDN. BHD.,Taman Kechor Impian,Perlis,Perlis,15,0,0,,2020-07-15,2021-07-14
1012-16,1012,SENG HONG ENTERPRISE SDN. BHD.,Taman Kurau Sentosa,Perak,Larut & Matang,46,3,2,,2024-02-15,2026-02-14
1018-1,1018,C.K.C. DEVELOPMENTS SDN. BHD.,Taman Desa Melor,-,-,0,0,0,,1991-10-16,1992-10-15
1018-2,1018,C.K.C. DEVELOPMENTS SDN. BHD.,Desa Bunga Raya,-,-,0,0,0,,1990-10-23,1991-10-22
1018-3,1018,C.K.C. DEVELOPMENTS SDN. BHD.,Taman Desa Anggerik,-,-,0,0,0,,,
1018-4,1018,C.K.C. DEVELOPMENTS SDN. BHD.,Taman Setali Indah,-,-,0,0,0,,1993-08-14,1994-08-13
1018-5,1018,C.K.C. DEVELOPMENTS SDN. BHD.,Taman Cahaya,-,-,0,0,0,,,
1018-6,1018,C.K.C. DEVELOPMENTS SDN. BHD.,Taman Desa Teratai,-,-,0,0,0,,1997-09-09,1998-09-08
1018-7,1018,C.K.C. DEVELOPMENTS SDN. BHD.,Taman Sri Sentul,-,-,0,0,0,,1998-02-05,1999-02-04
1018-8,1018,C.K.C. DEVELOPMENTS SDN. BHD.,Desa Cahaya,-,-,0,0,0,,1998-03-11,1999-03-10
1018-9,1018,C.K.C. DEVELOPMENTS SDN. BHD.,Taman Dahlia,-,-,0,0,0,,2001-07-05,2002-07-04
1018-10,1018,C.K.C. DEVELOPMENTS SDN. BHD.,Taman Seri Teruntum,-,-,0,0,0,,2003-09-15,2004-09-14
1018-11,1018,C.K.C. DEVELOPMENTS SDN. BHD.,Desa Bukit Ubi,Pahang,Kuantan,30,0,0,,2006-03-09,2007-02-05
1018-12,1018,C.K.C. DEVELOPMENTS SDN. BHD.,Desa Bukit Bay Route,Pahang,Kuantan,20,0,0,,2009-05-27,2010-05-26
1018-13,1018,C.K.C. DEVELOPMENTS SDN. BHD.,Taman Kampung Tengah,Pahang,Kuantan,16,0,0,,2009-07-16,2010-07-15
1018-14,1018,C.K.C. DEVELOPMENTS SDN. BHD.,Taman Seri Teruntum 2,Pahang,Kuantan,13,0,0,,2010-08-24,2011-08-23
1018-15,1018,C.K.C. DEVELOPMENTS SDN. BHD.,Taman Seri Damai Jaya,Pahang,Kuantan,12,0,0,,2012-02-16,2013-02-15
1018-16,1018,C.K.C. DEVELOPMENTS SDN. BHD.,Taman Seri Teruntum 3,Pahang,Kuantan,23,0,0,,2014-01-23,2015-01-22
1018-17,1018,C.K.C. DEVELOPMENTS SDN. BHD.,Perumahan Seri Teruntum,Pahang,Kuantan,20,0,0,,2014-07-19,2016-07-18
1018-18,1018,C.K.C. DEVELOPMENTS SDN. BHD.,Taman Bukit Bay Route,Pahang,Kuantan,52,0,0,,2021-03-21,2022-03-20
1018-19,1018,C.K.C. DEVELOPMENTS SDN. BHD.,Taman Bukit Bay Route Fasa 2,Pahang,Kuantan,37,4,4,,2025-04-04,2026-04-03
1025-1,1025,ALMA REALTY SDN. BHD.,Taman Alma,Pulau Pinang,Seberang Perai Tengah,20,0,0,,1989-08-15,1990-08-14
1030-1,1030,TENAGA DANAWA SDN. BHD.,Bandar Baru Menglembu,-,-,0,0,0,,1993-10-19,1994-10-18
1030-2,1030,TENAGA DANAWA SDN. BHD.,Kg. Dato Seri Kamaruddin Tambahan Ii,Perak,Manjung,42,0,0,,2005-11-16,2006-11-15
1030-3,1030,TENAGA DANAWA SDN. BHD.,Lot 92 - 101 Dan Lot 106 - 134,-,-,0,0,0,,,
1030-4,1030,TENAGA DANAWA SDN. BHD.,Taman Changkat Lada Raya,Perak,Perak Tengah,123,0,0,,2009-06-02,2010-06-01
1030-5,1030,TENAGA DANAWA SDN. BHD.,Tenaga Danawa Sdn. Bhd.,Perak,Perak Tengah,89,0,0,,,
1034-1,1034,UDA LAND (PERUDA) SDN. BHD.,Taman Peruda Utama,-,-,0,0,0,,1997-01-27,1998-01-26
1034-2,1034,UDA LAND (PERUDA) SDN. BHD.,Taman Peruda Utama Fasa 1f,-,-,0,0,0,,1999-09-29,2000-09-28
1034-3,1034,UDA LAND (PERUDA) SDN. BHD.,Taman Alor Setar,-,-,0,0,0,,2000-05-04,2001-05-03
1034-4,1034,UDA LAND (PERUDA) SDN. BHD.,Taman Bertam Selatan Fasa 1,-,-,0,0,0,,,
1034-5,1034,UDA LAND (PERUDA) SDN. BHD.,Taman Harmoni Indah,Kedah,Kuala Muda,51,0,0,,2007-08-13,2008-05-28
1036-1,1036,SHEE HOCK LEONG & SONS CORPORATION SDN. BHD.,Taman Galing,-,-,0,0,0,,,
1036-2,1036,SHEE HOCK LEONG & SONS CORPORATION SDN. BHD.,Taman Teluk Pulai,-,-,0,0,0,,1992-03-27,1993-03-26
1036-3,1036,SHEE HOCK LEONG & SONS CORPORATION SDN. BHD.,Taman Sri Kuantan,-,-,0,0,0,,1984-07-12,1985-07-11
1036-4,1036,SHEE HOCK LEONG & SONS CORPORATION SDN. BHD.,Taman Sri Kuantan Indah,-,-,0,0,0,,1992-07-04,1993-07-03
1036-5,1036,SHEE HOCK LEONG & SONS CORPORATION SDN. BHD.,Taman Sri Kuantan Indah.,-,-,0,0,0,,,
1036-6,1036,SHEE HOCK LEONG & SONS CORPORATION SDN. BHD.,Taman Perdana,-,-,0,0,0,,1997-05-07,1998-05-06
1049-1,1049,DM ENTERPRISE SDN. BHD.,Taman Sri Beruas Fasa 1-ii,-,-,0,0,0,,,
1049-2,1049,DM ENTERPRISE SDN. BHD.,Taman Wakaf Jaya Fasa 11b,-,-,0,0,0,,1998-08-18,1999-08-17
1049-3,1049,DM ENTERPRISE SDN. BHD.,Pt 12058 K - Pt 12077 K Mukim Batu Rakit,-,-,0,0,0,,2002-12-13,2003-12-12
1049-4,1049,DM ENTERPRISE SDN. BHD.,Taman Hasanah,Terengganu,Marang,9,0,0,,1986-12-09,1987-12-08
1049-5,1049,DM ENTERPRISE SDN. BHD.,Taman Perumahan Hasanah Village Garden,Terengganu,Marang,11,0,0,,,
1071-1,1071,SRI SELTRA SDN. BHD.,Taman Nirwana,Selangor,Hulu Langat,1788,0,0,,2015-08-17,2016-08-16
1071-2,1071,SRI SELTRA SDN. BHD.,Ketapang Villa,Selangor,Hulu Langat,49,0,0,,2009-06-05,2010-06-04
1071-3,1071,SRI SELTRA SDN. BHD.,City Garden  Commercial Centre,Selangor,Hulu Langat,172,0,0,,2018-11-07,2019-11-06
1071-4,1071,SRI SELTRA SDN. BHD.,Alfa Bangsar,Wp Kuala Lumpur,Kuala Lumpur,178,"1, 2","1, 2",,2024-10-01,2025-09-30
1075-1,1075,J.M. GHOUSE SDN. BHD.,Taman Rasa Ria,-,-,0,0,0,,1991-11-26,1992-11-25
1075-2,1075,J.M. GHOUSE SDN. BHD.,Taman Rasa Ria,-,-,0,0,0,,2001-05-17,2002-05-16
1079-1,1079,PPB HARTABINA SDN. BHD.,Taman Segar Fasa Ii,-,-,0,0,0,,1993-10-09,1994-10-08
1079-2,1079,PPB HARTABINA SDN. BHD.,Taman Segar - Fasa 2,-,-,0,0,0,,2004-01-06,2005-01-05
1079-3,1079,PPB HARTABINA SDN. BHD.,Segar Courts,Wp Kuala Lumpur,Kuala Lumpur,78,0,0,,2005-04-25,2006-04-24
1079-4,1079,PPB HARTABINA SDN. BHD.,Masera Bukit Segar,Wp Kuala Lumpur,Kuala Lumpur,38,0,0,,2014-07-02,2015-07-01
1079-5,1079,PPB HARTABINA SDN. BHD.,Taman Tanah Aman,Pulau Pinang,Seberang Perai Tengah,38,0,0,,2015-11-22,2016-11-21
1079-6,1079,PPB HARTABINA SDN. BHD.,Megah Rise,Selangor,Petaling ,228,0,0,,2021-12-06,2022-12-05
1118-1,1118,TANJONG PETRI ENTERPRISE SDN. BHD,Taman Mawai,-,-,0,0,0,,,
1119-1,1119,WINMIN BUILDERS SDN. BHD,"Taman Muzaffar Syah Fasa 2a,3a,3b & 4a",-,-,0,0,0,,1998-11-22,1999-11-21
1119-2,1119,WINMIN BUILDERS SDN. BHD,Bolton Industrial Park F.1b,-,-,0,0,0,,,
1119-3,1119,WINMIN BUILDERS SDN. BHD,Lot 18427 Mk.batu Daerahgombak,-,-,0,0,0,,1999-05-06,2000-05-05
1119-4,1119,WINMIN BUILDERS SDN. BHD,5 Tingkat Kos Rendah,Selangor,Gombak,200,0,0,,2005-07-19,2006-07-18
1121-1,1121,TIMBUNAN ALAM PROPERTY SDN. BHD.,Taman Bumi Jaya,-,-,0,0,0,,1995-01-05,1996-01-04
1121-2,1121,TIMBUNAN ALAM PROPERTY SDN. BHD.,Nilai Perdana,Negeri Sembilan,Seremban,30,0,0,,2003-09-23,2004-09-22
1121-3,1121,TIMBUNAN ALAM PROPERTY SDN. BHD.,Nilai Perdana - Low Cost,-,-,0,0,0,,,
1121-4,1121,TIMBUNAN ALAM PROPERTY SDN. BHD.,Nilai Perdana,Negeri Sembilan,Seremban,0,0,0,,,
1136-1,1136,FARLIM GROUP (MALAYSIA) BERHAD,Bandar Baru Ayer Itam,-,-,0,0,0,,1997-09-24,1998-09-23
1136-2,1136,FARLIM GROUP (MALAYSIA) BERHAD,Bandar Baru Ayer Itam,-,-,0,0,0,,2002-03-28,2003-03-27
1136-3,1136,FARLIM GROUP (MALAYSIA) BERHAD,Bandar Baru Ayer Itam,-,-,0,0,0,,1999-04-02,2000-04-01
1136-4,1136,FARLIM GROUP (MALAYSIA) BERHAD,Bandar Baru Ayer Itam,-,-,0,0,0,,2002-08-20,2003-08-19
1136-5,1136,FARLIM GROUP (MALAYSIA) BERHAD,Bandar Baru Ayer Itam,-,-,0,0,0,,2003-04-23,2004-04-22
1136-6,1136,FARLIM GROUP (MALAYSIA) BERHAD,Sri Impian,Pulau Pinang,Daerah Timor Laut,800,0,0,,2005-09-23,2006-09-22
1136-7,1136,FARLIM GROUP (MALAYSIA) BERHAD,Casa Idaman,Pulau Pinang,Daerah Timor Laut,61,0,0,,2005-05-29,2006-05-28
1136-8,1136,FARLIM GROUP (MALAYSIA) BERHAD,Sri Kristal,Pulau Pinang,Daerah Timor Laut,398,0,0,,2009-01-05,2010-01-04
1136-9,1136,FARLIM GROUP (MALAYSIA) BERHAD,View Court,Pulau Pinang,Daerah Timor Laut,19,0,0,,2011-10-06,2012-10-05
1136-10,1136,FARLIM GROUP (MALAYSIA) BERHAD,Taman Impiana Bidor,Perak,Batang Padang,24,0,0,,2021-01-10,2022-01-09
1136-11,1136,FARLIM GROUP (MALAYSIA) BERHAD,Taman Impiana Bidor,Perak,Batang Padang,102,0,0,,2020-01-18,2021-01-17
1136-12,1136,FARLIM GROUP (MALAYSIA) BERHAD,Taman Impiana Bidor,Perak,Batang Padang,56,0,0,,2021-01-19,2022-01-18
1136-13,1136,FARLIM GROUP (MALAYSIA) BERHAD,Taman Impiana Bidor,Perak,Batang Padang,15,0,0,,2020-12-07,2021-12-06
1136-14,1136,FARLIM GROUP (MALAYSIA) BERHAD,Taman Impiana Bidor,Perak,Batang Padang,51,"3, 4",2,,2021-05-05,2023-05-04
1136-15,1136,FARLIM GROUP (MALAYSIA) BERHAD,Taman Impiana Bidor,Perak,Batang Padang,48,3,2,,2021-11-26,2023-11-25
1136-16,1136,FARLIM GROUP (MALAYSIA) BERHAD,Taman Impiana Bidor,Perak,Batang Padang,78,3,2,,2023-03-01,2025-02-28
1136-17,1136,FARLIM GROUP (MALAYSIA) BERHAD,Taman Impiana Bidor,Perak,Batang Padang,14,"4, 5","2, 3, 4",,2023-11-29,2025-11-28
1136-18,1136,FARLIM GROUP (MALAYSIA) BERHAD,Taman Impiana Bidor,Perak,Batang Padang,53,3,2,,2026-06-18,2027-06-17
1136-19,1136,FARLIM GROUP (MALAYSIA) BERHAD,Impiana Upeh,Pulau Pinang,-,24,4,3,,2025-07-25,2027-07-24
1136-20,1136,FARLIM GROUP (MALAYSIA) BERHAD,Taman Impiana Bidor,Perak,Batang Padang,62,3,2,,2025-11-11,2027-11-10
1145-1,1145,PETER'S BRICKWORKS SDN. BERHAD,Taman Sri Gaya,-,-,0,0,0,,,
1145-2,1145,PETER'S BRICKWORKS SDN. BERHAD,Taman Bercham Permai,Perak,Kinta,53,0,0,,2006-03-28,2007-03-27
1145-3,1145,PETER'S BRICKWORKS SDN. BERHAD,Taman Seri Gaya,-,-,0,0,0,,1993-10-20,1994-10-19
1145-4,1145,PETER'S BRICKWORKS SDN. BERHAD,Taman Petaling Utama,Selangor,Petaling ,276,0,0,,2004-08-19,2005-08-18
1145-5,1145,PETER'S BRICKWORKS SDN. BERHAD,Taman Meru Fasa 11b,-,-,0,0,0,,2002-01-21,2003-01-20
1145-6,1145,PETER'S BRICKWORKS SDN. BERHAD,Pangsapuri Summerfields,Selangor,Hulu Langat,416,0,0,,2017-08-02,2018-08-01
1145-7,1145,PETER'S BRICKWORKS SDN. BERHAD,Taman Petaling Utama,Selangor,Petaling ,1340,0,0,,2009-06-29,2010-06-28
1145-8,1145,PETER'S BRICKWORKS SDN. BERHAD,Bercham Permai,Perak,Kinta,148,0,0,,2008-02-04,2009-02-03
1145-9,1145,PETER'S BRICKWORKS SDN. BERHAD,Taman Bercham Permai,Perak,Kinta,13,0,0,,2010-04-23,2011-04-22
1148-1,1148,LIM CHEE WAH & SONS REALTY SDN. BHD.,Taman Bandar Bahau,-,-,0,0,0,,1992-05-02,1993-05-01
1149-1,1149,FALIM DEVELOPMENT SDN. BHD.,Taman Molek,Perak,Kinta,10,0,0,,2013-07-10,2015-07-09
1149-2,1149,FALIM DEVELOPMENT SDN. BHD.,Falim Development Sdn. Bhd.,Perak,Kinta,31,0,0,,2017-09-14,2018-09-13
1149-3,1149,FALIM DEVELOPMENT SDN. BHD.,Desa Park Chemor,Perak,Kinta,116,"3, 4","2, 3",,2025-09-12,2026-09-11
1149-4,1149,FALIM DEVELOPMENT SDN. BHD.,Desa Park Chemor,Perak,-,110,4,3,,2026-04-22,2028-04-21
1150-1,1150,UKAY LAKE HOLDINGS SDN. BHD.,Taman Kelab Ukay,-,-,0,0,0,,1998-02-20,1999-02-19
1161-1,1161,SUMMIT DEVELOPMENT CORPORATION SDN. BHD,Taman Kemuncak,-,-,0,0,0,,,
1161-2,1161,SUMMIT DEVELOPMENT CORPORATION SDN. BHD,Taman Bersatu,-,-,0,0,0,,1993-12-11,1994-12-10
1161-3,1161,SUMMIT DEVELOPMENT CORPORATION SDN. BHD,Taman Bersatu Fasa 2c,-,-,0,0,0,,1996-03-14,1997-03-13
1161-4,1161,SUMMIT DEVELOPMENT CORPORATION SDN. BHD,Xxx,-,-,0,0,0,,1996-01-30,1997-01-29
1161-5,1161,SUMMIT DEVELOPMENT CORPORATION SDN. BHD,Xxx,-,-,0,0,0,,,
1161-6,1161,SUMMIT DEVELOPMENT CORPORATION SDN. BHD,Xxx,-,-,0,0,0,,,
1161-7,1161,SUMMIT DEVELOPMENT CORPORATION SDN. BHD,Xxx,-,-,0,0,0,,,
1161-8,1161,SUMMIT DEVELOPMENT CORPORATION SDN. BHD,Xxx,-,-,0,0,0,,,
1161-9,1161,SUMMIT DEVELOPMENT CORPORATION SDN. BHD,Taman Bersatu,-,-,0,0,0,,1999-05-22,2000-05-21
1161-10,1161,SUMMIT DEVELOPMENT CORPORATION SDN. BHD,Taman Kemunchak,-,-,0,0,0,,1997-07-10,1998-07-09
1161-11,1161,SUMMIT DEVELOPMENT CORPORATION SDN. BHD,Taman Bersatu,-,-,0,0,0,,2004-05-26,2005-05-25
1164-1,1164,TAN & TAN DEVELOPMENTS BERHAD,Desa Angkasa Fasa 1,-,-,0,0,0,,,
1164-2,1164,TAN & TAN DEVELOPMENTS BERHAD,Pangsapuri Tara,-,-,0,0,0,,1990-12-18,1991-12-17
1164-3,1164,TAN & TAN DEVELOPMENTS BERHAD,Seri Kasih ( Sucasa),-,-,0,0,0,,1999-09-27,2000-09-28
1164-4,1164,TAN & TAN DEVELOPMENTS BERHAD,"Tara, 33, Ampang Hilir",-,-,0,0,0,,,
1164-5,1164,TAN & TAN DEVELOPMENTS BERHAD,"39, Lingkungan U-thant",-,-,0,0,0,,,
1164-6,1164,TAN & TAN DEVELOPMENTS BERHAD,Tan & Tan Developments Berhad,Wp Kuala Lumpur,Kuala Lumpur,83,0,0,,,
1164-7,1164,TAN & TAN DEVELOPMENTS BERHAD,U-thant Residence,Wp Kuala Lumpur,Kuala Lumpur,77,0,0,,2007-06-26,2008-06-25
1164-8,1164,TAN & TAN DEVELOPMENTS BERHAD,Seri Ampang Hilir Residences,Wp Kuala Lumpur,Kuala Lumpur,40,0,0,,2012-03-15,2013-03-14
1164-9,1164,TAN & TAN DEVELOPMENTS BERHAD,Residensi Damai,Wp Kuala Lumpur,Kuala Lumpur,31,0,0,,2016-10-21,2017-10-20
1170-1,1170,LIM CHOR SENG SDN. BHD.,Bagan Aman Lot 1652,-,-,0,0,0,,1992-10-20,1993-10-19
1173-1,1173,DOLOMITE PROPERTIES SDN. BHD.,Medan Batu Caves,Selangor,-,0,0,0,,1991-10-16,1992-10-15
1173-2,1173,DOLOMITE PROPERTIES SDN. BHD.,Dolomite Park Avenue,Selangor,Gombak,474,0,0,,2011-07-21,2012-07-20
1173-3,1173,DOLOMITE PROPERTIES SDN. BHD.,Dolomite Templer,Selangor,Gombak,167,0,0,,2017-07-10,2018-07-09
1173-4,1173,DOLOMITE PROPERTIES SDN. BHD.,Dolomite Templer,Selangor,Gombak,8,0,0,,2021-09-24,2022-09-23
1181-1,1181,MEGAMAS DEVELOPMENT SDN. BHD.,Taman Fajar Tangkak,-,-,0,0,0,,,
1181-2,1181,MEGAMAS DEVELOPMENT SDN. BHD.,Taman Mega Ria,-,-,0,0,0,,1996-04-19,1997-04-18
1181-3,1181,MEGAMAS DEVELOPMENT SDN. BHD.,Taman Mega Ria Fasa Ii,-,-,0,0,0,,1997-09-09,1998-09-08
1181-4,1181,MEGAMAS DEVELOPMENT SDN. BHD.,Taman Pelangi,-,-,0,0,0,,,
1181-5,1181,MEGAMAS DEVELOPMENT SDN. BHD.,Taman Mega Ria Ii,Johor,Muar,82,0,0,,2011-06-22,2012-06-21
1181-6,1181,MEGAMAS DEVELOPMENT SDN. BHD.,Taman Mega Ria 2,Johor,Muar,109,0,0,,2016-12-08,2017-12-07
1181-7,1181,MEGAMAS DEVELOPMENT SDN. BHD.,Taman Mega Ria 2,Johor,Tangkak,50,0,0,,2020-01-02,2021-01-01
1181-8,1181,MEGAMAS DEVELOPMENT SDN. BHD.,Taman Mega Ria 2,Johor,Tangkak,32,0,0,,2021-12-30,2022-12-29
1181-9,1181,MEGAMAS DEVELOPMENT SDN. BHD.,Taman Mega Ria 2,Johor,Tangkak,45,3,"2, 3",,2023-09-02,2025-09-01
1185-1,1185,CITY ATLAS SDN. BHD.,Taman Bukit Indah,-,-,0,0,0,,1989-03-31,1990-03-30
1185-2,1185,CITY ATLAS SDN. BHD.,Desaria,-,-,0,0,0,,1992-12-08,1993-10-01
1185-3,1185,CITY ATLAS SDN. BHD.,Sri Pantai,-,-,0,0,0,,1997-11-21,1998-11-20
1194-1,1194,SYARIKAT PERAK FOOD AGENCIES SDN. BHD.,Taman Mujur ,-,-,0,0,0,,2004-06-28,2005-06-27
1210-1,1210,KANGLIAN DEVELOPMENT SDN BHD,Taman Orkid,-,-,0,0,0,,,
1210-2,1210,KANGLIAN DEVELOPMENT SDN BHD,Taman Bunga Raya,-,-,0,0,0,,1992-11-13,1993-11-12
1210-3,1210,KANGLIAN DEVELOPMENT SDN BHD,Lot 1297,-,-,0,0,0,,1996-07-31,1997-07-30
1210-4,1210,KANGLIAN DEVELOPMENT SDN BHD,Taman Bunga Raya Fasa 4a,-,-,0,0,0,,1999-01-12,2000-01-11
1210-5,1210,KANGLIAN DEVELOPMENT SDN BHD,Taman Bunga Raya Fasa 5,-,-,0,0,0,,1999-01-12,2000-01-11
1210-6,1210,KANGLIAN DEVELOPMENT SDN BHD,Taman Langkap Jaya Fasa 1,-,-,0,0,0,,2001-06-07,2002-06-06
1210-7,1210,KANGLIAN DEVELOPMENT SDN BHD,Taman Langkap Jaya  Fasa 2,-,-,0,0,0,,2001-01-20,2002-01-19
1210-8,1210,KANGLIAN DEVELOPMENT SDN BHD,Taman Melati,-,-,0,0,0,,2001-06-13,2002-06-12
1210-9,1210,KANGLIAN DEVELOPMENT SDN BHD,Taman Langkap Jaya - Fasa 3,-,-,0,0,0,,2001-12-14,2002-12-13
1210-10,1210,KANGLIAN DEVELOPMENT SDN BHD,Taman Bunga Raya- Fasa 6,-,-,0,0,0,,2013-05-26,2014-05-25
1210-11,1210,KANGLIAN DEVELOPMENT SDN BHD,Taman Pusing Sepakat Fasa 1,-,-,0,0,0,,2005-01-31,2006-01-30
1210-12,1210,KANGLIAN DEVELOPMENT SDN BHD,Taman Pusing Sepakat,-,-,0,0,0,,2005-02-04,2006-02-03
1210-13,1210,KANGLIAN DEVELOPMENT SDN BHD,Taman Seri Langkap,Perak,Hilir Perak,98,0,0,,2008-03-30,2009-03-29
1210-14,1210,KANGLIAN DEVELOPMENT SDN BHD,Taman Bukit Perdana,Perak,Batang Padang,54,0,0,,2008-04-10,2009-04-07
1210-15,1210,KANGLIAN DEVELOPMENT SDN BHD,Taman Bunga Raya,Perak,Batang Padang,51,0,0,,2008-03-26,2009-03-06
1210-16,1210,KANGLIAN DEVELOPMENT SDN BHD,Kanglian Development Sdn Bhd,Perak,Batang Padang,54,0,0,,2010-04-24,2011-04-23
1210-17,1210,KANGLIAN DEVELOPMENT SDN BHD,Taman Bunga Raya,Perak,Batang Padang,88,4,4,,2014-02-07,2015-02-06
1210-18,1210,KANGLIAN DEVELOPMENT SDN BHD,Taman Chui Chak,Perak,Hilir Perak,26,0,0,,2012-05-26,2013-05-25
1210-19,1210,KANGLIAN DEVELOPMENT SDN BHD,Taman Bunga Raya,Perak,Batang Padang,60,0,0,,2017-02-15,2018-02-14
1210-20,1210,KANGLIAN DEVELOPMENT SDN BHD,Taman Bunga Raya,Perak,Batang Padang,98,0,0,,2021-01-08,2022-01-07
1210-21,1210,KANGLIAN DEVELOPMENT SDN BHD,The Gulf,Perak,Kinta,133,0,0,,2017-11-07,2018-11-06
1210-22,1210,KANGLIAN DEVELOPMENT SDN BHD,Taman Bunga Raya,Perak,Batang Padang,78,0,0,,2021-01-04,2022-01-03
1210-23,1210,KANGLIAN DEVELOPMENT SDN BHD,Kanglian Development Sdn Bhd,Perak,Batang Padang,24,0,0,,2024-01-13,2025-01-12
1210-24,1210,KANGLIAN DEVELOPMENT SDN BHD,Taman Camellia,Perak,Kinta,84,3,2,,2026-06-21,2027-06-20
1210-25,1210,KANGLIAN DEVELOPMENT SDN BHD,Taman Bunga Raya,Perak,Batang Padang,26,4,3,,2025-10-16,2026-10-15
1211-1,1211,HILLCREST GARDENS SDN. BHD.,Taman Puchong Utama Fasa 1.,-,-,0,0,0,,1987-06-06,1988-06-05
1211-2,1211,HILLCREST GARDENS SDN. BHD.,Tama Puchong Utama,-,-,0,0,0,,1996-05-07,1997-05-06
1211-3,1211,HILLCREST GARDENS SDN. BHD.,Taman Puchong Utama Fasa 3,-,-,0,0,0,,1996-10-12,1997-10-11
1211-4,1211,HILLCREST GARDENS SDN. BHD.,Taman Puchong Utama,-,-,0,0,0,,2001-08-23,2002-08-22
1211-5,1211,HILLCREST GARDENS SDN. BHD.,Seri Gombak,-,-,0,0,0,,2001-01-11,2002-01-10
1211-6,1211,HILLCREST GARDENS SDN. BHD.,Taman Seri Gombak,-,-,0,0,0,,2000-07-06,2001-07-05
1211-7,1211,HILLCREST GARDENS SDN. BHD.,Taman Seri Gombak,-,-,0,0,0,,2001-11-11,2002-11-10
1211-8,1211,HILLCREST GARDENS SDN. BHD.,"Taman Puchong Utama Fasa 6a, 6b & 6c",-,-,0,0,0,,2003-04-16,2004-04-10
1211-9,1211,HILLCREST GARDENS SDN. BHD.,Taman Puchong Utama Fasa 9a Dan 9b,-,-,0,0,0,,2003-06-15,2004-06-05
1211-10,1211,HILLCREST GARDENS SDN. BHD.,Seri Gombak,-,-,0,0,0,,2002-10-05,2003-10-04
1211-11,1211,HILLCREST GARDENS SDN. BHD.,Taman Puchong Utama,Selangor,Petaling ,600,0,0,,2006-06-22,2007-06-21
1211-12,1211,HILLCREST GARDENS SDN. BHD.,Taman Puchong Utama,Selangor,Petaling ,160,0,0,,2005-07-06,2006-07-05
1211-13,1211,HILLCREST GARDENS SDN. BHD.,Taman Puchong Utama,Selangor,Petaling ,322,0,0,,2006-07-16,2007-07-08
1211-14,1211,HILLCREST GARDENS SDN. BHD.,Seri Gombak,Selangor,Gombak,42,0,0,,2008-10-02,2009-10-01
1211-15,1211,HILLCREST GARDENS SDN. BHD.,Taman Puchong Utama Fasa 8b,Selangor,Petaling ,97,0,0,,2011-07-22,2012-06-04
1211-16,1211,HILLCREST GARDENS SDN. BHD.,"Fasa 8a, Taman Puchong Utama",Selangor,Petaling ,69,0,0,,2011-01-11,2012-01-10
1211-17,1211,HILLCREST GARDENS SDN. BHD.,Taman Puchong Utama 8c,Selangor,Petaling ,153,0,0,,2012-01-31,2013-01-30
1211-18,1211,HILLCREST GARDENS SDN. BHD.,Taman Puchong Utama 8d,Selangor,Petaling ,133,0,0,,2013-11-08,2014-11-07
1211-19,1211,HILLCREST GARDENS SDN. BHD.,Taman Puchong Utama Fasa 8e,Selangor,Petaling ,38,0,0,,2014-02-12,2016-02-11
1211-20,1211,HILLCREST GARDENS SDN. BHD.,"Rumah Selangorku, Taman Puchong Utama",Selangor,Petaling ,1162,0,0,,2019-03-25,2020-03-24
1211-21,1211,HILLCREST GARDENS SDN. BHD.,Hillcrest Heights,Selangor,Petaling ,510,0,0,,2021-12-22,2022-12-21
1211-22,1211,HILLCREST GARDENS SDN. BHD.,Taman Puchong Utama Precinct 9,Selangor,Petaling ,41,0,0,,2021-07-18,2022-07-17
1211-23,1211,HILLCREST GARDENS SDN. BHD.,Taman Puchong Utama Precinct 9,Selangor,Petaling ,5,0,0,,2020-12-05,2022-12-04
1211-24,1211,HILLCREST GARDENS SDN. BHD.,Pangsapuri Hillcrest Botaniq,Selangor,-,988,"2, 3, 4",2,,2026-08-11,2029-08-10
1232-1,1232,HO KENG CONSTRUCTION SDN. BHD.,Taman Air Puteh,-,-,0,0,0,,1990-02-27,1991-02-26
1232-2,1232,HO KENG CONSTRUCTION SDN. BHD.,Taman Sri Galing,-,-,0,0,0,,1992-10-17,1993-10-16
1232-3,1232,HO KENG CONSTRUCTION SDN. BHD.,Taman Murni (p3),-,-,0,0,0,,1984-06-11,1985-06-10
1232-4,1232,HO KENG CONSTRUCTION SDN. BHD.,Taman Kubang Buaya Jaya,-,-,0,0,0,,1997-07-22,1998-07-21
1232-5,1232,HO KENG CONSTRUCTION SDN. BHD.,Taman Kampung Jawa Jaya,-,-,0,0,0,,2000-11-10,2001-11-09
1232-6,1232,HO KENG CONSTRUCTION SDN. BHD.,Taman Setongkol Utama,-,-,0,0,0,,2004-12-01,2004-12-01
1232-7,1232,HO KENG CONSTRUCTION SDN. BHD.,Taman Kampung Jawa Jaya Fasa 2,-,-,0,0,0,,2004-12-01,2005-11-30
1232-8,1232,HO KENG CONSTRUCTION SDN. BHD.,Lot 1321,Pahang,Kuantan,42,0,0,,2008-04-25,2009-04-24
1232-9,1232,HO KENG CONSTRUCTION SDN. BHD.,Taman Mutiara Teruntum,Pahang,Kuantan,29,0,0,,2009-12-02,2010-08-16
1232-10,1232,HO KENG CONSTRUCTION SDN. BHD.,Taman Setongkol Height,Pahang,Kuantan,30,0,0,,2015-07-20,2016-07-19
1232-11,1232,HO KENG CONSTRUCTION SDN. BHD.,Seri Teruntum Residence,Pahang,Kuantan,22,0,0,,2018-03-27,2019-03-26
1232-12,1232,HO KENG CONSTRUCTION SDN. BHD.,-,Pahang,Kuantan,12,4,4,,2021-12-16,2022-12-15
1232-13,1232,HO KENG CONSTRUCTION SDN. BHD.,D'aman Bukit Ubi,Pahang,Kuantan,18,4,3,,2022-06-02,2023-06-01
1232-14,1232,HO KENG CONSTRUCTION SDN. BHD.,D'aman Bukit Ubi,Pahang,Kuantan,17,4,4,,2025-02-03,2027-02-02
1245-1,1245,TASEK MAJU REALTY SDN. BHD.,Taman Ungku Tun Aminah,-,-,0,0,0,,1993-10-23,1994-10-22
1245-2,1245,TASEK MAJU REALTY SDN. BHD.,Taman Ungku Tun Aminah,-,-,0,0,0,,2006-02-23,2007-02-22
1245-3,1245,TASEK MAJU REALTY SDN. BHD.,Taman Danau,-,-,0,0,0,,2006-01-12,2007-01-11
1245-4,1245,TASEK MAJU REALTY SDN. BHD.,Tuta Villa Ii,Johor,Johor Bahru,30,0,0,,2018-11-08,2020-11-07
1245-5,1245,TASEK MAJU REALTY SDN. BHD.,Taman Ungku Tun Aminah (tuta),Johor,Johor Bahru,30,0,0,,2022-02-21,2023-02-20
1245-6,1245,TASEK MAJU REALTY SDN. BHD.,Taman Mutiara Maju,Johor,Johor Bahru,217,4,"3, 4",,2023-11-13,2024-11-12
1245-7,1245,TASEK MAJU REALTY SDN. BHD.,Taman Mutiara Maju,Johor,Johor Bahru,222,4,"3, 4",,2024-11-23,2025-11-22
1245-8,1245,TASEK MAJU REALTY SDN. BHD.,Taman Mutiara Maju,Johor,Johor Bahru,172,4,4,,2025-04-19,2026-04-18
1254-1,1254,SRI KURNIA SDN. BHD.,Taman Saleng Maju,-,-,0,0,0,,1999-07-06,2000-07-05
1257-1,1257,RAMPAI ESTATES & DEVELOPMENT SDN. BHD,Taman Sri Rampai ,-,-,0,0,0,,1984-03-08,1985-03-07
1261-1,1261,HOUSING MANAGEMENT & DEVELOPMENT SDN. BHD.,Taman Asa Jaya,-,-,0,0,0,,,
1262-1,1262,PENANG WELLESLEY REALTY SDN. BHD.,Taman Chai Leng,-,-,0,0,0,,1996-11-08,1997-11-07
1267-1,1267,MEGAH COURT CONDOMINIUM DEVELOPMENT SDN. BHD.,Megah Court,-,-,0,0,0,,,
1270-1,1270,SAZ CORPORATION SDN. BHD.,Pinggir Rapat Perdana,-,-,0,0,0,,1998-02-13,1999-02-12
1270-2,1270,SAZ CORPORATION SDN. BHD.,Selboh Jaya (p2),-,-,0,0,0,,1986-11-11,1987-11-10
1270-3,1270,SAZ CORPORATION SDN. BHD.,Saz Corporation Sdn. Bhd.,Perak,Kuala Kangsar,38,0,0,,,
1277-1,1277,SYARIKAT PERNIAGAAN CUEPACS BHD,Taman Jayamas ,-,-,0,0,0,,2000-09-27,2001-09-26
1282-1,1282,UJONG TRADING SDN. BHD.,Taman Ujong,-,-,0,0,0,,1998-11-04,1999-11-03
1287-1,1287,ANJARIA PROPERTIES SDN. BHD ,"Taman Anjaria ,kulai.",-,-,0,0,0,,,
1287-2,1287,ANJARIA PROPERTIES SDN. BHD ,Taman Surajati,Terengganu,Dungun,47,0,0,,2004-04-09,2005-04-08
1287-3,1287,ANJARIA PROPERTIES SDN. BHD ,"Taman Sri Berangan, Tumpat",-,-,0,0,0,,,
1287-4,1287,ANJARIA PROPERTIES SDN. BHD ,Taman Indah Dungun (p5),-,-,0,0,0,,,
1288-1,1288,YEN DEVELOPMENT (M) SDN. BHD.,Taman Gelang Emas,-,-,0,0,0,,1988-03-07,1988-03-06
1288-2,1288,YEN DEVELOPMENT (M) SDN. BHD.,Taman Gelang Emas,-,-,0,0,0,,1993-07-21,1994-07-20
1290-1,1290,SYARIKAT LEE DEVELOPMENT SDN. BHD.,Taman Pantai Cempedak Fasa Ii,-,-,0,0,0,,,
1290-2,1290,SYARIKAT LEE DEVELOPMENT SDN. BHD.,Taman Megah Ria,-,-,0,0,0,,1997-07-24,1998-07-23
1290-3,1290,SYARIKAT LEE DEVELOPMENT SDN. BHD.,Taman Kencana,-,-,0,0,0,,,
1290-4,1290,SYARIKAT LEE DEVELOPMENT SDN. BHD.,Lot 856,-,-,0,0,0,,1992-01-23,1993-01-22
1290-5,1290,SYARIKAT LEE DEVELOPMENT SDN. BHD.,Taman Pelindong,-,-,0,0,0,,1992-09-28,1993-08-27
1290-6,1290,SYARIKAT LEE DEVELOPMENT SDN. BHD.,Taman Pelindong Ii,-,-,0,0,0,,,
1290-7,1290,SYARIKAT LEE DEVELOPMENT SDN. BHD.,Taman Sentosa,-,-,0,0,0,,1997-03-14,1998-03-13
1290-8,1290,SYARIKAT LEE DEVELOPMENT SDN. BHD.,Taman Rasau Perdana,-,-,0,0,0,,2001-03-27,2002-03-26
1290-9,1290,SYARIKAT LEE DEVELOPMENT SDN. BHD.,Taman Megah Ria Fasa 2,-,-,0,0,0,,2000-05-11,2001-05-10
1290-10,1290,SYARIKAT LEE DEVELOPMENT SDN. BHD.,Taman Intan,-,-,0,0,0,,2002-11-23,2003-11-22
1290-11,1290,SYARIKAT LEE DEVELOPMENT SDN. BHD.,Perkampungan Setali,-,-,0,0,0,,2003-07-04,2004-07-03
1290-12,1290,SYARIKAT LEE DEVELOPMENT SDN. BHD.,Taman Dahlia,Pahang,Rompin,22,0,0,,2006-09-13,2007-09-12
1290-13,1290,SYARIKAT LEE DEVELOPMENT SDN. BHD.,Taman Dahlia,Pahang,Rompin,26,0,0,,2009-05-26,2010-05-25
1290-14,1290,SYARIKAT LEE DEVELOPMENT SDN. BHD.,Lot 101672,Pahang,Kuantan,81,0,0,,2011-08-10,2012-08-09
1290-15,1290,SYARIKAT LEE DEVELOPMENT SDN. BHD.,Lot 1510,Pahang,Kuantan,46,0,0,,2011-08-10,2012-08-09
1290-16,1290,SYARIKAT LEE DEVELOPMENT SDN. BHD.,Taman Dahlia,Pahang,Rompin,22,0,0,,2012-04-26,2013-04-25
1290-17,1290,SYARIKAT LEE DEVELOPMENT SDN. BHD.,Lot 22380 Dan Lot 22382,Pahang,Kuantan,52,0,0,,2016-06-27,2017-06-26
1290-18,1290,SYARIKAT LEE DEVELOPMENT SDN. BHD.,Lot 44 [ Taman Pulau Lang Mitiara ] - Lot Lama 262,Pahang,Rompin,30,0,0,,2016-10-04,2017-10-03
1290-19,1290,SYARIKAT LEE DEVELOPMENT SDN. BHD.,Lot 41 [taman Pulau Lang Mutiara]- Lot Lama 263,Pahang,Rompin,22,0,0,,2016-10-31,2017-10-30
1290-20,1290,SYARIKAT LEE DEVELOPMENT SDN. BHD.,Lot 5597,Pahang,Rompin,13,0,0,,2016-11-29,2018-11-28
1290-21,1290,SYARIKAT LEE DEVELOPMENT SDN. BHD.,Lot 22380 & 22382,Pahang,Kuantan,152,0,0,,2019-12-12,2020-12-11
1290-22,1290,SYARIKAT LEE DEVELOPMENT SDN. BHD.,Lot 821,Pahang,Rompin,30,0,0,,2022-04-27,2023-04-26
1290-23,1290,SYARIKAT LEE DEVELOPMENT SDN. BHD.,The Radiance,Pahang,Kuantan,84,4,3,,2026-06-03,2027-06-02
1290-24,1290,SYARIKAT LEE DEVELOPMENT SDN. BHD.,Lot 3066,Pahang,Rompin,23,4,2,,2023-06-03,2025-06-02
1290-25,1290,SYARIKAT LEE DEVELOPMENT SDN. BHD.,Taman Aster Residensi,Pahang,Kuantan,27,0,0,,2024-08-21,2026-08-20
1324-1,1324,BEE TECK TRADING CO. SDN. BHD ,Taman Plaza,-,-,0,0,0,,1991-01-04,1992-01-03
1324-2,1324,BEE TECK TRADING CO. SDN. BHD ,Taman Pinggiran Indah,-,-,0,0,0,,2006-02-28,2007-02-27
1328-1,1328,SEDAYA SENDIRIAN BERHAD,Taman Daya,-,-,0,0,0,,1992-02-11,1993-02-10
1329-1,1329,NOORIC SDN. BHD.,Nooric Sdn.bhd,-,-,0,0,0,,1997-05-19,1998-05-18
1340-1,1340,SALIENT DEVELOPMENT SDN. BHD.,Taman Wira,-,-,0,0,0,,1991-11-19,1992-11-18
1340-2,1340,SALIENT DEVELOPMENT SDN. BHD.,Lot 5029,-,-,0,0,0,,1989-10-13,1990-10-12
1340-3,1340,SALIENT DEVELOPMENT SDN. BHD.,Lot 221 (p4),-,-,0,0,0,,1981-08-26,1982-08-25
1340-4,1340,SALIENT DEVELOPMENT SDN. BHD.,Taman Permai,-,-,0,0,0,,1992-04-15,1993-04-14
1340-5,1340,SALIENT DEVELOPMENT SDN. BHD.,Taman Wira Lot 5610,-,-,0,0,0,,1991-03-06,1992-03-05
1340-6,1340,SALIENT DEVELOPMENT SDN. BHD.,Taman Wira Lot 452,-,-,0,0,0,,1993-07-24,1994-07-23
1340-7,1340,SALIENT DEVELOPMENT SDN. BHD.,Taman Sutera,-,-,0,0,0,,1992-03-19,1993-03-18
1340-8,1340,SALIENT DEVELOPMENT SDN. BHD.,Taman Saga,-,-,0,0,0,,1996-12-05,1997-12-04
1340-9,1340,SALIENT DEVELOPMENT SDN. BHD.,Taman Saga,-,-,0,0,0,,,
1340-10,1340,SALIENT DEVELOPMENT SDN. BHD.,Taman Wira,-,-,0,0,0,,1986-11-18,1987-11-17
1340-11,1340,SALIENT DEVELOPMENT SDN. BHD.,Taman Rambai Ria,-,-,0,0,0,,1999-04-16,2000-04-15
1340-12,1340,SALIENT DEVELOPMENT SDN. BHD.,Taman Merak,-,-,0,0,0,,2002-07-12,2003-07-11
1340-13,1340,SALIENT DEVELOPMENT SDN. BHD.,Taman Ara Permai,-,-,0,0,0,,2004-05-10,2005-01-23
1340-14,1340,SALIENT DEVELOPMENT SDN. BHD.,Taman Ara Permai,Melaka,Melaka Tengah,56,0,0,,2007-06-29,2008-06-28
1340-15,1340,SALIENT DEVELOPMENT SDN. BHD.,Taman Wira,-,-,0,0,0,,,
1340-16,1340,SALIENT DEVELOPMENT SDN. BHD.,Taman Sentosa  2,Johor,Tangkak,75,0,0,,2017-06-15,2018-06-14
1340-17,1340,SALIENT DEVELOPMENT SDN. BHD.,Taman Tanjung Minyak Jaya,-,-,0,0,0,,2006-03-09,2007-03-08
1340-18,1340,SALIENT DEVELOPMENT SDN. BHD.,Taman Merak,Melaka,Melaka Tengah,32,0,0,,2008-08-29,2009-08-28
1340-19,1340,SALIENT DEVELOPMENT SDN. BHD.,Taman Limbongan Permai,Melaka,Melaka Tengah,41,0,0,,2010-10-22,2011-10-21
1340-20,1340,SALIENT DEVELOPMENT SDN. BHD.,Taman Rambai Permai,Melaka,Melaka Tengah,29,0,0,,2011-09-21,2012-09-20
1340-21,1340,SALIENT DEVELOPMENT SDN. BHD.,Taman Tun Razak,Melaka,Melaka Tengah,27,0,0,,2020-10-13,2021-10-12
1340-22,1340,SALIENT DEVELOPMENT SDN. BHD.,Taman Sebatu Perdana,Melaka,Jasin,14,4,2,,2025-03-24,2026-03-23
1340-23,1340,SALIENT DEVELOPMENT SDN. BHD.,Taman Sebatu Perdana,Melaka,Jasin,11,4,2,,2025-03-28,2026-03-27
1342-1,1342,BANDONG DEVELOPMENT (K) SDN. BHD.,Xxx,-,-,0,0,0,,,
1342-2,1342,BANDONG DEVELOPMENT (K) SDN. BHD.,Taman Delima,-,-,0,0,0,,1997-12-15,1998-12-14
1352-1,1352,GAN KIM KIAT & BROTHERS REALTY SDN. BHD.,Taman Gemencheh Baru,Negeri Sembilan,Tampin,36,0,0,,2009-06-09,2009-11-02
1352-2,1352,GAN KIM KIAT & BROTHERS REALTY SDN. BHD.,Taman Batang Melaka,-,-,0,0,0,,,
1352-3,1352,GAN KIM KIAT & BROTHERS REALTY SDN. BHD.,Taman Pekan Baru,-,-,0,0,0,,,
1352-4,1352,GAN KIM KIAT & BROTHERS REALTY SDN. BHD.,Taman Pekan Baru,-,-,0,0,0,,,
1352-5,1352,GAN KIM KIAT & BROTHERS REALTY SDN. BHD.,Xxx,-,-,0,0,0,,1987-08-27,1988-08-26
1352-6,1352,GAN KIM KIAT & BROTHERS REALTY SDN. BHD.,Taman Gemencheh Baru,Negeri Sembilan,Tampin,122,0,0,,2004-08-04,2007-08-03
1356-1,1356,AUN LOK BUILDING CONSTRUCTION SDN. BHD.,Taman Perpaduan,-,-,0,0,0,,,
1361-1,1361,SRI LEMAK SDN. BHD.,Taman Beringin,-,-,0,0,0,,1996-01-10,1997-01-09
1361-2,1361,SRI LEMAK SDN. BHD.,Taman Beringin,-,-,0,0,0,,,
1364-1,1364,ACME ASSET HOLDINGS SDN. BHD.,Taman Budiman,-,-,0,0,0,,1996-04-22,1997-04-21
1364-2,1364,ACME ASSET HOLDINGS SDN. BHD.,Taman Budiman,-,-,0,0,0,,2001-10-24,2002-10-23
1364-3,1364,ACME ASSET HOLDINGS SDN. BHD.,Taman Budiman,-,-,0,0,0,,,
1364-4,1364,ACME ASSET HOLDINGS SDN. BHD.,Taman Permatang Tinggi Indah,Pulau Pinang,Seberang Perai Tengah,120,0,0,,2006-02-17,2006-11-20
1364-5,1364,ACME ASSET HOLDINGS SDN. BHD.,Taman Permatang Tinggi Indah,Pulau Pinang,Seberang Perai Tengah,26,0,0,,2009-12-10,2010-12-09
1368-1,1368,DATUK BANDAR HJ. AHMAD BIN HJ. ALI SDN. BHD.,Taman Dato' Raja Mohd. Hanipah,-,-,0,0,0,,,
1375-1,1375,DUNIAGA SDN. BHD.,Jawi Iv,-,-,0,0,0,,1984-07-23,1985-07-22
1375-2,1375,DUNIAGA SDN. BHD.,Bukit Mertajam,-,-,0,0,0,,,
1375-3,1375,DUNIAGA SDN. BHD.,Desa Damai Fasa 8 (p3),-,-,0,0,0,,1985-12-06,1986-12-05
1375-4,1375,DUNIAGA SDN. BHD.,Jawi Iv,-,-,0,0,0,,1990-09-15,1991-09-14
1375-5,1375,DUNIAGA SDN. BHD.,Halaman Damai,-,-,0,0,0,,1992-03-23,1993-03-22
1375-6,1375,DUNIAGA SDN. BHD.,Sri Bayu,-,-,0,0,0,,,
1385-1,1385,TIAN YAN ONN DEVELOPMENT SDN. BHD.,Taman Sungai Abong Baru,-,-,0,0,0,,1993-11-10,1994-11-09
1385-2,1385,TIAN YAN ONN DEVELOPMENT SDN. BHD.,Taman Dato Syed Mohamed Idros,-,-,0,0,0,,1992-05-14,1993-05-13
1387-1,1387,GREAT UNITED DEVELOPMENT (1978) SDN. BHD.,Taman Sukaria,-,-,0,0,0,,,
1387-2,1387,GREAT UNITED DEVELOPMENT (1978) SDN. BHD.,Taman Raya Fasa 1v,-,-,0,0,0,,,
1387-3,1387,GREAT UNITED DEVELOPMENT (1978) SDN. BHD.,5783 - 5790,-,-,0,0,0,,,
1387-4,1387,GREAT UNITED DEVELOPMENT (1978) SDN. BHD.,8550 - 8562,-,-,0,0,0,,,
1387-5,1387,GREAT UNITED DEVELOPMENT (1978) SDN. BHD.,Taman Bukit Indah,-,-,0,0,0,,2001-11-19,2002-11-18
1387-6,1387,GREAT UNITED DEVELOPMENT (1978) SDN. BHD.,Taman Raya,-,-,0,0,0,,,
1387-7,1387,GREAT UNITED DEVELOPMENT (1978) SDN. BHD.,Taman Raya,Terengganu,Marang,15,0,0,,2008-07-29,2009-07-28
1387-8,1387,GREAT UNITED DEVELOPMENT (1978) SDN. BHD.,Taman Puncak Kemajuan,Terengganu,Kuala Terengganu,144,0,0,,2011-06-14,2012-06-13
1401-1,1401,SRI SERDANG SDN. BHD.,Taman Sri Serdang,-,-,0,0,0,,1996-12-17,1997-12-16
1401-2,1401,SRI SERDANG SDN. BHD.,Prima Kajang Fasa 2a,-,-,0,0,0,,1998-08-14,1999-08-13
1401-3,1401,SRI SERDANG SDN. BHD.,Prima Kajang Fasa 2b,-,-,0,0,0,,1998-10-22,1999-10-21
1401-4,1401,SRI SERDANG SDN. BHD.,Kajang Prima - Fasa 2c1,-,-,0,0,0,,1999-06-22,2000-06-21
1401-5,1401,SRI SERDANG SDN. BHD.,Kajang Prima - Fasa 2c2,-,-,0,0,0,,1999-06-22,2000-06-21
1401-6,1401,SRI SERDANG SDN. BHD.,Prima Kajang Fasa 3,-,-,0,0,0,,2001-06-26,2002-06-25
1401-7,1401,SRI SERDANG SDN. BHD.,Kajang Prima,Selangor,Hulu Langat,40,0,0,,2006-04-27,2007-04-26
1401-8,1401,SRI SERDANG SDN. BHD.,Kajang Prima,Selangor,Hulu Langat,38,0,0,,2006-10-19,2007-10-18
1401-9,1401,SRI SERDANG SDN. BHD.,Prima Kajang Fasa 6,-,-,0,0,0,,,
1420-1,1420,SIN CHUAN HONG (TRENGGANU) SDN. BHD.,Pangsapuri Permai,-,-,0,0,0,,1990-09-07,1991-09-06
1420-2,1420,SIN CHUAN HONG (TRENGGANU) SDN. BHD.,Xxx,-,-,0,0,0,,,
1420-3,1420,SIN CHUAN HONG (TRENGGANU) SDN. BHD.,Taman Indah (p3),-,-,0,0,0,,1985-11-26,1986-11-25
1420-4,1420,SIN CHUAN HONG (TRENGGANU) SDN. BHD.,Pangsapuri Sri Wangi,Terengganu,Kuala Terengganu,35,0,0,,2007-07-12,2008-07-11
1431-1,1431,SUN FOON DEVELOPMENT SDN. BHD.,Taman Kitasama,-,-,0,0,0,,,
1431-2,1431,SUN FOON DEVELOPMENT SDN. BHD.,Taman Balok Jaya,-,-,0,0,0,,1993-08-05,1994-08-04
1431-3,1431,SUN FOON DEVELOPMENT SDN. BHD.,Taman Sungai Karas-a,-,-,0,0,0,,,
1431-4,1431,SUN FOON DEVELOPMENT SDN. BHD.,Lot 4375,-,-,0,0,0,,,
1432-1,1432,MAJU RAPAT SDN. BHD.,Taman Maju Rapat (p1),-,-,0,0,0,,1986-03-21,1987-03-20
1432-2,1432,MAJU RAPAT SDN. BHD.,Taman Seri Desa,-,-,0,0,0,,1999-08-21,2000-08-20
1433-1,1433,TAJARIA SDN. BHD ,Taman Selaseh,-,-,0,0,0,,1996-07-20,1997-07-19
1437-1,1437,KEMAJUAN MALIM NAWAR SDN. BHD.,Taman Malim  Nawar,Perak,Kinta,619,0,0,,2005-07-11,2006-07-10
1440-1,1440,KINTA MURNI SDN. BHD.,Taman Ramai,-,-,0,0,0,,1987-07-21,1988-07-20
1441-1,1441,SYARIKAT TENAYA SAKTI SDN. BHD.,Taman Indah Sakti.,-,-,0,0,0,,1999-04-30,2000-04-29
1443-1,1443,SEASON ENTERPRISE SDN. BHD.,Taman Labis Jaya,-,-,0,0,0,,1992-01-02,1993-01-01
1443-2,1443,SEASON ENTERPRISE SDN. BHD.,Kemang Indah Kondominium,-,-,0,0,0,,1990-11-27,1991-11-26
1450-1,1450,VICTORY REALTY SDN. BHD,Taman Kajang Raya,-,-,0,0,0,,1993-08-17,1994-08-16
1450-2,1450,VICTORY REALTY SDN. BHD,Victory Realty Sdn Bhd,Wp Kuala Lumpur,Kuala Lumpur,14,0,0,,2003-01-30,2004-01-29
1450-3,1450,VICTORY REALTY SDN. BHD,Taman Taynton View,-,-,0,0,0,,1984-11-21,1985-11-20
1450-4,1450,VICTORY REALTY SDN. BHD,Taman Victory,-,-,0,0,0,,1991-11-26,1992-11-25
1451-1,1451,JURUAWAM PEMBINAAN SDN. BHD.,Taman Seri Tanjung,-,-,0,0,0,,1992-03-13,1993-03-12
1453-1,1453,WONG MOOK WENG & SONS ENTPS S/B ,Taman Cahaya - 1,-,-,0,0,0,,,
1453-2,1453,WONG MOOK WENG & SONS ENTPS S/B ,Taman Cahaya,-,-,0,0,0,,2001-08-23,2002-08-22
1468-1,1468,KOH LAY SEONG & SONS SDN. BHD.,Taman Telok Pulai Indah,-,-,0,0,0,,1984-01-03,1985-01-02
1468-2,1468,KOH LAY SEONG & SONS SDN. BHD.,Taman Meru,-,-,0,0,0,,,
1468-3,1468,KOH LAY SEONG & SONS SDN. BHD.,Taman Bunga Indah,-,-,0,0,0,,,
1468-4,1468,KOH LAY SEONG & SONS SDN. BHD.,Taman Keris Emas,-,-,0,0,0,,,
1468-5,1468,KOH LAY SEONG & SONS SDN. BHD.,Taman Jaya Fasa 2,-,-,0,0,0,,1989-11-14,1990-11-13
1468-6,1468,KOH LAY SEONG & SONS SDN. BHD.,Taman Kapar Indah,-,-,0,0,0,,1991-01-29,1992-01-28
1468-7,1468,KOH LAY SEONG & SONS SDN. BHD.,Taman Meru Utama,-,-,0,0,0,,1991-01-21,1992-01-20
1468-8,1468,KOH LAY SEONG & SONS SDN. BHD.,Taman Bunga Raya,-,-,0,0,0,,1991-05-30,1992-05-29
1468-9,1468,KOH LAY SEONG & SONS SDN. BHD.,Taman Telok Pulai Jaya,-,-,0,0,0,,1991-05-27,1992-05-26
1468-10,1468,KOH LAY SEONG & SONS SDN. BHD.,Taman Makmur,-,-,0,0,0,,1992-06-08,1993-06-07
1468-11,1468,KOH LAY SEONG & SONS SDN. BHD.,Taman Mesra,-,-,0,0,0,,,
1468-12,1468,KOH LAY SEONG & SONS SDN. BHD.,Taman Maju Jaya,-,-,0,0,0,,1984-01-09,1985-01-08
1468-13,1468,KOH LAY SEONG & SONS SDN. BHD.,Taman Damai.,-,-,0,0,0,,1997-12-30,1998-12-29
1468-14,1468,KOH LAY SEONG & SONS SDN. BHD.,Vista Duta,-,-,0,0,0,,1984-01-31,1985-01-30
1468-15,1468,KOH LAY SEONG & SONS SDN. BHD.,Vista Indah,-,-,0,0,0,,1985-01-18,1986-01-17
1474-1,1474,SIN LIAN HIN HOUSING SDN. BHD.,Taman Sri Lalang Baru,-,-,0,0,0,,1992-06-08,1993-06-07
1476-1,1476,CONFLUX DEVELOPMENT SDN. BHD.,Taman Harmoni,-,-,0,0,0,,1992-08-26,1993-08-25
1480-1,1480,AKMAR TRADING SDN. BHD.,Taman Ampang (p1),-,-,0,0,0,,1991-01-28,1992-01-27
1481-1,1481,PEMBANGUNAN BRISDALE SDN. BHD,Taman Sebang Baru (p1),-,-,0,0,0,,,
1481-2,1481,PEMBANGUNAN BRISDALE SDN. BHD,Villa Oug,-,-,0,0,0,,1998-05-06,1999-05-05
1481-3,1481,PEMBANGUNAN BRISDALE SDN. BHD,North Port Tech Zone,Selangor,Klang,832,0,0,,2001-05-14,2002-05-13
1487-1,1487,HUP HIN SOON SDN. BHD ,Lot 1954,-,-,0,0,0,,,
1487-2,1487,HUP HIN SOON SDN. BHD ,Taman Serendah Indah,-,-,0,0,0,,1993-07-08,1994-07-07
1496-1,1496,POH LONG REALTY SDN. BHD.,Taman Chaah Baru Fasa 2,-,-,0,0,0,,1989-07-25,1990-07-24
1496-2,1496,POH LONG REALTY SDN. BHD.,"Taman Sentosa, Bukit Pasir",-,-,0,0,0,,1992-02-25,1993-02-24
1496-3,1496,POH LONG REALTY SDN. BHD.,"Taman Sentosa, Gemencheh",-,-,0,0,0,,1992-04-01,1993-03-31
1496-4,1496,POH LONG REALTY SDN. BHD.,"Taman Muhibbah,chaah",-,-,0,0,0,,,
1496-5,1496,POH LONG REALTY SDN. BHD.,Taman Sentosa,-,-,0,0,0,,1997-10-25,1998-10-24
1500-1,1500,METROPLEX DEVELOPMENT SDN. BHD.,Taman Muda - Fasa 1-iv.,-,-,0,0,0,,2000-12-18,2001-12-17
1500-2,1500,METROPLEX DEVELOPMENT SDN. BHD.,Lot 279 - 298,-,-,0,0,0,,,
1503-1,1503,MAJUBUMI SDN. BHD.,Taman Tapah Fasa I & 11,-,-,0,0,0,,1982-07-01,1983-06-30
1503-2,1503,MAJUBUMI SDN. BHD.,Taman Tapah Fasa V,-,-,0,0,0,,1996-07-03,1997-07-02
1503-3,1503,MAJUBUMI SDN. BHD.,Taman Tapah Fasa 4,-,-,0,0,0,,1997-09-04,1998-09-03
1503-4,1503,MAJUBUMI SDN. BHD.,Taman Tapah Fasa V,-,-,0,0,0,,1992-11-24,1993-11-23
1507-1,1507,A & M CONSTRUCTION SDN. BHD.,Taman Sentosa Fasa Ii,-,-,0,0,0,,,
1507-2,1507,A & M CONSTRUCTION SDN. BHD.,Taman Sentosa,Selangor,Klang,371,0,0,,,
1507-3,1507,A & M CONSTRUCTION SDN. BHD.,"Taman Sentosa F 5b,7c,8,9,10",-,-,0,0,0,,,
1514-1,1514,GHULAM DEVELOPMENT & CONSTRUCTION (M) SDN. BHD.,Desa Sri Jaya,-,-,0,0,0,,1990-10-03,1991-10-02
1531-1,1531,TENG KOON DEVELOPMENT SDN. BHD.,Taman Sri Pandan (p1),-,-,0,0,0,,1982-02-12,1983-02-11
1531-2,1531,TENG KOON DEVELOPMENT SDN. BHD.,Taman Desa Permai,-,-,0,0,0,,1991-05-18,1992-05-17
1531-3,1531,TENG KOON DEVELOPMENT SDN. BHD.,Taman Permai Jaya,-,-,0,0,0,,1990-08-08,1991-08-07
1531-4,1531,TENG KOON DEVELOPMENT SDN. BHD.,Desa Sentosa,-,-,0,0,0,,1992-02-21,1993-02-20
1531-5,1531,TENG KOON DEVELOPMENT SDN. BHD.,Desa Darul Iman,-,-,0,0,0,,1992-08-14,1993-08-13
1531-6,1531,TENG KOON DEVELOPMENT SDN. BHD.,Desa Awana,-,-,0,0,0,,1993-12-27,1994-12-26
1531-7,1531,TENG KOON DEVELOPMENT SDN. BHD.,Taman Sri Pandan Fasa Iii,-,-,0,0,0,,,
1531-8,1531,TENG KOON DEVELOPMENT SDN. BHD.,Xxx,-,-,0,0,0,,,
1531-9,1531,TENG KOON DEVELOPMENT SDN. BHD.,Xxx,-,-,0,0,0,,,
1531-10,1531,TENG KOON DEVELOPMENT SDN. BHD.,Xxx,-,-,0,0,0,,1996-01-16,1997-01-15
1531-11,1531,TENG KOON DEVELOPMENT SDN. BHD.,Lot  1420 (10970 - 10978),Terengganu,Kemaman,9,0,0,,2007-06-20,2008-06-19
1534-1,1534,SYARIKAT PERUMAHAN IRAMA SDN. BHD.,Taman Galing Ii,-,-,0,0,0,,1992-10-12,1993-10-11
1534-2,1534,SYARIKAT PERUMAHAN IRAMA SDN. BHD.,Taman Bukit Ubi,-,-,0,0,0,,1992-02-10,1993-02-09
1534-3,1534,SYARIKAT PERUMAHAN IRAMA SDN. BHD.,Pt 16780-16825 (lot 1706),-,-,0,0,0,,1989-09-12,1990-09-11
1534-4,1534,SYARIKAT PERUMAHAN IRAMA SDN. BHD.,Lot 1999(14717-14724),-,-,0,0,0,,1989-11-06,1990-11-05
1534-5,1534,SYARIKAT PERUMAHAN IRAMA SDN. BHD.,Taman Galing 3,-,-,0,0,0,,1997-10-29,1998-10-28
1534-6,1534,SYARIKAT PERUMAHAN IRAMA SDN. BHD.,Taman Irama,-,-,0,0,0,,,
1534-7,1534,SYARIKAT PERUMAHAN IRAMA SDN. BHD.,Taman Suraya,-,-,0,0,0,,1998-08-12,1999-08-11
1535-1,1535,TAN KAY GARDEN SDN.BHD,Taman Ku,-,-,0,0,0,,2004-04-28,2005-04-27
1552-1,1552,LUCKY HEIGHT DEVT. SDN. BHD.,Taman Bukit Anggerik,-,-,0,0,0,,,
1565-1,1565,BUMI NEGERI SDN. BHD.,Taman Desa Melor,-,-,0,0,0,,1998-12-29,1999-12-28
1569-1,1569,ISLAND VIEW SDN. BHD.,Taman Pantai Indah 3,Pulau Pinang,Daerah Timor Laut,96,0,0,,2018-02-07,2019-02-06
1571-1,1571,KOTA KOMPLEX SDN. BHD.,Taman Mawar,-,-,0,0,0,,,
1571-3,1571,KOTA KOMPLEX SDN. BHD.,Taman Sri Mas,-,-,0,0,0,,1987-12-17,1988-12-16
1571-4,1571,KOTA KOMPLEX SDN. BHD.,Taman Cahaya,-,-,0,0,0,,1992-01-09,1993-01-08
1571-5,1571,KOTA KOMPLEX SDN. BHD.,Taman Seri Mewah,-,-,0,0,0,,,
1571-6,1571,KOTA KOMPLEX SDN. BHD.,Taman Seri Kota Fasa 2a & 2b,-,-,0,0,0,,1992-02-11,1993-02-10
1571-7,1571,KOTA KOMPLEX SDN. BHD.,Taman Seri Merpati,-,-,0,0,0,,,
1571-8,1571,KOTA KOMPLEX SDN. BHD.,Taman Merpati,-,-,0,0,0,,,
1571-9,1571,KOTA KOMPLEX SDN. BHD.,Taman Berjaya,-,-,0,0,0,,1996-11-28,1997-11-27
1571-10,1571,KOTA KOMPLEX SDN. BHD.,"Taman Merpati Fasa 2a,2b,3",-,-,0,0,0,,1992-08-15,1993-08-14
1571-11,1571,KOTA KOMPLEX SDN. BHD.,Taman Berjaya,-,-,0,0,0,,1989-09-27,1990-09-26
1571-12,1571,KOTA KOMPLEX SDN. BHD.,Taman Amal,-,-,0,0,0,,1989-09-27,1990-09-26
1571-13,1571,KOTA KOMPLEX SDN. BHD.,Taman Merpati Fasa 3,-,-,0,0,0,,1996-12-27,1997-12-26
1571-14,1571,KOTA KOMPLEX SDN. BHD.,Taman Seri Kota Fasa 3a & 3b,-,-,0,0,0,,1989-11-07,1990-11-06
1571-15,1571,KOTA KOMPLEX SDN. BHD.,Taman Seri Kota Fasa 3a,-,-,0,0,0,,1996-12-07,1997-12-06
1571-16,1571,KOTA KOMPLEX SDN. BHD.,Taman Kelubi Jaya Fasa I,-,-,0,0,0,,,
1571-17,1571,KOTA KOMPLEX SDN. BHD.,Lot 734,-,-,0,0,0,,1996-01-16,1997-01-15
1571-18,1571,KOTA KOMPLEX SDN. BHD.,Taman Cemara,-,-,0,0,0,,1996-07-12,1997-07-11
1571-19,1571,KOTA KOMPLEX SDN. BHD.,Taman Gunung Ledang,-,-,0,0,0,,2000-12-01,2001-11-30
1589-1,1589,ISLAND BAY RESORTS SDN. BHD.,Bukit Mewah (mount Pleasure Resort),-,-,0,0,0,,1998-07-09,1999-07-08
1589-2,1589,ISLAND BAY RESORTS SDN. BHD.,Bukit Mewah,-,-,0,0,0,,1993-09-21,1994-09-20
1589-3,1589,ISLAND BAY RESORTS SDN. BHD.,Desa Marina,-,-,0,0,0,,2000-12-18,2001-12-17
1589-4,1589,ISLAND BAY RESORTS SDN. BHD.,Sanctuary Villa,Pulau Pinang,Daerah Timor Laut,14,0,0,,2003-05-06,2004-05-05
1592-1,1592,HWA SING & HONGLOK DEVELOPMENT (J/V),Taman Permai,-,-,0,0,0,,1992-10-22,1993-10-21
1596-1,1596,YOON LIAN REALTY SDN. BHD.,Taman Indah,-,-,0,0,0,,1992-02-24,1993-02-23
1596-2,1596,YOON LIAN REALTY SDN. BHD.,Taman Mewah Fasa Ii & Iii,-,-,0,0,0,,1986-01-17,1987-01-16
1596-3,1596,YOON LIAN REALTY SDN. BHD.,Taman Tasek Mewah Fasa I-iiia,-,-,0,0,0,,1992-04-15,1993-04-14
1596-4,1596,YOON LIAN REALTY SDN. BHD.,Halaman Ampang Mewah,-,-,0,0,0,,1996-04-20,1997-04-19
1596-5,1596,YOON LIAN REALTY SDN. BHD.,Anjung Bercham Megah Fasa1,-,-,0,0,0,,1999-01-17,2000-01-16
1596-6,1596,YOON LIAN REALTY SDN. BHD.,Anjung Bercham Elit,-,-,0,0,0,,2000-10-28,2001-10-27
1596-7,1596,YOON LIAN REALTY SDN. BHD.,Anjung Bercham Megah Fasa Ii,-,-,0,0,0,,2000-01-22,2001-01-21
1596-8,1596,YOON LIAN REALTY SDN. BHD.,Pt 148320-148329 Mukim Hulu Kinta,-,-,0,0,0,,2000-01-21,2001-01-20
1596-9,1596,YOON LIAN REALTY SDN. BHD.,Anjung Bercham Megah Fasa 3,-,-,0,0,0,,2001-11-19,2002-11-02
1596-10,1596,YOON LIAN REALTY SDN. BHD.,Anjung Bercham Megah - Fasa 3b,-,-,0,0,0,,2001-08-22,2002-08-21
1596-11,1596,YOON LIAN REALTY SDN. BHD.,"Anjung Bercham Megah, Fasa 5",-,-,0,0,0,,2003-07-03,2004-07-02
1596-12,1596,YOON LIAN REALTY SDN. BHD.,"Anjung Bercham Megah,  Fasa 5",-,-,0,0,0,,2003-09-12,2004-09-11
1596-13,1596,YOON LIAN REALTY SDN. BHD.,Taman Bercham Permai,Perak,Kinta,90,0,0,,2015-08-21,2016-08-20
1596-14,1596,YOON LIAN REALTY SDN. BHD.,Anjung Bercham Megah,Perak,Kinta,42,0,0,,2014-05-28,2016-05-27
1596-15,1596,YOON LIAN REALTY SDN. BHD.,Taman Bercham Permai,Perak,Kinta,66,0,0,,2018-01-06,2019-01-05
1609-1,1609,SUILEEM REALTY SDN. BHD.,Taman Laksamana,-,-,0,0,0,,,
1609-2,1609,SUILEEM REALTY SDN. BHD.,Lot 4114,-,-,0,0,0,,,
1609-3,1609,SUILEEM REALTY SDN. BHD.,Taman Sri Manggis,-,-,0,0,0,,2005-09-26,2006-08-07
1617-1,1617,NG OO REALTY SDN. BHD.,Taman Sentosa,-,-,0,0,0,,1993-10-23,1994-10-22
1632-1,1632,SOON TIEK DEVELOPMENT SDN. BHD,Taman Seri Endah Fasa I & Ii,-,-,0,0,0,,1993-11-01,1994-10-31
1632-2,1632,SOON TIEK DEVELOPMENT SDN. BHD,Taman Sri Endah - Fasa 2,-,-,0,0,0,,1999-01-15,2000-01-14
1632-3,1632,SOON TIEK DEVELOPMENT SDN. BHD,Endah Puri,Wp Kuala Lumpur,Kuala Lumpur,292,0,0,,2006-03-28,2007-03-27
1632-4,1632,SOON TIEK DEVELOPMENT SDN. BHD,Endah Promenade,Wp Kuala Lumpur,Kuala Lumpur,386,0,0,,2010-10-22,2011-10-21
1641-1,1641,LAI LOY & SONS SDN. BHD.,Sungai Nil,-,-,0,0,0,,,
1641-2,1641,LAI LOY & SONS SDN. BHD.,Taman Bukit Mantin,Negeri Sembilan,Seremban,78,0,0,,2005-06-08,2006-06-07
1641-3,1641,LAI LOY & SONS SDN. BHD.,Taman Bukit Kemuning,Negeri Sembilan,Seremban,17,0,0,,2007-08-24,2008-08-23
1641-4,1641,LAI LOY & SONS SDN. BHD.,Taman Sri Gading,Negeri Sembilan,Seremban,66,0,0,,2016-03-02,2017-03-01
1641-5,1641,LAI LOY & SONS SDN. BHD.,Taman Suria,Negeri Sembilan,Seremban,24,0,0,,2013-07-10,2015-07-09
1641-6,1641,LAI LOY & SONS SDN. BHD.,Taman Orkid,Negeri Sembilan,Seremban,28,0,0,,2014-06-05,2016-06-04
1641-7,1641,LAI LOY & SONS SDN. BHD.,Taman Sri Gading,Negeri Sembilan,Seremban,45,0,0,,2017-12-30,2018-12-29
1641-8,1641,LAI LOY & SONS SDN. BHD.,Taman Tenggiri Mantin,Negeri Sembilan,Seremban,45,"3, 4",2,,2023-03-18,2024-03-17
1644-1,1644,MENANG DEVELOPMENT (M) SDN. BHD.,Rasah Jaya,-,-,0,0,0,,1992-02-11,1993-02-10
1644-2,1644,MENANG DEVELOPMENT (M) SDN. BHD.,Taman Malim (p1),-,-,0,0,0,,,
1644-3,1644,MENANG DEVELOPMENT (M) SDN. BHD.,Seremban 3,-,-,0,0,0,,,
1644-4,1644,MENANG DEVELOPMENT (M) SDN. BHD.,Seremban 3,-,-,0,0,0,,,
1655-1,1655,LIVING DEVELOPMENT SDN. BHD.,Taman Sayang,-,-,0,0,0,,1992-07-07,1993-07-06
1660-1,1660,KEMAJUAN PERBAKTI SDN. BHD ,Taman Tualang Fasa Ii & Iii,-,-,0,0,0,,,
1660-2,1660,KEMAJUAN PERBAKTI SDN. BHD ,Taman Mutiara (p2),-,-,0,0,0,,1985-05-03,1986-05-02
1660-3,1660,KEMAJUAN PERBAKTI SDN. BHD ,Taman Tambun Baru,-,-,0,0,0,,,
1660-4,1660,KEMAJUAN PERBAKTI SDN. BHD ,Taman Silibin,-,-,0,0,0,,1996-01-27,1997-01-26
1660-5,1660,KEMAJUAN PERBAKTI SDN. BHD ,Taman Tapah Indah,-,-,0,0,0,,1997-07-22,1998-07-21
1660-6,1660,KEMAJUAN PERBAKTI SDN. BHD ,Desa Tasek Bakti,-,-,0,0,0,,2002-04-27,2003-04-26
1668-1,1668,JOHORE PROPERTY (M) SDN. BHD. ,Bandar Pontian Lot 35,-,-,0,0,0,,,
1668-2,1668,JOHORE PROPERTY (M) SDN. BHD. ,Taman Maju Jaya,-,-,0,0,0,,1998-04-14,1999-04-13
1668-3,1668,JOHORE PROPERTY (M) SDN. BHD. ,Taman Jaya,-,-,0,0,0,,1993-09-03,1994-09-02
1668-4,1668,JOHORE PROPERTY (M) SDN. BHD. ,Taman Sentosa,-,-,0,0,0,,1998-03-05,1999-03-04
1668-5,1668,JOHORE PROPERTY (M) SDN. BHD. ,Taman Desa Baru,-,-,0,0,0,,1998-08-27,1999-08-26
1668-6,1668,JOHORE PROPERTY (M) SDN. BHD. ,Taman Bunga,-,-,0,0,0,,1999-04-02,2000-04-01
1668-7,1668,JOHORE PROPERTY (M) SDN. BHD. ,Taman Mewah (p7),-,-,0,0,0,,1985-09-09,1986-09-08
1668-8,1668,JOHORE PROPERTY (M) SDN. BHD. ,Taman Indah,-,-,0,0,0,,2000-06-06,2001-06-05
1668-9,1668,JOHORE PROPERTY (M) SDN. BHD. ,Taman Bunga,-,-,0,0,0,,1988-03-09,1989-03-08
1675-1,1675,WAYTATT ENTERPRISE SDN. BHD.,Taman Jati (p1),-,-,0,0,0,,1984-07-16,1985-07-15
1680-1,1680,SYARIKAT KEMAJUAN TATSOON JAYA SDN. BHD.,Taman Pertama Taiping ,-,-,0,0,0,,1998-05-06,1999-05-05
1685-1,1685,PACIFIC CENTRE SDN. BHD.,Menara Mbf,-,-,0,0,0,,1993-10-31,1994-11-30
1694-1,1694,VANNIC (M) SDN. BHD.,Taman Ketoyong Permai,-,-,0,0,0,,2005-11-25,2006-11-24
1710-1,1710,ALKAFF DEVELOPMENT SDN. BHD.,Taman Alkaff,-,-,0,0,0,,,
1710-2,1710,ALKAFF DEVELOPMENT SDN. BHD.,Taman Sharifah,-,-,0,0,0,,,
1710-3,1710,ALKAFF DEVELOPMENT SDN. BHD.,Taman Villa Height 2,Selangor,Hulu Langat,26,0,0,,2013-04-12,2015-04-11
1715-1,1715,BENARAYA DEVELOPMENT SDN. BHD.,Taman Indah,-,-,0,0,0,,1991-10-16,1992-10-15
1722-1,1722,TRAVERS DEVELOPMENT SDN. BHD ,"Lot 2,51,59 & 60",-,-,0,0,0,,,
1723-1,1723,MING HOOI DEVELOPMENT SDN. BHD.,Taman Seri Kuantan,Pahang,-,0,0,0,,1992-04-17,1993-04-16
1723-2,1723,MING HOOI DEVELOPMENT SDN. BHD.,Taman Singa Mas-2,Pahang,-,0,0,0,,,
1723-3,1723,MING HOOI DEVELOPMENT SDN. BHD.,Alor Akar Indah,Pahang,-,0,0,0,,1993-11-01,1994-10-31
1723-4,1723,MING HOOI DEVELOPMENT SDN. BHD.,Xxx,Pahang,-,0,0,0,,1984-12-21,1985-12-20
1723-5,1723,MING HOOI DEVELOPMENT SDN. BHD.,Taman Seri Kuantan Fasa 4,Pahang,-,0,0,0,,1997-01-17,1998-01-16
1723-6,1723,MING HOOI DEVELOPMENT SDN. BHD.,Taman Air Putih Mewah,Pahang,-,0,0,0,,1996-08-12,1997-08-11
1723-7,1723,MING HOOI DEVELOPMENT SDN. BHD.,Taman Bukit Sekilau Mewah.,Pahang,-,0,0,0,,1998-03-13,1999-03-12
1723-8,1723,MING HOOI DEVELOPMENT SDN. BHD.,Taman Bukit Sekilau Mewah Fasa 2,Pahang,-,0,0,0,,1999-04-30,2000-04-29
1723-9,1723,MING HOOI DEVELOPMENT SDN. BHD.,Taman Bukit Sekilau Mewah Fasa Iii,Pahang,-,0,0,0,,2000-12-11,2001-12-10
1723-10,1723,MING HOOI DEVELOPMENT SDN. BHD.,Taman Beserah Damai,Pahang,-,0,0,0,,2000-09-14,2001-09-13
1723-11,1723,MING HOOI DEVELOPMENT SDN. BHD.,Taman Bukit Sekilau Mewah - Fasa 4,Pahang,-,0,0,0,,2001-07-02,2002-07-01
1723-12,1723,MING HOOI DEVELOPMENT SDN. BHD.,Taman Haji Ahmad Mewah,Pahang,-,0,0,0,,2001-08-11,2002-08-10
1723-13,1723,MING HOOI DEVELOPMENT SDN. BHD.,Taman Bukit Sekilau Mewah - Fasa 5,Pahang,-,0,0,0,,2001-11-01,2002-10-31
1723-14,1723,MING HOOI DEVELOPMENT SDN. BHD.,Taman Bukit Sekilau Mewah Fasa 6,Pahang,-,0,0,0,,2002-04-19,2003-04-18
1723-15,1723,MING HOOI DEVELOPMENT SDN. BHD.,Taman Air Putih Mewah Fasa 2,Pahang,-,0,0,0,,2002-08-12,2003-08-11
1723-16,1723,MING HOOI DEVELOPMENT SDN. BHD.,Taman Air Putih Mewah Fasa 3,Pahang,-,0,0,0,,2003-02-05,2004-02-04
1723-17,1723,MING HOOI DEVELOPMENT SDN. BHD.,Taman Pantai Pelindung,Pahang,-,0,0,0,,2003-03-03,2004-03-02
1723-18,1723,MING HOOI DEVELOPMENT SDN. BHD.,Taman Hayati,Pahang,-,0,0,0,,2003-09-26,2004-09-25
1723-19,1723,MING HOOI DEVELOPMENT SDN. BHD.,Taman Alur Akar Mewah,Pahang,-,0,0,0,,2003-11-20,2004-11-19
1723-20,1723,MING HOOI DEVELOPMENT SDN. BHD.,Taman Air Putih Mewah Fasa 4,Pahang,-,0,0,0,,2004-02-17,2005-02-16
1723-21,1723,MING HOOI DEVELOPMENT SDN. BHD.,Taman Jariah Balok,Pahang,-,0,0,0,,2005-07-14,2006-07-13
1723-22,1723,MING HOOI DEVELOPMENT SDN. BHD.,Taman Bukit Sekilau Mewah Fasa 7,Pahang,-,0,0,0,,2004-06-24,2005-06-23
1723-23,1723,MING HOOI DEVELOPMENT SDN. BHD.,Taman Pelindung Damai Fasa 3,Pahang,-,0,0,0,,2005-09-20,2006-09-19
1723-24,1723,MING HOOI DEVELOPMENT SDN. BHD.,Taman Anikajaya,Pahang,Kuantan,8,0,0,,2005-06-08,2006-06-07
1723-25,1723,MING HOOI DEVELOPMENT SDN. BHD.,Taman Pelindung Damai (fasa 4),Pahang,Kuantan,16,0,0,,2005-05-20,2006-05-19
1723-26,1723,MING HOOI DEVELOPMENT SDN. BHD.,Taman Tas Mewah,Pahang,Kuantan,8,0,0,,2006-05-24,2007-05-23
1723-27,1723,MING HOOI DEVELOPMENT SDN. BHD.,Taman Pelindung Damai (fasa 5),Pahang,Kuantan,19,0,0,,2005-10-12,2006-10-11
1723-28,1723,MING HOOI DEVELOPMENT SDN. BHD.,Taman Bukit Setongkol Mewah,Pahang,Kuantan,28,0,0,,2006-05-24,2007-05-23
1723-29,1723,MING HOOI DEVELOPMENT SDN. BHD.,Taman Kurnia Mewah,Pahang,Kuantan,30,0,0,,2007-04-27,2008-04-26
1723-30,1723,MING HOOI DEVELOPMENT SDN. BHD.,Taman Jariah Balok,Pahang,Kuantan,29,0,0,,2006-05-24,2007-05-23
1723-31,1723,MING HOOI DEVELOPMENT SDN. BHD.,Taman Pelindung Damai,Pahang,Kuantan,12,0,0,,2006-11-07,2007-11-06
1723-32,1723,MING HOOI DEVELOPMENT SDN. BHD.,Taman Satelit Damai,Pahang,Kuantan,28,0,0,,2007-03-14,2008-03-13
1723-33,1723,MING HOOI DEVELOPMENT SDN. BHD.,Taman Bukit Sekilau Mewah (fasa 8),Pahang,Kuantan,21,0,0,,2006-12-21,2007-12-20
1723-34,1723,MING HOOI DEVELOPMENT SDN. BHD.,Taman Bukit Setongkol Mewah,Pahang,Kuantan,29,0,0,,2006-12-21,2007-12-20
1723-35,1723,MING HOOI DEVELOPMENT SDN. BHD.,Taman Haji Ahmad Mewah,Pahang,Kuantan,20,0,0,,2007-03-12,2008-03-11
1723-36,1723,MING HOOI DEVELOPMENT SDN. BHD.,Taman Pelindung Damai (fasa 7),Pahang,Kuantan,19,0,0,,2007-02-13,2008-02-12
1723-37,1723,MING HOOI DEVELOPMENT SDN. BHD.,Taman Pelindung Damai (fasa 8),Pahang,Kuantan,10,0,0,,2007-07-18,2008-07-17
1723-38,1723,MING HOOI DEVELOPMENT SDN. BHD.,Taman Batu Hitam Damai,Pahang,Kuantan,27,0,0,,2007-10-29,2008-10-28
1723-39,1723,MING HOOI DEVELOPMENT SDN. BHD.,Taman Pelindung Damai (fasa 9),Pahang,Kuantan,28,0,0,,2008-03-31,2009-03-30
1723-40,1723,MING HOOI DEVELOPMENT SDN. BHD.,Taman Bukit Sekilau Mewah (fasa 9),Pahang,Kuantan,29,0,0,,2008-03-31,2009-03-30
1723-41,1723,MING HOOI DEVELOPMENT SDN. BHD.,Taman Batu Hitam Damai,Pahang,Kuantan,29,0,0,,2010-12-15,2011-12-14
1723-42,1723,MING HOOI DEVELOPMENT SDN. BHD.,Taman Pelindung Damai,Pahang,Kuantan,24,0,0,,2011-05-11,2012-05-10
1723-43,1723,MING HOOI DEVELOPMENT SDN. BHD.,Taman Haji Ahmad Mh,Pahang,Kuantan,12,0,0,,2011-07-07,2012-07-06
1723-44,1723,MING HOOI DEVELOPMENT SDN. BHD.,Taman Beserah Mh,Pahang,Kuantan,94,0,0,,2011-11-11,2012-11-10
1723-45,1723,MING HOOI DEVELOPMENT SDN. BHD.,Taman Mh Sungai Soi,Pahang,Kuantan,42,0,0,,2011-10-24,2012-10-23
1723-46,1723,MING HOOI DEVELOPMENT SDN. BHD.,Taman Mh Kampung Padang,Pahang,Kuantan,55,0,0,,2011-10-12,2012-10-11
1723-47,1723,MING HOOI DEVELOPMENT SDN. BHD.,Taman Mh Kampung Padang,Pahang,Kuantan,30,0,0,,2011-10-24,2012-10-23
1723-48,1723,MING HOOI DEVELOPMENT SDN. BHD.,Taman Mh Bukit Sekilau,Pahang,Kuantan,24,0,0,,2014-06-04,2015-06-03
1723-49,1723,MING HOOI DEVELOPMENT SDN. BHD.,Taman Guru Mh,Pahang,Kuantan,28,0,0,,2012-05-03,2013-05-02
1723-50,1723,MING HOOI DEVELOPMENT SDN. BHD.,Taman Pelindung Damai ,Pahang,Kuantan,26,0,0,,,
1723-51,1723,MING HOOI DEVELOPMENT SDN. BHD.,Taman Mh Batu Hitam Fasa 3,Pahang,Kuantan,17,0,0,,,
1723-52,1723,MING HOOI DEVELOPMENT SDN. BHD.,Taman Mh Teruntum Fasa 3,Pahang,Kuantan,28,0,0,,2014-11-04,2015-11-03
1723-53,1723,MING HOOI DEVELOPMENT SDN. BHD.,Taman Pelindung Damai Fasa 13,Pahang,Kuantan,30,0,0,,2015-03-09,2016-03-08
1723-54,1723,MING HOOI DEVELOPMENT SDN. BHD.,Taman Beserah Mh,Pahang,Kuantan,24,0,0,,2013-07-03,2015-07-02
1723-55,1723,MING HOOI DEVELOPMENT SDN. BHD.,Taman Mh Bukit Rangin,Pahang,Kuantan,18,0,0,,2015-07-09,2016-07-08
1723-56,1723,MING HOOI DEVELOPMENT SDN. BHD.,Taman Tas Mh,Pahang,Kuantan,16,0,0,,2013-11-30,2015-11-29
1723-57,1723,MING HOOI DEVELOPMENT SDN. BHD.,Taman Mh Sungai Soi,Pahang,Kuantan,12,0,0,,2014-01-25,2016-01-24
1723-58,1723,MING HOOI DEVELOPMENT SDN. BHD.,Taman Mh Sungai Soi,Pahang,Kuantan,48,0,0,,2014-03-12,2016-03-11
1723-59,1723,MING HOOI DEVELOPMENT SDN. BHD.,Mh Kempadang Residences,Pahang,Kuantan,11,0,0,,2014-04-03,2016-04-02
1723-60,1723,MING HOOI DEVELOPMENT SDN. BHD.,Taman Desa Sg Karang (warisan Alinah),Pahang,Kuantan,19,0,0,,2014-04-04,2016-04-03
1723-61,1723,MING HOOI DEVELOPMENT SDN. BHD.,Taman Mh Batu Hitam,Pahang,Kuantan,18,0,0,,2016-07-24,2017-07-23
1723-62,1723,MING HOOI DEVELOPMENT SDN. BHD.,Mh Kempadang Residences,Pahang,Kuantan,30,0,0,,2014-08-30,2016-08-29
1723-63,1723,MING HOOI DEVELOPMENT SDN. BHD.,Taman Mh Hayati,Pahang,Kuantan,22,0,0,,2015-01-08,2017-01-07
1723-64,1723,MING HOOI DEVELOPMENT SDN. BHD.,Taman Mh Seberang Balok,Pahang,Kuantan,15,0,0,,2015-02-18,2017-02-17
1723-65,1723,MING HOOI DEVELOPMENT SDN. BHD.,Taman Desa Sungai Karang,Pahang,Kuantan,16,0,0,,2015-02-19,2017-02-18
1723-66,1723,MING HOOI DEVELOPMENT SDN. BHD.,Taman Sungai Karang,Pahang,Kuantan,16,0,0,,2015-05-30,2017-05-29
1723-67,1723,MING HOOI DEVELOPMENT SDN. BHD.,Taman Mh Kempadang,Pahang,Kuantan,30,0,0,,2015-05-30,2017-05-29
1723-68,1723,MING HOOI DEVELOPMENT SDN. BHD.,Taman Kg Pandan Mh,Pahang,Kuantan,30,0,0,,2017-10-12,2018-10-11
1723-69,1723,MING HOOI DEVELOPMENT SDN. BHD.,Taman Mh Batu Hitam,Pahang,Kuantan,28,0,0,,2015-10-03,2017-10-02
1723-70,1723,MING HOOI DEVELOPMENT SDN. BHD.,Taman Mh Bayroute,Pahang,Kuantan,8,0,0,,2017-11-28,2018-11-27
1723-71,1723,MING HOOI DEVELOPMENT SDN. BHD.,Taman Mh Pancing,Pahang,Kuantan,10,0,0,,2015-10-16,2017-10-15
1723-72,1723,MING HOOI DEVELOPMENT SDN. BHD.,Taman Desa Sg Karang,Pahang,Kuantan,9,0,0,,2015-10-28,2017-10-27
1723-73,1723,MING HOOI DEVELOPMENT SDN. BHD.,Taman Mh Sungai Soi,Pahang,Kuantan,29,0,0,,2017-12-20,2018-12-19
1723-74,1723,MING HOOI DEVELOPMENT SDN. BHD.,Taman Mh Bukit Setongkol,Pahang,Kuantan,18,0,0,,2017-12-29,2018-12-28
1723-75,1723,MING HOOI DEVELOPMENT SDN. BHD.,Taman Mh Batu Hitam,Pahang,Kuantan,6,0,0,,2015-12-29,2017-12-28
1723-76,1723,MING HOOI DEVELOPMENT SDN. BHD.,Taman Satelit,Pahang,Kuantan,49,0,0,,2021-01-03,2022-01-02
1723-77,1723,MING HOOI DEVELOPMENT SDN. BHD.,Taman Mh Air Putih,Pahang,Kuantan,8,0,0,,2016-12-17,2018-12-16
1723-78,1723,MING HOOI DEVELOPMENT SDN. BHD.,Tamam Mh Hayati,Pahang,Kuantan,20,0,0,,2019-05-16,2020-05-15
1723-79,1723,MING HOOI DEVELOPMENT SDN. BHD.,Taman Mh Seri Damai,Pahang,Kuantan,30,0,0,,2020-06-24,2021-06-23
1723-80,1723,MING HOOI DEVELOPMENT SDN. BHD.,Taman Tas Mh,Pahang,Kuantan,20,0,0,,2019-07-28,2020-07-27
1723-81,1723,MING HOOI DEVELOPMENT SDN. BHD.,Taman Mh Sungai Soi,Pahang,Kuantan,12,0,0,,2020-01-09,2021-01-08
1723-82,1723,MING HOOI DEVELOPMENT SDN. BHD.,Taman Mh Tanjung Lumpur,Pahang,Kuantan,8,0,0,,2021-02-07,2022-02-06
1723-83,1723,MING HOOI DEVELOPMENT SDN. BHD.,Taman Mh Seberang Balok,Pahang,Kuantan,16,0,0,,2018-07-17,2020-07-16
1723-84,1723,MING HOOI DEVELOPMENT SDN. BHD.,Taman Mh Sungai Karang,Pahang,Kuantan,5,0,0,,2020-07-24,2021-07-23
1723-85,1723,MING HOOI DEVELOPMENT SDN. BHD.,Taman Mh Kampung Padang,Pahang,Kuantan,10,0,0,,2022-01-08,2023-01-07
1723-86,1723,MING HOOI DEVELOPMENT SDN. BHD.,Ming Hooi Development Sdn. Bhd.,Pahang,Kuantan,18,0,0,,2022-03-26,2023-03-25
1723-87,1723,MING HOOI DEVELOPMENT SDN. BHD.,Taman Kg Pandan Mh Fasa 5,Pahang,Kuantan,30,0,0,,2021-10-27,2022-10-26
1723-88,1723,MING HOOI DEVELOPMENT SDN. BHD.,Ming Hooi Development Sdn. Bhd.,Pahang,Kuantan,12,0,0,,2023-02-07,2024-02-06
1723-89,1723,MING HOOI DEVELOPMENT SDN. BHD.,Taman Mh Sungai Soi Fasa 9,Pahang,Kuantan,26,0,0,,2022-07-22,2023-07-21
1723-90,1723,MING HOOI DEVELOPMENT SDN. BHD.,Taman Mh Tanjung Lumpur Fasa 4,Pahang,Kuantan,22,0,0,,2022-11-01,2023-10-31
1723-91,1723,MING HOOI DEVELOPMENT SDN. BHD.,Taman Mh Sungai Karang Fasa 6,Pahang,Kuantan,14,0,0,,2022-11-04,2023-11-03
1723-92,1723,MING HOOI DEVELOPMENT SDN. BHD.,Taman Mh Sungai Karang Fasa 7,Pahang,Kuantan,8,0,0,,2020-11-10,2022-11-09
1723-93,1723,MING HOOI DEVELOPMENT SDN. BHD.,Mh Kempadang Residences Fasa 6,Pahang,Kuantan,12,0,0,,2023-02-26,2024-02-25
1723-94,1723,MING HOOI DEVELOPMENT SDN. BHD.,Taman Mh Permatang Badak Fasa 7,Pahang,Kuantan,19,0,0,,2023-03-24,2024-03-23
1723-95,1723,MING HOOI DEVELOPMENT SDN. BHD.,Taman Mh Cempaka Fasa 4,Pahang,Kuantan,27,0,0,,2023-03-23,2024-03-22
1723-96,1723,MING HOOI DEVELOPMENT SDN. BHD.,Taman Mh Sungai Karang Fasa 8,Pahang,Kuantan,28,0,0,,2023-07-14,2024-07-13
1723-97,1723,MING HOOI DEVELOPMENT SDN. BHD.,Mh Kempadang Residences Fasa 7,Pahang,Kuantan,20,0,0,,2023-09-07,2024-09-06
1723-98,1723,MING HOOI DEVELOPMENT SDN. BHD.,Taman Mh Sungai Soi Fasa 10,Pahang,Kuantan,24,4,2,,2023-09-14,2024-09-13
1723-99,1723,MING HOOI DEVELOPMENT SDN. BHD.,Taman Kg Pandan Mh Fasa 6,Pahang,Kuantan,30,4,2,,2024-01-06,2025-01-05
1723-100,1723,MING HOOI DEVELOPMENT SDN. BHD.,Perumahan Bukit Setongkol Perdana Fasa 4,Pahang,Kuantan,22,4,4,,2024-09-15,2025-09-14
1723-101,1723,MING HOOI DEVELOPMENT SDN. BHD.,Taman Pelindung Damai Fasa 17,Pahang,Kuantan,22,4,2,,2023-01-30,2025-01-29
1723-102,1723,MING HOOI DEVELOPMENT SDN. BHD.,Taman Mh Kempadang Fasa 4,Pahang,Kuantan,14,4,2,,2023-02-17,2025-02-16
1723-103,1723,MING HOOI DEVELOPMENT SDN. BHD.,Taman Mh Peramu Jaya,Pahang,Pekan,14,4,3,,2025-01-30,2026-01-29
1723-104,1723,MING HOOI DEVELOPMENT SDN. BHD.,Taman Mh Seri Damai Fasa 6,Pahang,Kuantan,20,4,2,,2025-01-09,2026-01-08
1723-105,1723,MING HOOI DEVELOPMENT SDN. BHD.,Taman Mh Batu Hitam Fasa 11,Pahang,Kuantan,8,4,2,,2024-05-22,2026-05-21
1723-106,1723,MING HOOI DEVELOPMENT SDN. BHD.,Taman Mh Batu Hitam,Pahang,Kuantan,8,4,2,,2024-07-16,2026-07-15
1723-107,1723,MING HOOI DEVELOPMENT SDN. BHD.,Taman Mh Sungai Soi,Pahang,Kuantan,19,0,0,,2024-08-09,2026-08-08
1723-108,1723,MING HOOI DEVELOPMENT SDN. BHD.,Taman Mh Balok Perdana,Pahang,Kuantan,28,4,2,,2024-09-10,2026-09-09
1723-109,1723,MING HOOI DEVELOPMENT SDN. BHD.,Taman Mh Sungai Karang,Pahang,Kuantan,21,4,2,,2025-01-07,2027-01-06
1723-110,1723,MING HOOI DEVELOPMENT SDN. BHD.,Taman Mh Permatang Badak Fasa 9,Pahang,-,20,4,2,,2025-11-28,2027-11-27
1723-111,1723,MING HOOI DEVELOPMENT SDN. BHD.,Taman Mh Batu Hitam Fasa 13,Pahang,Kuantan,30,4,2,,2026-01-07,2028-01-06
1723-112,1723,MING HOOI DEVELOPMENT SDN. BHD.,Taman Mh Batu Hitam Fasa 12,Pahang,-,8,4,2,,2026-01-07,2028-01-06
1723-113,1723,MING HOOI DEVELOPMENT SDN. BHD.,Mh Kempadang Residences Fasa 8,Pahang,Kuantan,20,4,2,,2026-04-02,2028-04-01
1723-114,1723,MING HOOI DEVELOPMENT SDN. BHD.,Taman Mh Baluk Sejahtera,Pahang,-,9,4,3,,2026-07-10,2028-07-09
1723-115,1723,MING HOOI DEVELOPMENT SDN. BHD.,Taman Mh Sungai Karang,Pahang,-,23,3,2,,2026-08-12,2028-08-11
1727-1,1727,SEGAMAT REALTY SDN BHD.,Taman Sri Bekok-ii,-,-,0,0,0,,1985-11-04,1986-11-03
1738-1,1738,MASTIARA SDN. BHD.,Taman Pelangi,-,-,0,0,0,,2001-04-05,2002-04-04
1738-2,1738,MASTIARA SDN. BHD.,Taman Nilam,-,-,0,0,0,,,
1738-3,1738,MASTIARA SDN. BHD.,Taman Berlian,-,-,0,0,0,,1982-08-02,1983-08-01
1738-4,1738,MASTIARA SDN. BHD.,Taman Delima,-,-,0,0,0,,1982-08-04,1983-08-12
1738-5,1738,MASTIARA SDN. BHD.,Taman Pelangi,-,-,0,0,0,,1993-10-18,1994-10-17
1738-6,1738,MASTIARA SDN. BHD.,Taman Nenas,-,-,0,0,0,,1988-05-13,1989-05-12
1738-7,1738,MASTIARA SDN. BHD.,Taman Asas,-,-,0,0,0,,,
1738-8,1738,MASTIARA SDN. BHD.,Taman Pelangi,-,-,0,0,0,,1998-01-24,1999-01-23
1738-9,1738,MASTIARA SDN. BHD.,Taman Nenas,-,-,0,0,0,,1997-12-03,1998-12-02
1738-10,1738,MASTIARA SDN. BHD.,Taman Impian,-,-,0,0,0,,1998-01-23,1999-01-22
1738-11,1738,MASTIARA SDN. BHD.,Pelangi,-,-,0,0,0,,,
1744-1,1744,SAP HOLDINGS BERHAD.,Taman Tun Abdul Razak,-,-,0,0,0,,1992-06-05,1993-06-04
1744-2,1744,SAP HOLDINGS BERHAD.,Bandar Baru Selayang,-,-,0,0,0,,1993-09-02,1994-09-05
1744-3,1744,SAP HOLDINGS BERHAD.,Taman Perangsang,-,-,0,0,0,,1990-08-09,1991-08-08
1744-4,1744,SAP HOLDINGS BERHAD.,Xxx,-,-,0,0,0,,,
1744-5,1744,SAP HOLDINGS BERHAD.,Taman Tun Abdul Razak.,-,-,0,0,0,,,
1744-6,1744,SAP HOLDINGS BERHAD.,Taman Tun Abdul Razak Fasa 5.,-,-,0,0,0,,,
1744-7,1744,SAP HOLDINGS BERHAD.,Bandar Baru Selayang,-,-,0,0,0,,,
1744-8,1744,SAP HOLDINGS BERHAD.,Bandar Baru Selayang,-,-,0,0,0,,,
1744-9,1744,SAP HOLDINGS BERHAD.,Bandar Baru Selayang,-,-,0,0,0,,,
1744-10,1744,SAP HOLDINGS BERHAD.,Bandar Baru Selayang Fasa 2b,-,-,0,0,0,,1997-09-11,1998-09-10
1744-11,1744,SAP HOLDINGS BERHAD.,Xxx,-,-,0,0,0,,,
1744-12,1744,SAP HOLDINGS BERHAD.,Xxx,-,-,0,0,0,,,
1744-13,1744,SAP HOLDINGS BERHAD.,Xxx,-,-,0,0,0,,,
1744-14,1744,SAP HOLDINGS BERHAD.,Serendah Lake Fasa 2.,-,-,0,0,0,,1998-12-01,1999-11-30
1744-15,1744,SAP HOLDINGS BERHAD.,Serendah Lakes Fasa 3.,-,-,0,0,0,,,
1744-16,1744,SAP HOLDINGS BERHAD.,Serendah Lakes Fasa 4,-,-,0,0,0,,,
1744-17,1744,SAP HOLDINGS BERHAD.,Serendah Lakes Fasa 5,-,-,0,0,0,,,
1744-18,1744,SAP HOLDINGS BERHAD.,Serendah Lakes Fasa 6,-,-,0,0,0,,,
1744-19,1744,SAP HOLDINGS BERHAD.,Serendah Lakes Fasa 7,-,-,0,0,0,,,
1744-20,1744,SAP HOLDINGS BERHAD.,Serendah Lakes Fasa 8,-,-,0,0,0,,,
1744-21,1744,SAP HOLDINGS BERHAD.,Serendah Lakes Fasa 9,-,-,0,0,0,,,
1744-22,1744,SAP HOLDINGS BERHAD.,Serendah Lakes Fasa 10,-,-,0,0,0,,,
1744-23,1744,SAP HOLDINGS BERHAD.,Serendah Lakes Fasa 11,-,-,0,0,0,,,
1744-24,1744,SAP HOLDINGS BERHAD.,Serendah Lakes Fasa 13,-,-,0,0,0,,,
1744-25,1744,SAP HOLDINGS BERHAD.,Serendah Lakes Fasa 14,-,-,0,0,0,,,
1744-26,1744,SAP HOLDINGS BERHAD.,Serendah Lakes Fasa 15,-,-,0,0,0,,,
1744-27,1744,SAP HOLDINGS BERHAD.,Bandar Baru Selayang Fasa 1b2,-,-,0,0,0,,,
1744-28,1744,SAP HOLDINGS BERHAD.,Taman Malawati Jaya,-,-,0,0,0,,2001-08-29,2002-08-28
1744-29,1744,SAP HOLDINGS BERHAD.,Taman Malawati Jaya,-,-,0,0,0,,,
1744-30,1744,SAP HOLDINGS BERHAD.,Pt 3479 Mukim Api-api,-,-,0,0,0,,2003-09-18,2004-09-17
1744-31,1744,SAP HOLDINGS BERHAD.,Taman Malawati Jaya,-,-,0,0,0,,2003-09-18,2004-09-17
1744-32,1744,SAP HOLDINGS BERHAD.,Taman Malawati Jaya,-,-,0,0,0,,2005-02-02,2006-02-01
1744-33,1744,SAP HOLDINGS BERHAD.,Taman Malawati Jaya,-,-,0,0,0,,,
1744-34,1744,SAP HOLDINGS BERHAD.,Warisan Bestari Dengkil,Selangor,Sepang,422,0,0,,2013-10-13,2014-10-12
1751-1,1751,SYARIKAT JAYA KENCANA SDN. BHD,Taman Kencana Fasa I & Ii (p2),-,-,0,0,0,,1993-07-13,1994-07-12
1757-1,1757,AROSA DEVELOPMENT SDN. BHD ,Taman Putra Sulaiman,-,-,0,0,0,,2002-04-16,2002-07-20
1757-2,1757,AROSA DEVELOPMENT SDN. BHD ,Taman Putera Sulaiman-1b (p2),-,-,0,0,0,,1993-11-30,1994-11-29
1757-3,1757,AROSA DEVELOPMENT SDN. BHD ,Tiara Duta,-,-,0,0,0,,,
1770-1,1770,HIN HOE HOLDINGS SDN. BHD.,Taman Bukit Mas,-,-,0,0,0,,1992-04-22,1993-04-21
1770-2,1770,HIN HOE HOLDINGS SDN. BHD.,Taman Bukit Mas,-,-,0,0,0,,2003-05-24,2004-05-23
1771-1,1771,MAK LIEW TEIK SDN. BHD.,Taman Aman,-,-,0,0,0,,1993-11-24,1994-11-23
1773-1,1773,POKTA SENDIRIAN BERHAD,Taman Indah,-,-,0,0,0,,1993-10-06,1994-10-05
1773-2,1773,POKTA SENDIRIAN BERHAD,Taman Okid Baru,-,-,0,0,0,,,
1773-3,1773,POKTA SENDIRIAN BERHAD,Taman Kekwa,Johor,Segamat,86,0,0,,1998-09-25,1999-09-24
1773-4,1773,POKTA SENDIRIAN BERHAD,Taman Perling,-,-,0,0,0,,1996-02-10,1997-02-09
1773-5,1773,POKTA SENDIRIAN BERHAD,Bandar Utama,-,-,0,0,0,,,
1773-6,1773,POKTA SENDIRIAN BERHAD,Taman Seri Mewah,Johor,Segamat,502,0,0,,2009-06-03,2010-06-02
1773-7,1773,POKTA SENDIRIAN BERHAD,Taman Utama 2,Johor,Segamat,304,0,0,,2020-01-23,2021-01-22
1773-8,1773,POKTA SENDIRIAN BERHAD,Taman Sri Alam 2,Johor,Segamat,183,0,0,,2009-03-10,2010-03-07
1773-9,1773,POKTA SENDIRIAN BERHAD,Taman Utama 3,-,-,0,0,0,,,
1773-10,1773,POKTA SENDIRIAN BERHAD,"Kiara Utama, Taman Utama",Johor,Segamat,8,7,7,,2021-02-28,2024-02-27
1782-1,1782,LOKE KEE DEVELOPMENT SDN. BHD.,Kondominium Sri Emas,Wp Kuala Lumpur,Kuala Lumpur,138,0,0,,2006-09-22,2007-09-21
1784-1,1784,IDEAL HOMES PROPERTIES SDN. BHD.,Tree Sparina,Pulau Pinang,Daerah Barat Daya,548,0,0,,2015-09-07,2016-09-06
1784-2,1784,IDEAL HOMES PROPERTIES SDN. BHD.,The Amarene,Pulau Pinang,Daerah Barat Daya,410,0,0,,2022-01-25,2023-01-24
1784-3,1784,IDEAL HOMES PROPERTIES SDN. BHD.,Summerskye Residences,Pulau Pinang,Daerah Barat Daya,507,0,0,,2018-06-24,2019-06-23
1784-4,1784,IDEAL HOMES PROPERTIES SDN. BHD.,Camerlina,Pulau Pinang,Daerah Barat Daya,480,0,0,,2020-12-24,2021-12-23
1784-5,1784,IDEAL HOMES PROPERTIES SDN. BHD.,Lucerne Residences,Pulau Pinang,Daerah Barat Daya,480,3,"2, 3",,2025-04-01,2026-03-31
1787-1,1787,FIRST NATIONWIDE LANDBANK SDN. BHD. ,Wangsa Jaya,-,-,0,0,0,,2001-11-18,2002-11-17
1793-1,1793,WAHGIAP DEVT. SDN. BHD.,Sri Sungai Batu,-,-,0,0,0,,2002-11-15,2003-06-23
1806-1,1806,TMLAND DEVELOPMENT SDN. BHD.(FORMERLY KNOWN AS TAMAN MUDA S.B.),Taman Muda.,-,-,0,0,0,,1996-09-25,1997-09-24
1806-2,1806,TMLAND DEVELOPMENT SDN. BHD.(FORMERLY KNOWN AS TAMAN MUDA S.B.),Taman Minang Ria 2,-,-,0,0,0,,2004-02-07,2005-02-06
1806-3,1806,TMLAND DEVELOPMENT SDN. BHD.(FORMERLY KNOWN AS TAMAN MUDA S.B.),Taman Minang Ria 2,Selangor,Hulu Langat,42,0,0,,2005-10-09,2006-10-08
1811-1,1811,PUMAT SDN. BHD.,Taman Mewah,-,-,0,0,0,,1996-09-28,1997-09-27
1811-2,1811,PUMAT SDN. BHD.,Taman Pelangi,-,-,0,0,0,,1992-05-09,1993-05-08
1811-3,1811,PUMAT SDN. BHD.,Taman Melor,-,-,0,0,0,,1993-10-06,1994-10-05
1811-4,1811,PUMAT SDN. BHD.,Taman Mewah,-,-,0,0,0,,1992-12-16,1993-12-15
1811-5,1811,PUMAT SDN. BHD.,Taman Utama,Johor,Pontian,1066,0,0,,2009-06-16,2010-06-15
1811-6,1811,PUMAT SDN. BHD.,Taman Orkid Baru,-,-,0,0,0,,1992-10-16,1993-10-15
1811-7,1811,PUMAT SDN. BHD.,Chaah Jaya ,-,-,0,0,0,,1996-07-15,1997-07-14
1811-8,1811,PUMAT SDN. BHD.,Taman Sri Pelangi Ii,-,-,0,0,0,,1996-02-10,1997-02-09
1811-9,1811,PUMAT SDN. BHD.,Taman Mewah Lot 5313-5315,-,-,0,0,0,,,
1811-10,1811,PUMAT SDN. BHD.,Taman Sentosa,-,-,0,0,0,,1993-10-23,1994-10-22
1811-11,1811,PUMAT SDN. BHD.,Taman Segar,-,-,0,0,0,,1996-08-10,1997-08-09
1811-12,1811,PUMAT SDN. BHD.,Taman Pelangi,-,-,0,0,0,,,
1811-13,1811,PUMAT SDN. BHD.,Lot 419,-,-,0,0,0,,,
1811-14,1811,PUMAT SDN. BHD.,Lot 5285 & 5286,-,-,0,0,0,,,
1811-15,1811,PUMAT SDN. BHD.,Lot 1533,-,-,0,0,0,,1995-01-07,1996-01-06
1811-16,1811,PUMAT SDN. BHD.,Taman Segar,-,-,0,0,0,,2004-03-03,2005-03-02
1811-17,1811,PUMAT SDN. BHD.,Taman Sri Alam,-,-,0,0,0,,2003-04-26,2003-04-25
1811-18,1811,PUMAT SDN. BHD.,Taman Dedap,Johor,Segamat,103,0,0,,2006-07-28,2007-07-27
1811-19,1811,PUMAT SDN. BHD.,Taman Sri Pelangi,-,-,0,0,0,,2004-01-14,2005-01-13
1811-20,1811,PUMAT SDN. BHD.,Taman Mewah,-,-,0,0,0,,2002-01-10,2003-01-09
1811-21,1811,PUMAT SDN. BHD.,Taman Segar,Johor,Segamat,8,0,0,,2007-03-12,2008-03-11
1811-22,1811,PUMAT SDN. BHD.,Taman Segar,-,-,0,0,0,,2002-10-10,2003-10-09
1811-23,1811,PUMAT SDN. BHD.,Taman Perling,-,-,0,0,0,,2004-03-08,2005-03-07
1811-24,1811,PUMAT SDN. BHD.,Taman Sri Pelangi,Johor,Segamat,83,0,0,,2006-06-23,2007-06-22
1811-25,1811,PUMAT SDN. BHD.,Taman Utama,Johor,Segamat,35,0,0,,2019-05-16,2020-05-15
1811-26,1811,PUMAT SDN. BHD.,Taman Sri Mewah,Johor,Segamat,125,0,0,,2011-06-11,2012-06-10
1811-27,1811,PUMAT SDN. BHD.,Taman Sri Alam,Johor,Segamat,6,0,0,,2014-07-21,2015-07-20
1811-28,1811,PUMAT SDN. BHD.,"Taman Mewah, Yong Peng",Johor,Batu Pahat,29,0,0,,2016-03-26,2017-03-25
1811-29,1811,PUMAT SDN. BHD.,Taman Seri Mewah,Johor,Segamat,29,0,0,,2015-09-26,2016-09-25
1811-30,1811,PUMAT SDN. BHD.,Taman Seri Mewah,Johor,Segamat,71,0,0,,2022-02-23,2023-02-22
1811-31,1811,PUMAT SDN. BHD.,Taman Seri Mewah,Johor,Segamat,46,4,2,,2025-06-23,2027-06-22
1826-1,1826,PANGLOBAL DEVELOPMENT SDN. BHD.,Taman Mutiara,-,-,0,0,0,,1984-05-14,1985-05-13
1832-1,1832,GOLDEN PARK DEVELOPMENTS SDN. BHD.,Taman Mas,-,-,0,0,0,,1992-11-12,1993-11-11
1832-2,1832,GOLDEN PARK DEVELOPMENTS SDN. BHD.,Taman Mas Lot 584-590,-,-,0,0,0,,1993-08-19,1994-08-18
1832-3,1832,GOLDEN PARK DEVELOPMENTS SDN. BHD.,Pangsapuri Emas,-,-,0,0,0,,2003-11-30,2004-11-29
1837-1,1837,SUN LAND SDN. BHD.,Taman Suria,Perak,Kinta,247,0,0,,2017-09-21,2018-09-20
1837-2,1837,SUN LAND SDN. BHD.,Sunland Residence,Perak,Kinta,29,0,0,,2017-11-10,2019-11-09
1837-3,1837,SUN LAND SDN. BHD.,Sunlland Residence,Perak,Kinta,24,0,0,,2021-09-23,2022-09-22
1837-4,1837,SUN LAND SDN. BHD.,"The Luxe, Sunland Residence",Perak,Kinta,24,4,4,,2023-03-21,2025-03-20
1837-5,1837,SUN LAND SDN. BHD.,"The Luxe, Sunland Residence",Perak,Kinta,25,4,4,,2026-02-23,2027-02-22
1837-6,1837,SUN LAND SDN. BHD.,"The Luxe, Sunland Residence",Perak,-,14,4,4,,2026-07-26,2028-07-25
1841-1,1841,TANJONG DEVELOPER SDN. BHD.,Taman Sri Losong,-,-,0,0,0,,,
1841-2,1841,TANJONG DEVELOPER SDN. BHD.,Desa Wakaf Baru,-,-,0,0,0,,1992-01-06,1993-01-05
1841-3,1841,TANJONG DEVELOPER SDN. BHD.,Taman Sri Temesu (p3),-,-,0,0,0,,1986-04-14,1987-04-13
1841-4,1841,TANJONG DEVELOPER SDN. BHD.,Desa Wakaf Baru Ii,-,-,0,0,0,,1995-01-25,1996-01-24
1841-5,1841,TANJONG DEVELOPER SDN. BHD.,Desa Bakti,-,-,0,0,0,,1987-12-18,1988-12-17
1841-6,1841,TANJONG DEVELOPER SDN. BHD.,Desa Baru Tok Jering,-,-,0,0,0,,1997-06-14,1998-06-13
1841-7,1841,TANJONG DEVELOPER SDN. BHD.,Desa Pusu Tiga,Terengganu,Kuala Terengganu,191,0,0,,1999-02-22,2000-02-21
1841-8,1841,TANJONG DEVELOPER SDN. BHD.,Menara Sri Tanjong,-,-,0,0,0,,,
1841-9,1841,TANJONG DEVELOPER SDN. BHD.,Desa Padang Nenas,-,-,0,0,0,,2001-06-22,2002-06-21
1841-10,1841,TANJONG DEVELOPER SDN. BHD.,Desa Sri Tanjong,-,-,0,0,0,,2001-08-10,2002-08-09
1841-11,1841,TANJONG DEVELOPER SDN. BHD.,Desa Tanjong Permai,-,-,0,0,0,,2000-10-06,2001-10-05
1841-12,1841,TANJONG DEVELOPER SDN. BHD.,Taman Tanjong Permata,-,-,0,0,0,,2000-10-06,2001-10-05
1841-13,1841,TANJONG DEVELOPER SDN. BHD.,Desa Paloh Baru,-,-,0,0,0,,2002-08-21,2003-08-20
1841-14,1841,TANJONG DEVELOPER SDN. BHD.,Desa Wakaf Baru  3,-,-,0,0,0,,2004-02-26,2005-02-25
1841-15,1841,TANJONG DEVELOPER SDN. BHD.,Desa Sri Bayas Permai,Terengganu,Kuala Terengganu,23,0,0,,2004-10-15,2005-10-14
1841-16,1841,TANJONG DEVELOPER SDN. BHD.,Desa Baroh Tanjong Damai,Terengganu,Kuala Terengganu,551,0,0,,2013-12-16,2014-12-15
1841-17,1841,TANJONG DEVELOPER SDN. BHD.,Desa Tanjong Endah,Terengganu,Kuala Terengganu,12,0,0,,2005-12-22,2006-12-21
1841-18,1841,TANJONG DEVELOPER SDN. BHD.,Taman Serada Utama,Terengganu,Kuala Terengganu,24,0,0,,2007-06-14,2008-06-13
1841-19,1841,TANJONG DEVELOPER SDN. BHD.,Desa Baroh Tanjong Damai,Terengganu,Kuala Terengganu,348,0,0,,2018-08-23,2019-08-22
1841-20,1841,TANJONG DEVELOPER SDN. BHD.,Desa Baroh Tanjong Damai,Terengganu,Kuala Terengganu,231,0,0,,2023-02-17,2024-02-16
1841-21,1841,TANJONG DEVELOPER SDN. BHD.,Taman Sri Mengkuang,Terengganu,Marang,22,0,0,,2019-08-15,2021-08-14
1841-22,1841,TANJONG DEVELOPER SDN. BHD.,Desa Padang Indah,Terengganu,Kuala Terengganu,19,4,3,,2024-05-20,2025-05-19
1841-23,1841,TANJONG DEVELOPER SDN. BHD.,Desa Tanjung Indah,Terengganu,Kuala Terengganu,16,3,2,,2025-10-17,2026-10-16
1841-24,1841,TANJONG DEVELOPER SDN. BHD.,Desa Tanjung Indah 2,Terengganu,Kuala Terengganu,26,3,2,,2026-07-17,2027-07-16
1841-25,1841,TANJONG DEVELOPER SDN. BHD.,Desa Pusu Tiga 2,Terengganu,-,54,3,2,,2025-02-04,2027-02-03
1842-1,1842,DALYA SDN. BHD.,Taman Desa Paloh,-,-,0,0,0,,,
1842-2,1842,DALYA SDN. BHD.,Desa Sri Wangsa,-,-,0,0,0,,1992-06-08,1993-06-07
1842-3,1842,DALYA SDN. BHD.,Desa Utama,-,-,0,0,0,,1987-12-18,1988-12-17
1842-4,1842,DALYA SDN. BHD.,Taman Sri Batin,-,-,0,0,0,,,
1842-5,1842,DALYA SDN. BHD.,Desa Tebauk I & Ii,-,-,0,0,0,,,
1854-1,1854,TAHITI DEVELOPMENT SDN. BHD.,Taman Seri Bahagia,-,-,0,0,0,,1991-11-19,1992-11-18
1854-2,1854,TAHITI DEVELOPMENT SDN. BHD.,Taman Suria,-,-,0,0,0,,1998-09-14,1999-09-13
1860-1,1860,LEE HOW SOO ENTERPRISE SDN. BHD.,Taman Pelangi (fasa 2),-,-,0,0,0,,1992-03-17,1993-03-16
1860-2,1860,LEE HOW SOO ENTERPRISE SDN. BHD.,Taman Pelangi Fasa 3 & 4,-,-,0,0,0,,1993-08-02,1994-08-01
1860-3,1860,LEE HOW SOO ENTERPRISE SDN. BHD.,Taman Pelangi,-,-,0,0,0,,1993-09-24,1994-09-23
1860-5,1860,LEE HOW SOO ENTERPRISE SDN. BHD.,Taman Pelangi Fasa 5,-,-,0,0,0,,,
1860-6,1860,LEE HOW SOO ENTERPRISE SDN. BHD.,Taman Pelangi Fasa 6,-,-,0,0,0,,1996-08-17,1997-08-16
1860-7,1860,LEE HOW SOO ENTERPRISE SDN. BHD.,Taman Pelangi Fasa 6.,-,-,0,0,0,,1998-01-14,1999-01-13
1860-8,1860,LEE HOW SOO ENTERPRISE SDN. BHD.,Taman Pelangi Fasa 7,-,-,0,0,0,,1997-02-24,1998-02-23
1860-9,1860,LEE HOW SOO ENTERPRISE SDN. BHD.,Taman Pelangi  Fasa 8,-,-,0,0,0,,1998-01-20,1999-01-19
1860-10,1860,LEE HOW SOO ENTERPRISE SDN. BHD.,Taman Pelangi Fasa 8,-,-,0,0,0,,1999-03-11,2000-03-10
1860-11,1860,LEE HOW SOO ENTERPRISE SDN. BHD.,Taman Cemerlang,-,-,0,0,0,,2000-03-15,2001-03-14
1860-12,1860,LEE HOW SOO ENTERPRISE SDN. BHD.,Taman Pelangi Fasa 9,-,-,0,0,0,,2001-06-06,2002-06-05
1860-13,1860,LEE HOW SOO ENTERPRISE SDN. BHD.,Taman Pelangi (fasa 10),-,-,0,0,0,,2003-07-05,2004-07-04
1860-14,1860,LEE HOW SOO ENTERPRISE SDN. BHD.,Taman Sri Pelang1,Perak,Hilir Perak,41,0,0,,2008-04-17,2009-04-16
1860-15,1860,LEE HOW SOO ENTERPRISE SDN. BHD.,Taman Sri Manggis,Perak,Hilir Perak,10,0,0,,2008-01-17,2009-01-16
1860-16,1860,LEE HOW SOO ENTERPRISE SDN. BHD.,Taman Intan Jaya 2,Perak,Hilir Perak,38,0,0,,2010-08-24,2011-06-09
1860-17,1860,LEE HOW SOO ENTERPRISE SDN. BHD.,Taman Intan Jaya 1,Perak,Hilir Perak,16,0,0,,2011-07-21,2012-07-20
1860-18,1860,LEE HOW SOO ENTERPRISE SDN. BHD.,Taman Berlian 1,Perak,Hilir Perak,28,0,0,,2013-08-13,2014-08-12
1860-19,1860,LEE HOW SOO ENTERPRISE SDN. BHD.,Taman Seri Langkap,Perak,Hilir Perak,38,0,0,,2016-01-17,2017-01-16
1860-20,1860,LEE HOW SOO ENTERPRISE SDN. BHD.,Taman Intan Bahagia 2,Perak,Hilir Perak,14,4,2,,2023-02-05,2024-02-04
1864-1,1864,ASIAH LATIF SDN. BHD.,Taman Bidor Jaya,-,-,0,0,0,,1993-10-12,1994-10-11
1864-2,1864,ASIAH LATIF SDN. BHD.,Taman Permai Sungkai.,-,-,0,0,0,,1998-09-02,1999-09-01
1866-1,1866,GROUP LINK CONSTRUCTION SDN BHD (DAHULU SYKT TUNG KAI LEONG & ANAK SDN BHD),Lot 83 Mukim Kelanang,-,-,0,0,0,,2003-08-26,2004-08-25
1875-1,1875,EASTERN & ORIENTAL HOTEL (1951) SDN. BHD.,Lot 124 & 125 Seksyen 14,Pulau Pinang,Daerah Timor Laut,125,0,0,,1982-01-16,1983-01-15
1879-1,1879,HWA LOON CREDIT & LEASING SDN. BHD.,Villa Setia Lot 45685,-,-,0,0,0,,,
1884-1,1884,YS DEVELOPMENT SDN. BHD.,Taman Dahlia Fasa Ii,-,-,0,0,0,,2001-08-14,2002-08-13
1884-2,1884,YS DEVELOPMENT SDN. BHD.,Xxx,-,-,0,0,0,,1985-09-19,1986-09-18
1884-3,1884,YS DEVELOPMENT SDN. BHD.,Xxx,-,-,0,0,0,,,
1884-4,1884,YS DEVELOPMENT SDN. BHD.,Taman Dahlia,-,-,0,0,0,,,
1884-5,1884,YS DEVELOPMENT SDN. BHD.,Taman Dahlia,Pahang,Temerloh,20,0,0,,2022-09-07,2023-09-06
1887-1,1887,MAJAYA ENTERPRISE SDN. BHD.,Taman Bersatu,-,-,0,0,0,,1981-01-28,1982-01-27
1890-1,1890,DERGAHAYU SDN. BHD.,Taman Bukit Teratai,Selangor,Hulu Langat,2547,0,0,,1992-06-11,1993-06-10
1890-2,1890,DERGAHAYU SDN. BHD.,Taman Subang Mewah,-,-,0,0,0,,1998-03-31,1999-03-30
1890-3,1890,DERGAHAYU SDN. BHD.,Taman Subang Mewah,-,-,0,0,0,,,
1890-4,1890,DERGAHAYU SDN. BHD.,Taman Subang Mewah,-,-,0,0,0,,,
1890-5,1890,DERGAHAYU SDN. BHD.,Taman Subang Mewah,-,-,0,0,0,,2004-05-27,2005-05-26
1890-6,1890,DERGAHAYU SDN. BHD.,Taman Subang Mewah,Selangor,Petaling ,144,0,0,,2005-12-22,2006-12-21
1890-7,1890,DERGAHAYU SDN. BHD.,Taman Subang Mewah,Selangor,Petaling ,36,0,0,,2014-01-28,2015-01-27
1890-8,1890,DERGAHAYU SDN. BHD.,Taman Bukit Teratai,Selangor,Hulu Langat,90,0,0,,2014-01-18,2015-01-17
1890-9,1890,DERGAHAYU SDN. BHD.,"Usj 1, Subang",Selangor,Petaling ,447,0,0,,2018-10-12,2019-10-11
1896-1,1896,MEKAR JAYA SDN. BHD.,Taman Pasir Mas,-,-,0,0,0,,1992-04-21,1993-04-20
1896-2,1896,MEKAR JAYA SDN. BHD.,Taman Seri Naga,-,-,0,0,0,,2001-02-23,2002-02-22
1896-3,1896,MEKAR JAYA SDN. BHD.,Taman Bidara Jaya 2,-,-,0,0,0,,2005-05-28,2006-05-27
1898-1,1898,SYARIKAT MASINDA SDN. BHD.,Taman Diawan,-,-,72,0,0,,,
1910-1,1910,VIGOL DEVELOPMENT SDN. BHD.,Bayshore  Apartment,-,-,0,0,0,,,
1926-1,1926,SYARIKAT TAIWOOD SDN. BHD.,Taman Sri Indah,-,-,0,0,0,,1997-12-19,1998-12-18
1956-1,1956,KIM LONG CREDIT DEVELOPMENT SDN. BHD.,Taman Sena,-,-,0,0,0,,1990-03-20,1991-03-19
1956-2,1956,KIM LONG CREDIT DEVELOPMENT SDN. BHD.,Kim Long Credit Development Sdn. Bhd.,Kedah,Kulim,69,0,0,,2021-03-12,2022-03-11
1967-1,1967,DAKA PEMBINA SDN. BHD.,Taman Ria,-,-,0,0,0,,1990-10-20,1991-10-19
1967-2,1967,DAKA PEMBINA SDN. BHD.,Taman Cendana (p2),-,-,0,0,0,,1986-09-19,1997-09-18
1967-3,1967,DAKA PEMBINA SDN. BHD.,Taman Sri Kota,-,-,0,0,0,,1992-03-20,1993-03-19
1967-4,1967,DAKA PEMBINA SDN. BHD.,Taman Seri Mewah,Selangor,Hulu Langat,298,0,0,,2006-12-04,2007-05-08
1967-5,1967,DAKA PEMBINA SDN. BHD.,Taman Seri Mewah,-,-,0,0,0,,2003-07-02,2004-07-01
1983-1,1983,MALAYSIA PACIFIC DEVT. CO. SDN. BHD.,Taman Megah Ria,-,-,0,0,0,,1987-02-16,1988-02-15
1986-1,1986,PERUMAHAN TAG SDN. BHD ,Taman Purnama (p1),-,-,0,0,0,,1981-11-05,1982-11-18
1986-2,1986,PERUMAHAN TAG SDN. BHD ,Taman Selesa Jaya,Johor,Pontian,51,0,0,,2003-01-23,2004-01-22
1987-1,1987,SYARIKAT NAZATI SDN. BHD,Taman Masdi,-,-,0,0,0,,1984-06-13,1985-06-12
2003-1,2003,PARAMOUNT PROPERTY (UTARA) SDN. BHD.,Taman Patani Jaya,-,-,0,0,0,,1996-08-07,1997-08-06
2003-2,2003,PARAMOUNT PROPERTY (UTARA) SDN. BHD.,Xxx,-,-,0,0,0,,,
2003-3,2003,PARAMOUNT PROPERTY (UTARA) SDN. BHD.,Xxx,-,-,0,0,0,,,
2003-4,2003,PARAMOUNT PROPERTY (UTARA) SDN. BHD.,Xxx,-,-,0,0,0,,1996-04-16,1997-04-15
2003-5,2003,PARAMOUNT PROPERTY (UTARA) SDN. BHD.,Taman Sutera,-,-,0,0,0,,,
2003-6,2003,PARAMOUNT PROPERTY (UTARA) SDN. BHD.,Xxx,-,-,0,0,0,,1996-04-21,1997-04-20
2003-7,2003,PARAMOUNT PROPERTY (UTARA) SDN. BHD.,Xxx,-,-,0,0,0,,1996-04-23,1997-04-22
2003-8,2003,PARAMOUNT PROPERTY (UTARA) SDN. BHD.,Bandar Laguna Merbok Fasa I,-,-,0,0,0,,1998-11-15,1999-11-14
2003-9,2003,PARAMOUNT PROPERTY (UTARA) SDN. BHD.,Bandar Laguna Merbok Fasa Ib,-,-,0,0,0,,2001-10-13,2002-10-12
2003-10,2003,PARAMOUNT PROPERTY (UTARA) SDN. BHD.,Bandar Laguna Merbok Fasa 2,-,-,0,0,0,,2000-07-29,2001-07-28
2003-11,2003,PARAMOUNT PROPERTY (UTARA) SDN. BHD.,Bandar Laguna Merbok Fasa 3a,-,-,0,0,0,,2001-04-21,2002-04-20
2003-12,2003,PARAMOUNT PROPERTY (UTARA) SDN. BHD.,Bandar Laguna Merbok Fasa 3b,-,-,0,0,0,,2002-11-03,2003-11-02
2003-13,2003,PARAMOUNT PROPERTY (UTARA) SDN. BHD.,Bandar Laguna Merbok Fasa 4,-,-,0,0,0,,2001-07-27,2002-07-26
2003-14,2003,PARAMOUNT PROPERTY (UTARA) SDN. BHD.,Bandar Laguna Merbok,Kedah,Kuala Muda,31,0,0,,2006-05-30,2007-05-29
2003-15,2003,PARAMOUNT PROPERTY (UTARA) SDN. BHD.,Bandar Laguna Merbok - Fasa 4c,-,-,0,0,0,,2002-10-24,2003-10-23
2006-1,2006,BINANUSA SDN. BHD.,Taman Terubong Jaya,Pulau Pinang,Daerah Timor Laut,224,0,0,,2004-02-10,2005-02-09
2006-2,2006,BINANUSA SDN. BHD.,Lot 115,-,-,0,0,0,,,
2006-3,2006,BINANUSA SDN. BHD.,Taman Terubong Jaya,-,-,0,0,0,,1993-08-14,1994-08-13
2006-4,2006,BINANUSA SDN. BHD.,Xxx,-,-,0,0,0,,,
2006-5,2006,BINANUSA SDN. BHD.,Xxx,-,-,0,0,0,,,
2006-6,2006,BINANUSA SDN. BHD.,Berjaya Court,-,-,0,0,0,,1996-10-10,1997-10-09
2006-7,2006,BINANUSA SDN. BHD.,Desa Aman,Pulau Pinang,Daerah Timor Laut,392,0,0,,2002-01-08,2003-01-07
2006-8,2006,BINANUSA SDN. BHD.,Taman Terubong Jaya,Pulau Pinang,Daerah Timor Laut,266,0,0,,2005-01-29,2006-01-28
2008-1,2008,CAYMAN DEVELOPMENT (KEDAH) SDN. BHD.,Taman Seri Berjaya,-,-,0,0,0,,1992-01-09,1993-01-08
2008-2,2008,CAYMAN DEVELOPMENT (KEDAH) SDN. BHD.,Taman Mewah Jaya (p2),-,-,0,0,0,,1986-07-15,1987-07-14
2008-3,2008,CAYMAN DEVELOPMENT (KEDAH) SDN. BHD.,"Taman Bersatu Lot 519,520,521",-,-,0,0,0,,1988-04-16,1989-04-15
2008-4,2008,CAYMAN DEVELOPMENT (KEDAH) SDN. BHD.,Taman Tanjong Bendahara (p4),-,-,0,0,0,,1987-06-13,1988-06-12
2008-5,2008,CAYMAN DEVELOPMENT (KEDAH) SDN. BHD.,Taman Malai Fasa 2 (p5),-,-,0,0,0,,1987-07-13,1988-07-12
2008-6,2008,CAYMAN DEVELOPMENT (KEDAH) SDN. BHD.,Taman Bersatu (p6),-,-,0,0,0,,1992-03-06,1993-03-05
2008-7,2008,CAYMAN DEVELOPMENT (KEDAH) SDN. BHD.,Taman Bersatu Fasa 2a & 2b,-,-,0,0,0,,1992-09-23,1993-09-22
2008-8,2008,CAYMAN DEVELOPMENT (KEDAH) SDN. BHD.,Taman Tunku Hosna Fasa Dua.,-,-,0,0,0,,1996-10-30,1997-10-29
2008-9,2008,CAYMAN DEVELOPMENT (KEDAH) SDN. BHD.,Taman Gunung Perak,-,-,0,0,0,,1997-07-11,1998-07-10
2008-10,2008,CAYMAN DEVELOPMENT (KEDAH) SDN. BHD.,Taman Enggang,-,-,0,0,0,,1997-04-02,1998-04-01
2008-11,2008,CAYMAN DEVELOPMENT (KEDAH) SDN. BHD.,Taman Saga Fasa Ii,-,-,0,0,0,,1997-03-06,1998-03-05
2008-12,2008,CAYMAN DEVELOPMENT (KEDAH) SDN. BHD.,Taman Mewah,-,-,0,0,0,,,
2008-13,2008,CAYMAN DEVELOPMENT (KEDAH) SDN. BHD.,Taman Bersatu Fasa 4,-,-,0,0,0,,,
2008-14,2008,CAYMAN DEVELOPMENT (KEDAH) SDN. BHD.,Taman Derga Jaya,-,-,0,0,0,,1992-01-09,1993-01-08
2008-15,2008,CAYMAN DEVELOPMENT (KEDAH) SDN. BHD.,Taman Putra Jaya,-,-,0,0,0,,1992-02-10,1993-03-09
2008-16,2008,CAYMAN DEVELOPMENT (KEDAH) SDN. BHD.,Taman Bersatu,-,-,0,0,0,,1998-05-30,1999-05-29
2008-17,2008,CAYMAN DEVELOPMENT (KEDAH) SDN. BHD.,Taman Damai Fasa 2,-,-,0,0,0,,1992-01-09,1993-01-08
2008-18,2008,CAYMAN DEVELOPMENT (KEDAH) SDN. BHD.,Taman Derga Jaya Fasa 2,-,-,0,0,0,,,
2008-19,2008,CAYMAN DEVELOPMENT (KEDAH) SDN. BHD.,Taman Tunku Rosna Fasa Ii,-,-,0,0,0,,1992-07-18,1993-07-17
2010-1,2010,BERKAT TIMOR SDN. BHD.,Taman Berkat,-,-,0,0,0,,1997-09-27,1998-09-26
2011-1,2011,RETHIKO SDN. BHD.,Taman Tasik Rethina,-,-,0,0,0,,1983-02-23,1984-02-22
2011-2,2011,RETHIKO SDN. BHD.,Taman Ratna Fasa 2 & 3,-,-,0,0,0,,,
2011-3,2011,RETHIKO SDN. BHD.,Taman Manggis,-,-,0,0,0,,,
2011-4,2011,RETHIKO SDN. BHD.,Taman Gelugor,-,-,0,0,0,,,
2011-5,2011,RETHIKO SDN. BHD.,Lot 883 Seksyen 2 Bandar Air Itam,-,-,0,0,0,,1998-05-06,1999-05-05
2012-1,2012,WINAIK MANAGEMENT SDN. BHD.,Taman Kuala Jaya,-,-,0,0,0,,2003-08-04,2004-08-03
2017-1,2017,JESULAANG SDN. BHD.,Taman Raja Muda Musa Iii,-,-,0,0,0,,1999-05-04,2000-05-03
2021-1,2021,HOBIN KEMAJUAN SDN. BHD.,Taman Rakyat (p1),-,-,0,0,0,,1992-04-21,1993-04-20
2021-2,2021,HOBIN KEMAJUAN SDN. BHD.,Taman Berkat (p2),-,-,0,0,0,,1992-04-21,1993-04-20
2030-1,2030,YONLIAN REALTY SDN. BHD.,Lot 1089 - 1093,-,-,0,0,0,,,
2030-2,2030,YONLIAN REALTY SDN. BHD.,Dinasti Kondominium Kelang,-,-,0,0,0,,,
2030-3,2030,YONLIAN REALTY SDN. BHD.,Rumah Pangsa Meru,-,-,0,0,0,,2004-10-13,2005-09-07
2036-1,2036,WEILY REALTY SDN. BHD ,Taman Makmur,-,-,0,0,0,,1998-05-13,1999-05-12
2036-2,2036,WEILY REALTY SDN. BHD ,Taman Makmur,-,-,0,0,0,,1992-10-02,1993-10-01
2036-3,2036,WEILY REALTY SDN. BHD ,Lot 8692 - Lot 8718 Mukim Bidor,-,-,0,0,0,,2005-01-03,2006-01-02
2036-4,2036,WEILY REALTY SDN. BHD ,Pt 14941 - Pt 14952 Mukim Durian Sebatang,-,-,0,0,0,,2004-05-20,2005-05-19
2039-1,2039,SRI DONGLAI SDN. BHD ,Taman Cheras Indah,-,-,0,0,0,,1993-11-09,1994-11-08
2056-1,2056,LEISURE HOLIDAYS HOLDINGS SDN.BHD.,Villa Ampang,-,-,0,0,0,,1996-04-25,1997-04-24
2056-2,2056,LEISURE HOLIDAYS HOLDINGS SDN.BHD.,Leasure Bay Condominium,-,-,0,0,0,,1990-04-11,1991-04-10
2056-3,2056,LEISURE HOLIDAYS HOLDINGS SDN.BHD.,Villa Ampang,-,-,0,0,0,,1993-10-22,1994-10-21
2066-1,2066,PUTRA PERDANA DEVELOPMENT SDN. BHD.,Taman Melaka Raya,-,-,0,0,0,,1992-03-26,1993-03-25
2070-1,2070,KUM YEUN ENTERPRISE SDN. BHD.,Taman Mengembu Berlian,-,-,0,0,0,,1995-02-04,1996-02-03
2070-2,2070,KUM YEUN ENTERPRISE SDN. BHD.,Taman Mengelembu Berlian,-,-,0,0,0,,2000-02-18,2001-02-17
2080-1,2080,BSJ HIGHLAND SDN. BHD.,Taman Cantik,-,-,0,0,0,,1991-08-23,1992-08-22
2080-2,2080,BSJ HIGHLAND SDN. BHD.,Green Park (villa Hijauan),Johor,Johor Bahru,0,0,0,,2005-07-07,2006-07-06
2087-1,2087,AIR TERANG SDN. BHD.,Bandar Baru Kota Putri ,-,-,0,0,0,,1993-10-23,1994-10-22
2094-1,2094,KEMAJUAN TENAGA SDN. BHD.,Taman Ampang Hilir (fawina Court),-,-,0,0,0,,1998-02-19,1999-02-18
2097-1,2097,PEMAJU HO HOCK LAI SDN. BHD.,Taman Nik,-,-,0,0,0,,1982-07-17,1983-07-16
2097-2,2097,PEMAJU HO HOCK LAI SDN. BHD.,Taman Sri Lundang,-,-,0,0,0,,1982-06-21,1983-06-25
2097-3,2097,PEMAJU HO HOCK LAI SDN. BHD.,Taman Sri Chicha,-,-,0,0,0,,,
2097-5,2097,PEMAJU HO HOCK LAI SDN. BHD.,Taman Sri Setia (p5),-,-,0,0,0,,1986-12-04,1987-12-03
2106-1,2106,PEMBANGUNAN MUTINIAGA SDN. BHD.,Taman Desa Anggerik,-,-,0,0,0,,1988-03-08,1989-03-07
2109-1,2109,SALAK PARK DEVELOPMENT SDN. BHD,Desa Petaling,-,-,0,0,0,,1991-11-25,1992-11-24
2109-2,2109,SALAK PARK DEVELOPMENT SDN. BHD,Menang Ria,-,-,0,0,0,,1996-01-10,1997-01-09
2109-3,2109,SALAK PARK DEVELOPMENT SDN. BHD,Taman Desa Petaling,Wp Kuala Lumpur,Kuala Lumpur,715,0,0,,1999-01-16,2000-01-15
2109-4,2109,SALAK PARK DEVELOPMENT SDN. BHD,Kondominium Ceriadesa,-,-,0,0,0,,2005-11-28,2006-11-27
2112-1,2112,LEAN TEIK SENG DEVELOPMENT SDN. BHD.,Taman Mutiara ,-,-,0,0,0,,2006-04-10,2006-12-13
2115-1,2115,KEMAJUAN PEMANDANGAN SDN. BHD.,Taman Bukit Sentosa,-,-,0,0,0,,1993-09-06,1994-09-05
2115-2,2115,KEMAJUAN PEMANDANGAN SDN. BHD.,Taman Batu Kikir,-,-,0,0,0,,2005-01-26,2006-01-25
2116-1,2116,YUEN LUM SDN. BHD.,Taman Teja(p1),-,-,0,0,0,,1993-07-23,1994-07-22
2117-1,2117,CHIN LEAN REALTY CO. SDN. BHD.,Taman Cahaya,-,-,0,0,0,,,
2122-1,2122,TH PROPERTIES SDN. BHD.,Taman Tabung Haji (p1),-,-,0,0,0,,1996-01-19,1997-01-18
2122-2,2122,TH PROPERTIES SDN. BHD.,Bandar Baru Bangi Pkt1 (p2),-,-,0,0,0,,1986-05-20,1987-05-19
2122-3,2122,TH PROPERTIES SDN. BHD.,Perumahan Awam Alor Malai Iii,-,-,0,0,0,,,
2122-4,2122,TH PROPERTIES SDN. BHD.,Pangsapuri Villa Angkasa,-,-,0,0,0,,1993-08-14,1994-08-13
2122-5,2122,TH PROPERTIES SDN. BHD.,Taman Desa Ixora,-,-,0,0,0,,,
2122-6,2122,TH PROPERTIES SDN. BHD.,Taman Desa Ixora 11,-,-,0,0,0,,1997-06-11,1998-06-10
2122-7,2122,TH PROPERTIES SDN. BHD.,Taman Macang Manis,-,-,0,0,0,,1996-05-15,1997-05-14
2122-8,2122,TH PROPERTIES SDN. BHD.,Taman Alamanda,-,-,0,0,0,,1999-04-28,2000-04-27
2122-9,2122,TH PROPERTIES SDN. BHD.,Taman Semenyih Indah,-,-,0,0,0,,2001-05-09,2002-05-08
2122-10,2122,TH PROPERTIES SDN. BHD.,Lot 1009 Dan 1454 Mukim Ampangan,-,-,0,0,0,,2004-10-23,2005-10-22
2122-11,2122,TH PROPERTIES SDN. BHD.,Bandar Warisan Puteri,-,-,0,0,0,,2003-04-22,2004-04-21
2122-12,2122,TH PROPERTIES SDN. BHD.,Taman Tabung Haji,-,-,0,0,0,,,
2123-1,2123,BUMIBAKTI DEVELOPMENT SDN. BHD.,Taman Melur Fasa 3,-,-,0,0,0,,2016-03-30,2017-03-29
2128-1,2128,SUI SDN. BHD.,Ptb 5514-5555,-,-,0,0,0,,,
2128-2,2128,SUI SDN. BHD.,Taman Kota Emas,-,-,0,0,0,,1996-10-03,1997-10-02
2128-3,2128,SUI SDN. BHD.,Taman Sri Layang,-,-,0,0,0,,1996-01-12,1997-01-11
2128-4,2128,SUI SDN. BHD.,Lot 851 Dan 636 Mukim Kerteh,-,-,0,0,0,,1998-10-08,1999-10-07
2128-5,2128,SUI SDN. BHD.,"Lot 704, 725, 844, 845, 918 & 951",-,-,0,0,0,,,
2128-6,2128,SUI SDN. BHD.,"Lot 887, 883 - 884, 844 - 845 & 863",-,-,0,0,0,,,
2136-1,2136,SEGAMBUT JAYA SDN. BHD,Taman Sri Sinar,-,-,0,0,0,,1993-07-19,1994-07-18
2139-1,2139,MATRIX DEVT. & CONST. SDN. BHD.,Pusat Pdagangan Bkt. Mertajam,-,-,0,0,0,,1992-04-08,1993-04-07
2152-1,2152,SRI NISUH SDN. BHD.,Taman Permai,-,-,0,0,0,,1998-07-11,1999-07-10
2154-1,2154,HIMA DEVELOPMENT SDN. BHD.,Taman Sri Intan,-,-,0,0,0,,1993-09-03,1994-09-02
2154-2,2154,HIMA DEVELOPMENT SDN. BHD.,Taman Orkid,-,-,0,0,0,,1995-01-07,1996-01-06
2154-3,2154,HIMA DEVELOPMENT SDN. BHD.,Lot 2176,-,-,0,0,0,,1984-06-14,1985-06-13
2154-4,2154,HIMA DEVELOPMENT SDN. BHD.,Taman Jaya,-,-,0,0,0,,1996-12-09,1997-12-08
2154-5,2154,HIMA DEVELOPMENT SDN. BHD.,Taman Teknik,Kelantan,Kuala Krai,59,0,0,,2007-05-04,2008-05-03
2162-1,2162,KASIH SAYANG REALTY SDN. BHD.,Taman Kasih Sayang Fasa I&ii,-,-,0,0,0,,,
2172-1,2172,NEWACRES SDN. BHD.,Taman Sri Muda ,-,-,0,0,0,,2003-08-27,2004-08-09
2176-1,2176,PERNIAGAAN MUDA BUMI SDN. BHD.,Taman Bachang Baru Fasa-1,-,-,0,0,0,,1993-07-17,1994-07-16
2182-1,2182,COMFORT ENTERPRISE SDN. BHD.,Taman Jubilee,-,-,0,0,0,,1989-08-29,1990-08-28
2182-2,2182,COMFORT ENTERPRISE SDN. BHD.,Taman Jubilee Fasa 5 ,-,-,0,0,0,,1998-01-16,1999-01-15
2183-1,2183,PERUSAHAAN BERJAYA TRIANG SDN. BHD.,Taman Triang Jaya (p1),-,-,0,0,0,,1992-03-21,1993-03-20
2183-2,2183,PERUSAHAAN BERJAYA TRIANG SDN. BHD.,Taman Aman Jaya,-,-,0,0,0,,2004-04-10,2005-04-09
2202-1,2202,SAZURA SDN. BHD.,Taman Ros (p1),-,-,0,0,0,,1985-03-01,1986-02-28
2207-1,2207,ZIMBINA DINDINGS SDN. BHD.,Xxx,-,-,0,0,0,,,
2207-2,2207,ZIMBINA DINDINGS SDN. BHD.,Taman Berpadu,-,-,0,0,0,,1997-03-18,1998-03-17
2207-3,2207,ZIMBINA DINDINGS SDN. BHD.,Desa Bintang (p3),-,-,0,0,0,,1984-05-08,1985-05-07
2207-4,2207,ZIMBINA DINDINGS SDN. BHD.,Desa Bintang Ii (p4),-,-,0,0,0,,1986-07-22,1987-07-21
2219-1,2219,YONSEN CONSTRUCTIONS SDN. BHD.,Taman Setia Jaya Ii,-,-,0,0,0,,,
2219-2,2219,YONSEN CONSTRUCTIONS SDN. BHD.,Taman Bukit Jaya,-,-,0,0,0,,1990-01-22,1991-01-21
2219-3,2219,YONSEN CONSTRUCTIONS SDN. BHD.,Taman Rumpun Jaya,-,-,0,0,0,,,
2219-4,2219,YONSEN CONSTRUCTIONS SDN. BHD.,Pangsapuri Mawar,-,-,0,0,0,,1991-12-09,1992-12-08
2219-5,2219,YONSEN CONSTRUCTIONS SDN. BHD.,Taman Bahagia,-,-,0,0,0,,1984-06-28,1985-06-27
2219-6,2219,YONSEN CONSTRUCTIONS SDN. BHD.,Taman Bahagia Pertama,-,-,0,0,0,,1984-06-12,1985-06-11
2219-7,2219,YONSEN CONSTRUCTIONS SDN. BHD.,Taman Putera,-,-,0,0,0,,1985-02-28,1986-02-27
2219-8,2219,YONSEN CONSTRUCTIONS SDN. BHD.,Taman Sri Pandan,-,-,0,0,0,,1989-11-02,1990-11-01
2219-9,2219,YONSEN CONSTRUCTIONS SDN. BHD.,Taman Bukit Beruang Utama Sek. I,-,-,0,0,0,,1997-01-13,1998-01-12
2219-10,2219,YONSEN CONSTRUCTIONS SDN. BHD.,Taman Nilam,-,-,0,0,0,,,
2219-11,2219,YONSEN CONSTRUCTIONS SDN. BHD.,Taman Pangsapuri Bakti Ii,-,-,0,0,0,,1993-07-19,1994-07-18
2219-12,2219,YONSEN CONSTRUCTIONS SDN. BHD.,Taman Bungan Raya,-,-,0,0,0,,1996-01-25,1997-01-24
2219-13,2219,YONSEN CONSTRUCTIONS SDN. BHD.,Wwwww,-,-,0,0,0,,1996-05-04,1997-04-03
2219-14,2219,YONSEN CONSTRUCTIONS SDN. BHD.,Xxx,-,-,0,0,0,,,
2219-15,2219,YONSEN CONSTRUCTIONS SDN. BHD.,Zzzzz,-,-,0,0,0,,,
2219-16,2219,YONSEN CONSTRUCTIONS SDN. BHD.,Taman Tanjung Minyak,-,-,0,0,0,,2001-06-01,2002-05-31
2219-17,2219,YONSEN CONSTRUCTIONS SDN. BHD.,Taman Putat Indah,-,-,0,0,0,,2000-06-01,2001-05-31
2219-18,2219,YONSEN CONSTRUCTIONS SDN. BHD.,Taman Ara Indah,-,-,0,0,0,,2000-08-17,2001-08-16
2219-19,2219,YONSEN CONSTRUCTIONS SDN. BHD.,Taman Tanjong Minyak Ii,-,-,0,0,0,,2001-04-23,2002-04-22
2219-20,2219,YONSEN CONSTRUCTIONS SDN. BHD.,Taman Bukit Beruang Utama,-,-,0,0,0,,2000-06-08,2001-06-07
2219-21,2219,YONSEN CONSTRUCTIONS SDN. BHD.,Taman Bukit Beruang Utama Seksyen 1,-,-,0,0,0,,2001-08-13,2002-08-12
2219-22,2219,YONSEN CONSTRUCTIONS SDN. BHD.,Taman Rajawali,-,-,0,0,0,,2003-07-04,2004-07-03
2219-23,2219,YONSEN CONSTRUCTIONS SDN. BHD.,Taman Cergas,Melaka,Melaka Tengah,18,0,0,,2007-10-31,2008-10-30
2227-1,2227,KEDAH PROPERTY SDN. BHD.,Taman Pulasan 11,-,-,0,0,0,,2000-03-31,2001-03-30
2227-2,2227,KEDAH PROPERTY SDN. BHD.,Taman Seri Marina Fasa Ii,-,-,0,0,0,,2001-02-10,2002-02-09
2230-1,2230,SELAMAN SDN. BHD.,Taman Dato Ahmad Razali.,-,-,0,0,0,,1996-12-12,1997-12-11
2230-2,2230,SELAMAN SDN. BHD.,Taman Dato Ahmad Razali,-,-,0,0,0,,,
2230-3,2230,SELAMAN SDN. BHD.,Kelana Idaman,Selangor,Petaling ,220,0,0,,2005-04-14,2005-08-13
2230-4,2230,SELAMAN SDN. BHD.,Bangi D'7,Selangor,Hulu Langat,76,0,0,,2008-08-21,2009-07-10
2230-5,2230,SELAMAN SDN. BHD.,Meranti Residensi,Selangor,Sepang,216,4,"3, 4",,2023-08-20,2024-08-19
2234-1,2234,PMC PROPERTIES SDN. BHD. (FORMERLY PASIR MAS CONSTRUCTION & DEVT. SDN. BHD.),Taman Mesra,-,-,0,0,0,,1982-07-08,1983-07-07
2234-2,2234,PMC PROPERTIES SDN. BHD. (FORMERLY PASIR MAS CONSTRUCTION & DEVT. SDN. BHD.),Taman Firdaus,-,-,0,0,0,,2002-03-05,2003-03-04
2234-3,2234,PMC PROPERTIES SDN. BHD. (FORMERLY PASIR MAS CONSTRUCTION & DEVT. SDN. BHD.),Taman Ilahi,Kelantan,Pasir Mas,19,0,0,,2004-08-16,2005-08-15
2234-4,2234,PMC PROPERTIES SDN. BHD. (FORMERLY PASIR MAS CONSTRUCTION & DEVT. SDN. BHD.), Lot 4116- 4130,Kelantan,Machang,15,0,0,,2009-02-26,2010-02-25
2234-5,2234,PMC PROPERTIES SDN. BHD. (FORMERLY PASIR MAS CONSTRUCTION & DEVT. SDN. BHD.),Lot 3022-3031,Kelantan,Machang,10,0,0,,,
2234-6,2234,PMC PROPERTIES SDN. BHD. (FORMERLY PASIR MAS CONSTRUCTION & DEVT. SDN. BHD.),Kontraktor Dan Pemaju Perumahan,Kelantan,Pasir Mas,24,0,0,,,
2234-7,2234,PMC PROPERTIES SDN. BHD. (FORMERLY PASIR MAS CONSTRUCTION & DEVT. SDN. BHD.),Pt 1435-1458,Kelantan,Pasir Mas,24,0,0,,2013-09-19,2014-09-18
2234-8,2234,PMC PROPERTIES SDN. BHD. (FORMERLY PASIR MAS CONSTRUCTION & DEVT. SDN. BHD.),Pmc Properties Sdn Bhd,Kelantan,Pasir Mas,15,0,0,,2011-11-02,2012-11-01
2239-1,2239,BANANG BERSAMA SEGAMAT SDN. BHD.,Taman Segamat Baru,-,-,0,0,0,,1999-02-19,2000-02-18
2239-2,2239,BANANG BERSAMA SEGAMAT SDN. BHD.,Taman Segamat Baru,Johor,Segamat,35,0,0,,2007-07-20,2008-07-19
2243-1,2243,LIM YEW CHYE & SONS REALTY DEVELOPMENT SDN. BHD.,Taman Mutu,-,-,0,0,0,,1982-05-03,1983-05-02
2243-3,2243,LIM YEW CHYE & SONS REALTY DEVELOPMENT SDN. BHD.,Taman Assam Jawa (p3),-,-,0,0,0,,1985-02-16,1986-01-15
2243-4,2243,LIM YEW CHYE & SONS REALTY DEVELOPMENT SDN. BHD.,Taman Desa Jaya (p4),-,-,0,0,0,,1985-11-01,1986-11-02
2243-5,2243,LIM YEW CHYE & SONS REALTY DEVELOPMENT SDN. BHD.,Taman Kuala Selangor Utama,Selangor,Kuala Selangor,218,0,0,,2006-03-21,2007-01-17
2243-6,2243,LIM YEW CHYE & SONS REALTY DEVELOPMENT SDN. BHD.,Taman Indah Mas,Selangor,Hulu Selangor,315,0,0,,,
2255-1,2255,KIAT TA HUP CHEONG DEVT. SDN. BHD.,Taman Sri Ayu,-,-,0,0,0,,1997-08-22,1998-08-21
2255-2,2255,KIAT TA HUP CHEONG DEVT. SDN. BHD.,Taman Rasa Sayang,-,-,0,0,0,,,
2255-3,2255,KIAT TA HUP CHEONG DEVT. SDN. BHD.,Taman Seri Jitra Fasa 4 (p3),-,-,0,0,0,,1984-08-29,1985-08-28
2255-4,2255,KIAT TA HUP CHEONG DEVT. SDN. BHD.,Taman Meriah,-,-,0,0,0,,1996-04-11,1997-04-10
2255-5,2255,KIAT TA HUP CHEONG DEVT. SDN. BHD.,Taman Serdang Jaya,-,-,0,0,0,,1991-12-23,1992-12-22
2255-6,2255,KIAT TA HUP CHEONG DEVT. SDN. BHD.,Taman Melor,-,-,0,0,0,,1990-10-19,1991-10-18
2255-7,2255,KIAT TA HUP CHEONG DEVT. SDN. BHD.,Taman Sri Ayu,-,-,0,0,0,,1992-02-21,1993-02-20
2255-8,2255,KIAT TA HUP CHEONG DEVT. SDN. BHD.,Taman Rusa,-,-,0,0,0,,1991-12-23,1992-12-22
2263-1,2263,SUM CHOW SDN. BHD.,Sum Chow`,-,-,0,0,0,,,
2263-2,2263,SUM CHOW SDN. BHD.,Taman Sri Putra Fasa 2,-,-,0,0,0,,2005-03-07,2005-09-12
2263-3,2263,SUM CHOW SDN. BHD.,Taman Sri Putra,Johor,Johor Bahru,121,0,0,,2009-07-13,2010-04-10
2271-1,2271,LLB INDAH PERMAI SDN. BHD.,Taman Kota Permai,-,-,0,0,0,,2002-05-29,2003-05-28
2271-2,2271,LLB INDAH PERMAI SDN. BHD.,Taman Kota Permai,-,-,0,0,0,,1997-08-09,1998-08-08
2271-3,2271,LLB INDAH PERMAI SDN. BHD.,Taman Sri Plentong,Johor,Johor Bahru,112,0,0,,2008-05-28,2009-05-27
2275-1,2275,KUALA KUBU UTAMA SDN. BHD.,Taman Seruling,-,-,0,0,0,,2003-02-19,2004-02-18
2277-1,2277,ADVANCE DEVELOPMENT SDN. BHD.,Taman Bukit Tiram ,-,-,0,0,0,,1998-09-05,1999-09-04
2277-2,2277,ADVANCE DEVELOPMENT SDN. BHD.,Taman Bukit Tiram,Johor,Johor Bahru,700,0,0,,2009-11-13,2010-11-12
2277-3,2277,ADVANCE DEVELOPMENT SDN. BHD.,Taman Bukit Tiram - Fasa 3d,-,-,0,0,0,,,
2277-4,2277,ADVANCE DEVELOPMENT SDN. BHD.,Taman Bukit Tiram,Johor,Johor Bahru,233,0,0,,2013-12-12,2014-12-11
2277-5,2277,ADVANCE DEVELOPMENT SDN. BHD.,Taman Bukit Tiram 3 (azalea1&2),Johor,Johor Bahru,117,0,0,,2015-02-11,2017-02-10
2277-6,2277,ADVANCE DEVELOPMENT SDN. BHD.,Taman Bukit Tiram - Azalea Fasa 2,Johor,Johor Bahru,37,0,0,,2018-02-07,2020-02-06
2277-7,2277,ADVANCE DEVELOPMENT SDN. BHD.,Taman Bukit Tiram 2 (violet),Johor,Johor Bahru,28,0,0,,2021-06-03,2022-06-02
2277-8,2277,ADVANCE DEVELOPMENT SDN. BHD.,Bandar Tiram 3 - Angelica,Johor,Johor Bahru,85,0,0,,2021-04-08,2023-04-07
2277-9,2277,ADVANCE DEVELOPMENT SDN. BHD.,Bandar Tiram 3 (nigella),Johor,Johor Bahru,144,4,"3, 5",,2024-09-29,2025-09-28
2277-10,2277,ADVANCE DEVELOPMENT SDN. BHD.,Bandar Tiram (verbena),Johor,Johor Bahru,122,4,3,,2026-05-24,2027-05-23
2277-11,2277,ADVANCE DEVELOPMENT SDN. BHD.,Taman Bukit Tiram (violet 2),Johor,Johor Bahru,12,4,3,,2023-06-13,2025-06-12
2277-12,2277,ADVANCE DEVELOPMENT SDN. BHD.,Bandar Tiram (violet 3),Johor,Johor Bahru,17,4,3,,2026-06-30,2027-06-29
2283-1,2283,TAN TAY YOK REALTY SDN. BHD.,Taman Labis,-,-,0,0,0,,1997-10-09,1998-10-08
2288-1,2288,TANMING BERHAD, ,-,-,0,0,0,,1982-07-29,1983-07-27
2288-2,2288,TANMING BERHAD,Taman Cheras Mewah,-,-,0,0,0,,2000-10-21,2001-10-20
2288-3,2288,TANMING BERHAD,Taman Sri Tanming,-,-,0,0,0,,2000-10-21,2001-10-20
2288-4,2288,TANMING BERHAD,Taman Cheras Mewah - Fasa 2,-,-,0,0,0,,2000-03-06,2001-03-05
2288-5,2288,TANMING BERHAD,Taman Cheras Mewah - Fasa 3,-,-,0,0,0,,2000-10-27,2001-10-26
2288-6,2288,TANMING BERHAD,Taman Seri Tanming,-,-,0,0,0,,,
2288-7,2288,TANMING BERHAD,Taman Tanming Maju,-,-,0,0,0,,,
2288-8,2288,TANMING BERHAD,Taman Taming Maju,Selangor,Hulu Langat,205,0,0,,2005-10-10,2006-10-09
2288-9,2288,TANMING BERHAD,Taman Seri Tanming - Fasa 2  (16 Unit),-,-,0,0,0,,2002-06-12,2003-06-11
2288-10,2288,TANMING BERHAD,Wangsa Aman,-,-,0,0,0,,2003-01-31,2004-01-30
2288-11,2288,TANMING BERHAD,Wangsa Aman,-,-,0,0,0,,2003-08-14,2004-08-13
2288-12,2288,TANMING BERHAD,Taman Taming Indah,-,-,0,0,0,,2004-10-23,2005-10-22
2288-13,2288,TANMING BERHAD,Taman Taming Maju,Selangor,Hulu Langat,110,0,0,,2006-10-22,2007-07-04
2288-14,2288,TANMING BERHAD,Taman Taming Indah,Selangor,Hulu Langat,160,0,0,,2006-03-14,2007-03-13
2288-15,2288,TANMING BERHAD,Taman Saujana Damai,Selangor,Hulu Langat,116,0,0,,2007-01-25,2008-01-24
2288-16,2288,TANMING BERHAD,Taman Sri Minang,Selangor,Hulu Langat,76,0,0,,2007-08-17,2008-08-16
2293-1,2293,ZAIBI REALTY SDN. BHD.,Taman Desa Wangi,-,-,0,0,0,,1998-08-27,1999-08-26
2293-2,2293,ZAIBI REALTY SDN. BHD.,Taman Desa Wangi,-,-,0,0,0,,1993-08-21,1994-08-20
2293-3,2293,ZAIBI REALTY SDN. BHD.,Taman Sri Gucil,-,-,0,0,0,,1984-07-28,1985-07-27
2293-4,2293,ZAIBI REALTY SDN. BHD.,Taman Restu Fasa 111,-,-,0,0,0,,1985-10-10,1986-10-09
2293-5,2293,ZAIBI REALTY SDN. BHD.,Taman Desa Permai,-,-,0,0,0,,2004-12-15,2005-12-14
2298-1,2298,POLYWELL ENTERPRISE SDN. BHD.,Taman Air Bemban,-,-,0,0,0,,1983-05-21,1984-05-20
2298-2,2298,POLYWELL ENTERPRISE SDN. BHD.,Tamn Sri Aman ,-,-,0,0,0,,1998-11-17,1999-11-16
2298-3,2298,POLYWELL ENTERPRISE SDN. BHD.,Taman Sri Aman Fasa I,-,-,0,0,0,,1996-06-10,1997-06-09
2298-4,2298,POLYWELL ENTERPRISE SDN. BHD.,Kota Yong Peng (fail Lama)kpkt/05/880/2298-3,-,-,0,0,0,,,
2298-5,2298,POLYWELL ENTERPRISE SDN. BHD.,Taman Kotamas Fasa 1,-,-,0,0,0,,2001-03-31,2002-03-30
2298-6,2298,POLYWELL ENTERPRISE SDN. BHD.,Taman Kotamas Fasa 2,-,-,0,0,0,,2003-04-11,2004-04-10
2305-1,2305,SYARIKAT BINAAN KENALI SDN. BHD.,Taman Sri Bunut,-,-,0,0,0,,1982-07-16,1983-07-15
2305-2,2305,SYARIKAT BINAAN KENALI SDN. BHD.,Taman Alqari,-,-,0,0,0,,1985-06-11,1986-06-10
2305-3,2305,SYARIKAT BINAAN KENALI SDN. BHD.,Taman Putri (p3),-,-,0,0,0,,1984-12-13,1985-12-12
2305-4,2305,SYARIKAT BINAAN KENALI SDN. BHD.,Pangsapuri Kenali,-,-,0,0,0,,1987-12-30,1988-12-29
2305-5,2305,SYARIKAT BINAAN KENALI SDN. BHD.,Desa Melor,-,-,0,0,0,,1987-06-25,1988-06-24
2305-6,2305,SYARIKAT BINAAN KENALI SDN. BHD.,Taman Sri Teluk,-,-,0,0,0,,,
2305-7,2305,SYARIKAT BINAAN KENALI SDN. BHD.,Taman Ilmu,-,-,0,0,0,,1998-03-16,1999-03-15
2305-8,2305,SYARIKAT BINAAN KENALI SDN. BHD.,Taman Selasih,-,-,0,0,0,,1989-12-02,1990-12-01
2305-9,2305,SYARIKAT BINAAN KENALI SDN. BHD.,Desa Hidayah (lot 916),-,-,0,0,0,,,
2305-10,2305,SYARIKAT BINAAN KENALI SDN. BHD.,Desa Peringat,-,-,0,0,0,,1990-03-08,1991-03-07
2305-11,2305,SYARIKAT BINAAN KENALI SDN. BHD.,Taman Ilmu,-,-,0,0,0,,1990-06-01,1991-05-31
2305-12,2305,SYARIKAT BINAAN KENALI SDN. BHD.,Taman Ehsan,-,-,0,0,0,,1990-07-10,1991-07-09
2305-13,2305,SYARIKAT BINAAN KENALI SDN. BHD.,Desa Hidayah 2,-,-,0,0,0,,1990-08-03,1991-08-02
2305-14,2305,SYARIKAT BINAAN KENALI SDN. BHD.,Desa Satria,-,-,0,0,0,,1990-08-03,1991-08-02
2338-1,2338,HWEE HONG HOUSING DEVELOPMENT SDN. BHD.,Taman Damai Jaya,-,-,0,0,0,,1997-06-06,1998-06-05
2338-2,2338,HWEE HONG HOUSING DEVELOPMENT SDN. BHD.,Taman Indah (p2),-,-,0,0,0,,1992-10-22,1993-10-21
2338-3,2338,HWEE HONG HOUSING DEVELOPMENT SDN. BHD.,Wwww,-,-,0,0,0,,,
2338-4,2338,HWEE HONG HOUSING DEVELOPMENT SDN. BHD.,Taman Damai Jaya,-,-,0,0,0,,1998-06-26,1999-06-25
2348-1,2348,RUPEE ENTERPRISE SDN. BHD.,Taman Bukit Kelana Fasa 2,-,-,0,0,0,,1997-01-21,1998-01-20
2348-2,2348,RUPEE ENTERPRISE SDN. BHD.,Taman Melati Indah,-,-,0,0,0,,,
2348-3,2348,RUPEE ENTERPRISE SDN. BHD.,Taman Rasa Sayang,-,-,0,0,0,,1996-08-23,1997-08-22
2348-4,2348,RUPEE ENTERPRISE SDN. BHD.,Taman Rashibah Indah,-,-,0,0,0,,1996-08-23,1997-08-22
2348-5,2348,RUPEE ENTERPRISE SDN. BHD.,Taman Sri Negeri (p5),-,-,0,0,0,,1985-02-26,1986-02-25
2348-6,2348,RUPEE ENTERPRISE SDN. BHD.,Taman Bukit Kelana Fasa 2,-,-,0,0,0,,,
2348-7,2348,RUPEE ENTERPRISE SDN. BHD.,Taman Sri Kasih,-,-,0,0,0,,,
2348-8,2348,RUPEE ENTERPRISE SDN. BHD.,Desa Kenanga Indah,Negeri Sembilan,Seremban,29,0,0,,2016-11-08,2017-11-07
2348-9,2348,RUPEE ENTERPRISE SDN. BHD.,Taman Bukit Kelana Fasa Ii,-,-,0,0,0,,,
2348-10,2348,RUPEE ENTERPRISE SDN. BHD.,Taman Melati Indah Fasa Ii,-,-,0,0,0,,1998-06-09,1999-06-08
2348-11,2348,RUPEE ENTERPRISE SDN. BHD.,Taman Sri Siantan,-,-,0,0,0,,2001-12-24,2002-12-23
2348-12,2348,RUPEE ENTERPRISE SDN. BHD.,Taman Bukit Kelana Fasa 3,-,-,0,0,0,,2003-12-08,2004-12-07
2348-13,2348,RUPEE ENTERPRISE SDN. BHD.,Taman Nilai Setia,Negeri Sembilan,Seremban,17,0,0,,2009-08-19,2010-08-18
2353-1,2353,CHYE SENG DEVT. SDN. BHD.,Taman Sri Lalang Lot 9 & 511,-,-,0,0,0,,1993-11-03,1994-11-02
2353-2,2353,CHYE SENG DEVT. SDN. BHD.,Taman Paloh,-,-,0,0,0,,1996-05-03,1997-05-02
2354-1,2354,SYARIKAT MAJUPERAK BHD.,Taman Keramat (p1),-,-,0,0,0,,1992-05-12,1993-05-11
2354-2,2354,SYARIKAT MAJUPERAK BHD.,Taman Pasir Puteh,-,-,0,0,0,,1993-08-26,1994-08-25
2354-3,2354,SYARIKAT MAJUPERAK BHD.,Lembah Perpaduan Permai,Perak,Kinta,896,0,0,,2006-06-16,2006-12-15
2354-4,2354,SYARIKAT MAJUPERAK BHD.,Bandar Tasik Idaman,Perak,Kinta,46,0,0,,2010-04-12,2011-04-11
2354-5,2354,SYARIKAT MAJUPERAK BHD.,Sekim Perumahan 73 Unit Rumah Teres Kos Rendah,Perak,Kinta,73,0,0,,2004-10-15,2005-10-14
2354-6,2354,SYARIKAT MAJUPERAK BHD.,Taman Desa Idaman,Perak,Batang Padang,36,0,0,,2003-10-23,2004-10-22
2354-7,2354,SYARIKAT MAJUPERAK BHD.,Taman Tasik Ardea,Perak,Kinta,264,"3, 4",2,,2024-12-16,2026-12-15
2354-8,2354,SYARIKAT MAJUPERAK BHD.,Taman Tasik Ardea,Perak,Kinta,161,4,2,,2025-07-02,2027-07-01
2359-1,2359,CRESCENT REALTY SDN. BHD.,Taman Indah,-,-,0,0,0,,2001-04-28,2002-04-27
2359-2,2359,CRESCENT REALTY SDN. BHD.,Taman Okid,-,-,0,0,0,,1998-10-26,1999-10-25
2359-3,2359,CRESCENT REALTY SDN. BHD.,Taman Okid,-,-,0,0,0,,1999-05-04,2000-05-03
2359-4,2359,CRESCENT REALTY SDN. BHD.,Taman Indah,-,-,0,0,0,,2003-07-14,2004-06-21
2359-5,2359,CRESCENT REALTY SDN. BHD.,Taman Orkid,-,-,0,0,0,,2002-08-29,2003-08-28
2359-6,2359,CRESCENT REALTY SDN. BHD.,Taman Indah,Negeri Sembilan,Tampin,198,0,0,,2007-12-11,2008-10-09
2359-7,2359,CRESCENT REALTY SDN. BHD.,Crescent Realty Sdn Bhd,Negeri Sembilan,Tampin,71,0,0,,2010-05-19,2011-05-18
2359-8,2359,CRESCENT REALTY SDN. BHD.,Taman Indah,Negeri Sembilan,Tampin,15,0,0,,2010-12-23,2011-12-22
2359-9,2359,CRESCENT REALTY SDN. BHD.,Taman Indah,Negeri Sembilan,Tampin,23,0,0,,2016-02-14,2017-02-13
2359-10,2359,CRESCENT REALTY SDN. BHD.,Taman Indah,Negeri Sembilan,Tampin,10,0,0,,2018-10-30,2019-10-29
2359-11,2359,CRESCENT REALTY SDN. BHD.,Taman Indah,Negeri Sembilan,Tampin,27,0,0,,2020-06-27,2021-06-26
2359-12,2359,CRESCENT REALTY SDN. BHD.,Crescent Realty Sdn. Bhd.,Negeri Sembilan,Tampin,6,0,0,,2020-01-01,2021-12-31
2359-13,2359,CRESCENT REALTY SDN. BHD.,Taman Indah,Negeri Sembilan,Tampin,40,4,3,,2025-10-04,2026-10-03
2364-1,2364,YUE FOONG REALTY SDN. BHD.,Taman Berjaya Baru Tanjung Rambutan,-,-,0,0,0,,1996-05-13,1997-05-12
2364-2,2364,YUE FOONG REALTY SDN. BHD.,Taman Kenangan (p2),-,-,0,0,0,,1984-05-29,1985-05-28
2364-3,2364,YUE FOONG REALTY SDN. BHD.,Taman Berjaya Baru,-,-,0,0,0,,1993-08-05,1994-08-04
2371-1,2371,SRI SAUJANA DEVELOPMENT CORPORATION SDN. BHD.,Taman Sri Terap,-,-,0,0,0,,,
2371-2,2371,SRI SAUJANA DEVELOPMENT CORPORATION SDN. BHD.,Ptd 4345 - 4443 Lot 3820,-,-,0,0,0,,1992-11-26,1993-11-25
2373-1,2373,CHEN HUA TRADING SDN. BHD.,Taman Delima (p1),-,-,0,0,0,,1982-07-17,1983-07-16
2373-2,2373,CHEN HUA TRADING SDN. BHD.,Taman Suka Ramai,-,-,0,0,0,,1989-06-23,1990-06-22
2373-3,2373,CHEN HUA TRADING SDN. BHD.,Taman Kenanga (tmn. Muhibbah),-,-,0,0,0,,1992-10-10,1993-10-09
2377-1,2377,BINARIAZ DEVT. SDN. BHD.,Taman Mahsuri,-,-,0,0,0,,1998-01-12,1999-01-11
2378-1,2378,GUNUNG BAYU SDN. BHD. ,Taman Tunku Putra,-,-,0,0,0,,2005-06-16,2006-06-15
2378-2,2378,GUNUNG BAYU SDN. BHD. ,Taman Tunku Putra 11,-,-,0,0,0,,,
2385-1,2385,NORTH SOUTH DEVELOPMENT SDN. BHD,Menara Titiwangsa,-,-,0,0,0,,1990-02-19,1991-02-18
2386-1,2386,LIGHT INDUSTRIES DEVT. CORP. SDN. BHD.,Taman Pilah,-,-,0,0,0,,1991-03-07,1992-03-06
2387-1,2387,TAMAN GUNONG HIJAU SDN. BHD.,Taman Rinting,-,-,0,0,0,,2004-04-16,2005-04-15
2387-2,2387,TAMAN GUNONG HIJAU SDN. BHD.,Taman Rinting Fasa 1-5,-,-,0,0,0,,1991-03-21,1992-03-20
2387-3,2387,TAMAN GUNONG HIJAU SDN. BHD.,Taman Rinting Fasa 6b3,-,-,0,0,0,,,
2387-4,2387,TAMAN GUNONG HIJAU SDN. BHD.,Taman Rinting Fasa 6b2 & 6b4,-,-,0,0,0,,,
2387-5,2387,TAMAN GUNONG HIJAU SDN. BHD.,Taman Rinting,-,-,0,0,0,,2004-08-05,2005-07-11
2387-6,2387,TAMAN GUNONG HIJAU SDN. BHD.,"Taman Rinting (zon 7b3, 7c2 & 7c3)",Johor,Johor Bahru,275,0,0,,2005-09-01,2006-08-31
2387-7,2387,TAMAN GUNONG HIJAU SDN. BHD.,Taman Rinting,-,-,0,0,0,,,
2387-8,2387,TAMAN GUNONG HIJAU SDN. BHD.,Taman Rinting,-,-,0,0,0,,,
2387-9,2387,TAMAN GUNONG HIJAU SDN. BHD.,Taman Rinting (fasa 7e3),Johor,Johor Bahru,16,0,0,,2010-01-05,2010-09-16
2387-10,2387,TAMAN GUNONG HIJAU SDN. BHD.,Taman Rinting,Johor,Johor Bahru,14,0,0,,2010-08-09,2011-08-08
2387-11,2387,TAMAN GUNONG HIJAU SDN. BHD.,Taman Rinting,Johor,Johor Bahru,53,0,0,,2011-01-13,2012-01-12
2387-12,2387,TAMAN GUNONG HIJAU SDN. BHD.,Taman Rinting,Johor,Johor Bahru,69,0,0,,2013-11-12,2014-11-11
2387-13,2387,TAMAN GUNONG HIJAU SDN. BHD.,Laman Beringin- Taman Rinting,Johor,Johor Bahru,72,0,0,,2018-11-28,2019-11-27
2387-14,2387,TAMAN GUNONG HIJAU SDN. BHD.,Taman Rinting,Johor,Johor Bahru,37,0,0,,2017-06-20,2019-06-19
2387-15,2387,TAMAN GUNONG HIJAU SDN. BHD.,Taman Rinting,Johor,Johor Bahru,38,0,0,,2018-02-07,2020-02-06
2387-16,2387,TAMAN GUNONG HIJAU SDN. BHD.,Taman Rinting,Johor,Johor Bahru,46,0,0,,2020-07-14,2021-07-13
2387-17,2387,TAMAN GUNONG HIJAU SDN. BHD.,Taman Rinting,Johor,Johor Bahru,48,0,0,,2021-11-09,2022-11-08
2387-18,2387,TAMAN GUNONG HIJAU SDN. BHD.,Taman Rinting,Johor,Johor Bahru,26,0,0,,2022-12-07,2023-12-06
2387-19,2387,TAMAN GUNONG HIJAU SDN. BHD.,Taman Rinting,Johor,Johor Bahru,60,4,3,,2024-11-10,2025-11-09
2387-20,2387,TAMAN GUNONG HIJAU SDN. BHD.,Taman Rinting,Johor,Johor Bahru,38,4,4,,2025-07-27,2026-07-26
2387-21,2387,TAMAN GUNONG HIJAU SDN. BHD.,Taman Rinting,Johor,Johor Bahru,48,4,3,,2026-01-23,2027-01-22
2387-22,2387,TAMAN GUNONG HIJAU SDN. BHD.,Taman Rinting,Johor,Johor Bahru,56,4,3,,2024-10-23,2026-10-22
2387-23,2387,TAMAN GUNONG HIJAU SDN. BHD.,Taman Rinting,Johor,Johor Bahru,34,4,4,,2025-06-26,2027-06-25
2392-1,2392,MOK'S REALTY SDN. BHD.,Taman Sri Kayangan,-,-,0,0,0,,1996-07-18,1997-07-17
2395-1,2395,PROSPERITY DEVELOPMENT SDN. BHD.,Taman Makmur,-,-,0,0,0,,1999-12-07,2000-12-06
2395-2,2395,PROSPERITY DEVELOPMENT SDN. BHD.,Taman Makmur,-,-,0,0,0,,,
2399-1,2399,PENG YEE DEVT. SDN. BHD.,Lot 2356,-,-,0,0,0,,,
2402-1,2402,PERUMAHAN WIRA SEBERANG SDN. BHD.,Taman Perwira Fasa Ii (p1),-,-,0,0,0,,1998-07-08,1999-07-07
2402-2,2402,PERUMAHAN WIRA SEBERANG SDN. BHD.,Taman Perwira (phase 111),-,-,0,0,0,,,
2408-1,2408,FONSIANG DEVELOPMENT SDN. BHD.,Taman Sri Pagoh,-,-,0,0,0,,1996-12-26,1997-12-25
2408-2,2408,FONSIANG DEVELOPMENT SDN. BHD.,Taman Sri Pagoh,-,-,0,0,0,,1993-12-02,1994-12-01
2408-3,2408,FONSIANG DEVELOPMENT SDN. BHD.,Taman Sakeh Baru,-,-,0,0,0,,,
2408-4,2408,FONSIANG DEVELOPMENT SDN. BHD.,Taman Seri Menang,-,-,0,0,0,,,
2408-5,2408,FONSIANG DEVELOPMENT SDN. BHD.,Taman Mas Ria Ii,-,-,0,0,0,,,
2408-6,2408,FONSIANG DEVELOPMENT SDN. BHD.,Taman Sakeh Baru Iii,-,-,0,0,0,,1999-05-19,2000-05-18
2408-7,2408,FONSIANG DEVELOPMENT SDN. BHD.,Taman Sri Pelangi,-,-,0,0,0,,,
2409-1,2409,SIN CHOR CHIT CONST. SDN. BHD.,Taman Permatang,Pulau Pinang,Daerah Barat Daya,10,0,0,,2005-05-16,2006-05-15
2416-1,2416,MAHARANI PROPERTIES SDN. BERHAD,Taman Pertama (p2),-,-,0,0,0,,1985-05-02,1986-05-01
2416-2,2416,MAHARANI PROPERTIES SDN. BERHAD,Taman Jeram Mulia,-,-,0,0,0,,1993-09-15,1994-09-14
2416-3,2416,MAHARANI PROPERTIES SDN. BERHAD,Xxx,-,-,0,0,0,,1987-09-14,1988-09-13
2416-4,2416,MAHARANI PROPERTIES SDN. BERHAD,Taman Jaya Mulia,-,-,0,0,0,,1998-07-30,1999-07-29
2416-5,2416,MAHARANI PROPERTIES SDN. BERHAD,Bandar Baru Bukit Gambir,-,-,0,0,0,,2003-05-08,2004-05-07
2416-6,2416,MAHARANI PROPERTIES SDN. BERHAD,Bandar Baru Bukit Gambir,-,-,0,0,0,,2003-11-15,2004-11-14
2416-7,2416,MAHARANI PROPERTIES SDN. BERHAD,Bandar Baru Bukit Gambir,Johor,Muar,90,0,0,,2008-08-26,2009-08-25
2416-8,2416,MAHARANI PROPERTIES SDN. BERHAD,Bandar Baru Bukit Gambir,Johor,Muar,88,0,0,,2008-08-09,2009-08-08
2416-9,2416,MAHARANI PROPERTIES SDN. BERHAD,Taman Melor,Johor,Muar,25,0,0,,2007-05-24,2008-05-23
2416-10,2416,MAHARANI PROPERTIES SDN. BERHAD,Bandar Baru Bukit Gambir,Johor,Muar,122,0,0,,2008-07-03,2009-07-02
2416-11,2416,MAHARANI PROPERTIES SDN. BERHAD,Bandar Baru Bukit Gambir,Johor,Muar,104,0,0,,2010-07-27,2011-07-26
2416-12,2416,MAHARANI PROPERTIES SDN. BERHAD,Taman Melor Utama,Johor,Muar,30,0,0,,2008-10-09,2009-10-08
2416-13,2416,MAHARANI PROPERTIES SDN. BERHAD,Taman Melor ,Johor,Muar,50,0,0,,2012-05-11,2013-04-20
2416-14,2416,MAHARANI PROPERTIES SDN. BERHAD,Taman Mas Mulia,Johor,Muar,16,0,0,,2011-09-19,2012-09-18
2416-15,2416,MAHARANI PROPERTIES SDN. BERHAD,Taman Melor Fasa 2a,Johor,Muar,111,0,0,,2016-07-13,2017-07-12
2416-16,2416,MAHARANI PROPERTIES SDN. BERHAD,Taman Melor,Johor,Kulai,56,0,0,,2015-06-20,2017-06-19
2420-1,2420,GOLDY LAND MANAGEMENT SDN. BHD.,Taman Goldy,-,-,0,0,0,,,
2420-2,2420,GOLDY LAND MANAGEMENT SDN. BHD.,Taman Stesen,-,-,0,0,0,,1990-02-16,1991-02-15
2420-3,2420,GOLDY LAND MANAGEMENT SDN. BHD.,Taman Kek Wa ,-,-,0,0,0,,1997-07-09,1998-07-08
2420-4,2420,GOLDY LAND MANAGEMENT SDN. BHD.,Taman Sinar Mas,-,-,0,0,0,,,
2420-5,2420,GOLDY LAND MANAGEMENT SDN. BHD.,Taman Meriyani,-,-,0,0,0,,2000-07-06,2001-07-05
2420-6,2420,GOLDY LAND MANAGEMENT SDN. BHD.,Taman Laksamana,-,-,0,0,0,,2001-03-31,2002-03-30
2420-7,2420,GOLDY LAND MANAGEMENT SDN. BHD.,Goldy Land Management Sdn Bhd,Johor,Segamat,46,0,0,,2011-01-25,2012-01-24
2430-1,2430,BINARAYA PKINK SDN. BHD.,Desa Darul Nain Fasa 2 (p1),-,-,0,0,0,,1986-10-30,1987-10-29
2430-2,2430,BINARAYA PKINK SDN. BHD.,Desa Kemumin Fasa 1,-,-,0,0,0,,1988-06-22,1989-06-21
2430-3,2430,BINARAYA PKINK SDN. BHD.,Desa Darulnaim,-,-,0,0,0,,2000-08-29,2001-08-28
2430-4,2430,BINARAYA PKINK SDN. BHD.,Lot 5003,-,-,0,0,0,,,
2430-5,2430,BINARAYA PKINK SDN. BHD.,Lot 1955 & 1957,-,-,0,0,0,,,
2430-6,2430,BINARAYA PKINK SDN. BHD.,Taman Sri Ketil Binaraya,Kelantan,Tumpat,7,0,0,,2005-01-26,2006-01-25
2430-7,2430,BINARAYA PKINK SDN. BHD.,Taman Sri Binaraya,Kelantan,Kota Bharu,8,0,0,,2006-03-08,2006-10-02
2430-8,2430,BINARAYA PKINK SDN. BHD.,Taman Binaraya Desa Darulnaim,-,-,0,0,0,,2003-11-13,2004-11-12
2430-9,2430,BINARAYA PKINK SDN. BHD.,Perumahan Pkink Machang,Kelantan,Machang,104,0,0,,2005-05-20,2006-05-19
2430-10,2430,BINARAYA PKINK SDN. BHD.,Pangsapuri Sri Kemumin,-,-,0,0,0,,2005-04-22,2006-04-21
2430-11,2430,BINARAYA PKINK SDN. BHD.,Taman Sri Mesa Binaraya,Kelantan,Pasir Mas,39,0,0,,2010-07-05,2011-07-04
2430-12,2430,BINARAYA PKINK SDN. BHD.,Taman Binaraya Desa Darulnaim,Kelantan,Kota Bharu,54,0,0,,2004-06-24,2005-06-23
2430-13,2430,BINARAYA PKINK SDN. BHD.,Taman Sri Mesa Binaraya,Kelantan,Pasir Mas,60,0,0,,,
2430-14,2430,BINARAYA PKINK SDN. BHD.,Taman Sri Lundang,-,-,0,0,0,,,
2430-15,2430,BINARAYA PKINK SDN. BHD.,Desa  Ar Rahman Binaraya,Kelantan,Kuala Krai,103,0,0,,2011-07-04,2012-03-07
2430-16,2430,BINARAYA PKINK SDN. BHD.,Desa  Mardhiah Binaraya,Kelantan,Kota Bharu,64,0,0,,2009-06-17,2010-06-16
2430-17,2430,BINARAYA PKINK SDN. BHD.,Perumahan Pkink Machang,Kelantan,Machang,12,0,0,,2008-05-30,2009-05-29
2430-18,2430,BINARAYA PKINK SDN. BHD.,Taman Selehong,Kelantan,Tumpat,36,0,0,,2008-07-07,2009-07-06
2430-19,2430,BINARAYA PKINK SDN. BHD.,Taman Cahaya Binaraya,Kelantan,Tanah Merah,19,0,0,,2007-03-06,2008-03-05
2430-20,2430,BINARAYA PKINK SDN. BHD.,Taman Binaraya Desa Darulnaim,Kelantan,Kota Bharu,23,0,0,,2007-08-03,2008-08-02
2430-21,2430,BINARAYA PKINK SDN. BHD.,Taman Kifayah Binaraya,Kelantan,Jeli,80,0,0,,2008-02-19,2009-02-18
2430-22,2430,BINARAYA PKINK SDN. BHD.,Taman Cahaya Binaraya,Kelantan,Tanah Merah,29,0,0,,2013-06-27,2014-06-26
2430-23,2430,BINARAYA PKINK SDN. BHD.,Taman Kifayah Binaraya,Kelantan,Jeli,80,0,0,,2011-02-11,2012-02-10
2430-24,2430,BINARAYA PKINK SDN. BHD.,Taman Binaraya 3,Kelantan,Kota Bharu,16,0,0,,2010-07-05,2011-07-04
2430-25,2430,BINARAYA PKINK SDN. BHD.,Perumahan Pkink Machang,Kelantan,Machang,31,0,0,,2011-02-11,2012-02-10
2430-26,2430,BINARAYA PKINK SDN. BHD.,Perumahan Pkink Machang,Kelantan,Machang,21,0,0,,2011-02-11,2012-02-10
2430-27,2430,BINARAYA PKINK SDN. BHD.,Taman Itqan Binaraya,Kelantan,Kota Bharu,16,0,0,,2013-06-27,2014-06-26
2430-28,2430,BINARAYA PKINK SDN. BHD.,Taman Binaraya 2,Kelantan,Kota Bharu,6,0,0,,,
2430-29,2430,BINARAYA PKINK SDN. BHD.,Taman Sri Mesa Binaraya ,Kelantan,Pasir Mas,60,0,0,,2013-11-12,2014-11-11
2430-30,2430,BINARAYA PKINK SDN. BHD.,Taman Kifayah Binaraya,Kelantan,Jeli,45,0,0,,2013-11-13,2014-11-12
2430-31,2430,BINARAYA PKINK SDN. BHD.,Desa Ar Rahman Binaraya,Kelantan,Kuala Krai,48,0,0,,2015-05-14,2016-05-13
2430-32,2430,BINARAYA PKINK SDN. BHD.,Taman Sri Guntong Binaraya,Kelantan,Kota Bharu,18,0,0,,2016-10-24,2017-10-23
2430-33,2430,BINARAYA PKINK SDN. BHD.,Taman Itqan Binaraya,Kelantan,Kota Bharu,8,0,0,,2014-08-22,2016-08-21
2430-34,2430,BINARAYA PKINK SDN. BHD.,Taman Kifayah Binaraya,Kelantan,Jeli,72,0,0,,2017-12-07,2018-12-06
2430-35,2430,BINARAYA PKINK SDN. BHD.,Taman Sri Machang Binaraya Pkink,Kelantan,Machang,12,0,0,,2017-09-15,2019-09-14
2430-36,2430,BINARAYA PKINK SDN. BHD.,Taman Syukran,Kelantan,Kota Bharu,27,4,4,,2024-07-21,2026-07-20
2434-1,2434,MALIM JAYA (MELAKA) SDN.BHD.,Taman Malim Jaya,-,-,0,0,0,,1999-09-13,2000-09-12
2434-2,2434,MALIM JAYA (MELAKA) SDN.BHD.,Taman Malim Jaya,-,-,0,0,0,,2000-09-25,2001-09-24
2434-3,2434,MALIM JAYA (MELAKA) SDN.BHD.,Taman Malim Jaya,Melaka,Melaka Tengah,116,3,1,,2010-07-13,2011-07-12
2434-4,2434,MALIM JAYA (MELAKA) SDN.BHD.,Taman Malim Jaya,Melaka,Melaka Tengah,54,0,0,,2005-11-25,2006-11-24
2434-5,2434,MALIM JAYA (MELAKA) SDN.BHD.,Taman Malim Jaya,Melaka,Melaka Tengah,12,0,0,,2009-04-20,2010-04-19
2441-1,2441,PEMBINAAN PELINDUNG SDN. BHD.,Taman Desa Jaya (p1).,Pahang,Pekan,6,0,0,,1984-01-28,1985-01-27
2441-2,2441,PEMBINAAN PELINDUNG SDN. BHD.,P.t. 3095-3100,Pahang,Kuantan,0,0,0,,,
2441-3,2441,PEMBINAAN PELINDUNG SDN. BHD.,Lot 9572 - 9583,Pahang,Kuantan,12,0,0,,1993-11-22,1994-11-21
2441-4,2441,PEMBINAAN PELINDUNG SDN. BHD.,Taman Damai Baru Satu,Pahang,Kuantan,20,0,0,,1997-06-16,1998-06-15
2441-5,2441,PEMBINAAN PELINDUNG SDN. BHD.,Taman Pelangkah,Pahang,Kuantan,149,0,0,,2001-08-21,2002-08-20
2441-6,2441,PEMBINAAN PELINDUNG SDN. BHD.,Taman Damai Indah,Pahang,Kuantan,12,0,0,,2003-09-10,2004-06-18
2441-7,2441,PEMBINAAN PELINDUNG SDN. BHD.,Taman Galing Jaya,Pahang,Kuantan,24,0,0,,2002-05-28,2003-05-27
2441-8,2441,PEMBINAAN PELINDUNG SDN. BHD.,Pembinaan Pelindung Sdn Bhd,Pahang,Kuantan,153,0,0,,2009-04-30,2010-04-29
2441-9,2441,PEMBINAAN PELINDUNG SDN. BHD.,Perkampungan Pelindung Maju,Pahang,Kuantan,24,0,0,,2009-06-19,2010-06-18
2441-10,2441,PEMBINAAN PELINDUNG SDN. BHD.,Taman Pandan Damai ,Pahang,Kuantan,28,0,0,,2011-05-10,2012-05-09
2441-11,2441,PEMBINAAN PELINDUNG SDN. BHD.,Taman Rendang Damai,Pahang,Pekan,22,0,0,,2015-06-22,2016-06-21
2441-12,2441,PEMBINAAN PELINDUNG SDN. BHD.,Perumahan Seri Setali,Pahang,Kuantan,31,0,0,,2015-08-10,2016-08-09
2441-13,2441,PEMBINAAN PELINDUNG SDN. BHD.,Taman Rendang Damai,Pahang,Pekan,24,0,0,,2017-08-17,2018-08-16
2441-14,2441,PEMBINAAN PELINDUNG SDN. BHD.,Perumahan Seri Teruntum,Pahang,Kuantan,23,0,0,,2016-06-20,2017-06-19
2441-15,2441,PEMBINAAN PELINDUNG SDN. BHD.,Perumahan Pandan Perdana 1,Pahang,Kuantan,40,0,0,,2021-03-30,2022-03-29
2441-16,2441,PEMBINAAN PELINDUNG SDN. BHD.,Perumahan Kampung Pandan Sejahtera 2,Pahang,Kuantan,52,4,2,,2025-05-25,2026-05-24
2441-17,2441,PEMBINAAN PELINDUNG SDN. BHD.,Taman Jarola Jaya,Pahang,Pekan,22,4,2,,2026-09-25,2027-09-24
2463-1,2463,PERDANA PARKCITY SDN. BHD.,Satu Avenue Ampang,-,-,0,0,0,,1993-09-04,1994-09-03
2463-2,2463,PERDANA PARKCITY SDN. BHD.,Desa Parkcity (fasa 1a),Wp Kuala Lumpur,-,0,0,0,,2004-09-21,2005-05-15
2463-3,2463,PERDANA PARKCITY SDN. BHD.,Nadia,Wp Kuala Lumpur,Kuala Lumpur,246,0,0,,2005-07-26,2006-07-25
2463-4,2463,PERDANA PARKCITY SDN. BHD.,Adiva,Wp Kuala Lumpur,Kuala Lumpur,160,0,0,,2005-04-27,2006-04-26
2463-5,2463,PERDANA PARKCITY SDN. BHD.,Adora,Wp Kuala Lumpur,Kuala Lumpur,92,0,0,,2006-07-06,2007-07-05
2463-6,2463,PERDANA PARKCITY SDN. BHD.,Southlake,Wp Kuala Lumpur,Kuala Lumpur,291,0,0,,2005-06-28,2006-06-27
2463-7,2463,PERDANA PARKCITY SDN. BHD.,Zenia,Wp Kuala Lumpur,Kuala Lumpur,200,0,0,,2007-07-20,2008-07-19
2463-8,2463,PERDANA PARKCITY SDN. BHD.,The Ridgewood,Wp Kuala Lumpur,Kuala Lumpur,30,0,0,,2007-02-16,2008-02-15
2463-9,2463,PERDANA PARKCITY SDN. BHD.,"Desa Parkcity, Fasa 4a",Wp Kuala Lumpur,Kuala Lumpur,274,0,0,,2010-08-26,2011-08-25
2463-10,2463,PERDANA PARKCITY SDN. BHD.,"Sector F, Desa Parkcity",Wp Kuala Lumpur,Kuala Lumpur,136,0,0,,2013-04-24,2014-04-23
2463-11,2463,PERDANA PARKCITY SDN. BHD.,The Westside One,Wp Kuala Lumpur,Kuala Lumpur,338,0,0,,2012-06-03,2013-06-02
2463-12,2463,PERDANA PARKCITY SDN. BHD.,"Casaman, Desa Parkcity",Wp Kuala Lumpur,Kuala Lumpur,147,0,0,,2012-06-09,2013-06-08
2463-13,2463,PERDANA PARKCITY SDN. BHD.,The Westside 2,Wp Kuala Lumpur,Kuala Lumpur,338,0,0,,2014-12-20,2015-12-19
2463-14,2463,PERDANA PARKCITY SDN. BHD.,Sector C,Wp Kuala Lumpur,Kuala Lumpur,127,0,0,,2012-04-18,2013-04-17
2463-15,2463,PERDANA PARKCITY SDN. BHD.,The Breezeway,Wp Kuala Lumpur,Kuala Lumpur,215,0,0,,2013-08-09,2014-08-08
2463-16,2463,PERDANA PARKCITY SDN. BHD.,Plaza Arcadia,Wp Kuala Lumpur,Kuala Lumpur,167,0,0,,2016-07-23,2017-07-22
2463-17,2463,PERDANA PARKCITY SDN. BHD.,Lot 61964,Wp Kuala Lumpur,Kuala Lumpur,359,0,0,,2016-09-26,2017-09-25
2463-18,2463,PERDANA PARKCITY SDN. BHD.,Lot 80010,Wp Kuala Lumpur,Kuala Lumpur,469,0,0,,2018-05-17,2019-05-16
2463-19,2463,PERDANA PARKCITY SDN. BHD.,Perdana Parkcity Sdn. Bhd.,Wp Kuala Lumpur,Kuala Lumpur,920,0,0,,2021-09-08,2022-09-07
2463-20,2463,PERDANA PARKCITY SDN. BHD.,Perdana Parkcity Sdn. Bhd.,Wp Kuala Lumpur,Kuala Lumpur,752,0,0,,2021-10-04,2022-10-03
2463-21,2463,PERDANA PARKCITY SDN. BHD.,Park Place,Wp Kuala Lumpur,Kuala Lumpur,537,"2, 3","2, 4",,2024-09-12,2025-09-11
2463-22,2463,PERDANA PARKCITY SDN. BHD.,NoÖra,Wp Kuala Lumpur,Kuala Lumpur,1156,"1, 2, 3","1, 2",,2025-11-17,2026-11-16
2463-23,2463,PERDANA PARKCITY SDN. BHD.,Parkcity Residences,Wp Kuala Lumpur,-,433,"4, 5","4, 5",,2026-06-16,2029-06-15
2473-1,2473,SPRING DEVELOPMENT SDN. BHD.,Taman Sri Rasah,-,-,0,0,0,,1996-01-25,1997-01-24
2476-1,2476,SRI GEMAS SDN. BHD.,Taman Tasik Ria,-,-,0,0,0,,1998-02-19,1999-02-18
2478-1,2478,GLENMARIE PUCHONG SDN. BHD.,Taman Sri Puchong (p1),-,-,0,0,0,,2002-06-19,2003-06-18
2482-1,2482,GUH PROPERTIES SDN. BHD.,Taman Bukit Kepayang (p1),-,-,0,0,0,,2000-01-06,2001-01-05
2482-2,2482,GUH PROPERTIES SDN. BHD.,Taman Bukit Kepayang  Fasa C,-,-,0,0,0,,2001-07-30,2002-07-29
2482-3,2482,GUH PROPERTIES SDN. BHD.,Taman Bukit Kepayang,-,-,0,0,0,,2002-12-30,2003-12-29
2482-4,2482,GUH PROPERTIES SDN. BHD.,Taman Bukit Kepayang Fasa F,-,-,0,0,0,,2004-12-01,2005-08-12
2482-5,2482,GUH PROPERTIES SDN. BHD.,Taman Bukit Kepayang,Negeri Sembilan,Seremban,201,0,0,,2011-08-22,2012-08-21
2482-6,2482,GUH PROPERTIES SDN. BHD.,"Lot 8579 - 8626, 8736 - 8821 & 8629 - 8678",Negeri Sembilan,Seremban,325,0,0,,2018-07-20,2019-07-19
2482-7,2482,GUH PROPERTIES SDN. BHD.,Kepayang Heights 2,Negeri Sembilan,Seremban,40,0,0,,2019-11-03,2022-11-02
2482-8,2482,GUH PROPERTIES SDN. BHD.,Guh Properties Sdn Bhd,Negeri Sembilan,Seremban,8,0,0,,2019-01-26,2020-01-25
2482-9,2482,GUH PROPERTIES SDN. BHD.,Kepayang Haven,Negeri Sembilan,Seremban,28,0,0,,2022-08-14,2023-08-13
2482-10,2482,GUH PROPERTIES SDN. BHD.,Taman Bukit Kepayang Fasa L,Negeri Sembilan,Seremban,114,4,3,,2025-05-17,2026-05-16
2482-11,2482,GUH PROPERTIES SDN. BHD.,Taman Bukit Kepayang - Fasa H,Negeri Sembilan,Seremban,28,5,7,,2026-08-14,2027-08-13
2482-12,2482,GUH PROPERTIES SDN. BHD.,Kepayang - Fasa H,Negeri Sembilan,Seremban,28,0,0,,2023-09-20,2025-09-19
2483-1,2483,RESORT & LEISURE HOMES SDN. BHD.,Pasirindu,-,-,0,0,0,,2001-01-10,2002-01-09
2486-1,2486,SABEKAL DEVELOPMENT SDN BHD.,Persiaran Sari Ayu,-,-,0,0,0,,1999-05-20,2000-05-19
2487-1,2487,BSJ PROPERTIES SDN. BHD.,Bandar Selesa Jaya,-,-,0,0,0,,2003-06-16,2004-06-15
2495-1,2495,MARIBENA SDN. BHD.,Taman Sri Kenari F.2 (p1),-,-,0,0,0,,1992-09-24,1993-09-23
2498-1,2498,PLAZA DEVT. SDN. BHD.,Taman Alor,-,-,0,0,0,,,
2508-1,2508,TIJUARA PEMBANGUNAN SDN. BHD ,Taman Juara ,-,-,0,0,0,,2002-08-26,2003-08-25
2512-1,2512,TANJONG MALIM DEVT. SDN. BHD.,Taman Universiti,-,-,0,0,0,,1999-09-01,2000-08-31
2525-1,2525,SRI KEMANTANG DEVT. SDN. BHD.,Taman Timah Jaya,-,-,0,0,0,,1997-06-12,1998-06-11
2525-2,2525,SRI KEMANTANG DEVT. SDN. BHD.,Taman Timah Jaya,-,-,0,0,0,,1992-11-23,1993-11-22
2527-1,2527,LANGKAP CITY DEVLOPMENT SDN. BHD.,Taman Langkap Fasa Ii & Iii,-,-,0,0,0,,1992-07-23,1993-07-22
2527-2,2527,LANGKAP CITY DEVLOPMENT SDN. BHD.,Pangsa City,-,-,0,0,0,,,
2527-3,2527,LANGKAP CITY DEVLOPMENT SDN. BHD.,Taman Changkat Baru,-,-,0,0,0,,,
2527-4,2527,LANGKAP CITY DEVLOPMENT SDN. BHD.,Taman Sri Manggis,-,-,0,0,0,,2003-05-16,2004-05-15
2528-1,2528,TAN HIOK KEE REALTY SDN. BHD.,Taman Tampoi Lot 12 & 863,-,-,0,0,0,,,
2531-1,2531,LAKSAMANA REALTY SDN. BHD.,Taman Serindit,-,-,0,0,0,,1996-02-03,1997-02-02
2531-2,2531,LAKSAMANA REALTY SDN. BHD.,Taman Bukit Rembia,-,-,0,0,0,,,
2531-3,2531,LAKSAMANA REALTY SDN. BHD.,Mutiara Ii,-,-,0,0,0,,1993-12-22,1994-12-21
2531-4,2531,LAKSAMANA REALTY SDN. BHD.,Taman Bukit Sebukor,-,-,0,0,0,,1996-04-08,1997-04-07
2531-5,2531,LAKSAMANA REALTY SDN. BHD.,Taman Petrojaya,-,-,0,0,0,,,
2531-6,2531,LAKSAMANA REALTY SDN. BHD.,"Lot 1321,1322,1326-1331,1337-1338,1364-1365,1478,",-,-,0,0,0,,,
2531-7,2531,LAKSAMANA REALTY SDN. BHD.,"1321,1322",-,-,0,0,0,,,
2531-8,2531,LAKSAMANA REALTY SDN. BHD.,Phase Iii,-,-,0,0,0,,,
2531-9,2531,LAKSAMANA REALTY SDN. BHD.,Phase Iv,-,-,0,0,0,,,
2531-10,2531,LAKSAMANA REALTY SDN. BHD.,Phase V,-,-,0,0,0,,,
2531-11,2531,LAKSAMANA REALTY SDN. BHD.,Taman Seri Mangga I,-,-,0,0,0,,1997-09-20,1998-09-19
2531-12,2531,LAKSAMANA REALTY SDN. BHD.,Taman Rambai Utama Fasa  I,-,-,0,0,0,,1997-09-20,1998-09-19
2531-13,2531,LAKSAMANA REALTY SDN. BHD.,Taman Rambai Utama Fasa 2,-,-,0,0,0,,2000-07-07,2001-07-06
2531-14,2531,LAKSAMANA REALTY SDN. BHD.,Taman Rambai Utama Fasa 3,-,-,0,0,0,,1999-03-23,2000-03-22
2531-15,2531,LAKSAMANA REALTY SDN. BHD.,Taman Rambai Utama Fasa 4,-,-,0,0,0,,2001-07-09,2002-07-08
2531-16,2531,LAKSAMANA REALTY SDN. BHD.,Taman Rambai Tengah,-,-,0,0,0,,2000-05-12,2001-05-11
2531-17,2531,LAKSAMANA REALTY SDN. BHD.,Taman Rambai Utama,-,-,0,0,0,,2000-08-09,2001-08-08
2531-18,2531,LAKSAMANA REALTY SDN. BHD.,Lot 679 Kawasan Bandar 36,-,-,0,0,0,,2001-02-07,2002-02-06
2531-19,2531,LAKSAMANA REALTY SDN. BHD.,Taman Duyong Utama,-,-,0,0,0,,2001-06-08,2002-06-07
2531-20,2531,LAKSAMANA REALTY SDN. BHD.,Taman Rambai Utama Fasa 6,-,-,0,0,0,,2001-07-03,2002-07-02
2531-21,2531,LAKSAMANA REALTY SDN. BHD.,Taman Rambai Utama Fasa 7,-,-,0,0,0,,,
2531-22,2531,LAKSAMANA REALTY SDN. BHD.,Taman Rembia Utama,-,-,0,0,0,,2004-02-12,2004-10-24
2531-23,2531,LAKSAMANA REALTY SDN. BHD.,Taman Bukit Katil Indah,-,-,0,0,0,,2003-05-13,2004-05-12
2531-24,2531,LAKSAMANA REALTY SDN. BHD.,Taman Rambai Utama,-,-,0,0,0,,2003-05-23,2004-05-22
2531-25,2531,LAKSAMANA REALTY SDN. BHD.,Taman Sungai Baru Indah,-,-,0,0,0,,2004-06-14,2005-06-13
2531-26,2531,LAKSAMANA REALTY SDN. BHD.,Springvale Terrace,-,-,0,0,0,,2004-09-10,2005-09-09
2532-1,2532,WIRACON SDN. BHD.,Taman Kuala Selangor Fasa Iii,-,-,0,0,0,,1993-11-27,1994-11-26
2532-2,2532,WIRACON SDN. BHD.,Taman Sri Anggerik,-,-,0,0,0,,2002-03-26,2002-12-28
2532-3,2532,WIRACON SDN. BHD.,Taman Sri Klang,-,-,0,0,0,,1997-10-29,1998-10-28
2532-4,2532,WIRACON SDN. BHD.,Lot 915 Mukim Pasangan,-,-,0,0,0,,2001-02-15,2002-02-14
2532-5,2532,WIRACON SDN. BHD.,Taman Kuala Selangor Fasa Iv,-,-,0,0,0,,1999-05-03,2000-05-02
2532-6,2532,WIRACON SDN. BHD.,Taman Kuala Selangor Utama,Selangor,Kuala Selangor,78,0,0,,2007-12-06,2008-10-02
2532-7,2532,WIRACON SDN. BHD.,Taman Kuala Selangor Utama,Selangor,Kuala Selangor,141,0,0,,2009-10-02,2010-10-01
2537-1,2537,PEMBANGUNAN CHIN HIN SDN. BHD.,Taman Clonlee,-,-,0,0,0,,2000-10-04,2001-10-03
2537-2,2537,PEMBANGUNAN CHIN HIN SDN. BHD.,Wwww,-,-,0,0,0,,,
2537-3,2537,PEMBANGUNAN CHIN HIN SDN. BHD.,Taman Clonlee,-,-,0,0,0,,2002-08-29,2003-08-28
2537-4,2537,PEMBANGUNAN CHIN HIN SDN. BHD.,Taman Clonlee,-,-,0,0,0,,2002-06-07,2003-04-19
2537-5,2537,PEMBANGUNAN CHIN HIN SDN. BHD.,Taman Clonlee Fasa 2,Negeri Sembilan,Tampin,171,0,0,,2008-07-21,2008-12-26
2537-6,2537,PEMBANGUNAN CHIN HIN SDN. BHD.,Taman Clonlee 2,Negeri Sembilan,Tampin,34,0,0,,2010-10-29,2011-10-08
2537-7,2537,PEMBANGUNAN CHIN HIN SDN. BHD.,Taman Clonlee 2,Negeri Sembilan,Tampin,139,0,0,,2017-08-02,2018-08-01
2564-1,2564,SYARIKAT JURUMAHAN HOONG TATTT SDN. BHD.,Taman Bunga Raya Fasa 11,-,-,0,0,0,,1996-01-02,1997-01-01
2565-1,2565,TAMAN BROLEH SDN. BHD ,Taman Broleh,-,-,0,0,0,,,
2565-2,2565,TAMAN BROLEH SDN. BHD ,Bandar Baru Sri Petaling (anjung Malini ),-,-,0,0,0,,1998-08-05,1999-08-04
2565-3,2565,TAMAN BROLEH SDN. BHD ,Anjung Bahau,-,-,0,0,0,,2002-06-12,2003-06-11
2570-1,2570,GENASA SDN. BHD.,Ria Apartments (pahang Tower),-,-,0,0,0,,,
2570-2,2570,GENASA SDN. BHD.,Ria Apartments-selangor Tower,-,-,0,0,0,,,
2572-1,2572,KUMPULAN CHENG LAN PHIN SDN. BHD.,Xxx,-,-,0,0,0,,,
2572-2,2572,KUMPULAN CHENG LAN PHIN SDN. BHD.,Taman Batu Gajah Baru,-,-,0,0,0,,2002-11-19,2003-11-18
2575-1,2575,SILIH PAKAT SDN. BHD.,Taman Sepakat Fasa 6c,-,-,0,0,0,,1998-12-10,1999-12-09
2575-2,2575,SILIH PAKAT SDN. BHD.,Taman Sepakat,-,-,0,0,0,,2001-08-28,2002-08-27
2578-1,2578,NAGA SAKTI SDN. BHD ,Taman Tuanku Jaafar ,-,-,0,0,0,,2003-06-29,2004-06-28
2578-2,2578,NAGA SAKTI SDN. BHD ,Puncak Utama - Fasa 1c,-,-,0,0,0,,,
2578-3,2578,NAGA SAKTI SDN. BHD ,Taman Tuanku Ja'afar,-,-,0,0,0,,2003-11-04,2004-11-03
2578-4,2578,NAGA SAKTI SDN. BHD ,Taman Tuanku Ja'afar,Negeri Sembilan,Seremban,30,0,0,,2009-11-13,2010-06-24
2579-1,2579,SETIA JAYA ENT. SDN. BHD.,Taman Sentosa F2 (p1),-,-,0,0,0,,1986-09-17,1986-09-17
2579-2,2579,SETIA JAYA ENT. SDN. BHD.,Taman Sentosa Fasa 3 & 4,-,-,0,0,0,,,
2579-3,2579,SETIA JAYA ENT. SDN. BHD.,Bukit Oug Townhouse,Wp Kuala Lumpur,Kuala Lumpur,26,0,0,,2007-06-18,2008-06-17
2580-1,2580,BELANJA SDN. BHD ,Taman Indera,-,-,0,0,0,,1984-04-05,1985-04-04
2580-2,2580,BELANJA SDN. BHD ,Taman Melati,-,-,0,0,0,,1992-04-20,1993-04-19
2580-3,2580,BELANJA SDN. BHD ,Taman Hijau (p3),-,-,0,0,0,,1991-11-26,1992-11-25
2580-4,2580,BELANJA SDN. BHD ,Taman Indera Barat,-,-,0,0,0,,1992-06-02,1993-06-01
2580-5,2580,BELANJA SDN. BHD ,Taman Rambai Indah,-,-,0,0,0,,1997-07-07,1998-07-06
2580-6,2580,BELANJA SDN. BHD ,Taman Rambai Indah,-,-,0,0,0,,1993-08-05,1994-08-04
2580-7,2580,BELANJA SDN. BHD ,Taman Sri Maju,-,-,0,0,0,,2003-10-31,2004-10-30
2580-8,2580,BELANJA SDN. BHD ,Taman Indera Barat Fasa Iii,-,-,0,0,0,,1997-01-11,1998-01-10
2590-1,2590,TIM DEVELOPMENT & CONSTRUCTION SDN. BHD.,Taman Muda (p1),-,-,0,0,0,,,
2590-2,2590,TIM DEVELOPMENT & CONSTRUCTION SDN. BHD.,Bukit Mentakab,-,-,0,0,0,,1993-12-07,1994-12-06
2590-3,2590,TIM DEVELOPMENT & CONSTRUCTION SDN. BHD.,Taman Sri Temerluh,-,-,0,0,0,,1992-05-17,1993-05-16
2590-4,2590,TIM DEVELOPMENT & CONSTRUCTION SDN. BHD.,Taman Kajang Mulia1,-,-,0,0,0,,1996-08-02,1997-08-01
2590-5,2590,TIM DEVELOPMENT & CONSTRUCTION SDN. BHD.,Taman Gemilang  Batu Caves ,-,-,0,0,0,,1998-11-12,1999-11-11
2590-6,2590,TIM DEVELOPMENT & CONSTRUCTION SDN. BHD.,Taman Suria,Selangor,Hulu Langat,228,0,0,,2008-03-28,2009-03-27
2590-7,2590,TIM DEVELOPMENT & CONSTRUCTION SDN. BHD.,Trillium,Selangor,Sepang,55,0,0,,2014-04-19,2015-04-18
2593-1,2593,PROP. DEVELOPMENT SDN. BHD.,Taman Pinggiran Golf,-,-,0,0,0,,1993-09-23,1994-09-22
2593-2,2593,PROP. DEVELOPMENT SDN. BHD.,Taman Pinggiran Golf,-,-,0,0,0,,2001-01-22,2002-01-21
2593-3,2593,PROP. DEVELOPMENT SDN. BHD.,Taman Seri Utama,-,-,0,0,0,,2003-10-08,2004-10-07
2593-4,2593,PROP. DEVELOPMENT SDN. BHD.,Taman Chembong Utama,Negeri Sembilan,Rembau,96,0,0,,2010-03-18,2011-03-17
2593-5,2593,PROP. DEVELOPMENT SDN. BHD.,Taman Chembong Utama,Negeri Sembilan,Rembau,20,0,0,,2017-04-06,2019-04-05
2597-1,2597,AMINEST SDN. BHD.,Taman Sri Bahagia,-,-,0,0,0,,1992-09-15,1993-09-14
2599-1,2599,KOTA MULIA SDN. BHD.,Kota Kulai (bandar Sri Putri),-,-,0,0,0,,1993-12-06,1994-12-05
2599-2,2599,KOTA MULIA SDN. BHD.,Taman Puteri Kulai,-,-,0,0,0,,,
2599-3,2599,KOTA MULIA SDN. BHD.,Taman Puteri Kulai ( Fasa 7 ),-,-,0,0,0,,1997-03-18,1998-03-17
2599-4,2599,KOTA MULIA SDN. BHD.,Taman Puteri Kulai,-,-,0,0,0,,1999-06-30,2000-06-29
2599-5,2599,KOTA MULIA SDN. BHD.,"Taman Puteri Kulai Fasa 15,17 & 18",-,-,0,0,0,,1999-06-26,2000-06-25
2599-6,2599,KOTA MULIA SDN. BHD.,Taman Puteri Kulai Fasa 9,-,-,0,0,0,,1999-06-23,2000-06-22
2599-7,2599,KOTA MULIA SDN. BHD.,Taman Putri Kulai Fasa 11c,-,-,0,0,0,,2003-09-22,2004-09-21
2599-8,2599,KOTA MULIA SDN. BHD.,Taman Putri Kulai - Fasa 11d,Johor,-,440,0,0,,2003-08-09,2004-08-08
2599-9,2599,KOTA MULIA SDN. BHD.,Hartamas Regency,Wp Kuala Lumpur,-,246,0,0,,2004-04-01,2005-03-31
2599-10,2599,KOTA MULIA SDN. BHD.,Taman Putri Kulai,Johor,Johor Bahru,419,0,0,,2008-09-19,2009-09-18
2599-11,2599,KOTA MULIA SDN. BHD.,Taman Putri Kulai,Johor,Kulai,546,0,0,,,
2599-12,2599,KOTA MULIA SDN. BHD.,Duta Kensington,Wp Kuala Lumpur,Kuala Lumpur,77,0,0,,2005-06-20,2006-06-19
2599-13,2599,KOTA MULIA SDN. BHD.,Hartamas Regency 2,Wp Kuala Lumpur,Kuala Lumpur,210,0,0,,2007-11-12,2008-11-11
2599-14,2599,KOTA MULIA SDN. BHD.,Taman Putri Kulai,Johor,Kulai,141,0,0,,2006-01-13,2007-01-12
2599-16,2599,KOTA MULIA SDN. BHD.,Taman Putri Kulai,Johor,Kulai,38,0,0,,2007-03-21,2008-03-20
2599-17,2599,KOTA MULIA SDN. BHD.,Taman Putri Kulai,Johor,Kulai,94,0,0,,,
2599-18,2599,KOTA MULIA SDN. BHD.,Taman Putri Kulai,Johor,Kulai,56,0,0,,,
2599-19,2599,KOTA MULIA SDN. BHD.,Taman Putri Kulai,Johor,Kulai,60,0,0,,,
2599-20,2599,KOTA MULIA SDN. BHD.,Taman Putri Kulai,Johor,Johor Bahru,210,0,0,,2009-08-05,2010-06-28
2599-21,2599,KOTA MULIA SDN. BHD.,Taman Putri Kulai,Johor,Johor Bahru,62,0,0,,2009-02-27,2010-02-26
2600-1,2600,YEAP BOON YANG CONSTRUCTION SDN. BHD.,Taman Tanah Merah (p1),-,-,0,0,0,,1983-09-09,1984-09-08
2600-2,2600,YEAP BOON YANG CONSTRUCTION SDN. BHD.,Taman Bunga,-,-,0,0,0,,1991-03-04,1992-03-03
2600-3,2600,YEAP BOON YANG CONSTRUCTION SDN. BHD.,Desa Utama,Kelantan,Tanah Merah,137,0,0,,1998-08-26,1999-08-25
2600-4,2600,YEAP BOON YANG CONSTRUCTION SDN. BHD.,Desa Impian,Kelantan,Tanah Merah,68,0,0,,,
2600-5,2600,YEAP BOON YANG CONSTRUCTION SDN. BHD.,Lot 7539 Mukim Pasir Ganda,Kelantan,Tanah Merah,24,0,0,,,
2605-1,2605,URBAN RESOURCES SDN. BHD.,Taman Padang Tembak,-,-,0,0,0,,,
2605-2,2605,URBAN RESOURCES SDN. BHD.,Taman Air Itam,-,-,0,0,0,,1993-08-26,1994-08-25
2608-1,2608,PAKATAN PERAKBINA SDN. BHD.,Seri Manjong Fasa 2a (p1),-,-,0,0,0,,1985-01-15,1986-01-14
2608-2,2608,PAKATAN PERAKBINA SDN. BHD.,Taman Pakatan,-,-,0,0,0,,1987-01-19,1988-01-18
2608-3,2608,PAKATAN PERAKBINA SDN. BHD.,Lake Edge,Selangor,Petaling ,325,0,0,,2006-08-08,2007-08-07
2608-4,2608,PAKATAN PERAKBINA SDN. BHD.,Lake Edge,Selangor,Petaling ,80,0,0,,2009-08-13,2010-08-12
2608-5,2608,PAKATAN PERAKBINA SDN. BHD.,Taman Lake Edge,Selangor,Petaling ,98,0,0,,2022-10-14,2023-10-13
2608-6,2608,PAKATAN PERAKBINA SDN. BHD.,Residensi Danau,Selangor,Petaling ,428,"1, 2, 3","1, 2, 3",,2023-09-11,2026-09-10
2610-1,2610,AH TONG ENTERPRISE SDN. BHD.,Taman Bukit Bentong,-,-,0,0,0,,1987-11-24,1988-11-23
2613-1,2613,TANMING DAYA SDN. BHD.,Taman Daya,-,-,0,0,0,,1993-07-27,1994-07-26
2613-2,2613,TANMING DAYA SDN. BHD.,Taman Taming Jaya,Selangor,Hulu Langat,11,0,0,,2006-03-14,2007-03-13
2617-1,2617,J.B. PROPERTIES SDN. BHD.,Taman Sri Putri (p1),-,-,0,0,0,,1987-11-23,1988-11-22
2617-2,2617,J.B. PROPERTIES SDN. BHD.,Taman Damai Jaya J.b,-,-,0,0,0,,1991-03-02,1992-03-01
2619-1,2619,NIENITA SDN. BHD.,Taman Bunga Raya,-,-,0,0,0,,1993-08-21,1994-08-20
2619-2,2619,NIENITA SDN. BHD.,Taman Gembira,-,-,0,0,0,,,
2619-3,2619,NIENITA SDN. BHD.,Taman Gereja,-,-,0,0,0,,1992-05-14,1993-05-13
2622-1,2622,COLUMBIA KINTA SDN. BHD.,Taman Sri Emas (p1),Perak,Kampar,0,0,0,,,
2637-1,2637,KHOO SOO TEONG SDN. BHD.,Indahmas,-,-,0,0,0,,1991-07-04,1992-07-03
2646-1,2646,BINTANG MURNI SDN. BHD.,Xxx,-,-,0,0,0,,,
2646-2,2646,BINTANG MURNI SDN. BHD.,Xxx,-,-,0,0,0,,,
2646-3,2646,BINTANG MURNI SDN. BHD.,Xxx,-,-,0,0,0,,,
2646-4,2646,BINTANG MURNI SDN. BHD.,Xxx,-,-,0,0,0,,,
2646-5,2646,BINTANG MURNI SDN. BHD.,Xxx,-,-,0,0,0,,,
2646-6,2646,BINTANG MURNI SDN. BHD.,Xxx,-,-,0,0,0,,,
2646-7,2646,BINTANG MURNI SDN. BHD.,Xxx,-,-,0,0,0,,,
2646-8,2646,BINTANG MURNI SDN. BHD.,Xxx,-,-,0,0,0,,,
2646-9,2646,BINTANG MURNI SDN. BHD.,Taman Sri Permai,-,-,0,0,0,,1997-02-20,1998-02-19
2646-10,2646,BINTANG MURNI SDN. BHD.,Taman Lati Murni,-,-,0,0,0,,2003-10-23,2004-10-22
2646-11,2646,BINTANG MURNI SDN. BHD.,Taman Desa Murni,-,-,0,0,0,,2004-10-06,2005-10-05
2646-12,2646,BINTANG MURNI SDN. BHD.,Taman Pinggiran Murni,Kelantan,Kota Bharu,25,0,0,,2006-01-20,2007-01-19
2648-1,2648,MAHANG DEVELOPMENT SDN. BHD.,Taman Puspa Jaya ,-,-,0,0,0,,1998-08-08,1999-08-07
2651-1,2651,KLANG GAN BROTHERS REALTY SDN. BHD.,Taman Mooi,-,-,0,0,0,,,
2651-2,2651,KLANG GAN BROTHERS REALTY SDN. BHD.,Lot 1173 Mukim Klang,-,-,0,0,0,,1997-10-23,1998-10-22
2651-3,2651,KLANG GAN BROTHERS REALTY SDN. BHD.,Lot 1184 Mukim Dan Daerah Klang,-,-,0,0,0,,1999-12-29,2000-12-28
2651-4,2651,KLANG GAN BROTHERS REALTY SDN. BHD.,Lot 1170 Mukim Klang,-,-,0,0,0,,2001-08-10,2002-08-09
2657-1,2657,ABADI MAN NIEN SDN BHD,Taman Abadi Indah,Wp Kuala Lumpur,Kuala Lumpur,1611,0,0,,2009-11-18,2010-11-17
2657-2,2657,ABADI MAN NIEN SDN BHD,Abadi Heights,Selangor,Sepang,272,0,0,,2016-11-25,2017-11-24
2657-3,2657,ABADI MAN NIEN SDN BHD,Abadi Heights,Selangor,Sepang,294,0,0,,2016-10-30,2018-10-29
2657-4,2657,ABADI MAN NIEN SDN BHD,Abadi Heights,Selangor,Sepang,65,0,0,,2019-06-18,2021-06-17
2657-5,2657,ABADI MAN NIEN SDN BHD,Abadi Heights,Selangor,Sepang,18,0,0,,2021-06-19,2022-06-18
2657-6,2657,ABADI MAN NIEN SDN BHD,Abadi Heights,Selangor,Sepang,56,4,4,,2023-06-12,2025-06-11
2657-7,2657,ABADI MAN NIEN SDN BHD,Abadi Heights,Selangor,Sepang,14,5,5,,2023-06-12,2025-06-11
2669-1,2669,ALEMRAN (CONST) SDN. BHD.,Taman Desa Jaya,-,-,0,0,0,,1990-07-13,1991-07-12
2669-2,2669,ALEMRAN (CONST) SDN. BHD.,Taman Sri Duyung (p2),-,-,0,0,0,,1985-01-18,1986-01-17
2669-3,2669,ALEMRAN (CONST) SDN. BHD.,Taman Gong Pasir (p3),-,-,0,0,0,,1985-03-11,1986-03-10
2669-4,2669,ALEMRAN (CONST) SDN. BHD.,Taman Desa Murni,-,-,0,0,0,,1987-01-16,1988-01-15
2669-5,2669,ALEMRAN (CONST) SDN. BHD.,Taman Paka Jaya Ii,-,-,0,0,0,,1990-11-12,1991-11-11
2669-6,2669,ALEMRAN (CONST) SDN. BHD.,Desa Murni 2,-,-,0,0,0,,,
2669-7,2669,ALEMRAN (CONST) SDN. BHD.,Sri Gembira,-,-,0,0,0,,,
2669-8,2669,ALEMRAN (CONST) SDN. BHD.,Taman Indah Jaya,-,-,0,0,0,,1999-08-28,2000-08-27
2669-9,2669,ALEMRAN (CONST) SDN. BHD.,Lot 1913 Mukim Kuala Paka,-,-,0,0,0,,2003-07-30,2004-07-29
2669-10,2669,ALEMRAN (CONST) SDN. BHD.,Lot 4329 Gm 5603 (mukim Sura Dearah Dungun),-,-,0,0,0,,,
2669-11,2669,ALEMRAN (CONST) SDN. BHD.,Taman Delima 2,Terengganu,Dungun,14,0,0,,2005-01-03,2006-01-02
2669-12,2669,ALEMRAN (CONST) SDN. BHD.,Taman Limbong Jaya 4,Terengganu,Dungun,11,0,0,,2005-08-08,2006-08-07
2669-13,2669,ALEMRAN (CONST) SDN. BHD.,Taman Delima 2/2,Terengganu,Dungun,8,0,0,,2006-11-17,2007-11-16
2669-14,2669,ALEMRAN (CONST) SDN. BHD.,Lot Pt 11823 - Pt 11833,Terengganu,Dungun,11,0,0,,2008-07-31,2009-07-30
2669-15,2669,ALEMRAN (CONST) SDN. BHD.,Lot Pt 4424h & Pt 10134,Terengganu,Kuala Terengganu,23,0,0,,2010-07-13,2011-07-12
2669-16,2669,ALEMRAN (CONST) SDN. BHD.,Alemran ( Const ) Sdn. Bhd.,Terengganu,Kuala Terengganu,6,0,0,,2013-09-27,2015-09-26
2669-17,2669,ALEMRAN (CONST) SDN. BHD.,Alemran (const) Sdn. Bhd.,Terengganu,Setiu,18,0,0,,2017-01-26,2019-01-25
2674-1,2674,BERJAYA LAND DEVELOPMENT SDN. BHD.,Taman Upc (p1),-,-,0,0,0,,1990-04-12,1991-04-11
2674-2,2674,BERJAYA LAND DEVELOPMENT SDN. BHD.,Medan Indah,-,-,0,0,0,,,
2674-3,2674,BERJAYA LAND DEVELOPMENT SDN. BHD.,Bandar Banang Jaya,-,-,0,0,0,,1992-10-01,1993-09-30
2674-4,2674,BERJAYA LAND DEVELOPMENT SDN. BHD.,Robson Kondominium,-,-,0,0,0,,1998-02-05,1999-02-04
2674-5,2674,BERJAYA LAND DEVELOPMENT SDN. BHD.,Bandar Banang Jaya Fasa 3a,-,-,0,0,0,,1997-07-24,1998-07-23
2674-6,2674,BERJAYA LAND DEVELOPMENT SDN. BHD.,Taman Upc  Fasa 3,-,-,0,0,0,,2004-05-20,2005-05-19
2674-7,2674,BERJAYA LAND DEVELOPMENT SDN. BHD.,Jesselton Courtyard At Jesselton Selatan,Pulau Pinang,Daerah Timor Laut,239,7,7,,2024-05-03,2027-05-02
2682-1,2682,SYARIKAT TENAGA SAHABAT SDN. BHD,Taman Mestika,-,-,0,0,0,,1993-07-22,1994-07-21
2682-2,2682,SYARIKAT TENAGA SAHABAT SDN. BHD,Taman Mestika,-,-,0,0,0,,,
2682-3,2682,SYARIKAT TENAGA SAHABAT SDN. BHD,Taman Mega Jaya,Selangor,Hulu Langat,200,0,0,,2007-07-06,2008-07-05
2682-4,2682,SYARIKAT TENAGA SAHABAT SDN. BHD,Palomino,Selangor,Hulu Langat,54,0,0,,2009-10-21,2010-04-20
2687-1,2687,ASAS DUNIA BERHAD,Taman Haji Mohd Amin,-,-,0,0,0,,1990-03-03,1991-02-02
2687-2,2687,ASAS DUNIA BERHAD,Taman Bukit Jambul,-,-,0,0,0,,,
2687-3,2687,ASAS DUNIA BERHAD,Asas Centre,-,-,0,0,0,,,
2687-4,2687,ASAS DUNIA BERHAD,Taman Merak,-,-,0,0,0,,,
2687-5,2687,ASAS DUNIA BERHAD,Marine Mansion,-,-,0,0,0,,,
2687-6,2687,ASAS DUNIA BERHAD,Taman Puteri Gunung,-,-,0,0,0,,,
2687-7,2687,ASAS DUNIA BERHAD,Taman Kucai,-,-,0,0,0,,1998-08-05,1999-08-04
2687-8,2687,ASAS DUNIA BERHAD,Taman Setia,-,-,0,0,0,,1996-11-20,1997-11-19
2687-9,2687,ASAS DUNIA BERHAD,Taman Sentul Jaya,-,-,0,0,0,,1993-12-17,1994-12-16
2687-10,2687,ASAS DUNIA BERHAD,Taman Setia,-,-,0,0,0,,1996-03-28,1997-03-27
2687-11,2687,ASAS DUNIA BERHAD,Pulai Jaya,-,-,0,0,0,,,
2687-12,2687,ASAS DUNIA BERHAD,Menara Asas,-,-,0,0,0,,1997-09-10,1998-09-09
2687-13,2687,ASAS DUNIA BERHAD,Taman Jelatik,-,-,0,0,0,,1997-04-02,1998-04-01
2687-14,2687,ASAS DUNIA BERHAD,Taman Merak Jaya,-,-,0,0,0,,1998-03-18,1999-03-17
2687-15,2687,ASAS DUNIA BERHAD,Taman Bistari,-,-,0,0,0,,1998-01-06,1999-01-05
2687-16,2687,ASAS DUNIA BERHAD,Taman Merbah,-,-,0,0,0,,,
2687-17,2687,ASAS DUNIA BERHAD,Taman Seruling Emas,-,-,0,0,0,,1999-03-10,2000-03-09
2687-18,2687,ASAS DUNIA BERHAD,Taman Remia,-,-,0,0,0,,1997-08-05,1998-08-04
2687-19,2687,ASAS DUNIA BERHAD, Taman Merak Jaya,-,-,0,0,0,,1997-06-24,1998-06-23
2687-20,2687,ASAS DUNIA BERHAD,Taman Seruling Emas,Pulau Pinang,Seberang Perai Selatan,943,0,0,,2015-01-12,2016-01-11
2687-21,2687,ASAS DUNIA BERHAD,Taman Seri Tanjung,Kedah,Kulim,440,0,0,,2004-11-29,2005-11-28
2687-22,2687,ASAS DUNIA BERHAD,Taman Impian Indah,Pulau Pinang,Seberang Perai Tengah,1214,0,0,,2006-04-07,2007-04-06
2687-23,2687,ASAS DUNIA BERHAD,Asas Murni,-,-,0,0,0,,1998-07-24,1999-07-23
2687-24,2687,ASAS DUNIA BERHAD,Taman Merak Jaya,-,-,0,0,0,,2000-12-18,2001-12-17
2687-25,2687,ASAS DUNIA BERHAD,Taman Golf,-,-,0,0,0,,2000-04-22,2001-04-21
2687-26,2687,ASAS DUNIA BERHAD,Taman Seruling Emas Ii,-,-,0,0,0,,2002-07-02,2003-07-01
2687-27,2687,ASAS DUNIA BERHAD,Taman Merak,-,-,0,0,0,,2002-09-26,2003-07-10
2687-28,2687,ASAS DUNIA BERHAD,Taman Seruling Emas Fasa Iii,-,-,0,0,0,,2000-03-23,2001-03-22
2687-29,2687,ASAS DUNIA BERHAD,Desa Awam,-,-,0,0,0,,2003-03-22,2004-03-21
2687-30,2687,ASAS DUNIA BERHAD,Taman Merak,-,-,0,0,0,,2004-12-10,2005-12-09
2687-31,2687,ASAS DUNIA BERHAD,Asas Murni  2,-,-,0,0,0,,2004-05-05,2005-05-04
2687-32,2687,ASAS DUNIA BERHAD,Asas Murni Ii,-,-,0,0,0,,2003-12-10,2004-12-09
2687-33,2687,ASAS DUNIA BERHAD,Taman Impian Indah,-,-,0,0,0,,,
2687-34,2687,ASAS DUNIA BERHAD,Taman Merak,Pulau Pinang,Seberang Perai Selatan,112,0,0,,2005-10-25,2006-10-24
2687-35,2687,ASAS DUNIA BERHAD,Taman Tasek Permai,Pulau Pinang,Seberang Perai Selatan,49,0,0,,2006-04-07,2007-04-06
2687-36,2687,ASAS DUNIA BERHAD,Taman Impian Indah Ii,Pulau Pinang,Seberang Perai Selatan,198,0,0,,2012-09-17,2013-09-16
2687-37,2687,ASAS DUNIA BERHAD,Taman Idaman,Pulau Pinang,Seberang Perai Selatan,51,0,0,,2007-11-09,2008-11-08
2687-38,2687,ASAS DUNIA BERHAD,Taman Impian Indah,Pulau Pinang,Seberang Perai Tengah,84,0,0,,2012-02-09,2013-02-08
2687-39,2687,ASAS DUNIA BERHAD,Asas Murni,Pulau Pinang,Seberang Perai Tengah,40,0,0,,2011-04-29,2012-04-28
2687-40,2687,ASAS DUNIA BERHAD,Taman Jawi Permai,Pulau Pinang,Seberang Perai Selatan,72,0,0,,2009-06-11,2010-06-10
2687-41,2687,ASAS DUNIA BERHAD,Residensi Merbok,Pulau Pinang,Seberang Perai Selatan,248,0,0,,2016-01-18,2017-01-17
2687-42,2687,ASAS DUNIA BERHAD,Desa Impian,Pulau Pinang,Seberang Perai Tengah,265,0,0,,2012-03-17,2013-03-16
2687-43,2687,ASAS DUNIA BERHAD,Taman Sungai Duri Indah,Pulau Pinang,Seberang Perai Selatan,80,0,0,,2012-10-18,2013-10-17
2687-44,2687,ASAS DUNIA BERHAD,Taman Sungai Duri Permai,Pulau Pinang,Seberang Perai Selatan,368,0,0,,2012-06-21,2013-06-20
2687-45,2687,ASAS DUNIA BERHAD,Taman Seruling Emas,Pulau Pinang,Seberang Perai Selatan,14,0,0,,2012-04-20,2013-04-19
2687-46,2687,ASAS DUNIA BERHAD,Hijauan Valdor,Pulau Pinang,Seberang Perai Selatan,132,0,0,,2015-09-26,2016-09-25
2687-47,2687,ASAS DUNIA BERHAD,Taman Seruling Emas,Pulau Pinang,Seberang Perai Selatan,25,0,0,,2014-07-26,2016-07-25
2687-48,2687,ASAS DUNIA BERHAD,Hijauan Valdor,Pulau Pinang,Seberang Perai Selatan,148,0,0,,2014-08-19,2016-08-18
2687-49,2687,ASAS DUNIA BERHAD,Desa Impian,Pulau Pinang,Seberang Perai Tengah,35,0,0,,2021-01-22,2022-01-21
2687-50,2687,ASAS DUNIA BERHAD,Taman Seruling Emas,Pulau Pinang,Seberang Perai Selatan,26,0,0,,2016-01-23,2018-01-22
2687-51,2687,ASAS DUNIA BERHAD,Hijauan Valdor,Pulau Pinang,Seberang Perai Selatan,129,0,0,,2016-01-28,2018-01-27
2687-52,2687,ASAS DUNIA BERHAD,Hijauan Hills,Pulau Pinang,Seberang Perai Selatan,364,0,0,,2018-07-20,2019-07-19
2687-53,2687,ASAS DUNIA BERHAD,Hijauan Valdor,Pulau Pinang,Seberang Perai Selatan,118,0,0,,2016-08-09,2018-08-08
2687-54,2687,ASAS DUNIA BERHAD,Taman Hijauan Jernih,Pulau Pinang,Seberang Perai Tengah,47,0,0,,2020-11-17,2021-11-16
2687-55,2687,ASAS DUNIA BERHAD,Hijauan Valdor,Pulau Pinang,Seberang Perai Selatan,68,0,0,,2018-03-13,2020-03-12
2687-56,2687,ASAS DUNIA BERHAD,Hijauan Valdor,Pulau Pinang,Seberang Perai Selatan,22,0,0,,2018-04-13,2020-04-12
2687-57,2687,ASAS DUNIA BERHAD,Desa Impian,Pulau Pinang,Seberang Perai Tengah,126,4,3,,2022-12-15,2023-12-14
2687-58,2687,ASAS DUNIA BERHAD,Desa Impian,Pulau Pinang,Seberang Perai Tengah,18,0,0,,2021-01-23,2022-01-22
2687-59,2687,ASAS DUNIA BERHAD,Desa Impian,Pulau Pinang,Seberang Perai Tengah,16,0,0,,2021-05-04,2022-05-03
2687-60,2687,ASAS DUNIA BERHAD,Hijauan Hills,Pulau Pinang,Seberang Perai Selatan,252,0,0,,2022-05-10,2023-06-02
2687-61,2687,ASAS DUNIA BERHAD,Hijauan Valdor,Pulau Pinang,Seberang Perai Selatan,50,0,0,,2021-07-22,2023-07-21
2687-62,2687,ASAS DUNIA BERHAD,Hijauan Valdor,Pulau Pinang,Seberang Perai Selatan,158,3,2,,2022-03-05,2024-03-04
2687-63,2687,ASAS DUNIA BERHAD,Residensi Merbok,Pulau Pinang,Seberang Perai Selatan,62,"4, 5","4, 5",,2023-07-06,2025-07-05
2687-64,2687,ASAS DUNIA BERHAD,Residensi Merbok,Pulau Pinang,Seberang Perai Selatan,68,5,5,,2023-07-07,2025-07-06
2687-65,2687,ASAS DUNIA BERHAD,Desa Impian,Pulau Pinang,Seberang Perai Tengah,178,5,"5, 6",,2023-10-18,2025-10-17
2687-66,2687,ASAS DUNIA BERHAD,Desa Impian,Pulau Pinang,Seberang Perai Tengah,14,4,4,,2023-11-03,2025-11-02
2687-67,2687,ASAS DUNIA BERHAD,Taman Hijauan Jernih,Pulau Pinang,Seberang Perai Tengah,42,4,"3, 4",,2026-06-19,2027-06-18
2687-68,2687,ASAS DUNIA BERHAD,Hijauan Valdor,Pulau Pinang,Seberang Perai Selatan,8,5,5,,2025-02-21,2027-02-20
2687-69,2687,ASAS DUNIA BERHAD,Hijauan Valdor,Pulau Pinang,Seberang Perai Selatan,88,4,5,,2025-03-10,2027-03-09
2687-70,2687,ASAS DUNIA BERHAD,Hijauan Valdor,Pulau Pinang,Seberang Perai Selatan,24,3,2,,2025-03-12,2027-03-11
2687-71,2687,ASAS DUNIA BERHAD,Hijauan Hills,Pulau Pinang,Seberang Perai Selatan,266,4,5,,2025-08-04,2027-08-03
2692-1,2692,POSHAN REALTY SDN. BHD.,Taman Kampar.,-,-,0,0,0,,2002-11-27,2003-11-15
2693-1,2693,INNOVATION & CONCEPT DEVELOPMENT CO. SDN. BHD.,Desa Damansara,-,-,0,0,0,,2004-04-14,2005-03-10
2699-1,2699,PEMBINAAN KOTA LAKSAMANA (MELAKA) SDN. BHD.,Taman Kota Laksamana (p1),-,-,0,0,0,,1993-07-22,1994-07-21
2699-2,2699,PEMBINAAN KOTA LAKSAMANA (MELAKA) SDN. BHD.,Taman Kota Laksamana,-,-,0,0,0,,,
2699-3,2699,PEMBINAAN KOTA LAKSAMANA (MELAKA) SDN. BHD.,Kota Laksamana Melaka,-,-,0,0,0,,2003-07-03,2004-07-02
2700-1,2700,SYARIKAT BATU SINAR SDN. BHD.,Taman Bandar Baru Kampar,-,-,0,0,0,,2003-01-21,2004-01-11
2701-1,2701,CHENG WAH DEVELOPMENT SDN. BHD.,Taman Cemerlang,-,-,0,0,0,,1998-12-26,1999-12-25
2706-1,2706,SEEMA DEVELOPMENT SDN. BHD.,Taman Cangkat Rebian (p1),-,-,0,0,0,,1986-09-16,1987-09-15
2706-2,2706,SEEMA DEVELOPMENT SDN. BHD.,Taman Gembira,-,-,0,0,0,,1993-08-04,1994-08-03
2706-3,2706,SEEMA DEVELOPMENT SDN. BHD.,Taman Sri Bahagia,-,-,0,0,0,,1993-08-25,1994-08-24
2706-4,2706,SEEMA DEVELOPMENT SDN. BHD.,Taman Sri Bahagia 2.,-,-,0,0,0,,1988-08-02,1989-08-01
2706-5,2706,SEEMA DEVELOPMENT SDN. BHD.,Taman Sri Murni,-,-,0,0,0,,2002-08-01,2003-07-31
2713-1,2713,TAI CHONG REALTY (MALACCA) SDN. BHD.,Taman Payamas (p1),-,-,0,0,0,,1996-11-23,1997-11-22
2713-2,2713,TAI CHONG REALTY (MALACCA) SDN. BHD.,Taman Serom Jaya,-,-,0,0,0,,1991-10-16,1992-10-15
2713-3,2713,TAI CHONG REALTY (MALACCA) SDN. BHD.,Taman Sri Putih,-,-,0,0,0,,1997-01-02,1998-01-01
2713-4,2713,TAI CHONG REALTY (MALACCA) SDN. BHD.,Taman Sri Temu,-,-,0,0,0,,1996-08-27,1997-08-26
2713-5,2713,TAI CHONG REALTY (MALACCA) SDN. BHD.,Kondominium Sri Nuri,-,-,0,0,0,,1997-10-06,1998-10-05
2713-6,2713,TAI CHONG REALTY (MALACCA) SDN. BHD.,Taman Sri Sungai Baru Ulu,-,-,0,0,0,,1998-01-24,1999-01-23
2713-7,2713,TAI CHONG REALTY (MALACCA) SDN. BHD.,Taman Rumah Pangsa Teratai,-,-,0,0,0,,2001-03-02,2002-03-01
2713-8,2713,TAI CHONG REALTY (MALACCA) SDN. BHD.,Taman Sri Sungai Baru Ii,-,-,0,0,0,,2000-01-24,2001-01-23
2713-9,2713,TAI CHONG REALTY (MALACCA) SDN. BHD.,Taman Sri Temu Ii,-,-,0,0,0,,2002-08-01,2003-07-31
2713-10,2713,TAI CHONG REALTY (MALACCA) SDN. BHD.,Taman Sri Temu Iii,-,-,0,0,0,,1999-01-29,2000-01-28
2713-11,2713,TAI CHONG REALTY (MALACCA) SDN. BHD.,Taman Padang Temu,-,-,0,0,0,,2003-04-21,2004-04-20
2720-1,2720,SUPERVIEW DEVELOPMENT SDN. BHD,Wangsa Ukay,-,-,0,0,0,,1993-12-09,1994-12-08
2732-1,2732,AMA CONSTRUCTION SDN. BHD.,Taman Temiang Jaya ,-,-,0,0,0,,1996-06-20,1997-06-19
2745-1,2745,PEMBANGUNAN CIPTA SARANA SDN. BHD.,Sri Mutiara,-,-,0,0,0,,1997-02-18,1998-02-17
2746-1,2746,INROAD HOUSING DEVT. SDN. BHD.,Taman Intan Fasa 1 Hingga 8,-,-,0,0,0,,1993-11-26,1994-11-25
2746-3,2746,INROAD HOUSING DEVT. SDN. BHD.,Taman Intan (fasa 10),-,-,0,0,0,,,
2754-1,2754,GRAND HOOVER PROPERTY SDN. BHD.,Taman Bukit Impiana,Selangor,Hulu Langat,29,0,0,,2009-05-12,2009-08-14
2761-1,2761,ANGSANA SDN. BHD,Taman Desa Sri Mahkota (p1),-,-,0,0,0,,1986-07-11,1987-07-10
2761-2,2761,ANGSANA SDN. BHD,Bandar Menjalara,-,-,0,0,0,,1993-08-03,1994-08-02
2761-3,2761,ANGSANA SDN. BHD,Bukit Menjalara,-,-,0,0,0,,1992-07-11,1993-07-10
2761-4,2761,ANGSANA SDN. BHD,Bandar Manjalara,-,-,0,0,0,,,
2762-1,2762,KOI KIM SENG DEVT. SDN. BHD.,Taman Panglima Jaya,-,-,0,0,0,,1991-10-16,1992-10-15
2762-2,2762,KOI KIM SENG DEVT. SDN. BHD.,Taman Kenari Fasa 1 & Ii,-,-,0,0,0,,1986-03-25,1987-03-24
2762-3,2762,KOI KIM SENG DEVT. SDN. BHD.,Medan Kota,-,-,0,0,0,,,
2762-4,2762,KOI KIM SENG DEVT. SDN. BHD.,Taman Kenari Fasa2.,-,-,0,0,0,,,
2762-5,2762,KOI KIM SENG DEVT. SDN. BHD.,Xxx,-,-,0,0,0,,,
2762-6,2762,KOI KIM SENG DEVT. SDN. BHD.,Xxx,-,-,0,0,0,,,
2762-7,2762,KOI KIM SENG DEVT. SDN. BHD.,Xxx,-,-,0,0,0,,,
2762-8,2762,KOI KIM SENG DEVT. SDN. BHD.,Taman Lagenda,-,-,0,0,0,,1997-12-09,1998-12-08
2762-9,2762,KOI KIM SENG DEVT. SDN. BHD.,Lot Pt 10371-10383 Mukim Asam Kumbang,-,-,0,0,0,,1996-04-08,1997-04-07
2762-10,2762,KOI KIM SENG DEVT. SDN. BHD.,Taman Kopi,-,-,0,0,0,,2000-05-29,2001-05-28
2762-11,2762,KOI KIM SENG DEVT. SDN. BHD.,Pt 18249 - 18257 Mukim Asam Kumbang,-,-,0,0,0,,1997-05-13,1998-05-12
2762-12,2762,KOI KIM SENG DEVT. SDN. BHD.,Taman Long Jaafar 'e',-,-,0,0,0,,1999-12-10,2000-12-09
2762-13,2762,KOI KIM SENG DEVT. SDN. BHD.,Taman Kenari Fasa Iii,-,-,0,0,0,,1999-12-10,2000-12-09
2762-14,2762,KOI KIM SENG DEVT. SDN. BHD.,Taman Marisa,-,-,0,0,0,,1999-12-31,2000-12-30
2768-1,2768,CHIN HONG REALTY SDN. BHD.,Taman Gopeng ,-,-,0,0,0,,,
2768-2,2768,CHIN HONG REALTY SDN. BHD.,Taman Gopeng,-,-,0,0,0,,,
2791-1,2791,WAIMUN HOLDINGS & DEVT. SDN. BHD.,Lot 85,-,-,0,0,0,,,
2791-2,2791,WAIMUN HOLDINGS & DEVT. SDN. BHD.,Taman Paka,-,-,0,0,0,,1999-01-29,2000-01-28
2793-1,2793,SEMBAU ENTERPRISE SDN. BHD.,Xxx,-,-,0,0,0,,,
2793-2,2793,SEMBAU ENTERPRISE SDN. BHD.,Taman Sri Kota,-,-,0,0,0,,1996-05-09,1997-05-08
2793-3,2793,SEMBAU ENTERPRISE SDN. BHD.,Taman Seri Intan,-,-,0,0,0,,1999-03-03,2000-03-02
2804-1,2804,REMAJA JAYA SDN. BHD.,Taman Wilayah Selayang ,-,-,0,0,0,,1996-11-23,1997-11-22
2804-2,2804,REMAJA JAYA SDN. BHD.,Wwww,-,-,0,0,0,,,
2808-1,2808,SYARIKAT MULIAJAYA SDN. BHD ,Taman Muliajaya,-,-,0,0,0,,2001-11-08,2002-11-07
2810-1,2810,M.K. ASSOCIATES SDN. BHD,Serendah Golf Resort,-,-,0,0,0,,1984-02-24,1985-02-23
2810-2,2810,M.K. ASSOCIATES SDN. BHD,Bandar Baru Sg Buloh F I & 2,-,-,0,0,0,,1987-10-06,1988-10-05
2810-3,2810,M.K. ASSOCIATES SDN. BHD,Serendah Golf Resort,-,-,0,0,0,,1991-12-28,1992-12-27
2810-4,2810,M.K. ASSOCIATES SDN. BHD,Bukit Mas,-,-,0,0,0,,1990-08-14,1991-08-13
2814-1,2814,HIASREKA INDUSTRIES SDN. BHD.,Taman Sri Tanjung (p1),-,-,0,0,0,,1984-05-25,1985-05-24
2817-1,2817,FUNG YIK SDN. BHD.,Taman Impian Ria,-,-,0,0,0,,1998-06-02,1999-06-01
2817-2,2817,FUNG YIK SDN. BHD.,Taman Impian Ria,Pulau Pinang,Seberang Perai Tengah,25,0,0,,2006-07-25,2007-07-24
2817-3,2817,FUNG YIK SDN. BHD.,Taman Impian Ria,Pulau Pinang,Seberang Perai Selatan,71,0,0,,,
2817-4,2817,FUNG YIK SDN. BHD.,Taman Impian Ria,Pulau Pinang,Seberang Perai Tengah,66,0,0,,,
2817-5,2817,FUNG YIK SDN. BHD.,Taman Impian Ria,Pulau Pinang,Seberang Perai Tengah,62,0,0,,2012-02-10,2013-02-09
2820-1,2820,PASIR MAS REALTY SDN. BHD.,Taman Rantau Baru,-,-,0,0,0,,1997-03-01,1998-02-28
2822-1,2822,SYARIKAT CHANGKAT KURNIA SDN. BHD.,Taman Sri Tambun (p1),-,-,0,0,0,,1996-05-07,1997-05-06
2822-2,2822,SYARIKAT CHANGKAT KURNIA SDN. BHD.,Taman Pengkalan  Barat Mewah,-,-,0,0,0,,1998-05-07,1999-05-06
2822-3,2822,SYARIKAT CHANGKAT KURNIA SDN. BHD.,Taman Puteri Lindungan Bintang,-,-,0,0,0,,2003-07-04,2004-07-03
2822-4,2822,SYARIKAT CHANGKAT KURNIA SDN. BHD.,Syarikat Changkat Kurnia Sdn Bhd,Perak,Kinta,13,0,0,,,
2823-1,2823,KECK SENG (MALAYSIA) BERHAD ,Tanjung Puteri,-,-,0,0,0,,1998-05-24,1999-05-23
2823-2,2823,KECK SENG (MALAYSIA) BERHAD ,Taman Daya,-,-,0,0,0,,2000-09-30,2001-09-29
2823-3,2823,KECK SENG (MALAYSIA) BERHAD ,Bandar Baru Kangkar Pulai Fasa 1a,-,-,0,0,0,,1997-09-05,1998-09-04
2823-4,2823,KECK SENG (MALAYSIA) BERHAD ,Bandar Baru Kangkar Pulai Fasa 1b ,-,-,0,0,0,,1997-09-05,1998-09-04
2823-5,2823,KECK SENG (MALAYSIA) BERHAD ,Taman Daya,-,-,0,0,0,,2001-11-13,2002-11-12
2823-6,2823,KECK SENG (MALAYSIA) BERHAD ,Bandar Baru Kangkar Pulai,-,-,0,0,0,,2002-04-27,2003-04-26
2823-7,2823,KECK SENG (MALAYSIA) BERHAD ,Taman Daya,-,-,0,0,0,,2003-06-16,2004-02-23
2823-8,2823,KECK SENG (MALAYSIA) BERHAD ,Taman Daya,-,-,0,0,0,,2004-04-29,2005-04-28
2823-9,2823,KECK SENG (MALAYSIA) BERHAD ,Taman Daya,-,-,0,0,0,,2004-03-03,2005-03-02
2823-10,2823,KECK SENG (MALAYSIA) BERHAD ,Taman Daya,-,-,0,0,0,,2005-03-31,2006-03-30
2823-11,2823,KECK SENG (MALAYSIA) BERHAD ,Bandar Baru Kangkar Pulai,Johor,Johor Bahru,301,0,0,,2006-05-10,2007-01-25
2823-12,2823,KECK SENG (MALAYSIA) BERHAD ,Tanjong Puteri Resort,Johor,Johor Bahru,268,0,0,,2007-05-26,2008-05-25
2823-13,2823,KECK SENG (MALAYSIA) BERHAD ,Bandar Baru Kangkar Pulai,Johor,Johor Bahru,304,0,0,,2008-01-18,2009-01-17
2823-14,2823,KECK SENG (MALAYSIA) BERHAD ,Taman Daya,Johor,Johor Bahru,253,0,0,,2007-05-26,2008-05-26
2823-15,2823,KECK SENG (MALAYSIA) BERHAD ,Bandar Baru Kangkar Pulai,Johor,Johor Bahru,303,0,0,,2007-11-09,2008-11-08
2823-16,2823,KECK SENG (MALAYSIA) BERHAD ,Taman Daya,Johor,Johor Bahru,93,0,0,,2008-03-15,2009-03-14
2823-17,2823,KECK SENG (MALAYSIA) BERHAD ,Bandar Baru Kangkar Pulai,Johor,Johor Bahru,309,0,0,,2009-12-22,2010-12-21
2823-18,2823,KECK SENG (MALAYSIA) BERHAD ,Taman Daya,Johor,Johor Bahru,215,0,0,,2010-08-06,2011-08-05
2823-19,2823,KECK SENG (MALAYSIA) BERHAD ,Bandar Baru Kangkar Pulai,Johor,Johor Bahru,276,0,0,,2012-01-17,2013-01-16
2823-20,2823,KECK SENG (MALAYSIA) BERHAD ,Taman Daya,Johor,Johor Bahru,135,0,0,,2012-05-16,2013-05-15
2823-21,2823,KECK SENG (MALAYSIA) BERHAD ,Tanjong Puteri Resort,Johor,Johor Bahru,195,0,0,,2011-09-23,2012-09-22
2823-22,2823,KECK SENG (MALAYSIA) BERHAD ,Taman Daya,Johor,Johor Bahru,244,0,0,,2013-09-25,2014-09-24
2823-23,2823,KECK SENG (MALAYSIA) BERHAD ,Bandar Baru Kangkar Pulai,Johor,Johor Bahru,348,0,0,,2015-07-30,2016-07-29
2823-24,2823,KECK SENG (MALAYSIA) BERHAD ,Taman Daya,Johor,Johor Bahru,158,0,0,,2014-04-22,2016-04-21
2823-25,2823,KECK SENG (MALAYSIA) BERHAD ,Tanjong Puteri Resort,Johor,Johor Bahru,199,0,0,,2016-07-02,2017-07-01
2823-26,2823,KECK SENG (MALAYSIA) BERHAD ,Tanjong Puteri Resort,Johor,Johor Bahru,149,0,0,,2015-11-20,2017-11-19
2823-27,2823,KECK SENG (MALAYSIA) BERHAD ,Keck Seng (malaysia) Berhad,Johor,Johor Bahru,246,0,0,,2016-01-29,2018-01-28
2823-28,2823,KECK SENG (MALAYSIA) BERHAD ,Bandar Baru Kangkar Pulai,Johor,Kulai,154,0,0,,2017-07-07,2019-07-06
2823-29,2823,KECK SENG (MALAYSIA) BERHAD ,Bandar Baru Kangkar Pulai,Johor,Kulai,142,0,0,,2017-09-27,2019-09-26
2823-30,2823,KECK SENG (MALAYSIA) BERHAD ,Bandar Baru Kangkar Pulai,Johor,Kulai,167,0,0,,2020-07-07,2021-07-06
2823-31,2823,KECK SENG (MALAYSIA) BERHAD ,Tanjong Puteri Resort,Johor,Johor Bahru,129,0,0,,2018-08-21,2020-08-20
2823-32,2823,KECK SENG (MALAYSIA) BERHAD ,Tanjong Puteri Resort,Johor,Johor Bahru,88,0,0,,2020-08-28,2021-08-27
2823-33,2823,KECK SENG (MALAYSIA) BERHAD ,Bandar Baru Kangkar Pulai,Johor,Johor Bahru,116,0,0,,2019-02-23,2021-02-22
2823-34,2823,KECK SENG (MALAYSIA) BERHAD ,Bandar Baru Kangkar Pulai,Johor,Kulai,151,0,0,,2019-07-03,2021-07-02
2823-35,2823,KECK SENG (MALAYSIA) BERHAD ,Bandar Baru Kangkar Pulai,Johor,Johor Bahru,232,0,0,,2021-07-09,2022-07-08
2823-36,2823,KECK SENG (MALAYSIA) BERHAD ,Bandar Baru Kangkar Pulai,Johor,Kulai,138,0,0,,2022-01-08,2023-01-07
2823-37,2823,KECK SENG (MALAYSIA) BERHAD ,Tanjong Puteri Resort,Johor,Johor Bahru,115,0,0,,2022-07-30,2023-07-29
2823-38,2823,KECK SENG (MALAYSIA) BERHAD ,Bandar Baru Kangkar Pulai,Johor,Johor Bahru,77,0,0,,2021-07-13,2023-07-12
2823-39,2823,KECK SENG (MALAYSIA) BERHAD ,Bandar Baru Kangkar Pulai,Johor,Kulai,132,4,3,,2022-06-17,2024-06-16
2823-40,2823,KECK SENG (MALAYSIA) BERHAD ,Bandar Baru Kangkar Pulai,Johor,Kulai,139,"3, 4",3,,2022-11-23,2024-11-22
2823-41,2823,KECK SENG (MALAYSIA) BERHAD ,Tanjong Puteri Resort,Johor,Johor Bahru,113,3,2,,2023-04-06,2025-04-05
2823-42,2823,KECK SENG (MALAYSIA) BERHAD ,Bandar Baru Kangkar Pulai,Johor,Kulai,172,"3, 4","2, 3",,2025-05-10,2026-05-09
2823-43,2823,KECK SENG (MALAYSIA) BERHAD ,Tanjong Puteri Resort,Johor,Johor Bahru,88,4,"3, 4",,2025-10-12,2026-10-11
2823-44,2823,KECK SENG (MALAYSIA) BERHAD ,Bandar Baru Kangkar Pulai,Johor,Kulai,112,4,3,,2023-10-27,2025-10-26
2823-45,2823,KECK SENG (MALAYSIA) BERHAD ,Taman Daya,Johor,Johor Bahru,106,5,5,,2026-02-06,2027-02-05
2823-46,2823,KECK SENG (MALAYSIA) BERHAD ,Taman Daya,Johor,Johor Bahru,86,4,5,,2026-08-08,2027-08-07
2823-47,2823,KECK SENG (MALAYSIA) BERHAD ,Bandar Baru Kangkar Pulai,Johor,Kulai,112,4,3,,2024-12-18,2026-12-17
2823-48,2823,KECK SENG (MALAYSIA) BERHAD ,Bandar Baru Kangkar Pulai,Johor,Kulai,92,4,3,,2025-01-23,2027-01-22
2823-49,2823,KECK SENG (MALAYSIA) BERHAD ,Tanjung Puteri Resort,Johor,Johor Bahru,53,4,3,,2025-03-17,2027-03-16
2823-50,2823,KECK SENG (MALAYSIA) BERHAD ,Residensi Daya 1,Johor,Johor Bahru,852,"1, 2, 3","1, 2",,2025-03-20,2028-03-19
2823-51,2823,KECK SENG (MALAYSIA) BERHAD ,Tanjung Puteri Resort,Johor,Johor Bahru,53,3,2,,2025-06-23,2027-06-22
2825-1,2825,DIONG HOLDINGS SDN. BHD.,Taman Singa Baru (p1),-,-,0,0,0,,1984-09-04,1985-09-03
2825-2,2825,DIONG HOLDINGS SDN. BHD.,Lot 10497,-,-,0,0,0,,,
2825-3,2825,DIONG HOLDINGS SDN. BHD.,Taman Jati,-,-,0,0,0,,1997-09-15,1998-09-14
2827-1,2827,GLAMO HOUSING SDN. BHD.,Taman Anggerik,Johor,Johor Bahru,1002,0,0,,1996-10-30,1997-10-29
2827-2,2827,GLAMO HOUSING SDN. BHD.,Pangsapuri Orchid View,Johor,Johor Bahru,68,0,0,,1998-08-13,1999-08-12
2827-3,2827,GLAMO HOUSING SDN. BHD.,Taman Seri Orkid,Johor,Johor Bahru,2095,0,0,,2014-01-23,2015-01-22
2827-4,2827,GLAMO HOUSING SDN. BHD.,Belum Di Tentukan,Johor,Johor Bahru,164,0,0,,,
2827-5,2827,GLAMO HOUSING SDN. BHD.,Taman Anggerik,Johor,Johor Bahru,31,0,0,,2018-01-30,2020-01-29
2829-1,2829,PADUTAMA SDN. BHD.,Taman Harmoni,Johor,Segamat,277,0,0,,2019-11-06,2020-11-05
2832-1,2832,TAMAN BUNGA MERLIMAU SDN. BHD.,Taman Muhibbah,-,-,0,0,0,,1985-08-05,1986-08-04
2832-2,2832,TAMAN BUNGA MERLIMAU SDN. BHD.,Taman Muhibbah Fasa Iii,-,-,0,0,0,,1998-11-12,1999-11-11
2832-3,2832,TAMAN BUNGA MERLIMAU SDN. BHD.,"Seksyen 11,pekan Klebang Kecil",-,-,0,0,0,,1989-09-06,1990-09-05
2832-4,2832,TAMAN BUNGA MERLIMAU SDN. BHD.,Taman Muhibbah Fasa Iv,-,-,0,0,0,,2001-09-28,2002-09-27
2832-5,2832,TAMAN BUNGA MERLIMAU SDN. BHD.,Taman Muhibbah Fasa V,-,-,0,0,0,,2001-10-31,2002-10-30
2832-6,2832,TAMAN BUNGA MERLIMAU SDN. BHD.,Taman Muhibbah V1,-,-,0,0,0,,2004-08-02,2005-08-01
2832-7,2832,TAMAN BUNGA MERLIMAU SDN. BHD.,Taman Muhibbah Fasa 7,Melaka,Jasin,69,0,0,,2005-10-26,2006-10-25
2832-8,2832,TAMAN BUNGA MERLIMAU SDN. BHD.,Taman Muhibbah Fasa 8,Melaka,Jasin,54,0,0,,2006-11-23,2007-11-22
2832-9,2832,TAMAN BUNGA MERLIMAU SDN. BHD.,Lot 2628,Melaka,Jasin,38,0,0,,2008-07-26,2009-07-25
2832-10,2832,TAMAN BUNGA MERLIMAU SDN. BHD.,Taman Muhibbah,Melaka,Jasin,29,0,0,,2008-07-26,2009-07-25
2832-11,2832,TAMAN BUNGA MERLIMAU SDN. BHD.,Taman Muhibbah Fasa 11,Melaka,Jasin,90,0,0,,2010-09-17,2011-09-03
2832-12,2832,TAMAN BUNGA MERLIMAU SDN. BHD.,Taman Bemban Heights ,Melaka,Jasin,92,0,0,,2012-04-21,2013-04-20
2832-13,2832,TAMAN BUNGA MERLIMAU SDN. BHD.,Taman Bemban Heights,Melaka,Jasin,61,0,0,,2014-04-05,2015-04-04
2832-14,2832,TAMAN BUNGA MERLIMAU SDN. BHD.,Taman Seraya Rembau,Negeri Sembilan,Rembau,143,0,0,,2020-02-12,2022-02-11
2832-15,2832,TAMAN BUNGA MERLIMAU SDN. BHD.,Taman Seraya Rembau,Negeri Sembilan,Rembau,169,0,0,,2023-06-01,2024-05-31
2832-16,2832,TAMAN BUNGA MERLIMAU SDN. BHD.,Taman Seraya Rembau,Negeri Sembilan,Rembau,152,4,"2, 3",,2024-01-29,2026-01-28
2832-17,2832,TAMAN BUNGA MERLIMAU SDN. BHD.,Taman Seraya Rembau,Negeri Sembilan,-,206,4,2,,2026-02-12,2028-02-11
2842-1,2842,HAJI EMBONG SDN.BHD.,Taman Ehsan 1,-,-,0,0,0,,1996-05-27,1997-05-26
2842-2,2842,HAJI EMBONG SDN.BHD.,Taman Geliga Intan,-,-,0,0,0,,1999-12-10,2000-12-09
2842-3,2842,HAJI EMBONG SDN.BHD.,Taman Ehsan Permai,-,-,0,0,0,,2001-11-26,2002-11-25
2842-4,2842,HAJI EMBONG SDN.BHD.,Taman Sri Embun,Terengganu,Kuala Terengganu,28,0,0,,2006-04-17,2007-04-16
2842-5,2842,HAJI EMBONG SDN.BHD.,Taman Ehsan Murni,Terengganu,Marang,15,0,0,,2007-01-22,2008-01-21
2842-6,2842,HAJI EMBONG SDN.BHD.,Taman Sri Embun 1,Terengganu,Kuala Terengganu,8,0,0,,2008-04-29,2009-04-28
2843-1,2843,TAIMIMA SDN. BHD.,Taman Sungai Ara (p1),-,-,0,0,0,,1984-01-27,1985-01-26
2843-2,2843,TAIMIMA SDN. BHD.,Desa Ara Lot 1290,-,-,0,0,0,,1999-10-27,2000-10-26
2843-3,2843,TAIMIMA SDN. BHD.,Desa Ara,-,-,0,0,0,,1999-10-28,2000-10-27
2843-4,2843,TAIMIMA SDN. BHD.,Desa Ara,-,-,0,0,0,,2003-04-30,2004-04-29
2843-5,2843,TAIMIMA SDN. BHD.,Desa Ara,-,-,0,0,0,,2002-04-16,2003-04-15
2843-6,2843,TAIMIMA SDN. BHD.,Desa Ara,-,-,0,0,0,,2002-11-29,2003-11-28
2843-7,2843,TAIMIMA SDN. BHD.,Desa Ara,Pulau Pinang,Daerah Barat Daya,20,0,0,,2006-08-22,2007-08-21
2843-8,2843,TAIMIMA SDN. BHD.,Desa Ara,Pulau Pinang,Daerah Barat Daya,11,0,0,,2007-09-05,2008-09-04
2853-1,2853,KIN CHONG LOONG PERUMAHAN SDN. BHD.,Taman Mewah Senai,-,-,0,0,0,,,
2855-1,2855,RUSLAN AR PROPERTIES SDN. BHD.,Taman Desa Mesra ,-,-,212,0,0,,1998-02-04,1999-02-03
2866-1,2866,MEGAH REALTY SDN. BHD.,Taman Tangkak Jaya (p1),-,-,0,0,0,,1991-11-27,1992-11-26
2866-2,2866,MEGAH REALTY SDN. BHD.,Taman Tenggara,-,-,0,0,0,,1992-11-27,1993-11-26
2866-3,2866,MEGAH REALTY SDN. BHD.,Taman Tangkak Jaya 2,-,-,0,0,0,,1992-05-07,1993-05-06
2867-1,2867,BUKIT GAMBIR DEVT. SDN. BHD.,"Taman Sri Jaya, Bukit Gambir",-,-,0,0,0,,1997-12-15,1998-12-14
2874-1,2874,SOBROUN SDN BHD.,"Lot 801 Mukim Losong , K.trengganu",-,-,0,0,0,,,
2874-2,2874,SOBROUN SDN BHD.,Taman Seri Bertam,-,-,0,0,0,,2001-04-11,2002-04-10
2875-1,2875,BULATAN JAYA SDN. BHD.,Taman Jaya (p1),-,-,0,0,0,,1986-02-20,1987-02-19
2881-1,2881,GEA HIN CONSTRUCTION & ENGINEERING SDN. BHD.,Lot 349 - 373,-,-,0,0,0,,,
2881-2,2881,GEA HIN CONSTRUCTION & ENGINEERING SDN. BHD.,Taman Berdua,-,-,0,0,0,,1992-03-30,1993-03-29
2887-1,2887,WOON TANAH MERAH SDN. BHD.,Taman Woon Tanah Merah,-,-,0,0,0,,,
2887-2,2887,WOON TANAH MERAH SDN. BHD.,Taman Indah Permai,-,-,0,0,0,,1992-02-08,1993-02-07
2888-1,2888,UNITED MALAYSIAN PROPERTIES SDN. BHD.,Taman Teratai Mewah,-,-,0,0,0,,1999-06-10,2000-06-09
2888-2,2888,UNITED MALAYSIAN PROPERTIES SDN. BHD.,Taman Teratai Mewah,-,-,0,0,0,,2001-02-21,2002-02-20
2891-1,2891,BINAGA JAYA SDN. BHD,Taman Mewah Jaya (p1),-,-,0,0,0,,1984-01-19,1985-01-18
2891-2,2891,BINAGA JAYA SDN. BHD,Taman Sri Mewah,-,-,0,0,0,,1992-01-09,1993-01-08
2891-3,2891,BINAGA JAYA SDN. BHD,Taman Seri Rakyat,-,-,0,0,0,,1992-05-29,1993-05-28
2891-4,2891,BINAGA JAYA SDN. BHD,Taman Sri Binaga,-,-,0,0,0,,1992-05-29,1993-05-28
2891-5,2891,BINAGA JAYA SDN. BHD,Taman Seri Derga Fasa 2,-,-,0,0,0,,1998-08-11,1999-08-10
2891-6,2891,BINAGA JAYA SDN. BHD,Taman Arif Jaya,-,-,0,0,0,,1992-03-07,1993-03-06
2891-7,2891,BINAGA JAYA SDN. BHD,Taman Arif Jaya,-,-,0,0,0,,1996-10-30,1997-10-29
2891-8,2891,BINAGA JAYA SDN. BHD,Xxx,-,-,0,0,0,,,
2891-9,2891,BINAGA JAYA SDN. BHD,Xxx,-,-,0,0,0,,,
2891-10,2891,BINAGA JAYA SDN. BHD,Taman Cenderawasih Fasa 2.,-,-,0,0,0,,1996-12-06,1997-12-05
2891-11,2891,BINAGA JAYA SDN. BHD,Taman Sultan Abdul Halim,-,-,0,0,0,,1998-11-05,1999-11-04
2892-1,2892,DAMAI CHERAS SDN. BHD.,Taman Damai Jaya (p1),-,-,0,0,0,,1984-11-19,1985-11-18
2892-2,2892,DAMAI CHERAS SDN. BHD.,Taman Damai Indah,-,-,0,0,0,,1996-01-18,1997-01-17
2892-3,2892,DAMAI CHERAS SDN. BHD.,Damai Cheras Sdn. Bhd.,Wp Kuala Lumpur,Kuala Lumpur,443,0,0,,2021-10-05,2022-10-04
2898-1,2898,TAI TRADING DEVT. SDN. BHD.,Lot 36512,-,-,0,0,0,,1984-02-22,1985-02-21
2898-2,2898,TAI TRADING DEVT. SDN. BHD.,"Lot 36242 , 3340n",-,-,0,0,0,,1985-10-24,1986-10-23
2898-3,2898,TAI TRADING DEVT. SDN. BHD.,Lot 30101 30104 30105,-,-,0,0,0,,1985-07-19,1987-07-18
2898-4,2898,TAI TRADING DEVT. SDN. BHD.,Lot 118815-18935,-,-,0,0,0,,1987-08-01,1988-07-31
2898-5,2898,TAI TRADING DEVT. SDN. BHD.,Lot 8071,-,-,0,0,0,,1988-06-02,1989-06-01
2898-6,2898,TAI TRADING DEVT. SDN. BHD.,Taman Kanthan Jaya.,-,-,0,0,0,,1997-12-30,1998-12-29
2898-7,2898,TAI TRADING DEVT. SDN. BHD.,Gerbang Siputeh Sari,-,-,0,0,0,,1992-10-09,1993-10-08
2904-1,2904,CHONG SANG ONN SDN. BHD.,Taman Aman Fasa Ii,-,-,0,0,0,,1992-11-17,1993-11-16
2904-2,2904,CHONG SANG ONN SDN. BHD.,Taman Sentosa Fasa I-iii,-,-,0,0,0,,1993-08-27,1994-08-26
2904-3,2904,CHONG SANG ONN SDN. BHD.,Taman Feri,-,-,0,0,0,,1987-11-19,1988-11-18
2904-4,2904,CHONG SANG ONN SDN. BHD.,Taman Desa Indah Pertama,-,-,0,0,0,,,
2904-5,2904,CHONG SANG ONN SDN. BHD.,Taman Sentosa Fasa Iii,-,-,0,0,0,,2003-08-21,2004-08-20
2904-6,2904,CHONG SANG ONN SDN. BHD.,Taman Aman,-,-,0,0,0,,1993-09-21,1994-09-20
2904-7,2904,CHONG SANG ONN SDN. BHD.,Taman Aman Fasa Ii,-,-,0,0,0,,1996-08-21,1997-08-20
2904-8,2904,CHONG SANG ONN SDN. BHD.,Taman Sri Emas Fasa I ,-,-,0,0,0,,,
2904-9,2904,CHONG SANG ONN SDN. BHD.,Taman Sri Emas Fasa Iii,-,-,0,0,0,,,
2904-10,2904,CHONG SANG ONN SDN. BHD.,Taman Intan Jaya,-,-,0,0,0,,,
2904-11,2904,CHONG SANG ONN SDN. BHD.,Taman Perpaduan,-,-,0,0,0,,2003-08-21,2004-08-20
2904-12,2904,CHONG SANG ONN SDN. BHD.,Taman Maharani,Perak,Hilir Perak,124,0,0,,2009-10-13,2010-10-12
2904-13,2904,CHONG SANG ONN SDN. BHD.,Taman Sri Emas,-,-,0,0,0,,2005-09-03,2006-09-02
2904-14,2904,CHONG SANG ONN SDN. BHD.,Taman Bestari,Perak,Hilir Perak,24,0,0,,2011-01-11,2012-01-10
2904-15,2904,CHONG SANG ONN SDN. BHD.,Chong Sang Onn Sdn Bhd,Perak,Bagan Datuk,22,0,0,,2014-02-24,2015-02-23
2904-16,2904,CHONG SANG ONN SDN. BHD.,Taman Melur,Perak,Manjung,30,0,0,,2015-12-31,2016-12-30
2904-17,2904,CHONG SANG ONN SDN. BHD.,Chong Sang Onn Sdn Bhd,Selangor,Sabak Bernam,24,0,0,,2015-03-27,2017-03-26
2904-18,2904,CHONG SANG ONN SDN. BHD.,Chong Sang Onn Sdn Bhd,Selangor,Sabak Bernam,28,0,0,,2018-02-22,2019-02-21
2904-19,2904,CHONG SANG ONN SDN. BHD.,Chong Sang Onn Sdn Bhd,Perak,Bagan Datuk,36,0,0,,2017-12-14,2019-12-13
2904-20,2904,CHONG SANG ONN SDN. BHD.,Chong Sang Onn Sdn Bhd,Perak,Bagan Datuk,32,3,2,,2024-03-03,2025-03-02
2904-21,2904,CHONG SANG ONN SDN. BHD.,Chong Sang Onn Sdn Bhd,Perak,Kerian,20,0,0,,2022-04-14,2023-04-13
2904-22,2904,CHONG SANG ONN SDN. BHD.,Taman Intan Maju,Perak,Hilir Perak,16,0,0,,2025-09-29,2026-09-28
2907-1,2907,YONLIY HOUSING DEVELOPMENT SDN. BHD.,Taman Ria Fasa Ii,-,-,0,0,0,,1984-09-20,1985-09-19
2907-2,2907,YONLIY HOUSING DEVELOPMENT SDN. BHD.,Taman Suria (p2),-,-,0,0,0,,1985-05-20,1986-05-19
2907-3,2907,YONLIY HOUSING DEVELOPMENT SDN. BHD.,Taman Sri Istana,-,-,0,0,0,,2002-11-08,2003-11-07
2907-4,2907,YONLIY HOUSING DEVELOPMENT SDN. BHD.,Taman Damai,Selangor,Klang,72,4,3,,2025-08-24,2026-08-23
2915-1,2915,NEW LAHAT DEVT. SDN. BHD.,Bandar Lahat Baru F1a-2 (p1),-,-,0,0,0,,1992-11-23,1993-11-22
2916-1,2916,KENGTON SDN. BHD.,Taman Kota Lukut,-,-,0,0,0,,1992-06-08,1993-06-07
2916-2,2916,KENGTON SDN. BHD.,Pt 366 - Pt 383,-,-,0,0,0,,,
2916-3,2916,KENGTON SDN. BHD.,Taman Negeri Indah,-,-,0,0,0,,2002-01-28,2003-01-27
2918-1,2918,BOON SIEW DEVELOPMENT SDN. BHD.,Taman Sungai Nibong (p1),-,-,0,0,0,,1993-12-09,1994-12-08
2918-2,2918,BOON SIEW DEVELOPMENT SDN. BHD.,Taman Sungai Nibong,Pulau Pinang,Daerah Barat Daya,179,0,0,,2007-08-07,2008-08-06
2918-3,2918,BOON SIEW DEVELOPMENT SDN. BHD.,Taman Bagan Lalang,Pulau Pinang,Seberang Perai Utara,983,0,0,,2012-03-16,2013-03-15
2918-4,2918,BOON SIEW DEVELOPMENT SDN. BHD.,Pusat Bandar Kuah Fasa Ii,-,-,0,0,0,,1996-07-20,1997-07-19
2918-5,2918,BOON SIEW DEVELOPMENT SDN. BHD.,Taman Bukit Gambir,-,-,0,0,0,,1996-03-24,1997-03-23
2918-6,2918,BOON SIEW DEVELOPMENT SDN. BHD.,Taman Raya,-,-,0,0,0,,1993-08-25,1994-08-24
2918-7,2918,BOON SIEW DEVELOPMENT SDN. BHD.,Taman Kisap,-,-,0,0,0,,,
2918-8,2918,BOON SIEW DEVELOPMENT SDN. BHD.,Oakridge,Pulau Pinang,Daerah Barat Daya,10,0,0,,2014-04-28,2015-04-27
2926-1,2926,BDB LAND SDN. BHD.,Bandar Darulaman Fasa 1,-,-,0,0,0,,1998-11-26,1999-11-25
2926-2,2926,BDB LAND SDN. BHD.,Taman Mahsuri F 1 & Lot 2576,-,-,0,0,0,,,
2926-3,2926,BDB LAND SDN. BHD.,Bandar Darulaman,-,-,0,0,0,,2002-03-11,2003-03-10
2926-4,2926,BDB LAND SDN. BHD.,Bandar Darulaman,-,-,0,0,0,,2004-05-28,2004-10-01
2926-5,2926,BDB LAND SDN. BHD.,Perumahan Untuk Angkatan Tentera Malaysia,-,-,0,0,0,,2000-01-28,2001-01-27
2926-6,2926,BDB LAND SDN. BHD.,Desa Bidara,-,-,0,0,0,,2002-04-30,2003-03-09
2926-7,2926,BDB LAND SDN. BHD.,Bandar Darulaman,-,-,0,0,0,,2000-10-06,2001-10-05
2926-8,2926,BDB LAND SDN. BHD.,Desa Bidara (fasa 3a),-,-,0,0,0,,2002-04-30,2003-04-29
2926-9,2926,BDB LAND SDN. BHD.,Desa Bidara,-,-,0,0,0,,2003-04-30,2004-01-11
2926-10,2926,BDB LAND SDN. BHD.,Desa Bidara,-,-,0,0,0,,2004-08-03,2005-08-02
2926-11,2926,BDB LAND SDN. BHD.,Bandar Darulaman,-,-,0,0,0,,2005-08-16,2006-07-15
2926-12,2926,BDB LAND SDN. BHD.,Bandar Darulaman,-,-,0,0,0,,2003-12-18,2004-07-30
2926-13,2926,BDB LAND SDN. BHD.,Desa Bidara  - Teratai,Kedah,Baling,177,0,0,,,
2926-14,2926,BDB LAND SDN. BHD.,Bandar Darulaman Fasa 1,-,-,0,0,0,,2004-05-05,2005-01-24
2926-15,2926,BDB LAND SDN. BHD.,Bandar Darulaman,Kedah,Kubang Pasu,104,0,0,,2006-07-17,2007-07-16
2926-16,2926,BDB LAND SDN. BHD.,Bandar Darulaman,Kedah,Kubang Pasu,240,0,0,,2006-01-24,2007-01-23
2926-17,2926,BDB LAND SDN. BHD.,Bandar Darulaman  Fasa 4,-,-,0,0,0,,2005-05-26,2006-05-25
2926-18,2926,BDB LAND SDN. BHD.,Desa Bidara,-,-,0,0,0,,2002-11-25,2003-11-24
2926-19,2926,BDB LAND SDN. BHD.,Desa Bidara (bidara Square),-,-,0,0,0,,2006-03-15,2007-01-25
2926-20,2926,BDB LAND SDN. BHD.,Desa Bidara,-,-,0,0,0,,2006-03-15,2007-03-14
2926-21,2926,BDB LAND SDN. BHD.,Bandar Darulaman - Condo 900,Kedah,Kubang Pasu,104,0,0,,2008-09-09,2008-12-08
2926-22,2926,BDB LAND SDN. BHD.,Bandar Darulaman,Kedah,Kubang Pasu,11,0,0,,2006-07-17,2007-07-16
2926-23,2926,BDB LAND SDN. BHD.,Darulaman Perdana,Kedah,Kuala Muda,244,0,0,,2010-04-23,2011-04-22
2926-24,2926,BDB LAND SDN. BHD.,Taman Tunku Sarina,Kedah,Kubang Pasu,448,0,0,,2010-06-17,2011-06-16
2926-25,2926,BDB LAND SDN. BHD.,Darulaman Perdana,Kedah,Kuala Muda,14,0,0,,2010-10-06,2011-10-05
2926-26,2926,BDB LAND SDN. BHD.,Darulaman Perdana,Kedah,Kuala Muda,74,0,0,,2010-11-11,2011-11-10
2926-27,2926,BDB LAND SDN. BHD.,Darulaman Lakehomes,Kedah,Kubang Pasu,35,0,0,,,
2926-28,2926,BDB LAND SDN. BHD.,D'aman Lakehomes,Kedah,Kubang Pasu,60,0,0,,2011-12-30,2012-12-29
2926-29,2926,BDB LAND SDN. BHD.,Taman Tunku Sarina,Kedah,Kubang Pasu,193,0,0,,2011-12-08,2012-12-07
2926-30,2926,BDB LAND SDN. BHD.,Taman Insaniah,Kedah,Baling,626,0,0,,2015-02-06,2016-02-05
2926-31,2926,BDB LAND SDN. BHD.,Taman Tunku Sarina 'adrienna',Kedah,Kubang Pasu,15,0,0,,,
2926-32,2926,BDB LAND SDN. BHD.,Taman Desa Bidara,Kedah,Baling,406,0,0,,2013-09-19,2014-09-18
2926-33,2926,BDB LAND SDN. BHD.,"Taman Tunku Sarina ""azzalea 2""",Kedah,Kubang Pasu,59,0,0,,2013-10-31,2014-10-30
2926-34,2926,BDB LAND SDN. BHD.,Taman Tunku Sarina (airis 2 & Safiyya),Kedah,Kubang Pasu,147,0,0,,2014-01-04,2015-01-03
2926-35,2926,BDB LAND SDN. BHD.,Lakehomes - Thalia,Kedah,Kubang Pasu,21,0,0,,2014-02-19,2016-02-18
2926-36,2926,BDB LAND SDN. BHD.,Darul Aman Perdana,Kedah,Kuala Muda,128,0,0,,2014-12-30,2016-12-29
2926-37,2926,BDB LAND SDN. BHD.,Taman Tunku Intan Safinaz,Kedah,Kubang Pasu,332,0,0,,2015-05-30,2017-05-29
2926-38,2926,BDB LAND SDN. BHD.,Lakehomes 'the Breeze',Kedah,Kubang Pasu,20,0,0,,2017-11-28,2018-11-27
2926-39,2926,BDB LAND SDN. BHD.,Taman Tunku Intan Safinaz,Kedah,Kubang Pasu,84,0,0,,2016-02-20,2018-02-19
2926-40,2926,BDB LAND SDN. BHD.,Darulaman Perdana,Kedah,Kuala Muda,78,0,0,,2016-04-29,2018-04-28
2926-41,2926,BDB LAND SDN. BHD.,Apartment Kos Rendah (ikhlas),Kedah,Kubang Pasu,198,0,0,,2016-06-21,2018-06-20
2926-42,2926,BDB LAND SDN. BHD.,Rumah Teres 2 Tingkat (fuchsia),Kedah,Kuala Muda,141,0,0,,2016-11-13,2018-11-12
2926-43,2926,BDB LAND SDN. BHD.,Darulaman Perdana (ivory),Kedah,Kuala Muda,39,0,0,,2019-03-31,2020-03-30
2926-44,2926,BDB LAND SDN. BHD.,"Irama, Taman Tunku Intan Safinaz",Kedah,Kubang Pasu,10,0,0,,2017-11-22,2019-11-21
2926-45,2926,BDB LAND SDN. BHD.,"Panorama I , Taman Tunku Intan Safinaz",Kedah,Kubang Pasu,27,0,0,,2017-11-22,2019-11-21
2926-46,2926,BDB LAND SDN. BHD.,Darulaman Perdana (topaz),Kedah,Kuala Muda,12,0,0,,2019-12-04,2020-12-03
2926-47,2926,BDB LAND SDN. BHD.,Darulaman Utama (pesona Utama),Kedah,Baling,28,0,0,,2019-12-23,2020-12-22
2926-48,2926,BDB LAND SDN. BHD.,Panorama Darulaman,Kedah,Kubang Pasu,18,0,0,,2017-12-29,2019-12-28
2926-49,2926,BDB LAND SDN. BHD.,Simfoni West,Kedah,Kubang Pasu,158,0,0,,2020-02-07,2021-02-06
2926-50,2926,BDB LAND SDN. BHD.,Darulaman Perdana (amethyst),Kedah,Kuala Muda,122,0,0,,2020-10-12,2021-10-11
2926-51,2926,BDB LAND SDN. BHD.,"Akustika, Simfoni West, Taman Tunku Intan Safinaz",Kedah,Kubang Pasu,75,0,0,,2023-08-20,2024-08-19
2926-52,2926,BDB LAND SDN. BHD.,Simfoni East,Kedah,Kubang Pasu,36,0,0,,2023-08-25,2024-08-24
2926-53,2926,BDB LAND SDN. BHD.,Simfoni East Fasa 2,Kedah,Kubang Pasu,40,0,0,,2022-03-05,2024-03-04
2926-54,2926,BDB LAND SDN. BHD.,Lakehomes Fasa 4,Kedah,Kubang Pasu,13,6,4,,2026-06-14,2027-06-13
2926-55,2926,BDB LAND SDN. BHD.,Simfoni West 5c,Kedah,Kubang Pasu,63,4,3,,2025-06-21,2026-06-20
2926-56,2926,BDB LAND SDN. BHD.,Simfoni East 4d,Kedah,Kubang Pasu,29,4,3,,2025-08-20,2026-08-19
2926-57,2926,BDB LAND SDN. BHD.,Simfoni East 4e,Kedah,Kubang Pasu,33,4,"2, 3",,2026-05-27,2027-05-26
2926-58,2926,BDB LAND SDN. BHD.,Taman Azalea,Kedah,Pendang,94,4,"2, 3",,2026-06-25,2027-06-24
2926-59,2926,BDB LAND SDN. BHD.,Taman Tunku Intan Safinaz (simfoni East),Kedah,Kubang Pasu,78,4,3,,2024-10-16,2026-10-15
2926-60,2926,BDB LAND SDN. BHD.,Darulaman Saujana,Kedah,Kubang Pasu,132,3,2,,2025-05-26,2027-05-25
2926-61,2926,BDB LAND SDN. BHD.,Darulaman Saujana,Kedah,Kubang Pasu,88,3,2,,2025-06-30,2027-06-29
2926-62,2926,BDB LAND SDN. BHD.,Nusa Kayra,Kedah,Langkawi,120,3,2,,2026-03-27,2028-03-26
2927-1,2927,MAJURAMA DEVELOPMENT SDN. BHD.,Pusat Bandar Senawang,-,-,0,0,0,,,
2927-2,2927,MAJURAMA DEVELOPMENT SDN. BHD.,Pusat Bandar Senawang,-,-,0,0,0,,2003-05-16,2004-05-15
2941-1,2941,PEMBINAAN SETIA ABADI SDN. BHD.,Taman Sri Setia (p1),-,-,0,0,0,,1984-06-15,1985-06-14
2941-2,2941,PEMBINAAN SETIA ABADI SDN. BHD.,Taman Seri Andalas Ii,-,-,0,0,0,,,
2941-3,2941,PEMBINAAN SETIA ABADI SDN. BHD.,"Orkid, Seksyen 23, 40300 Shah Alam",Selangor,Klang,184,0,0,,2009-04-01,2010-03-31
2941-4,2941,PEMBINAAN SETIA ABADI SDN. BHD.,Cempaka,Selangor,Petaling ,59,0,0,,2011-06-28,2012-06-27
2941-5,2941,PEMBINAAN SETIA ABADI SDN. BHD.,Widuri,Selangor,Petaling ,54,0,0,,2010-05-21,2011-05-20
2942-1,2942,SILVER CREEK DEVELOPMENT SDN. BHD.,Taman Sentosa (p1),-,-,0,0,0,,1991-03-20,1992-03-19
2942-2,2942,SILVER CREEK DEVELOPMENT SDN. BHD.,Taman Sentosa,Negeri Sembilan,Tampin,64,0,0,,2001-06-25,2002-06-24
2942-3,2942,SILVER CREEK DEVELOPMENT SDN. BHD.,Taman Sentosa Baru,-,-,0,0,0,,,
2942-4,2942,SILVER CREEK DEVELOPMENT SDN. BHD.,Taman Sentosa,Negeri Sembilan,Tampin,50,0,0,,2013-08-27,2014-08-26
2945-1,2945,DATO TAN TENG KUAY REALTY SDN. BHD.,Taman Sri Tanjung (p1),-,-,0,0,0,,1984-05-04,1985-05-03
2945-2,2945,DATO TAN TENG KUAY REALTY SDN. BHD.,Lot 2349 Mukim Jeram,-,-,0,0,0,,1999-10-14,2000-10-13
2947-1,2947,THE KL REGENCY SDN. BHD.,Indra Kayangan,-,-,0,0,0,,,
2951-1,2951,SYARIKAT PEMBENAAN YEOH TIONG LAY SDN. BHD.,Taman Sentosa (p1),-,-,0,0,0,,1984-08-30,1985-08-29
2951-2,2951,SYARIKAT PEMBENAAN YEOH TIONG LAY SDN. BHD.,Lake Fields,Wp Kuala Lumpur,Kuala Lumpur,505,0,0,,2006-08-08,2007-08-07
2951-3,2951,SYARIKAT PEMBENAAN YEOH TIONG LAY SDN. BHD.,Pt 33292 & 22393,Wp Kuala Lumpur,Kuala Lumpur,1380,0,0,,2006-12-19,2007-12-18
2951-4,2951,SYARIKAT PEMBENAAN YEOH TIONG LAY SDN. BHD.,Mid-fields,Wp Kuala Lumpur,Kuala Lumpur,308,0,0,,2009-10-26,2010-10-25
2951-5,2951,SYARIKAT PEMBENAAN YEOH TIONG LAY SDN. BHD.,Mid-fields,Wp Kuala Lumpur,Kuala Lumpur,464,0,0,,2009-11-19,2010-11-18
2951-6,2951,SYARIKAT PEMBENAAN YEOH TIONG LAY SDN. BHD.,Lake Fields,Wp Kuala Lumpur,Kuala Lumpur,343,0,0,,2010-08-25,2011-08-24
2951-7,2951,SYARIKAT PEMBENAAN YEOH TIONG LAY SDN. BHD.,Lake Fields - Grove,Wp Kuala Lumpur,Kuala Lumpur,102,0,0,,2015-12-10,2016-12-09
2951-8,2951,SYARIKAT PEMBENAAN YEOH TIONG LAY SDN. BHD.,Lake Fields - Reed,Wp Kuala Lumpur,Kuala Lumpur,285,0,0,,2012-03-23,2013-03-22
2951-9,2951,SYARIKAT PEMBENAAN YEOH TIONG LAY SDN. BHD.,Midfields 2 Condominium,Wp Kuala Lumpur,Kuala Lumpur,792,0,0,,2016-03-31,2017-03-30
2969-1,2969,ERA BARU SDN. BHD.,Taman Indah (p1),-,-,0,0,0,,1985-01-24,1986-01-23
2969-2,2969,ERA BARU SDN. BHD.,Taman Tasik Bahau,-,-,0,0,0,,2003-05-23,2004-05-01
2969-3,2969,ERA BARU SDN. BHD.,Bandar Seri Jempol,-,-,0,0,0,,2003-05-23,2004-05-01
2969-4,2969,ERA BARU SDN. BHD.,Taman Jemerlang Indah,Negeri Sembilan,Seremban,101,0,0,,2021-09-02,2022-09-01
2969-5,2969,ERA BARU SDN. BHD.,Taman Jemerlang Indah,Negeri Sembilan,Seremban,28,3,2,,2024-10-19,2026-10-18
2976-1,2976,ZINMA HOUSING DEVELOPMENT SDN. BHD.,Taman Senai Jaya,-,-,0,0,0,,1998-08-27,1999-08-26
2985-1,2985,SYARIKAT WAN AWANG NIK SDN. BHD.,Taman Sri Kepong,-,-,0,0,0,,,
2985-2,2985,SYARIKAT WAN AWANG NIK SDN. BHD.,Taman Kepong,-,-,0,0,0,,1996-10-22,1997-10-21
2986-1,2986,SRI CAMAR SDN. BHD.,Taman Sri Saga (p1),-,-,0,0,0,,1992-01-25,1993-01-24
2986-2,2986,SRI CAMAR SDN. BHD.,Taman Bukit Mutiara,-,-,0,0,0,,1997-05-20,1998-05-19
2990-1,2990,KOTA KELANG DEVELOPMENT SDN. BHD.,Taman Kota Jaya (p1),-,-,0,0,0,,1992-01-08,1993-01-07
2990-2,2990,KOTA KELANG DEVELOPMENT SDN. BHD.,Taman Kota Jaya,-,-,0,0,0,,,
2990-3,2990,KOTA KELANG DEVELOPMENT SDN. BHD.,Taman Kota,-,-,0,0,0,,,
2990-4,2990,KOTA KELANG DEVELOPMENT SDN. BHD.,Taman Tepi Sungai,-,-,0,0,0,,,
2990-5,2990,KOTA KELANG DEVELOPMENT SDN. BHD.,Taman Kota Teluk Pulai.,-,-,0,0,0,,1997-01-20,1998-01-19
2990-6,2990,KOTA KELANG DEVELOPMENT SDN. BHD.,Taman Tepi Sungai,-,-,0,0,0,,1999-09-17,2000-09-16
2990-7,2990,KOTA KELANG DEVELOPMENT SDN. BHD.,Taman Kota,-,-,0,0,0,,2002-04-05,2003-04-04
2990-8,2990,KOTA KELANG DEVELOPMENT SDN. BHD.,Taman Kota Bakti,-,-,0,0,0,,2003-06-02,2004-06-01
2990-9,2990,KOTA KELANG DEVELOPMENT SDN. BHD.,Lot 4743,Selangor,Klang,30,0,0,,2014-06-20,2015-06-19
2990-10,2990,KOTA KELANG DEVELOPMENT SDN. BHD.,Lot 11851,Selangor,Klang,30,0,0,,2017-11-02,2018-11-01
2991-1,2991,CHUNG LING ENTERPRISES SDN. BHD.,Lot 643-646 (p1),-,-,0,0,0,,1984-07-09,1985-07-08
2991-2,2991,CHUNG LING ENTERPRISES SDN. BHD.,Lot 47921-47934 (p2),-,-,0,0,0,,1984-11-06,1985-11-05
2991-3,2991,CHUNG LING ENTERPRISES SDN. BHD.,Lot 4146-4183 (p3),-,-,0,0,0,,1986-01-04,1987-01-03
2998-1,2998,OIB PROPERTIES (K) SDN. BHD.,Taman Kenari,-,-,0,0,0,,2002-11-23,2003-05-13
2998-2,2998,OIB PROPERTIES (K) SDN. BHD.,Taman Berlian,-,-,0,0,0,,1985-05-29,1986-05-28
2998-3,2998,OIB PROPERTIES (K) SDN. BHD.,Taman Selasih,-,-,0,0,0,,1987-09-16,1988-09-15
2998-4,2998,OIB PROPERTIES (K) SDN. BHD.,Taman Kenari,-,-,0,0,0,,1992-05-17,1993-05-16
2998-5,2998,OIB PROPERTIES (K) SDN. BHD.,Taman Wira,-,-,0,0,0,,1992-03-07,1993-03-06
2998-6,2998,OIB PROPERTIES (K) SDN. BHD.,Taman Angsana,-,-,0,0,0,,1993-10-12,1994-10-11
2998-7,2998,OIB PROPERTIES (K) SDN. BHD.,Taman Tiong,-,-,0,0,0,,1992-08-15,1993-08-14
2998-8,2998,OIB PROPERTIES (K) SDN. BHD.,Taman Cendana,-,-,0,0,0,,1993-09-13,1994-09-12
2998-9,2998,OIB PROPERTIES (K) SDN. BHD.,Taman Beringin,-,-,0,0,0,,1993-09-18,1994-09-17
2998-10,2998,OIB PROPERTIES (K) SDN. BHD.,Taman Keranji,-,-,0,0,0,,,
2998-11,2998,OIB PROPERTIES (K) SDN. BHD.,Taman Kenari Ii,-,-,0,0,0,,,
2998-12,2998,OIB PROPERTIES (K) SDN. BHD.,Taman Kemuning,-,-,0,0,0,,1996-01-19,1997-01-18
2998-13,2998,OIB PROPERTIES (K) SDN. BHD.,Taman Penaga Indah,-,-,0,0,0,,1999-09-03,2000-09-02
2998-14,2998,OIB PROPERTIES (K) SDN. BHD.,Taman Cenderawasih & Taman Camar,-,-,0,0,0,,1998-02-19,1999-02-18
2998-15,2998,OIB PROPERTIES (K) SDN. BHD.,Taman Selasih Iv,-,-,0,0,0,,1998-02-24,1999-02-23
2998-16,2998,OIB PROPERTIES (K) SDN. BHD.,Taman Selasih,Kedah,Kulim,117,0,0,,2004-05-17,2005-05-16
2998-17,2998,OIB PROPERTIES (K) SDN. BHD.,Taman Seraya Indah 11 & Taman Cendana 11,-,-,0,0,0,,2000-03-28,2001-03-27
2998-18,2998,OIB PROPERTIES (K) SDN. BHD.,Taman Bidara,-,-,0,0,0,,2001-06-18,2002-06-17
2998-19,2998,OIB PROPERTIES (K) SDN. BHD.,Taman Cengal Indah 11 Dan Taman Damar,-,-,0,0,0,,1999-10-12,2000-10-11
2998-20,2998,OIB PROPERTIES (K) SDN. BHD.,Taman Selasih,Kedah,Kulim,9,0,0,,2004-05-24,2005-05-23
2998-21,2998,OIB PROPERTIES (K) SDN. BHD.,Taman Kemuning,-,-,0,0,0,,2001-08-14,2002-08-13
2998-22,2998,OIB PROPERTIES (K) SDN. BHD.,Taman Petaling Jaya,-,-,0,0,0,,2003-03-28,2004-03-27
2998-23,2998,OIB PROPERTIES (K) SDN. BHD.,Taman Kenari  I I,-,-,0,0,0,,2002-12-31,2003-12-30
2998-24,2998,OIB PROPERTIES (K) SDN. BHD.,Taman Delima,-,-,0,0,0,,2004-10-11,2005-10-10
2998-25,2998,OIB PROPERTIES (K) SDN. BHD.,Taman Bersatu Ii,-,-,0,0,0,,2004-12-16,2005-12-15
2998-26,2998,OIB PROPERTIES (K) SDN. BHD.,Taman Selasih,Kedah,Kulim,9,0,0,,2006-11-08,2007-11-07
2998-27,2998,OIB PROPERTIES (K) SDN. BHD.,Lot 263 & 1043,Kedah,Kulim,58,0,0,,2009-10-13,2010-07-12
2998-28,2998,OIB PROPERTIES (K) SDN. BHD.,Lot 45,Kedah,Kulim,50,0,0,,2011-11-15,2012-07-12
2998-29,2998,OIB PROPERTIES (K) SDN. BHD.,Taman Camar,Kedah,Kulim,27,0,0,,2011-06-07,2012-06-06
2998-30,2998,OIB PROPERTIES (K) SDN. BHD.,Taman Kemuning,Kedah,Kulim,21,0,0,,2011-04-22,2012-04-21
2998-31,2998,OIB PROPERTIES (K) SDN. BHD.,Taman Kemunting,Kedah,Kulim,147,0,0,,2012-02-24,2013-02-23
2998-32,2998,OIB PROPERTIES (K) SDN. BHD.,Taman Rhu,Kedah,Kulim,19,0,0,,,
2998-33,2998,OIB PROPERTIES (K) SDN. BHD.,Oib Properties (k) Sdn. Bhd.,Kedah,Kulim,9,0,0,,2016-05-25,2018-05-24
2998-34,2998,OIB PROPERTIES (K) SDN. BHD.,Sp Saujana,Kedah,Kuala Muda,101,0,0,,2018-02-13,2020-02-12
2998-35,2998,OIB PROPERTIES (K) SDN. BHD.,Taman Delima,Kedah,Kulim,23,0,0,,2018-09-27,2020-09-26
2998-36,2998,OIB PROPERTIES (K) SDN. BHD.,Taman Bemban,Kedah,Baling,83,0,0,,2021-04-22,2022-04-21
2998-37,2998,OIB PROPERTIES (K) SDN. BHD.,Sp Saujana Permai,Kedah,Kuala Muda,117,0,0,,2020-05-07,2022-05-06
2998-38,2998,OIB PROPERTIES (K) SDN. BHD.,Taman Cenderawasih,Kedah,Baling,58,0,0,,2022-05-10,2023-05-09
2998-39,2998,OIB PROPERTIES (K) SDN. BHD.,Sp Saujana,Kedah,Kuala Muda,180,4,4,,2023-03-05,2024-03-04
2998-40,2998,OIB PROPERTIES (K) SDN. BHD.,Sp Saujana Permai,Kedah,Kuala Muda,111,3,2,,2023-03-06,2024-03-05
2998-41,2998,OIB PROPERTIES (K) SDN. BHD.,Taman Cengal Jaya,Kedah,Kuala Muda,26,0,0,,2023-05-22,2024-05-21
2998-42,2998,OIB PROPERTIES (K) SDN. BHD.,Taman Cenderawasih,Kedah,Baling,84,3,2,,2024-01-26,2025-01-25
2998-43,2998,OIB PROPERTIES (K) SDN. BHD.,Sp Saujana Permai,Kedah,Kuala Muda,124,0,0,,2024-01-27,2025-01-26
2998-44,2998,OIB PROPERTIES (K) SDN. BHD.,Sp Saujana Permai,Kedah,Kuala Muda,127,5,4,,2025-03-03,2026-03-02
2998-45,2998,OIB PROPERTIES (K) SDN. BHD.,Sp Saujana,Kedah,Kuala Muda,64,5,5,,2023-03-03,2025-03-02
2998-46,2998,OIB PROPERTIES (K) SDN. BHD.,Taman Kulim Utama,Kedah,Kulim,374,4,3,,2026-04-05,2027-04-04
2998-47,2998,OIB PROPERTIES (K) SDN. BHD.,Sp Saujana Permai,Kedah,Kuala Muda,125,3,3,,2024-11-27,2026-11-26
2998-48,2998,OIB PROPERTIES (K) SDN. BHD.,Taman Kulim Utama,Kedah,Kulim,102,3,2,,2026-04-03,2028-04-02
2998-49,2998,OIB PROPERTIES (K) SDN. BHD.,Taman Kulim Utama,Kedah,Kulim,158,4,3,,2026-04-03,2028-04-02
2998-50,2998,OIB PROPERTIES (K) SDN. BHD.,Sp Saujana Permai,Kedah,-,123,3,"2, 3",,2026-05-04,2028-05-03
3029-1,3029,JOHAWAKI DEVELOPMENT SDN. BHD.,Taman Bakti (p1),-,-,0,0,0,,1985-04-08,1986-04-07
3029-2,3029,JOHAWAKI DEVELOPMENT SDN. BHD.,Taman Saujana Permai,Selangor,Petaling ,132,0,0,,2009-05-07,2010-05-06
3029-3,3029,JOHAWAKI DEVELOPMENT SDN. BHD.,Saujana Permai,Selangor,Petaling ,84,0,0,,2016-11-15,2017-11-14
3029-4,3029,JOHAWAKI DEVELOPMENT SDN. BHD.,Pangsapuri Aurora,Selangor,Petaling ,90,3,2,,2021-05-05,2022-05-04
3029-5,3029,JOHAWAKI DEVELOPMENT SDN. BHD.,Taman Desa Meru,Selangor,Klang,32,4,3,,2025-05-02,2026-05-01
3039-1,3039,SYARIKAT K.S. TAN CONSTRUCTION SDN. BHD.,Taman Rimau,-,-,0,0,0,,1984-12-04,1985-12-03
3039-2,3039,SYARIKAT K.S. TAN CONSTRUCTION SDN. BHD.,Lot 1710 Bandar Indera Mahkota,-,-,0,0,0,,2003-05-24,2004-03-23
3039-3,3039,SYARIKAT K.S. TAN CONSTRUCTION SDN. BHD.,Lot 27765 Dan 27766 Mukim Kuala Kuantan,-,-,0,0,0,,2003-05-24,2004-05-23
3046-1,3046,MARKZ CORPORATION SDN. BHD.,Taman Keramat Indah ,-,-,0,0,0,,1998-09-26,1999-09-25
3046-2,3046,MARKZ CORPORATION SDN. BHD.,Taman Keramat Indah ,-,-,0,0,0,,,
3049-1,3049,SRITA PERUSAHAAN SDN. BHD.,'taman Pertama',-,-,0,0,0,,1998-11-21,1999-11-20
3057-1,3057,JEBONG HOUSING DEVELOPMENT SDN. BHD.,Xxx,-,-,0,0,0,,,
3057-2,3057,JEBONG HOUSING DEVELOPMENT SDN. BHD.,Xxx,-,-,0,0,0,,,
3057-3,3057,JEBONG HOUSING DEVELOPMENT SDN. BHD.,Xxx,-,-,0,0,0,,,
3057-4,3057,JEBONG HOUSING DEVELOPMENT SDN. BHD.,Taman Matang Utama,-,-,0,0,0,,,
3063-1,3063,HEAVY INDUSTRIES VALLEY SDN. BHD.,Taman Bunga Negara,-,-,0,0,0,,2002-12-01,2003-11-30
3063-2,3063,HEAVY INDUSTRIES VALLEY SDN. BHD.,Taman Pelangi - Rawang Fasa 4a,-,-,0,0,0,,2003-10-14,2004-10-13
3063-3,3063,HEAVY INDUSTRIES VALLEY SDN. BHD.,Taman Pelangi - Rawang Fasa 4b,-,-,0,0,0,,2003-10-14,2004-10-13
3063-4,3063,HEAVY INDUSTRIES VALLEY SDN. BHD.,Taman Pelangi - Rawang  Fasa 4c,-,-,0,0,0,,2001-08-10,2002-08-09
3063-5,3063,HEAVY INDUSTRIES VALLEY SDN. BHD.,"Taman Pelangi  Fasa 4d, Rawang",-,-,0,0,0,,2003-10-14,2004-10-13
3063-6,3063,HEAVY INDUSTRIES VALLEY SDN. BHD.,"Taman Pelangi  Fasa 4e, Rawang",-,-,0,0,0,,2004-10-14,2005-06-20
3065-1,3065,INSUN DEVELOPMENT SDN. BHD.,Taman Puteri Wangsa,Johor,Johor Bahru,6440,0,0,,2010-03-10,2011-03-09
3065-2,3065,INSUN DEVELOPMENT SDN. BHD.,Taman Puteri Wangsa,-,-,0,0,0,,2005-04-06,2006-04-05
3065-3,3065,INSUN DEVELOPMENT SDN. BHD.,Taman Puteri Wangsa,Johor,Johor Bahru,121,0,0,,2008-02-22,2009-02-21
3065-4,3065,INSUN DEVELOPMENT SDN. BHD.,Taman Puteri Wangsa,Johor,Johor Bahru,1528,0,0,,,
3067-1,3067,GSM SDN. BERHAD,Taman Laksamana (p1),-,-,0,0,0,,1986-03-24,1987-03-23
3067-2,3067,GSM SDN. BERHAD,Taman Pangsa Damai,-,-,0,0,0,,1992-07-22,1993-07-21
3067-3,3067,GSM SDN. BERHAD,Taman Ria,-,-,0,0,0,,1997-12-05,1998-12-04
3067-4,3067,GSM SDN. BERHAD,Taman Setia Jaya Fasa 3,-,-,0,0,0,,2000-05-31,2001-05-30
3067-5,3067,GSM SDN. BERHAD,Taman Seri,-,-,0,0,0,,2001-07-02,2002-07-01
3067-6,3067,GSM SDN. BERHAD,Taman Sri Manggis I I,-,-,0,0,0,,2004-08-12,2005-08-11
3067-7,3067,GSM SDN. BERHAD,Taman Seri Ii,-,-,0,0,0,,2003-10-09,2004-10-08
3067-8,3067,GSM SDN. BERHAD,Taman Gemilang,Selangor,Sabak Bernam,12,0,0,,2005-02-03,2006-02-02
3067-9,3067,GSM SDN. BERHAD,Taman Bedena,Selangor,Sabak Bernam,28,0,0,,2011-12-15,2012-12-14
3067-10,3067,GSM SDN. BERHAD,Taman Ehsan,Selangor,Sabak Bernam,24,0,0,,2011-12-19,2012-12-18
3067-11,3067,GSM SDN. BERHAD,Taman Pertama,Selangor,Sabak Bernam,30,0,0,,2013-05-23,2014-05-22
3067-12,3067,GSM SDN. BERHAD,Taman Bedena ,Selangor,Sabak Bernam,38,0,0,,2014-01-15,2015-01-14
3067-13,3067,GSM SDN. BERHAD,Taman Sutra,Selangor,Sabak Bernam,10,0,0,,2013-07-26,2015-07-25
3067-14,3067,GSM SDN. BERHAD,Taman Purnama 3,Selangor,Sabak Bernam,28,0,0,,2017-11-16,2018-11-15
3067-15,3067,GSM SDN. BERHAD,Taman Arapaima,Selangor,Sabak Bernam,61,0,0,,2018-03-07,2019-03-06
3067-16,3067,GSM SDN. BERHAD,Taman Gapi,Selangor,Sabak Bernam,10,0,0,,2023-07-07,2024-07-06
3067-17,3067,GSM SDN. BERHAD,Taman Air Manis,Selangor,Sabak Bernam,60,4,3,,2025-02-22,2026-02-21
3067-18,3067,GSM SDN. BERHAD,Taman Air Manis,Selangor,Sabak Bernam,81,"3, 4",2,,2025-09-22,2026-09-21
3067-19,3067,GSM SDN. BERHAD,Taman Bedena 2,Selangor,Sabak Bernam,37,4,3,,2026-01-06,2028-01-05
3067-20,3067,GSM SDN. BERHAD,Taman Arapaima,Selangor,Sabak Bernam,27,4,3,,2026-01-08,2028-01-07
3073-1,3073,BUKIT FRASER JAYA SDN. BHD ,"Taman Mesra Indah  , Kelang",-,-,0,0,0,,1997-11-05,1998-11-04
3074-1,3074,BAYVIEW PROPERTIES SDN. BHD ,"Lot 62,121,(1)412,414,450,451,456-464",-,-,0,0,0,,,
3076-1,3076,JEN JAYA SDN. BERHAD.,Taman Sri Krubong,-,-,0,0,0,,1996-11-14,1997-11-13
3076-2,3076,JEN JAYA SDN. BERHAD.,Taman Tanjung Minyak  Utama Fasa 1,-,-,0,0,0,,2002-10-01,2003-07-09
3076-3,3076,JEN JAYA SDN. BERHAD.,Taman Tanjong Minyak Utama Fasa 11a,-,-,0,0,0,,2001-11-01,2002-10-31
3076-4,3076,JEN JAYA SDN. BERHAD.,"Taman Tanjong Minyak Utama, Fasa 3a & 3b",-,-,0,0,0,,2004-04-27,2005-02-25
3076-5,3076,JEN JAYA SDN. BERHAD.,Taman Desa Duyong Fasa Iv,-,-,0,0,0,,2003-06-26,2004-06-25
3076-6,3076,JEN JAYA SDN. BERHAD.,Taman Seri Krubong,Melaka,Melaka Tengah,168,0,0,,2006-02-18,2007-01-14
3076-7,3076,JEN JAYA SDN. BERHAD.,Taman Seri Krubong,Melaka,Melaka Tengah,72,0,0,,2007-01-17,2008-01-16
3076-8,3076,JEN JAYA SDN. BERHAD.,Taman Tanjong Minyak Utama,Melaka,Melaka Tengah,27,0,0,,2008-03-24,2009-03-23
3078-1,3078,GUNONG BATU SDN. BHD.,Taman Sri Gading,-,-,0,0,0,,1992-02-10,1993-02-09
3078-2,3078,GUNONG BATU SDN. BHD.,Taman Bakri Indah,-,-,0,0,0,,2003-01-11,2003-05-25
3078-3,3078,GUNONG BATU SDN. BHD.,Taman Impian,-,-,0,0,0,,2003-07-15,2004-07-14
3078-4,3078,GUNONG BATU SDN. BHD.,Taman Impian Tangkak,-,-,0,0,0,,,
3080-1,3080,HOCKSENG  HOUSING DEVT. SDN. BHD.,Taman Sentosa,-,-,0,0,0,,1998-05-13,1999-05-12
3080-2,3080,HOCKSENG  HOUSING DEVT. SDN. BHD.,Taman Cempaka Ii,Perak,Manjung,0,0,0,,1996-08-03,1997-08-02
3080-3,3080,HOCKSENG  HOUSING DEVT. SDN. BHD.,Taman Sentosa,-,-,0,0,0,,2003-04-29,2004-04-28
3080-4,3080,HOCKSENG  HOUSING DEVT. SDN. BHD.,Apartment Taman Sentosa,-,-,0,0,0,,,
3080-5,3080,HOCKSENG  HOUSING DEVT. SDN. BHD.,Dalam Perhatian - Lihat 3080-3,-,-,0,0,0,,,
3090-1,3090,HO SENG LEE DEVELOPMENT SDN BHD,Taman Pelangi,-,-,0,0,0,,1984-07-18,1985-07-17
3090-2,3090,HO SENG LEE DEVELOPMENT SDN BHD,Pusat Perdagangan Kota Tinggi,-,-,0,0,0,,1990-02-02,1991-02-01
3090-3,3090,HO SENG LEE DEVELOPMENT SDN BHD,Taman Maju Jaya,-,-,0,0,0,,1992-09-26,1993-09-25
3090-4,3090,HO SENG LEE DEVELOPMENT SDN BHD,Taman Pantai Mas Baru,-,-,0,0,0,,,
3090-5,3090,HO SENG LEE DEVELOPMENT SDN BHD,Lot 1589.,-,-,0,0,0,,1996-04-24,1997-04-23
3090-6,3090,HO SENG LEE DEVELOPMENT SDN BHD,Taman Mahkota,-,-,0,0,0,,1998-09-01,1999-08-31
3090-7,3090,HO SENG LEE DEVELOPMENT SDN BHD,Taman Sialang Fasa 2,-,-,0,0,0,,1998-12-22,1999-12-21
3090-8,3090,HO SENG LEE DEVELOPMENT SDN BHD,Taman Pelangi,Johor,Muar,186,0,0,,2022-02-11,2023-02-10
3097-1,3097,MCL LAND (MALAYSIA)  SDN. BHD.,Bandar Wangsa Maju,-,-,0,0,0,,2001-03-30,2002-03-29
3097-2,3097,MCL LAND (MALAYSIA)  SDN. BHD.,Wangsa Terrace,-,-,0,0,0,,,
3097-3,3097,MCL LAND (MALAYSIA)  SDN. BHD.,Waizuri,-,-,0,0,0,,,
3097-4,3097,MCL LAND (MALAYSIA)  SDN. BHD.,"Kedai(s01),(c04),(c10)",-,-,0,0,0,,,
3097-5,3097,MCL LAND (MALAYSIA)  SDN. BHD.,R6b (kondominium),-,-,0,0,0,,,
3097-6,3097,MCL LAND (MALAYSIA)  SDN. BHD.,R10 Kondominium (bukit Wangsa,-,-,0,0,0,,,
3097-7,3097,MCL LAND (MALAYSIA)  SDN. BHD.,Sri Wangsa,-,-,0,0,0,,,
3097-8,3097,MCL LAND (MALAYSIA)  SDN. BHD.,R5d & 5e Terrace Pt 264,-,-,0,0,0,,,
3097-9,3097,MCL LAND (MALAYSIA)  SDN. BHD.,Pesona/jelita & Sri Jelatek,-,-,0,0,0,,,
3097-10,3097,MCL LAND (MALAYSIA)  SDN. BHD.,Desa Andaman,Wp Kuala Lumpur,Kuala Lumpur,132,0,0,,2003-08-08,2004-08-07
3097-11,3097,MCL LAND (MALAYSIA)  SDN. BHD.,Residensi Sfera Wangsa Maju,Wp Kuala Lumpur,Kuala Lumpur,494,"1, 2, 3","1, 2, 3",,2026-03-03,2027-03-02
3100-1,3100,SIN HEAP LEE DEVELOPMENT SDN. BHD.,Taman Putra Indah,Selangor,-,0,0,0,,1998-07-07,1999-07-06
3100-2,3100,SIN HEAP LEE DEVELOPMENT SDN. BHD.,Taman Universiti Indah,Selangor,-,0,0,0,,1996-03-04,1997-03-03
3100-3,3100,SIN HEAP LEE DEVELOPMENT SDN. BHD.,Taman Rasa Jaya,Selangor,-,0,0,0,,,
3100-4,3100,SIN HEAP LEE DEVELOPMENT SDN. BHD.,Bandar Sungai Long ,Selangor,-,0,0,0,,1999-06-14,2000-06-13
3100-5,3100,SIN HEAP LEE DEVELOPMENT SDN. BHD.,Taman Universiti Indah,Selangor,-,0,0,0,,2003-07-13,2004-07-12
3100-6,3100,SIN HEAP LEE DEVELOPMENT SDN. BHD.,Bandar Sungai Long,Selangor,-,0,0,0,,2005-01-05,2006-01-04
3100-7,3100,SIN HEAP LEE DEVELOPMENT SDN. BHD.,Bandar Sungai Long,Selangor,Hulu Langat,67,0,0,,2006-12-11,2007-04-12
3100-8,3100,SIN HEAP LEE DEVELOPMENT SDN. BHD.,Taman Universiti Indah,Selangor,-,195,0,0,,2005-05-27,2006-05-26
3100-9,3100,SIN HEAP LEE DEVELOPMENT SDN. BHD.,Alam Budiman,Selangor,Petaling ,1320,0,0,,2010-08-07,2011-08-06
3100-10,3100,SIN HEAP LEE DEVELOPMENT SDN. BHD.,Bandar Sungai Long,Selangor,Hulu Langat,47,0,0,,2010-01-15,2011-01-14
3100-11,3100,SIN HEAP LEE DEVELOPMENT SDN. BHD.,Bandar Sungai Long,Selangor,Hulu Langat,747,0,0,,2009-05-18,2010-05-17
3100-12,3100,SIN HEAP LEE DEVELOPMENT SDN. BHD.,Taman Universiti Indah,Selangor,Petaling ,69,0,0,,2010-12-13,2011-12-12
3100-13,3100,SIN HEAP LEE DEVELOPMENT SDN. BHD.,Bandar Sungai Long,Selangor,Hulu Langat,41,0,0,,2011-10-20,2012-10-19
3100-14,3100,SIN HEAP LEE DEVELOPMENT SDN. BHD.,"Palm Walk Phase 3, Bandar Sungai Long",Selangor,Hulu Langat,241,0,0,,2012-03-09,2013-03-08
3100-15,3100,SIN HEAP LEE DEVELOPMENT SDN. BHD.,Goodview Heights,Selangor,Hulu Langat,213,0,0,,2014-05-01,2016-04-30
3100-16,3100,SIN HEAP LEE DEVELOPMENT SDN. BHD.,Pangsapuri Alam Budiman,Selangor,Petaling ,536,0,0,,2014-07-24,2016-07-23
3100-17,3100,SIN HEAP LEE DEVELOPMENT SDN. BHD.,Goodview Heights,Selangor,Hulu Langat,256,0,0,,2014-08-08,2016-08-07
3100-18,3100,SIN HEAP LEE DEVELOPMENT SDN. BHD.,Goodview Heights,Selangor,Hulu Langat,151,0,0,,2015-10-08,2017-10-07
3100-19,3100,SIN HEAP LEE DEVELOPMENT SDN. BHD.,Goodview Heights,Selangor,Hulu Langat,90,0,0,,2016-03-02,2018-03-01
3100-20,3100,SIN HEAP LEE DEVELOPMENT SDN. BHD.,Sahara Residences,Selangor,Hulu Langat,29,0,0,,2016-09-09,2018-09-08
3100-21,3100,SIN HEAP LEE DEVELOPMENT SDN. BHD.,Taman Rasa Utama,Selangor,Hulu Selangor,68,"4, 5","4, 5",,2023-10-08,2024-10-07
3100-22,3100,SIN HEAP LEE DEVELOPMENT SDN. BHD.,Goodview Heights,Selangor,Hulu Langat,124,4,5,,2023-02-14,2025-02-13
3100-23,3100,SIN HEAP LEE DEVELOPMENT SDN. BHD.,Goodview Heights,Selangor,Hulu Langat,194,"4, 54",5,,2023-02-14,2025-02-13
3100-24,3100,SIN HEAP LEE DEVELOPMENT SDN. BHD.,Taman Rasa Utama,Selangor,Hulu Selangor,178,3,3,,2023-06-16,2025-06-15
3100-25,3100,SIN HEAP LEE DEVELOPMENT SDN. BHD.,Goodview Heights 2,Selangor,Hulu Langat,116,4,5,,2025-07-26,2026-07-25
3102-1,3102,ANG CHUAN SDN. BHD.,Taman Port Dickson Baru,-,-,0,0,0,,1991-03-06,1992-03-05
3118-1,3118,CHIN SUN SDN. BHD ,Lot 1844 Mukim Perak Jeram Sg Rabit,-,-,0,0,0,,1992-08-25,1993-08-24
3118-2,3118,CHIN SUN SDN. BHD ,Taman Seri Bahagia Baru,-,-,0,0,0,,,
3118-3,3118,CHIN SUN SDN. BHD ,Taman Bahagia,-,-,0,0,0,,,
3118-4,3118,CHIN SUN SDN. BHD ,Taman Bukit Bendera,-,-,0,0,0,,2000-11-03,2001-11-02
3118-5,3118,CHIN SUN SDN. BHD ,Taman Bahagia - Temerloh,-,-,0,0,0,,2002-02-24,2003-02-23
3118-6,3118,CHIN SUN SDN. BHD ,Bahagia Court,Pahang,Temerloh,47,0,0,,2009-06-12,2010-06-11
3121-1,3121,PERBADANAN KEMAJUAN TANAH ADAT MELAKA CONST. SDN .BHD.,Taman Seri Bayu ,-,-,0,0,0,,1993-11-16,1994-11-15
3121-2,3121,PERBADANAN KEMAJUAN TANAH ADAT MELAKA CONST. SDN .BHD.,Melaka Perdana Apartment,-,-,0,0,0,,1991-12-30,1992-12-29
3121-3,3121,PERBADANAN KEMAJUAN TANAH ADAT MELAKA CONST. SDN .BHD.,Taman Cheng Jaya ,-,-,0,0,0,,1997-03-10,1998-03-09
3121-4,3121,PERBADANAN KEMAJUAN TANAH ADAT MELAKA CONST. SDN .BHD.,Taman Seri Bayu Fasa Iia,-,-,0,0,0,,1997-03-10,1998-03-09
3121-5,3121,PERBADANAN KEMAJUAN TANAH ADAT MELAKA CONST. SDN .BHD.,Taman Sri Bayu Fasa 2b,-,-,0,0,0,,2003-01-04,2004-01-03
3121-6,3121,PERBADANAN KEMAJUAN TANAH ADAT MELAKA CONST. SDN .BHD.,Taman Seri Bayu Fasa Iii,-,-,0,0,0,,1997-01-25,1998-01-24
3121-7,3121,PERBADANAN KEMAJUAN TANAH ADAT MELAKA CONST. SDN .BHD.,Taman Permata Hati,-,-,0,0,0,,,
3121-8,3121,PERBADANAN KEMAJUAN TANAH ADAT MELAKA CONST. SDN .BHD.,Taman Maim,-,-,0,0,0,,1997-03-11,1998-03-10
3121-9,3121,PERBADANAN KEMAJUAN TANAH ADAT MELAKA CONST. SDN .BHD.,Taman Bidara Mekar,-,-,0,0,0,,2002-07-31,2003-07-30
3121-10,3121,PERBADANAN KEMAJUAN TANAH ADAT MELAKA CONST. SDN .BHD.,Taman Permatang Ilmu,Melaka,Alor Gajah,24,0,0,,2014-02-25,2016-02-24
3130-1,3130,MIRAMAS DEVELOPMENT SDN BHD ,Medan Bakri,-,-,0,0,0,,1991-07-10,1992-07-09
3130-2,3130,MIRAMAS DEVELOPMENT SDN BHD ,Tmn Sg Abong Indah,-,-,0,0,0,,,
3130-3,3130,MIRAMAS DEVELOPMENT SDN BHD ,Taman Miramas,-,-,0,0,0,,1996-08-02,1997-08-01
3130-4,3130,MIRAMAS DEVELOPMENT SDN BHD ,Taman Sungai Abong 1,-,-,0,0,0,,1997-07-07,1998-07-06
3130-5,3130,MIRAMAS DEVELOPMENT SDN BHD ,Taman Sungai Abong Ii,-,-,0,0,0,,1997-07-07,1998-07-06
3130-6,3130,MIRAMAS DEVELOPMENT SDN BHD ,Taman Mas Merah,-,-,0,0,0,,1999-03-03,2000-03-02
3130-7,3130,MIRAMAS DEVELOPMENT SDN BHD ,3638 Ct 4099,-,-,0,0,0,,,
3130-8,3130,MIRAMAS DEVELOPMENT SDN BHD ,Pangsapuri Sri Bakariah,Johor,Muar,132,0,0,,2003-01-21,2004-01-20
3130-9,3130,MIRAMAS DEVELOPMENT SDN BHD ,Bandar Manjalara (lot 44332-44346),-,-,0,0,0,,2001-01-22,2002-01-21
3130-10,3130,MIRAMAS DEVELOPMENT SDN BHD ,Taman Mas Jaya ,-,-,0,0,0,,2003-06-25,2004-06-24
3130-11,3130,MIRAMAS DEVELOPMENT SDN BHD ,Taman Mas Jaya,-,-,0,0,0,,2000-10-02,2001-10-01
3130-12,3130,MIRAMAS DEVELOPMENT SDN BHD ,Xxx,-,-,0,0,0,,,
3131-1,3131,TAMAN PAHLAWAN SDN. BHD.,Taman Ros (p1),-,-,0,0,0,,2003-12-31,2004-12-30
3131-2,3131,TAMAN PAHLAWAN SDN. BHD.,Taman Pahlawan Sdn Bhd,Johor,Pontian,25,0,0,,2009-02-12,2010-02-11
3131-3,3131,TAMAN PAHLAWAN SDN. BHD.,Taman Semarak,Johor,Pontian,13,0,0,,2011-06-16,2012-06-15
3131-4,3131,TAMAN PAHLAWAN SDN. BHD.,Taman Sawit Jaya,Johor,Kulai,19,0,0,,2011-10-01,2012-09-30
3131-5,3131,TAMAN PAHLAWAN SDN. BHD.,Taman Pahlawan Sdn Bhd,Johor,Batu Pahat,16,0,0,,2012-05-02,2013-05-01
3131-6,3131,TAMAN PAHLAWAN SDN. BHD.,Taman Pahlawan Sdn Bhd,Johor,Pontian,35,0,0,,2014-05-15,2015-05-14
3131-7,3131,TAMAN PAHLAWAN SDN. BHD.,Taman Rakyat,Johor,Pontian,10,0,0,,2018-05-17,2019-05-16
3131-8,3131,TAMAN PAHLAWAN SDN. BHD.,Taman Jasa Ria,Johor,Pontian,20,0,0,,2021-02-23,2022-02-22
3131-9,3131,TAMAN PAHLAWAN SDN. BHD.,Taman Rakyat,Johor,Pontian,15,4,2,,2025-06-10,2027-06-09
3148-1,3148,PEMBANGUNAN MESRA SDN. BHD.,Taman Sepadu,-,-,0,0,0,,1992-07-08,1993-07-07
3148-2,3148,PEMBANGUNAN MESRA SDN. BHD.,Taman Sepadu,-,-,0,0,0,,1997-09-10,1998-09-09
3148-3,3148,PEMBANGUNAN MESRA SDN. BHD.,Taman Bertam,-,-,0,0,0,,,
3148-4,3148,PEMBANGUNAN MESRA SDN. BHD.,"Lampam, Seberang Jaya",-,-,0,0,0,,1996-08-05,1997-08-04
3149-1,3149,PARK PROPERTIES SDN. BHD.,Taman Tasik Jaya,-,-,0,0,0,,2003-02-17,2004-02-16
3149-2,3149,PARK PROPERTIES SDN. BHD.,Taman Bandar Senawang,Negeri Sembilan,Seremban,156,0,0,,2004-12-29,2005-12-28
3149-3,3149,PARK PROPERTIES SDN. BHD.,Taman Bandar Senawang,Negeri Sembilan,Seremban,162,0,0,,2006-09-22,2007-09-21
3149-4,3149,PARK PROPERTIES SDN. BHD.,Taman Bandar Senawang,Negeri Sembilan,Seremban,97,0,0,,2007-10-11,2008-09-18
3149-5,3149,PARK PROPERTIES SDN. BHD.,Taman Bandar Senawang,Negeri Sembilan,Seremban,91,0,0,,2007-07-14,2008-07-13
3149-6,3149,PARK PROPERTIES SDN. BHD.,Taman Bandar Senawang,Negeri Sembilan,Seremban,103,0,0,,2008-05-21,2009-05-20
3149-7,3149,PARK PROPERTIES SDN. BHD.,Taman Bandar Senawang,Negeri Sembilan,Seremban,52,0,0,,2008-09-11,2009-09-10
3149-8,3149,PARK PROPERTIES SDN. BHD.,Taman Bandar Senawang,Negeri Sembilan,Seremban,84,0,0,,2013-12-20,2014-12-19
3149-9,3149,PARK PROPERTIES SDN. BHD.,Taman Bandar Senawang (d'belsa 2 Fasa 1a6(ii)),Negeri Sembilan,Seremban,70,0,0,,2008-12-24,2009-12-23
3149-10,3149,PARK PROPERTIES SDN. BHD.,Taman Bandar Senawang (fasa 2a(iv)),Negeri Sembilan,Seremban,80,0,0,,2013-05-28,2014-05-27
3149-11,3149,PARK PROPERTIES SDN. BHD.,Taman Bandar Senawang,Negeri Sembilan,Seremban,28,0,0,,2020-07-22,2021-07-21
3149-12,3149,PARK PROPERTIES SDN. BHD.,Taman Bandar Senawang,Negeri Sembilan,Seremban,48,0,0,,2010-01-30,2011-01-29
3149-13,3149,PARK PROPERTIES SDN. BHD.,Taman Bandar Senawang,Negeri Sembilan,Seremban,63,0,0,,2010-01-29,2011-01-28
3149-14,3149,PARK PROPERTIES SDN. BHD.,Taman Bandar Senawang,Negeri Sembilan,Seremban,35,0,0,,2021-12-06,2022-12-05
3149-15,3149,PARK PROPERTIES SDN. BHD.,Taman Bandar Senawang,Negeri Sembilan,Seremban,19,0,0,,2011-02-18,2012-02-17
3149-16,3149,PARK PROPERTIES SDN. BHD.,Desa Jaya,Negeri Sembilan,Seremban,258,0,0,,2012-02-04,2013-02-03
3149-17,3149,PARK PROPERTIES SDN. BHD.,Taman Bandar Senawang,Negeri Sembilan,Seremban,43,0,0,,2009-12-08,2010-12-07
3149-18,3149,PARK PROPERTIES SDN. BHD.,Taman Bandar Senawang,Negeri Sembilan,Seremban,53,0,0,,2014-03-10,2015-03-09
3149-19,3149,PARK PROPERTIES SDN. BHD.,Taman Bandar Senawang,Negeri Sembilan,Seremban,51,0,0,,2011-10-12,2012-10-11
3149-20,3149,PARK PROPERTIES SDN. BHD.,Taman Bandar Senawang,Negeri Sembilan,Seremban,36,0,0,,2021-03-30,2022-03-29
3149-21,3149,PARK PROPERTIES SDN. BHD.,Taman Bandr Senawang,Negeri Sembilan,Seremban,45,0,0,,2012-03-11,2013-03-10
3149-22,3149,PARK PROPERTIES SDN. BHD.,Taman Bandar Senawang,Negeri Sembilan,Seremban,22,0,0,,2011-10-13,2012-10-12
3149-23,3149,PARK PROPERTIES SDN. BHD.,Taman Bandar Senawang,Negeri Sembilan,Seremban,29,0,0,,2014-06-08,2015-06-07
3149-24,3149,PARK PROPERTIES SDN. BHD.,Park Properties,Negeri Sembilan,Seremban,10,0,0,,,
3149-25,3149,PARK PROPERTIES SDN. BHD.,Park Properties Sdn Bhd,Negeri Sembilan,Seremban,250,0,0,,2015-11-28,2016-11-27
3149-26,3149,PARK PROPERTIES SDN. BHD.,Park Properties,Negeri Sembilan,Seremban,16,0,0,,,
3149-27,3149,PARK PROPERTIES SDN. BHD.,Taman Bandar Senawang,Negeri Sembilan,Seremban,33,0,0,,2022-12-08,2023-12-07
3149-28,3149,PARK PROPERTIES SDN. BHD.,"Garden Villa 2, Taman Bandar Senawang",Negeri Sembilan,Seremban,250,0,0,,2018-04-03,2019-04-02
3149-29,3149,PARK PROPERTIES SDN. BHD.,"D'areca Heights, Taman Bandar Senawang",Negeri Sembilan,Seremban,104,0,0,,2022-01-30,2024-01-29
3149-30,3149,PARK PROPERTIES SDN. BHD.,"Lake Villa Aprment, Taman Bandar Senawang",Negeri Sembilan,Seremban,77,0,0,,2019-12-08,2020-12-07
3149-31,3149,PARK PROPERTIES SDN. BHD.,Taman Bukit Senawang,Negeri Sembilan,Seremban,11,0,0,,2021-04-22,2023-04-21
3149-32,3149,PARK PROPERTIES SDN. BHD.,"D Venea Residence 3, Taman Bandar Senawang",Negeri Sembilan,Seremban,60,4,4,,2025-02-24,2026-02-23
3149-33,3149,PARK PROPERTIES SDN. BHD.,"Plaza Desajaya,taman Desajaya",Negeri Sembilan,-,21,3,2,,2026-03-26,2029-03-25
3155-1,3155,PEKELILING TRIANGLE SDN. BHD.,Marinara,-,-,0,0,0,,,
3156-1,3156,CHIN TEIK TRADING & DEVELOPMENT SDN. BHD.,Taman Permai (p1),-,-,0,0,0,,1986-04-26,1987-04-25
3165-1,3165,PEMBINAAN SRI JATI SDN. BHD.,Taman Megah Cheras,-,-,0,0,0,,1992-02-06,1993-02-05
3165-2,3165,PEMBINAAN SRI JATI SDN. BHD.,Villa Putra Bungalow,Selangor,Petaling ,52,0,0,,2007-09-14,2008-09-13
3166-1,3166,ISDIN SDN. BHD.,Medan Taiping.,-,-,0,0,0,,1997-01-07,1998-01-06
3166-2,3166,ISDIN SDN. BHD.,Taman Silibin Ria,Perak,Kinta,54,0,0,,2007-01-30,2008-01-29
3166-3,3166,ISDIN SDN. BHD.,Taman Silibin Ria,Perak,Kinta,45,0,0,,2008-03-03,2009-03-02
3166-4,3166,ISDIN SDN. BHD.,Taman Silibin Ria,Perak,Kinta,42,0,0,,2012-02-22,2013-02-21
3166-5,3166,ISDIN SDN. BHD.,Taman Silibin Ria,Perak,Kinta,61,0,0,,2007-01-30,2008-01-29
3166-6,3166,ISDIN SDN. BHD.,Taman Silibin Ria,Perak,Kinta,39,0,0,,2007-07-18,2008-07-17
3166-7,3166,ISDIN SDN. BHD.,Taman Pinggiran Cyber,Selangor,Sepang,85,0,0,,2021-03-03,2022-03-02
3168-1,3168,FINE YEAR ENTERPRISE SDN. BHD.,Tamann Suria,-,-,0,0,0,,1996-06-19,1997-06-18
3168-2,3168,FINE YEAR ENTERPRISE SDN. BHD.,Taman Suria,-,-,0,0,0,,1992-07-23,1993-07-22
3177-1,3177,KUCHAI ESTATES SDN. BHD.,Kuchailama,-,-,0,0,0,,,
3177-2,3177,KUCHAI ESTATES SDN. BHD.,"Pt 1789 Kg.jalan Sg.besi, Kuala Lumpur",-,-,0,0,0,,,
3188-1,3188,SYARIKAT CINTA BINA SDN. BHD.,Taman Damai (p1),-,-,0,0,0,,1992-11-24,1993-11-23
3191-1,3191,SHAMELIN HOLDINGS SDN. BHD ,Taman Shamelin Perkasa,-,-,0,0,0,,2002-07-18,2003-04-04
3197-1,3197,FOOK BAN SIN REALTY SDN. BHD.,Taman Juta (p1),-,-,0,0,0,,1984-11-07,1985-11-06
3197-2,3197,FOOK BAN SIN REALTY SDN. BHD.,Taman Sri Indah Lot 256,-,-,0,0,0,,1991-01-04,1992-01-03
3197-3,3197,FOOK BAN SIN REALTY SDN. BHD.,Taman Bidor Intan.,-,-,0,0,0,,2000-05-22,2001-05-21
3197-4,3197,FOOK BAN SIN REALTY SDN. BHD.,Taman Pelangi,-,-,0,0,0,,,
3197-5,3197,FOOK BAN SIN REALTY SDN. BHD.,Taman Pelangi,-,-,0,0,0,,2003-06-13,2004-06-12
3197-6,3197,FOOK BAN SIN REALTY SDN. BHD.,Taman Permata,-,-,0,0,0,,2000-05-24,2001-05-23
3197-7,3197,FOOK BAN SIN REALTY SDN. BHD.,Taman Pelangi 3,Perak,Batang Padang,46,0,0,,2005-11-09,2006-11-08
3197-8,3197,FOOK BAN SIN REALTY SDN. BHD.,Taman Sri Tanjong,Perak,Batang Padang,20,0,0,,2009-06-17,2010-06-16
3204-1,3204,HUSIN RASHID CONSTRUCTION SDN. BHD.,"Lot Asal 997, Lot Pt 974k",-,-,0,0,0,,1992-01-03,1993-01-02
3205-1,3205,FOUNTAIN VIEW LAND SDN. BHD. ( REDZTIKAH SDN. BHD.),Taman Jenang (p1),-,-,0,0,0,,1986-08-25,1987-08-24
3205-2,3205,FOUNTAIN VIEW LAND SDN. BHD. ( REDZTIKAH SDN. BHD.),Taman Kurnia Ii,-,-,0,0,0,,1990-10-16,1991-10-15
3205-3,3205,FOUNTAIN VIEW LAND SDN. BHD. ( REDZTIKAH SDN. BHD.),Taman Kurnia,-,-,0,0,0,,1992-04-15,1993-04-14
3205-4,3205,FOUNTAIN VIEW LAND SDN. BHD. ( REDZTIKAH SDN. BHD.),Taman Industri Seri Sulong,-,-,0,0,0,,2002-07-30,2003-07-29
3205-5,3205,FOUNTAIN VIEW LAND SDN. BHD. ( REDZTIKAH SDN. BHD.),Taman Industri Sri Sulong,Johor,Batu Pahat,166,0,0,,2002-11-30,2003-11-29
3212-1,3212,CAHAYA KOTA DEVELOPMENT SDN. BHD.,Taman Mayang Jaya,-,-,0,0,0,,1987-09-16,1988-09-15
3212-2,3212,CAHAYA KOTA DEVELOPMENT SDN. BHD.,Bandar Utama,Selangor,Petaling ,30,0,0,,2006-02-08,2007-02-07
3221-1,3221,METROPLEX PROJECT MANAGEMENT SDN. BHD.,Taman Kosas,Selangor,Hulu Langat,1722,0,0,,2002-06-20,2003-06-19
3221-2,3221,METROPLEX PROJECT MANAGEMENT SDN. BHD.,Taman Kosas,Selangor,Hulu Langat,205,0,0,,2008-09-05,2009-09-04
3221-3,3221,METROPLEX PROJECT MANAGEMENT SDN. BHD.,Metroplex Project Management Sdn Bhd,Selangor,Hulu Langat,66,0,0,,,
3240-1,3240,SUNGAI BESAR DEVELOPMENT SDN. BHD.,Taman Raya (p1),-,-,0,0,0,,1985-02-27,1986-02-26
3240-2,3240,SUNGAI BESAR DEVELOPMENT SDN. BHD.,Taman Melati Fasa 2.,-,-,0,0,0,,1997-06-24,1998-06-23
3240-3,3240,SUNGAI BESAR DEVELOPMENT SDN. BHD.,Taman Gembira,-,-,0,0,0,,1988-06-02,1989-06-01
3240-4,3240,SUNGAI BESAR DEVELOPMENT SDN. BHD.,Taman Melati,-,-,0,0,0,,1992-09-02,1993-09-01
3245-1,3245,MZ DEVELOPMENT SDN. BHD.,Alam Mutiara,Selangor,Kuala Selangor,924,0,0,,2004-02-17,2005-02-16
3250-1,3250,PAYA KEMUNTING DEVELOPMENT SDN. BHD.,Taman Kelab Tuanku N.s. (p1),-,-,0,0,0,,1986-11-19,1987-11-18
3253-1,3253,I & P SETIAWANGSA SDN. BHD ,Taman Setiawangsa,-,-,0,0,0,,1997-12-16,1998-12-15
3253-2,3253,I & P SETIAWANGSA SDN. BHD ,Taman Setiawangsa,-,-,0,0,0,,2000-11-24,2001-11-23
3253-3,3253,I & P SETIAWANGSA SDN. BHD ,Taman Setiawangsa,-,-,0,0,0,,,
3253-4,3253,I & P SETIAWANGSA SDN. BHD ,Taman Setiawangsa  Fasa 3d4,-,-,0,0,0,,2004-07-08,2005-07-07
3253-5,3253,I & P SETIAWANGSA SDN. BHD ,Taman Setiawangsa,Wp Kuala Lumpur,Kuala Lumpur,182,0,0,,2007-03-22,2008-03-21
3256-1,3256,SRI PENGKALAN BINAAN SDN. BHD.,Taman Bakti Air Keroh,-,-,0,0,0,,,
3256-2,3256,SRI PENGKALAN BINAAN SDN. BHD.,Taman Maju,-,-,0,0,0,,1997-01-29,1998-01-28
3256-3,3256,SRI PENGKALAN BINAAN SDN. BHD.,Tmn Graha Maju,-,-,0,0,0,,1996-08-28,1997-08-27
3256-4,3256,SRI PENGKALAN BINAAN SDN. BHD.,Taman Maju,-,-,0,0,0,,1998-03-03,1999-03-02
3256-5,3256,SRI PENGKALAN BINAAN SDN. BHD.,Taman Maju Fasa 1c(3),-,-,0,0,0,,1998-01-19,1999-01-18
3256-6,3256,SRI PENGKALAN BINAAN SDN. BHD.,Taman Maju Fasa 2,-,-,0,0,0,,2000-06-27,2001-06-26
3256-7,3256,SRI PENGKALAN BINAAN SDN. BHD.,Taman Maju Fasa 3,-,-,0,0,0,,2001-06-27,2002-06-26
3256-8,3256,SRI PENGKALAN BINAAN SDN. BHD.,Taman Maju Jasin,Melaka,Jasin,92,0,0,,2009-07-21,2010-07-20
3256-9,3256,SRI PENGKALAN BINAAN SDN. BHD.,Taman Maju Jasin,Melaka,Jasin,88,0,0,,2007-10-09,2008-10-08
3256-10,3256,SRI PENGKALAN BINAAN SDN. BHD.,Taman Kasa Heights,Melaka,Alor Gajah,194,0,0,,2011-03-11,2011-12-02
3256-11,3256,SRI PENGKALAN BINAAN SDN. BHD.,Taman Kasa Heights,Melaka,Alor Gajah,20,0,0,,2011-08-09,2012-08-08
3256-12,3256,SRI PENGKALAN BINAAN SDN. BHD.,Taman Maju Jasin ,Melaka,Jasin,51,0,0,,2012-04-27,2013-04-26
3256-13,3256,SRI PENGKALAN BINAAN SDN. BHD.,Taman Kasa Heights,Melaka,Alor Gajah,63,0,0,,2012-02-10,2013-02-09
3256-14,3256,SRI PENGKALAN BINAAN SDN. BHD.,Taman Nuri,Melaka,Alor Gajah,104,0,0,,2013-12-27,2014-12-26
3256-15,3256,SRI PENGKALAN BINAAN SDN. BHD.,Meta Gadong,Melaka,Melaka Tengah,81,0,0,,2015-12-19,2016-12-18
3261-1,3261,PERUMAHAN CONCORD SDN. BHD ,Taman Bukit Gemuruh,-,-,0,0,0,,2002-08-19,2003-08-18
3261-2,3261,PERUMAHAN CONCORD SDN. BHD ,Taman Gemuruh Fasa 2,-,-,0,0,0,,,
3261-3,3261,PERUMAHAN CONCORD SDN. BHD ,Taman Bukit Gemuruh Fasa 3,-,-,0,0,0,,1993-12-20,1994-12-19
3273-1,3273,WINMIN PROPERTY SDN. BHD ,Lot 26421-26430 (p1),-,-,0,0,0,,1986-06-19,1987-06-18
3273-2,3273,WINMIN PROPERTY SDN. BHD ,Taman Sutera Lama,Negeri Sembilan,Port Dickson,179,0,0,,2011-04-11,2012-04-10
3275-1,3275,WOLTAMINA KEMAJUAN SDN. BHD.,Taman Lily,-,-,0,0,0,,,
3284-1,3284,SRI LUKUT SDN. BHD. (DI BAWAH PENERIMAAN),Taman P.d Utama,-,-,0,0,0,,1992-02-07,1993-01-06
3285-1,3285,LOKE KING LOONG DEVELOPMENT SDN. BHD.,Mambau Jaya (p1),-,-,0,0,0,,1986-10-01,1987-09-30
3285-2,3285,LOKE KING LOONG DEVELOPMENT SDN. BHD.,Templer Heights Phase 6,-,-,0,0,0,,,
3285-3,3285,LOKE KING LOONG DEVELOPMENT SDN. BHD.,Taman Bukit Tunku,-,-,0,0,0,,,
3285-4,3285,LOKE KING LOONG DEVELOPMENT SDN. BHD.,Taman Bukit Tunku ,-,-,0,0,0,,2001-06-22,2002-06-21
3285-5,3285,LOKE KING LOONG DEVELOPMENT SDN. BHD.,Taman Berlian Merah,-,-,0,0,0,,2002-07-04,2003-07-03
3285-6,3285,LOKE KING LOONG DEVELOPMENT SDN. BHD.,Lot 7889 -7914 Mukim Seremban,-,-,0,0,0,,,
3294-1,3294,G-TWO DEVELOPMENT SDN. BHD.,Bangsar Permai,-,-,0,0,0,,1995-01-19,1996-01-18
3294-2,3294,G-TWO DEVELOPMENT SDN. BHD.,Lot 8 Pekan Klebang,-,-,0,0,0,,,
3294-3,3294,G-TWO DEVELOPMENT SDN. BHD.,Taman Salak Selatan 'pangsapuri Naga Permai',-,-,0,0,0,,,
3295-1,3295,DARO (M) SDN. BHD ,Taman Sentosa,-,-,0,0,0,,1984-12-13,1985-12-12
3295-2,3295,DARO (M) SDN. BHD ,Taman Kenanga,-,-,0,0,0,,1988-10-05,1989-10-04
3295-3,3295,DARO (M) SDN. BHD ,Taman Wangsa Cheras,-,-,0,0,0,,2001-07-12,2002-07-11
3295-4,3295,DARO (M) SDN. BHD ,Taman Sentosa,-,-,0,0,0,,1991-07-03,1992-07-02
3295-5,3295,DARO (M) SDN. BHD ,Taman Jelai,-,-,0,0,0,,,
3296-1,3296,SALHAFA SDN. BHD.,Taman Mahkota,-,-,0,0,0,,1992-09-22,1993-09-21
3299-1,3299,HARP SOON CONSTRUCTION SDN.BHD.,Taman Intan,-,-,0,0,0,,1985-02-12,1986-02-11
3299-2,3299,HARP SOON CONSTRUCTION SDN.BHD.,Taman Intan,-,-,0,0,0,,1992-06-18,1993-06-17
3299-3,3299,HARP SOON CONSTRUCTION SDN.BHD.,Taman Intan Iv,-,-,0,0,0,,1992-01-07,1993-01-06
3299-4,3299,HARP SOON CONSTRUCTION SDN.BHD.,Taman Seri,-,-,0,0,0,,1993-07-20,1994-07-19
3299-5,3299,HARP SOON CONSTRUCTION SDN.BHD.,Taman Sri Maju,-,-,0,0,0,,,
3299-6,3299,HARP SOON CONSTRUCTION SDN.BHD., Taman Intan V.,-,-,0,0,0,,,
3299-7,3299,HARP SOON CONSTRUCTION SDN.BHD.,Taman Intan Jaya,-,-,0,0,0,,,
3299-8,3299,HARP SOON CONSTRUCTION SDN.BHD.,Taman Intan Jaya 2,-,-,0,0,0,,1996-01-02,1997-01-01
3299-9,3299,HARP SOON CONSTRUCTION SDN.BHD.,Taman Intan Jaya 3,-,-,0,0,0,,1996-04-18,1997-04-17
3299-10,3299,HARP SOON CONSTRUCTION SDN.BHD.,Taman Seri Indah,-,-,0,0,0,,1996-04-13,1997-04-12
3299-11,3299,HARP SOON CONSTRUCTION SDN.BHD.,Taman Intan 6,-,-,0,0,0,,1998-02-05,1999-02-04
3299-12,3299,HARP SOON CONSTRUCTION SDN.BHD.,Taman Intan Jaya 4,-,-,0,0,0,,1996-10-22,1997-10-21
3299-13,3299,HARP SOON CONSTRUCTION SDN.BHD.,Taman Intan Jaya 5,-,-,0,0,0,,1998-04-29,1999-04-28
3299-14,3299,HARP SOON CONSTRUCTION SDN.BHD.,Taman Putra ,-,-,0,0,0,,1999-08-24,2000-08-23
3299-15,3299,HARP SOON CONSTRUCTION SDN.BHD.,Taman Seri Indah 2,-,-,0,0,0,,1999-10-15,2000-10-14
3299-16,3299,HARP SOON CONSTRUCTION SDN.BHD.,Taman Intan 7,-,-,0,0,0,,2000-04-14,2001-04-13
3299-17,3299,HARP SOON CONSTRUCTION SDN.BHD.,Taman Intan Jaya 6,-,-,0,0,0,,2001-06-18,2002-06-17
3299-18,3299,HARP SOON CONSTRUCTION SDN.BHD.,Taman Telok,-,-,0,0,0,,2001-05-19,2002-05-18
3299-19,3299,HARP SOON CONSTRUCTION SDN.BHD.,Taman Dato' Hormat,-,-,0,0,0,,2003-09-03,2004-09-02
3299-20,3299,HARP SOON CONSTRUCTION SDN.BHD.,Taman Sentosa,-,-,0,0,0,,2004-05-29,2005-05-28
3299-21,3299,HARP SOON CONSTRUCTION SDN.BHD.,Taman Aman,-,-,0,0,0,,2004-07-04,2005-07-03
3299-22,3299,HARP SOON CONSTRUCTION SDN.BHD.,Taman Permai,-,-,0,0,0,,2006-03-31,2006-10-21
3299-23,3299,HARP SOON CONSTRUCTION SDN.BHD.,Taman Daya Maju,Selangor,Klang,145,0,0,,2006-06-20,2007-04-06
3299-24,3299,HARP SOON CONSTRUCTION SDN.BHD.,Taman Perepat Permai,Selangor,Klang,33,0,0,,2008-01-05,2009-01-02
3299-25,3299,HARP SOON CONSTRUCTION SDN.BHD.,Taman Desa Kencana,Selangor,Klang,64,0,0,,2007-03-08,2008-03-07
3299-26,3299,HARP SOON CONSTRUCTION SDN.BHD.,Taman Siakap,Selangor,Kuala Selangor,42,0,0,,2009-05-19,2010-03-21
3299-27,3299,HARP SOON CONSTRUCTION SDN.BHD.,Taman Sejahtera,Selangor,Kuala Selangor,35,0,0,,2009-10-28,2010-09-02
3299-28,3299,HARP SOON CONSTRUCTION SDN.BHD.,Taman Belibis,Selangor,Kuala Selangor,46,0,0,,2011-02-28,2011-12-09
3299-29,3299,HARP SOON CONSTRUCTION SDN.BHD.,Taman Desa Indah,Selangor,Klang,61,0,0,,2012-02-09,2012-11-30
3299-30,3299,HARP SOON CONSTRUCTION SDN.BHD.,Taman Dato' Hormat,Selangor,Kuala Langat,22,0,0,,2012-01-14,2013-01-13
3299-31,3299,HARP SOON CONSTRUCTION SDN.BHD.,Taman Delima,Selangor,Kuala Selangor,17,0,0,,2016-05-31,2017-05-30
3299-32,3299,HARP SOON CONSTRUCTION SDN.BHD.,Taman Andalas Jaya,Selangor,Klang,28,0,0,,2018-01-15,2019-01-14
3299-33,3299,HARP SOON CONSTRUCTION SDN.BHD.,Taman Kenanga,Selangor,Kuala Selangor,25,0,0,,2020-05-09,2021-05-08
3299-34,3299,HARP SOON CONSTRUCTION SDN.BHD.,Taman Idaman,Selangor,Kuala Selangor,30,0,0,,2022-02-07,2023-02-06
3299-35,3299,HARP SOON CONSTRUCTION SDN.BHD.,Taman Sinar Ria,Selangor,Kuala Selangor,21,0,0,,2021-09-17,2022-09-16
3299-36,3299,HARP SOON CONSTRUCTION SDN.BHD.,Taman Desa Permai,Selangor,Klang,24,0,0,,2024-03-02,2025-03-01
3299-37,3299,HARP SOON CONSTRUCTION SDN.BHD.,Taman Idaman,Selangor,Kuala Selangor,30,4,3,,2025-07-05,2026-07-04
3299-38,3299,HARP SOON CONSTRUCTION SDN.BHD.,Taman Langat Utama 1,Selangor,-,20,4,2,,2025-10-22,2027-10-21
3301-1,3301,SENAI BESAR DEVELOPMENT SDN. BHD.,Wwwww,-,-,0,0,0,,1997-04-24,1998-04-23
3301-2,3301,SENAI BESAR DEVELOPMENT SDN. BHD.,Taman Nenas Mas,-,-,0,0,0,,1997-11-24,1998-11-23
3322-1,3322,PECK SEONG REALTY SDN. BHD.,Taman Parit Jawa,-,-,0,0,0,,1991-02-06,1992-02-05
3322-2,3322,PECK SEONG REALTY SDN. BHD.,Xxx,-,-,0,0,0,,,
3322-3,3322,PECK SEONG REALTY SDN. BHD.,"Lot 3381,3382  & 3383",-,-,0,0,0,,,
3322-4,3322,PECK SEONG REALTY SDN. BHD.,Xxx,-,-,0,0,0,,,
3322-5,3322,PECK SEONG REALTY SDN. BHD.,Taman Sri Unas,-,-,0,0,0,,1996-04-12,1997-04-11
3322-6,3322,PECK SEONG REALTY SDN. BHD.,Taman Beting Indah Ii,-,-,0,0,0,,1998-04-06,1999-04-05
3322-7,3322,PECK SEONG REALTY SDN. BHD.,Taman Sri Unas Ii,-,-,0,0,0,,1999-01-05,2000-01-04
3322-8,3322,PECK SEONG REALTY SDN. BHD.,Taman Parit Bakar Baru,-,-,0,0,0,,2000-01-21,2001-01-20
3322-9,3322,PECK SEONG REALTY SDN. BHD.,Ptd 827 - Ptd 840 Mukim Sungai Raya,-,-,0,0,0,,2000-11-24,2001-11-23
3322-10,3322,PECK SEONG REALTY SDN. BHD.,Taman Putera Indah,-,-,0,0,0,,2000-11-24,2001-11-23
3322-11,3322,PECK SEONG REALTY SDN. BHD.,Taman Putera,-,-,0,0,0,,2001-04-02,2002-04-01
3322-12,3322,PECK SEONG REALTY SDN. BHD.,Taman Bersatu Dan Taman Matahari,-,-,0,0,0,,2002-06-26,2003-06-25
3322-13,3322,PECK SEONG REALTY SDN. BHD.,Taman Moden,-,-,0,0,0,,2001-08-03,2002-08-02
3322-14,3322,PECK SEONG REALTY SDN. BHD.,Taman Rasasayang,-,-,0,0,0,,2002-11-28,2003-11-27
3322-15,3322,PECK SEONG REALTY SDN. BHD.,Lot 2991 Mukim Bandar,-,-,0,0,0,,2003-06-14,2004-06-13
3322-16,3322,PECK SEONG REALTY SDN. BHD.,Taman Pertama Indah Ii,-,-,0,0,0,,2004-11-04,2005-11-03
3322-17,3322,PECK SEONG REALTY SDN. BHD.,Taman Gemilang,Johor,Johor Bahru,251,0,0,,2006-03-10,2007-03-09
3322-18,3322,PECK SEONG REALTY SDN. BHD.,Taman Beting Indah,Johor,Muar,61,0,0,,2006-02-23,2007-02-22
3322-19,3322,PECK SEONG REALTY SDN. BHD.,Taman Pertama Indah Iii,Johor,Muar,22,0,0,,2005-03-25,2006-03-24
3322-20,3322,PECK SEONG REALTY SDN. BHD.,Taman Gaya,Johor,Muar,13,0,0,,2006-11-03,2007-11-02
3322-21,3322,PECK SEONG REALTY SDN. BHD.,Taman Mas,Johor,Muar,150,0,0,,2006-11-25,2007-11-24
3322-22,3322,PECK SEONG REALTY SDN. BHD.,Taman Gemilang,Johor,Johor Bahru,138,0,0,,2007-03-20,2008-03-20
3322-23,3322,PECK SEONG REALTY SDN. BHD.,Taman Gaya,Johor,Muar,109,0,0,,2007-01-17,2008-01-16
3322-24,3322,PECK SEONG REALTY SDN. BHD.,Taman Gaya,Johor,Muar,24,0,0,,2007-06-26,2008-06-25
3322-25,3322,PECK SEONG REALTY SDN. BHD.,Taman Desa,Johor,Muar,10,0,0,,2009-01-16,2010-01-15
3322-26,3322,PECK SEONG REALTY SDN. BHD.,Lot 7225,Johor,Batu Pahat,300,0,0,,2010-02-25,2010-11-01
3322-27,3322,PECK SEONG REALTY SDN. BHD.,Taman Ametis,Negeri Sembilan,Tampin,130,0,0,,2011-12-16,2012-12-15
3322-28,3322,PECK SEONG REALTY SDN. BHD.,Lot Ptd 7735,Johor,Kluang,114,0,0,,2010-12-29,2011-12-28
3322-29,3322,PECK SEONG REALTY SDN. BHD.,Taman Gemilang,Johor,Johor Bahru,102,0,0,,2011-10-26,2012-10-25
3322-30,3322,PECK SEONG REALTY SDN. BHD.,Taman Seri Temenggong,Johor,Muar,28,0,0,,2011-12-21,2012-12-20
3322-31,3322,PECK SEONG REALTY SDN. BHD.,Taman Gemilang,Johor,Johor Bahru,94,0,0,,2012-02-09,2013-02-08
3322-32,3322,PECK SEONG REALTY SDN. BHD.,Taman Gemilang,Johor,Johor Bahru,18,0,0,,,
3322-33,3322,PECK SEONG REALTY SDN. BHD.,Taman Kota Indah,Johor,Batu Pahat,102,0,0,,2014-05-29,2016-05-28
3322-34,3322,PECK SEONG REALTY SDN. BHD.,Taman Gemilang Height,Johor,Kulai,130,0,0,,2016-05-11,2018-05-10
3322-35,3322,PECK SEONG REALTY SDN. BHD.,Taman Maharani Ayu 2,Johor,Muar,60,0,0,,2016-07-20,2018-07-19
3322-36,3322,PECK SEONG REALTY SDN. BHD.,Taman Gemilang 3,Johor,Kulai,117,0,0,,2019-05-24,2021-05-23
3329-1,3329,I & P DEVELOPMENT SDN. BHD.,Desa Mutiara,-,-,0,0,0,,1984-12-21,1985-12-20
3329-2,3329,I & P DEVELOPMENT SDN. BHD.,"Desa Mutiara 1, Fasa 3b",-,-,0,0,0,,2003-01-09,2004-01-08
3336-1,3336,INSANIAGA (MALAYSIA) SDN. BHD.,Taman Kodiang ,-,-,0,0,0,,1997-12-20,1998-12-19
3336-2,3336,INSANIAGA (MALAYSIA) SDN. BHD.,Taman Firdaus,-,-,0,0,0,,2003-10-16,2004-10-15
3336-3,3336,INSANIAGA (MALAYSIA) SDN. BHD.,Taman Firdaus Tiga,Perlis,Perlis,28,0,0,,2005-06-26,2006-06-25
3336-4,3336,INSANIAGA (MALAYSIA) SDN. BHD.,Taman Firdaus Empat,Perlis,Perlis,29,0,0,,2007-01-11,2008-01-10
3336-5,3336,INSANIAGA (MALAYSIA) SDN. BHD.,Taman Seri Firdaus,Perlis,Perlis,30,0,0,,2009-11-11,2010-11-10
3336-6,3336,INSANIAGA (MALAYSIA) SDN. BHD.,Taman Bintong Pertama,Perlis,Perlis,30,0,0,,2010-01-14,2011-01-13
3336-7,3336,INSANIAGA (MALAYSIA) SDN. BHD.,Desa Nyu,Perlis,Perlis,18,0,0,,2010-10-18,2011-10-17
3336-8,3336,INSANIAGA (MALAYSIA) SDN. BHD.,Taman Desa Nyu,Perlis,Perlis,16,0,0,,2013-09-18,2015-09-17
3336-9,3336,INSANIAGA (MALAYSIA) SDN. BHD.,Taman Guar Gajah,Perlis,Perlis,10,0,0,,2020-01-15,2022-01-14
3336-10,3336,INSANIAGA (MALAYSIA) SDN. BHD.,Taman Jelapang Jaya,Perlis,Perlis,12,4,3,,2025-12-14,2026-12-13
3336-11,3336,INSANIAGA (MALAYSIA) SDN. BHD.,Taman Enyum Indah,Perlis,Perlis,26,3,2,,2026-08-14,2027-08-13
3341-1,3341,SYARIKAT KEMAJUAN MUHIBBAH SDN. BHD.,"Taman Mewah Fasa 10,11,12.",-,-,0,0,0,,2000-07-08,2001-07-07
3341-2,3341,SYARIKAT KEMAJUAN MUHIBBAH SDN. BHD.,Taman Mewah (lot 49671),-,-,0,0,0,,,
3341-3,3341,SYARIKAT KEMAJUAN MUHIBBAH SDN. BHD.,Taman Mewah,-,-,0,0,0,,2002-01-17,2003-01-16
3341-4,3341,SYARIKAT KEMAJUAN MUHIBBAH SDN. BHD.,Taman Mewah,-,-,0,0,0,,2003-05-13,2004-05-12
3345-1,3345,MAHA EMAS SDN. BHD.,Taman Emas (p1),-,-,0,0,0,,1986-01-30,1987-01-29
3345-2,3345,MAHA EMAS SDN. BHD.,Taman Kodiang,-,-,0,0,0,,1999-04-07,2000-04-06
3349-1,3349,ZIMA PROPERTIES SDN. BHD.,Desa Pinggiran Golf,-,-,0,0,0,,2000-02-21,2001-02-20
3349-2,3349,ZIMA PROPERTIES SDN. BHD.,Taman Pinggiran Industri,-,-,0,0,0,,2000-02-21,2001-02-20
3349-3,3349,ZIMA PROPERTIES SDN. BHD.,Taman Pekan Pauh Lima,-,-,0,0,0,,2001-09-29,2002-09-28
3349-4,3349,ZIMA PROPERTIES SDN. BHD.,Taman Desa Padang Kerian,-,-,0,0,0,,2004-08-26,2005-08-25
3349-5,3349,ZIMA PROPERTIES SDN. BHD.,Taman Desa Permai,Kelantan,Pasir Mas,319,0,0,,,
3349-6,3349,ZIMA PROPERTIES SDN. BHD.,Taman Desa Patek,Kelantan,Kota Bharu,15,0,0,,2005-08-02,2006-08-01
3349-7,3349,ZIMA PROPERTIES SDN. BHD.,Taman Bestari,Terengganu,Besut,12,0,0,,2005-12-14,2006-12-13
3349-8,3349,ZIMA PROPERTIES SDN. BHD.,Taman Desa Ilmu,Kelantan,Machang,11,0,0,,2007-12-05,2008-12-04
3349-9,3349,ZIMA PROPERTIES SDN. BHD.,Taman Suria,Terengganu,Besut,43,0,0,,,
3349-10,3349,ZIMA PROPERTIES SDN. BHD.,Taman Suria,Terengganu,Besut,38,0,0,,2011-09-20,2012-09-19
3349-11,3349,ZIMA PROPERTIES SDN. BHD.,Taman Pasir Puteh Indah,Kelantan,Pasir Puteh,20,0,0,,2014-09-09,2016-09-08
3352-1,3352,KAB CORPORATION SDN. BHD.,Taman Dagang (p1),-,-,0,0,0,,1992-06-26,1993-06-25
3355-1,3355,PING WAH DEVELOPMENT CO. SDN. BHD.,Lot 1061-1066 (p1),-,-,0,0,0,,1996-06-13,1997-06-12
3355-2,3355,PING WAH DEVELOPMENT CO. SDN. BHD.,Taman Kota Permai,Pulau Pinang,Seberang Perai Tengah,16,0,0,,2008-10-16,2009-10-15
3359-1,3359,WOO BROTHERS DEVELOPMENT SDN. BHD.,Lot 3102n-3115n (p1),-,-,0,0,0,,1985-05-22,1986-05-21
3359-2,3359,WOO BROTHERS DEVELOPMENT SDN. BHD.,Prima Villa Apartment,Pahang,Cameron Highlands,109,0,0,,2007-08-07,2008-08-06
3359-3,3359,WOO BROTHERS DEVELOPMENT SDN. BHD.,Woo Brothers Development Sdn. Bhd.,Pahang,Cameron Highlands,8,0,0,,2016-01-19,2018-01-18
3361-1,3361,WINLORD ENTERPRISES SDN. BHD.,"Taman Rasa Sayang, Pt 700",-,-,0,0,0,,1993-12-22,1994-12-21
3373-1,3373,PERPENA ARTRENS SDN. BHD.,Taman Silibin,-,-,0,0,0,,1992-03-20,1993-03-19
3373-2,3373,PERPENA ARTRENS SDN. BHD.,Jln. President Kennedy,-,-,0,0,0,,1992-03-20,1993-03-19
3373-3,3373,PERPENA ARTRENS SDN. BHD.,Xxx,-,-,0,0,0,,,
3373-4,3373,PERPENA ARTRENS SDN. BHD.,Taman Pinji Seni,-,-,0,0,0,,2000-03-28,2001-03-27
3379-1,3379,LUXCOURT SDN. BHD.,Taman Jaya Banting (p1),-,-,0,0,0,,1986-01-16,1987-01-15
3379-2,3379,LUXCOURT SDN. BHD.,Taman Galian,-,-,0,0,0,,1992-03-10,1993-03-09
3379-3,3379,LUXCOURT SDN. BHD.,"Lot 185 & 186, Mukim Tajong Dua Belas",-,-,0,0,0,,,
3379-4,3379,LUXCOURT SDN. BHD.,Lot 154 Mukim Morib,-,-,0,0,0,,,
3390-1,3390,KHOO SOON LEE REALTY SDN. BHD.,Taman Gemereh (p1),-,-,0,0,0,,1996-05-15,1997-05-14
3390-2,3390,KHOO SOON LEE REALTY SDN. BHD.,Taman Bintang (p2),-,-,0,0,0,,1988-03-21,1989-03-20
3390-3,3390,KHOO SOON LEE REALTY SDN. BHD.,Taman Segar,-,-,0,0,0,,1993-12-09,1994-12-08
3390-4,3390,KHOO SOON LEE REALTY SDN. BHD.,Taman Segar,-,-,0,0,0,,1999-02-10,2000-02-09
3390-5,3390,KHOO SOON LEE REALTY SDN. BHD.,Taman Sri Jementah,-,-,0,0,0,,1997-07-15,1998-07-14
3390-6,3390,KHOO SOON LEE REALTY SDN. BHD.,Taman Permata,-,-,0,0,0,,1998-07-13,1999-07-12
3390-7,3390,KHOO SOON LEE REALTY SDN. BHD.,Taman Karas,-,-,0,0,0,,1993-08-21,1994-08-20
3390-8,3390,KHOO SOON LEE REALTY SDN. BHD.,Taman Seri Jementah,-,-,0,0,0,,1996-04-20,1997-04-19
3390-9,3390,KHOO SOON LEE REALTY SDN. BHD.,Taman Intan,-,-,0,0,0,,1996-01-09,1997-01-08
3390-10,3390,KHOO SOON LEE REALTY SDN. BHD.,Taman Mewah,-,-,0,0,0,,1997-07-15,1998-07-14
3390-11,3390,KHOO SOON LEE REALTY SDN. BHD.,Taman Fajar,-,-,0,0,0,,1998-09-10,1999-09-09
3390-12,3390,KHOO SOON LEE REALTY SDN. BHD.,Taman Melawati,-,-,0,0,0,,1999-08-12,2000-08-11
3390-13,3390,KHOO SOON LEE REALTY SDN. BHD.,Taman Kurnia,-,-,0,0,0,,2001-05-31,2002-05-30
3390-14,3390,KHOO SOON LEE REALTY SDN. BHD.,Taman Sri Makmur,-,-,0,0,0,,2002-11-04,2003-11-03
3390-15,3390,KHOO SOON LEE REALTY SDN. BHD.,Taman Melawati,-,-,0,0,0,,2001-06-12,2002-06-11
3390-16,3390,KHOO SOON LEE REALTY SDN. BHD.,Taman Nusa Perintis 3,-,-,0,0,0,,2002-08-14,2003-08-13
3390-17,3390,KHOO SOON LEE REALTY SDN. BHD.,Taman Makmur,Johor,Segamat,286,0,0,,2011-11-25,2012-11-24
3390-18,3390,KHOO SOON LEE REALTY SDN. BHD.,Taman Nusa Bestari 2 - Fasa 1,-,-,0,0,0,,2002-04-20,2003-04-19
3390-19,3390,KHOO SOON LEE REALTY SDN. BHD.,Taman Nusa Bestari 2 - Fasa 2,-,-,0,0,0,,2002-07-09,2003-07-08
3390-20,3390,KHOO SOON LEE REALTY SDN. BHD.,Taman Nusa Bistari 2 - Fasa 3,-,-,0,0,0,,2004-12-02,2005-12-01
3390-21,3390,KHOO SOON LEE REALTY SDN. BHD.,Taman Nusa Bestari 2 - Fasa 4,-,-,0,0,0,,2004-11-27,2005-11-26
3390-22,3390,KHOO SOON LEE REALTY SDN. BHD.,Taman Sutera 2,-,-,0,0,0,,2004-05-07,2005-05-02
3390-23,3390,KHOO SOON LEE REALTY SDN. BHD.,Taman Bukit Indah,Johor,Segamat,188,0,0,,2011-03-31,2012-03-14
3390-24,3390,KHOO SOON LEE REALTY SDN. BHD.,Taman Makmur,Johor,Kluang,367,0,0,,2006-07-21,2007-07-20
3390-25,3390,KHOO SOON LEE REALTY SDN. BHD.,Taman Bestari Indah 1,Johor,Johor Bahru,1115,0,0,,2006-12-18,2007-12-17
3390-26,3390,KHOO SOON LEE REALTY SDN. BHD.,Taman Bestari Indah 1 (fasa 2),Johor,Johor Bahru,1132,0,0,,2012-02-06,2013-02-05
3390-27,3390,KHOO SOON LEE REALTY SDN. BHD.,Taman Impian Emas,Johor,Segamat,192,0,0,,2021-10-13,2022-10-12
3390-28,3390,KHOO SOON LEE REALTY SDN. BHD.,Taman Berjaya,Johor,Segamat,228,0,0,,2008-08-12,2009-08-11
3390-29,3390,KHOO SOON LEE REALTY SDN. BHD.,Taman Kempas Indah,Johor,Johor Bahru,313,0,0,,2009-02-12,2009-08-27
3390-30,3390,KHOO SOON LEE REALTY SDN. BHD.,Taman Bestari Indah 1 (fasa 4),Johor,Johor Bahru,2610,0,0,,2021-07-01,2022-06-30
3390-31,3390,KHOO SOON LEE REALTY SDN. BHD.,Taman Bestari Indah 1 (fasa 3),Johor,Johor Bahru,1048,0,0,,2007-03-15,2008-02-02
3390-32,3390,KHOO SOON LEE REALTY SDN. BHD.,Taman Saujana,Johor,Segamat,431,0,0,,2018-02-14,2019-02-13
3390-33,3390,KHOO SOON LEE REALTY SDN. BHD.,Taman Kempas Indah,Johor,Johor Bahru,248,0,0,,2007-06-19,2008-06-09
3390-34,3390,KHOO SOON LEE REALTY SDN. BHD.,Taman Nusa Bestari,Johor,Johor Bahru,587,0,0,,2008-10-14,2009-10-13
3390-35,3390,KHOO SOON LEE REALTY SDN. BHD.,Taman Nusa Bestari 2 (fasa 5),Johor,Johor Bahru,13,0,0,,2018-01-09,2019-01-08
3390-36,3390,KHOO SOON LEE REALTY SDN. BHD.,Taman Kempas Indah (fasa 3),Johor,Johor Bahru,312,0,0,,2009-11-23,2010-11-22
3390-37,3390,KHOO SOON LEE REALTY SDN. BHD.,Taman Makmur (fasa 2),Johor,Kluang,14,0,0,,2006-04-19,2007-04-18
3390-38,3390,KHOO SOON LEE REALTY SDN. BHD.,Taman Bintang 2,Johor,Segamat,71,0,0,,2026-06-07,2027-06-06
3390-39,3390,KHOO SOON LEE REALTY SDN. BHD.,Taman Bestari Indah 1,Johor,Johor Bahru,60,0,0,,2008-01-17,2009-01-16
3390-40,3390,KHOO SOON LEE REALTY SDN. BHD.,Taman Bestari Indah 1,Johor,Johor Bahru,168,0,0,,2011-08-25,2012-08-24
3390-41,3390,KHOO SOON LEE REALTY SDN. BHD.,Taman Bestari Indah 1,Johor,Johor Bahru,120,0,0,,2011-04-28,2012-03-22
3390-42,3390,KHOO SOON LEE REALTY SDN. BHD.,Taman Permai 3,Johor,Segamat,120,0,0,,2012-01-21,2012-09-01
3390-43,3390,KHOO SOON LEE REALTY SDN. BHD.,Taman Nusa Bestari,Johor,Johor Bahru,168,0,0,,2011-07-15,2012-07-14
3390-44,3390,KHOO SOON LEE REALTY SDN. BHD.,Taman Kempas Indah,Johor,Johor Bahru,122,0,0,,2018-10-12,2019-10-11
3390-45,3390,KHOO SOON LEE REALTY SDN. BHD.,Taman Bestari Indah 1,Johor,Johor Bahru,279,0,0,,2017-08-02,2018-08-01
3390-46,3390,KHOO SOON LEE REALTY SDN. BHD.,Bandar Bestari,Selangor,Klang,384,0,0,,2016-07-20,2017-07-19
3390-47,3390,KHOO SOON LEE REALTY SDN. BHD.,Taman Nusa Bestari (fasa 3),Johor,Johor Bahru,174,0,0,,2018-07-09,2019-07-08
3390-48,3390,KHOO SOON LEE REALTY SDN. BHD.,Taman Makmur 2,Johor,Segamat,344,0,0,,2016-08-29,2017-08-28
3390-49,3390,KHOO SOON LEE REALTY SDN. BHD.,Taman Maju Jaya 2,Johor,Segamat,51,0,0,,2021-01-16,2022-01-15
3390-50,3390,KHOO SOON LEE REALTY SDN. BHD.,Bandar Bestari,Selangor,Klang,80,0,0,,2016-12-27,2017-12-26
3390-51,3390,KHOO SOON LEE REALTY SDN. BHD.,Inspira Bestari,Johor,Johor Bahru,585,0,0,,2015-01-22,2016-01-21
3390-52,3390,KHOO SOON LEE REALTY SDN. BHD.,D' Secret Garden,Johor,Johor Bahru,1302,0,0,,2016-12-28,2017-12-27
3390-53,3390,KHOO SOON LEE REALTY SDN. BHD.,Taman Puteri Wangsa,Johor,Johor Bahru,194,0,0,,2015-11-21,2016-11-20
3390-54,3390,KHOO SOON LEE REALTY SDN. BHD.,Taman Permai Indah,Johor,Segamat,54,0,0,,2015-03-10,2017-03-09
3390-55,3390,KHOO SOON LEE REALTY SDN. BHD.,Maple Residences,Selangor,Klang,597,0,0,,2018-09-19,2019-09-18
3390-56,3390,KHOO SOON LEE REALTY SDN. BHD.,Taman Bestari Indah 1,Johor,Johor Bahru,84,0,0,,2022-12-22,2023-12-21
3390-57,3390,KHOO SOON LEE REALTY SDN. BHD.,Taman Melati,Johor,Segamat,136,0,0,,2018-02-03,2019-02-02
3390-58,3390,KHOO SOON LEE REALTY SDN. BHD.,Taman Bukit Mutiara,Johor,Segamat,122,0,0,,2018-03-16,2019-03-15
3390-59,3390,KHOO SOON LEE REALTY SDN. BHD.,Taman Mutiara Bestari,Johor,Johor Bahru,218,0,0,,2018-09-19,2019-09-18
3390-60,3390,KHOO SOON LEE REALTY SDN. BHD.,Taman Bukit Mutiara,Johor,Segamat,45,0,0,,2017-03-30,2019-03-29
3390-61,3390,KHOO SOON LEE REALTY SDN. BHD.,Taman Mutiara Bestari,Johor,Johor Bahru,218,0,0,,2020-09-15,2021-09-14
3390-62,3390,KHOO SOON LEE REALTY SDN. BHD.,Bandar Bestari,Selangor,Klang,78,0,0,,2020-10-12,2021-10-11
3390-63,3390,KHOO SOON LEE REALTY SDN. BHD.,Taman Bestari Indah 1,Johor,Johor Bahru,137,0,0,,2020-11-14,2021-11-13
3390-64,3390,KHOO SOON LEE REALTY SDN. BHD.,Residensi Ksl Kangkar Tebrau (ksl Residences 2),Johor,Johor Bahru,1276,0,0,,2022-10-26,2023-10-25
3390-65,3390,KHOO SOON LEE REALTY SDN. BHD.,Taman Bukit Mutiara,Johor,Segamat,78,0,0,,2022-02-18,2023-02-17
3390-66,3390,KHOO SOON LEE REALTY SDN. BHD.,Taman Mutiara Bestari,Johor,Johor Bahru,268,0,0,,2022-07-17,2023-07-16
3390-67,3390,KHOO SOON LEE REALTY SDN. BHD.,Residensi Ksl Kangkar Tebrau (ksl Residences 2),Johor,Johor Bahru,396,"2, 3",2,,2023-07-17,2024-07-16
3390-68,3390,KHOO SOON LEE REALTY SDN. BHD.,Residensi Ksl Kangkar Tebrau (ksl Residences 2),Johor,Johor Bahru,396,"2, 3",2,,2023-07-17,2024-07-16
3390-69,3390,KHOO SOON LEE REALTY SDN. BHD.,Taman Bestari Indah 1,Johor,Johor Bahru,147,0,0,,2020-07-24,2022-07-23
3390-70,3390,KHOO SOON LEE REALTY SDN. BHD.,Bandar Bestari,Selangor,Klang,86,0,0,,2022-12-24,2023-12-23
3390-71,3390,KHOO SOON LEE REALTY SDN. BHD.,Pangsapuri Kempas Indah 2 (d' Secret Garden 2),Johor,Johor Bahru,1688,"2, 3",2,,2026-04-29,2027-04-28
3390-72,3390,KHOO SOON LEE REALTY SDN. BHD.,Taman Bestari Indah,Johor,Johor Bahru,151,4,4,,2024-03-05,2025-03-04
3390-73,3390,KHOO SOON LEE REALTY SDN. BHD.,Pangsapuri Ksl Bukit Gemilang,Johor,Johor Bahru,476,"3, 4","2, 3",,2022-09-12,2025-09-11
3390-74,3390,KHOO SOON LEE REALTY SDN. BHD.,Bandar Bestari,Selangor,Klang,102,4,"3, 4",,2023-06-08,2025-06-07
3390-75,3390,KHOO SOON LEE REALTY SDN. BHD.,Taman Pesona,Johor,Segamat,19,3,2,,2023-07-20,2025-07-19
3390-76,3390,KHOO SOON LEE REALTY SDN. BHD.,Taman Bestari Indah,Johor,Johor Bahru,153,4,4,,2025-08-29,2026-08-28
3390-77,3390,KHOO SOON LEE REALTY SDN. BHD.,Rain Tree Residence,Selangor,Klang,612,3,"2, 3",,2026-08-29,2027-08-28
3390-78,3390,KHOO SOON LEE REALTY SDN. BHD.,Taman Bestari Indah,Johor,Johor Bahru,181,"2, 3, 4, 8","2, 3, 4, 8",,2026-05-06,2027-05-05
3390-79,3390,KHOO SOON LEE REALTY SDN. BHD.,Taman Bestari Indah,Johor,Johor Bahru,217,"3, 4","3, 4",,2026-07-22,2027-07-21
3390-80,3390,KHOO SOON LEE REALTY SDN. BHD.,Pangsapuri Kempas Indah 2 (d' Secret Garden 2),Johor,Johor Bahru,1664,"2, 3",2,,2025-06-05,2028-06-04
3390-81,3390,KHOO SOON LEE REALTY SDN. BHD.,Taman Melati,Johor,Segamat,19,3,2,,2025-07-10,2027-07-09
3390-82,3390,KHOO SOON LEE REALTY SDN. BHD.,Taman Bestari Indah,Johor,-,182,4,4,,2025-07-15,2027-07-14
3390-83,3390,KHOO SOON LEE REALTY SDN. BHD.,Residensi Alam Permai,Johor,Johor Bahru,864,"1, 2, 3","1, 2",,2025-08-25,2028-08-24
3390-84,3390,KHOO SOON LEE REALTY SDN. BHD.,Taman Rajawali,Johor,Segamat,44,4,3,,2025-10-07,2027-10-06
3390-85,3390,KHOO SOON LEE REALTY SDN. BHD.,Taman Bestari Indah,Johor,-,223,4,4,,2026-06-23,2028-06-22
3390-86,3390,KHOO SOON LEE REALTY SDN. BHD.,Taman Mutiara Bestari,Johor,Johor Bahru,176,4,4,,2026-08-10,2028-08-09
3399-1,3399,RAWANG JATI SDN. BHD.,Taman Jati Indah,-,-,0,0,0,,1992-10-13,1993-10-12
3399-2,3399,RAWANG JATI SDN. BHD.,Taman Cheras Utama,-,-,0,0,0,,1992-11-06,1993-11-05
3399-3,3399,RAWANG JATI SDN. BHD.,Taman Cheras Utama Fasa 3,-,-,0,0,0,,2002-11-23,2003-11-22
3401-1,3401,BILLION DEVELOPMENT SDN. BHD.,Taman Bukit Koman,Pahang,Raub,244,0,0,,2006-08-22,2007-06-27
3407-1,3407,UPDIC ENTERPRISE (M) SDN. BHD.,Taman Sri Intan (p1),-,-,0,0,0,,,
3407-2,3407,UPDIC ENTERPRISE (M) SDN. BHD.,Taman Desa Bersatu,-,-,0,0,0,,1996-11-01,1997-10-31
3407-3,3407,UPDIC ENTERPRISE (M) SDN. BHD.,Taman Ihsan (fasa 1).,-,-,0,0,0,,1999-05-25,2000-05-24
3407-4,3407,UPDIC ENTERPRISE (M) SDN. BHD.,"Taman Ehsan, Hutan Melintang Fasa Ii",-,-,0,0,0,,1998-02-07,1999-02-06
3407-5,3407,UPDIC ENTERPRISE (M) SDN. BHD.,"Taman Ehsan, Hutan Melintang Fasa Iii",-,-,0,0,0,,2000-05-04,2001-05-03
3407-6,3407,UPDIC ENTERPRISE (M) SDN. BHD.,Taman Intan Mas,-,-,0,0,0,,2001-07-16,2002-07-15
3407-7,3407,UPDIC ENTERPRISE (M) SDN. BHD.,Taman Changkat Intan,Perak,Hilir Perak,10,0,0,,2007-07-21,2008-07-20
3407-8,3407,UPDIC ENTERPRISE (M) SDN. BHD.,Taman Changkat Intan,Perak,Hilir Perak,10,0,0,,2010-08-06,2011-08-05
3407-9,3407,UPDIC ENTERPRISE (M) SDN. BHD.,Taman Intan Bahagia 2,Perak,Hilir Perak,14,0,0,,2017-01-25,2018-01-24
3410-1,3410,P.J.PLAZA DEVELOPMENT SDN BHD ,Kl,-,-,0,0,0,,,
3410-2,3410,P.J.PLAZA DEVELOPMENT SDN BHD ,Taman Bahagia 2,-,-,0,0,0,,2001-03-28,2002-03-27
3410-3,3410,P.J.PLAZA DEVELOPMENT SDN BHD ,Taman Kubang Pasu 11,-,-,0,0,0,,2003-02-13,2004-02-12
3427-1,3427,I & P NIBONG SDN. BHD. ,Taman Sri Nibong (p1),-,-,0,0,0,,1996-06-06,1997-06-05
3427-2,3427,I & P NIBONG SDN. BHD. ,Taman Sri Nibong,-,-,0,0,0,,1998-12-18,1999-12-17
3427-3,3427,I & P NIBONG SDN. BHD. ,Bandar Perda Fasa 2,-,-,0,0,0,,1996-06-06,1997-06-05
3427-4,3427,I & P NIBONG SDN. BHD. ,Bandar Perda Fasa 4,-,-,0,0,0,,1998-09-16,1999-09-15
3427-5,3427,I & P NIBONG SDN. BHD. ,Zzz,-,-,0,0,0,,1996-06-27,1997-06-26
3432-1,3432,LCI PROPERTY DEVELOPMENT SDN. BHD.,Taman Boundry,-,-,0,0,0,,1990-01-26,1991-01-25
3432-2,3432,LCI PROPERTY DEVELOPMENT SDN. BHD.,Taman Bistari,-,-,0,0,0,,1993-11-05,1994-11-04
3432-3,3432,LCI PROPERTY DEVELOPMENT SDN. BHD.,Taman Bistari Fasa 11,-,-,0,0,0,,,
3432-4,3432,LCI PROPERTY DEVELOPMENT SDN. BHD.,Taman Suria Permai,-,-,0,0,0,,1996-11-18,1997-11-17
3432-5,3432,LCI PROPERTY DEVELOPMENT SDN. BHD.,Taman Suria Permai Fasa 2,-,-,0,0,0,,,
3433-1,3433,Y.K. SAW & COMPANY SDN. BHD.,Taman Setia Jaya,-,-,0,0,0,,1997-05-16,1998-05-15
3436-1,3436,HANABINA SDN. BHD.,Taman Melaka Indah,-,-,0,0,0,,1990-11-23,1991-11-22
3436-2,3436,HANABINA SDN. BHD.,Taman Melaka Indah,-,-,0,0,0,,,
3440-1,3440,CITI MAS CORPORATION SDN. BHD.,Taman Batu Belah (p1),-,-,0,0,0,,1987-04-12,1987-04-11
3441-1,3441,MM HOLDINGS SDN. BHD.,Taman Putih (p1),-,-,0,0,0,,1989-07-20,1990-07-19
3441-2,3441,MM HOLDINGS SDN. BHD.,Taman Patek,-,-,0,0,0,,1996-12-28,1997-12-27
3441-3,3441,MM HOLDINGS SDN. BHD.,Taman Murni,-,-,0,0,0,,1992-07-06,1993-07-05
3441-4,3441,MM HOLDINGS SDN. BHD.,Taman Patek,-,-,0,0,0,,1992-08-25,1993-08-24
3441-5,3441,MM HOLDINGS SDN. BHD.,Taman Mrsm View,Terengganu,Besut,13,0,0,,2021-02-22,2022-02-21
3447-1,3447,KASSIM MAON DEVELOPMENT & SUPPLY SDN. BHD.,Taman Bayu Baru (p1),-,-,0,0,0,,1986-06-23,1987-06-22
3447-2,3447,KASSIM MAON DEVELOPMENT & SUPPLY SDN. BHD.,Taman Desa Sijangkang,-,-,0,0,0,,2001-07-30,2002-07-29
3452-1,3452,TRAFMATE CORPORATION SDN. BHD.,Taman Muhibbah (p1),-,-,0,0,0,,1985-07-15,1986-07-14
3452-2,3452,TRAFMATE CORPORATION SDN. BHD.,Taman Pekan Baru Banting,-,-,0,0,0,,1992-06-05,1993-06-04
3452-3,3452,TRAFMATE CORPORATION SDN. BHD.,Taman Delima,-,-,0,0,0,,1993-11-01,1994-10-31
3452-4,3452,TRAFMATE CORPORATION SDN. BHD.,Taman Aman,-,-,0,0,0,,1996-11-02,1997-11-01
3452-5,3452,TRAFMATE CORPORATION SDN. BHD.,Taman Banting Maju.,-,-,0,0,0,,1997-08-01,1998-07-31
3452-6,3452,TRAFMATE CORPORATION SDN. BHD.,Lot 10732 Mukim Banting,-,-,0,0,0,,2000-02-21,2001-02-20
3452-7,3452,TRAFMATE CORPORATION SDN. BHD.,Taman Seri Kundang,-,-,0,0,0,,2002-06-05,2003-02-17
3452-8,3452,TRAFMATE CORPORATION SDN. BHD.,Taman Cempaka,-,-,0,0,0,,2000-09-15,2001-09-14
3452-9,3452,TRAFMATE CORPORATION SDN. BHD.,Taman Cempaka,-,-,0,0,0,,2002-06-05,2003-06-04
3452-10,3452,TRAFMATE CORPORATION SDN. BHD.,Taman Aman,-,-,0,0,0,,2002-01-23,2003-01-22
3452-11,3452,TRAFMATE CORPORATION SDN. BHD.,Taman Jaya Utama,-,-,0,0,0,,2002-07-02,2003-07-01
3452-12,3452,TRAFMATE CORPORATION SDN. BHD.,Taman Cempaka,-,-,0,0,0,,2002-07-02,2003-07-01
3452-13,3452,TRAFMATE CORPORATION SDN. BHD.,Taman Damai,Selangor,Sepang,66,0,0,,2005-07-11,2006-07-10
3452-14,3452,TRAFMATE CORPORATION SDN. BHD.,"Pt 1333, Bandar Banting",Selangor,Kuala Langat,20,0,0,,2005-05-13,2006-05-12
3452-15,3452,TRAFMATE CORPORATION SDN. BHD.,Taman Ria 2,Selangor,Sepang,68,0,0,,2007-07-12,2008-07-11
3452-16,3452,TRAFMATE CORPORATION SDN. BHD.,Lot 161 (pt 11538),Selangor,Kuala Langat,32,0,0,,2007-04-18,2008-04-17
3452-17,3452,TRAFMATE CORPORATION SDN. BHD.,Taman Cempaka,Selangor,Kuala Langat,22,0,0,,2007-08-21,2008-08-20
3452-18,3452,TRAFMATE CORPORATION SDN. BHD.,"Lot 694, Sungai Pelek, Sepang",Selangor,Sepang,80,0,0,,2009-07-22,2010-07-21
3452-19,3452,TRAFMATE CORPORATION SDN. BHD.,Taman Delima,Selangor,Kuala Langat,28,0,0,,2011-09-20,2012-09-19
3452-20,3452,TRAFMATE CORPORATION SDN. BHD.,Taman Bersatu,Selangor,Kuala Langat,17,0,0,,2011-09-09,2012-09-08
3452-21,3452,TRAFMATE CORPORATION SDN. BHD.,Taman Bistari,Selangor,Sepang,59,0,0,,2012-03-26,2013-03-25
3452-22,3452,TRAFMATE CORPORATION SDN. BHD.,Lot 689-taman Bistari,Selangor,Sepang,46,0,0,,2013-12-11,2015-12-10
3452-23,3452,TRAFMATE CORPORATION SDN. BHD.,"Lot 2194, Sungai Pelek, Sepang",Selangor,Sepang,50,0,0,,2015-01-20,2017-01-19
3452-24,3452,TRAFMATE CORPORATION SDN. BHD.,"Lot 4486, Sungai Pelek, Sepang",Selangor,Sepang,20,0,0,,2017-10-27,2018-10-26
3452-25,3452,TRAFMATE CORPORATION SDN. BHD.,Trafmate Corporation Sdn Bhd,Selangor,Kuala Langat,20,0,0,,2020-01-17,2021-01-16
3452-26,3452,TRAFMATE CORPORATION SDN. BHD.,Trafmate Corporation Sdn Bhd,Selangor,Kuala Langat,8,0,0,,2020-02-06,2024-02-05
3452-27,3452,TRAFMATE CORPORATION SDN. BHD.,Trafmate Corporation Sdn Bhd,Selangor,Kuala Langat,18,0,0,,2019-05-28,2021-05-27
3452-28,3452,TRAFMATE CORPORATION SDN. BHD.,Taman Perdana,Selangor,Sepang,54,4,3,,2024-12-18,2026-12-17
3457-1,3457,TAMAN RATU SDN. BHD.,Ratu Mutiara,Pulau Pinang,Daerah Timor Laut,907,0,0,,2009-12-11,2010-12-10
3457-2,3457,TAMAN RATU SDN. BHD.,Ratu Mutiara,Pulau Pinang,Daerah Timor Laut,45,0,0,,2010-04-21,2010-10-20
3457-3,3457,TAMAN RATU SDN. BHD.,Taman Ratu Sdn Bhd,Pulau Pinang,Daerah Timor Laut,20,0,0,,2017-01-31,2018-01-30
3464-1,3464,D-TAJ BINA SDN. BHD.,Lot 5618 (p1),-,-,0,0,0,,1985-07-30,1986-07-29
3464-2,3464,D-TAJ BINA SDN. BHD.,Taman Ria,-,-,0,0,0,,1992-05-13,1993-05-12
3465-1,3465,LH BINTANG DEVELOPMENT SDN. BHD.,Xxx,-,-,0,0,0,,,
3465-2,3465,LH BINTANG DEVELOPMENT SDN. BHD.,Taman Bintang,-,-,0,0,0,,1998-08-07,1999-08-06
3465-3,3465,LH BINTANG DEVELOPMENT SDN. BHD.,Taman Tiram Utama,-,-,0,0,0,,,
3469-1,3469,BEACHTOWN REALTY SDN. BHD.,Taman Ria (p1),-,-,0,0,0,,1989-08-12,1990-08-11
3469-2,3469,BEACHTOWN REALTY SDN. BHD.,Taman Setia,-,-,0,0,0,,,
3469-3,3469,BEACHTOWN REALTY SDN. BHD.,Taman Sri Kenangan,-,-,0,0,0,,1990-09-06,1991-09-05
3469-4,3469,BEACHTOWN REALTY SDN. BHD.,Taman Naga,-,-,0,0,0,,1992-09-07,1993-09-06
3469-5,3469,BEACHTOWN REALTY SDN. BHD.,Taman Ria,-,-,0,0,0,,1999-11-05,2000-11-04
3477-1,3477,MOLOP CORPORATION SDN. BHD.,Rumah Awam Sungai Baru Iii,-,-,0,0,0,,1997-03-24,1998-03-23
3488-1,3488,MESTIJAYA HOLDINGS SDN. BHD.,Taman Muhibbah ,-,-,0,0,0,,1997-07-08,1998-07-07
3492-1,3492,MARCO DEVELOPMENT SDN. BHD.,Taman Makmur (p1),-,-,0,0,0,,1996-06-13,1997-06-12
3494-1,3494,DATARAN TINGGI DEVELOPMENT SDN. BHD.,Taman Sri Muhibbah,-,-,0,0,0,,1993-08-14,1994-08-13
3498-1,3498,U-MENG CORPORATION SDN. BHD.,Taman Bertuah,-,-,0,0,0,,1998-09-10,1999-09-09
3501-1,3501,TTDI HARTA SDN. BHD.,Desa Pandan ( Menara Polo),-,-,0,0,0,,1998-02-23,1999-02-22
3501-2,3501,TTDI HARTA SDN. BHD.,Desa Bakti,-,-,0,0,0,,1992-11-18,1993-11-17
3501-3,3501,TTDI HARTA SDN. BHD.,The Residence,Wp Kuala Lumpur,Kuala Lumpur,120,0,0,,2005-06-24,2006-06-23
3501-4,3501,TTDI HARTA SDN. BHD.,Laman Seri,Selangor,Petaling ,122,0,0,,2008-08-14,2009-07-06
3501-5,3501,TTDI HARTA SDN. BHD.,Ttdi Ascencia ,Wp Kuala Lumpur,Kuala Lumpur,154,0,0,,2016-06-13,2017-06-12
3501-6,3501,TTDI HARTA SDN. BHD.,Trion888,Selangor,Petaling ,194,0,0,,2020-10-12,2021-10-11
3510-1,3510,OVERSEAS UNION HOUSING SDN. BHD ,Taman Overseas Union (p1),Wp Kuala Lumpur,Kuala Lumpur,0,0,0,,1999-02-22,2000-02-21
3532-1,3532,WISMA ENHUA REALTY SDN. BHD.,Kondominium Ruby,-,-,0,0,0,,1998-07-10,1999-07-09
3537-1,3537,PEDAS HARDWARE SDN. BHD.,Taman Port Dickson (p1),-,-,0,0,0,,1986-03-07,1987-03-06
3537-2,3537,PEDAS HARDWARE SDN. BHD.,Taman Kampung Paya,-,-,0,0,0,,1999-02-03,2000-02-02
3548-1,3548,KIAT PIN DEVELOPMENT SDN. BHD.,Taman Selesa (p1),-,-,0,0,0,,1996-01-10,1997-01-09
3548-2,3548,KIAT PIN DEVELOPMENT SDN. BHD.,Taman Selesa,-,-,0,0,0,,2002-01-21,2003-01-20
3550-1,3550,A.K. JAYA SDN. BHD.,Taman Jeram Jaya,-,-,0,0,0,,1997-09-11,1998-09-10
3552-1,3552,NEXUS SDN. BHD.,Wickham Manor,-,-,0,0,0,,1992-01-10,1993-01-09
3552-2,3552,NEXUS SDN. BHD.,The Forum,-,-,0,0,0,,1992-06-18,1993-06-17
3552-3,3552,NEXUS SDN. BHD.,Laman Seri,Selangor,Petaling ,112,0,0,,2005-12-28,2006-12-27
3552-4,3552,NEXUS SDN. BHD.,Suria 618,Selangor,Petaling ,66,0,0,,2006-09-02,2007-09-01
3554-1,3554,LIEW YIN YIN LAND SDN. BHD.,Lot 34364-34380 (p1),-,-,0,0,0,,1985-11-29,1986-11-28
3554-2,3554,LIEW YIN YIN LAND SDN. BHD.,Pt 94953-94979,-,-,0,0,0,,1990-10-24,1991-10-23
3554-3,3554,LIEW YIN YIN LAND SDN. BHD.,Xxx,-,-,0,0,0,,,
3554-4,3554,LIEW YIN YIN LAND SDN. BHD.,Medan Pasir Puteh.,-,-,0,0,0,,,
3554-5,3554,LIEW YIN YIN LAND SDN. BHD.,Arena Perpaduan Indah.,-,-,0,0,0,,,
3554-6,3554,LIEW YIN YIN LAND SDN. BHD.,Medan Pengkalan Ria.,-,-,0,0,0,,1998-01-28,1999-01-27
3554-7,3554,LIEW YIN YIN LAND SDN. BHD.,Desa Tanjung Murni,-,-,0,0,0,,1999-09-06,2000-09-05
3554-8,3554,LIEW YIN YIN LAND SDN. BHD.,Taman Tanjung Sentosa,Perak,Kinta,12,0,0,,2010-01-26,2010-11-04
3554-9,3554,LIEW YIN YIN LAND SDN. BHD.,Taman Buntong Mutiara ,Perak,Kinta,80,0,0,,2012-04-30,2013-04-29
3554-10,3554,LIEW YIN YIN LAND SDN. BHD.,Chuan Wah & Lee Development Sdn. Bhd.,Perak,Kinta,48,0,0,,2015-04-16,2017-04-15
3554-11,3554,LIEW YIN YIN LAND SDN. BHD.,Pengkalan Suria,Perak,Kinta,68,4,3,,2025-07-27,2026-07-26
3555-1,3555,GOH CHENG SEE REALTY SDN. BHD ,Menara Pemandangan Sungai,-,-,0,0,0,,2003-03-30,2003-11-17
3566-1,3566,POWER HOLDINGS SDN. BHD.,Taman Emas,-,-,0,0,0,,1998-09-18,1999-09-17
3570-1,3570,SURIA CAPITAL HOLDINGS BERHAD,Taman Alam Megah,-,-,0,0,0,,1997-03-11,1998-03-10
3570-2,3570,SURIA CAPITAL HOLDINGS BERHAD,Taman Alam Megah,-,-,0,0,0,,1993-09-23,1994-09-22
3571-1,3571,KIM SAR TATT CONSTRUCTION SDN. BHD.,Taman Maju (p1),-,-,0,0,0,,1986-06-03,1987-06-02
3571-2,3571,KIM SAR TATT CONSTRUCTION SDN. BHD.,Taman Limau Mas,-,-,0,0,0,,,
3572-1,3572,TAMAN BATU TIGA SDN. BHD.,Taman Mesra (p1),-,-,0,0,0,,1993-09-28,1994-09-27
3572-2,3572,TAMAN BATU TIGA SDN. BHD.,Tanjung Gemuk,-,-,0,0,0,,,
3574-1,3574,HARTA SEGAMBUT SDN. BHD.,Taman Desa Segambut,-,-,0,0,0,,,
3574-2,3574,HARTA SEGAMBUT SDN. BHD.,Prima Impian,Wp Kuala Lumpur,Kuala Lumpur,160,0,0,,2005-12-24,2006-12-23
3574-3,3574,HARTA SEGAMBUT SDN. BHD.,Prima Impian Fasa 2,-,-,0,0,0,,,
3582-1,3582,MRCB UTAMA SDN. BHD.,Kajang Utama,-,-,0,0,0,,2004-10-28,2005-10-27
3582-2,3582,MRCB UTAMA SDN. BHD.,Taman Seri Serkam,-,-,0,0,0,,2003-11-27,2004-02-21
3582-3,3582,MRCB UTAMA SDN. BHD.,Taman Kajang Utama,-,-,0,0,0,,2003-11-27,2004-11-26
3582-4,3582,MRCB UTAMA SDN. BHD.,Kajang Utama - Fasa 5,-,-,0,0,0,,2003-10-17,2004-08-19
3582-5,3582,MRCB UTAMA SDN. BHD.,Taman Kajang Utama,Selangor,Hulu Langat,255,0,0,,2008-06-22,2009-06-21
3583-1,3583,BOON SIA TRADING CO. SDN. BHD.,Taman Ikhlas,-,-,0,0,0,,1997-11-21,1998-11-20
3584-1,3584,SUNWAYMAS SDN. BHD.,"Lot Seksyen 9, Shah Alam.",-,-,0,0,0,,1997-10-09,1998-10-08
3584-2,3584,SUNWAYMAS SDN. BHD.,Taman Sri Andalas,-,-,0,0,0,,1998-07-29,1999-07-28
3584-3,3584,SUNWAYMAS SDN. BHD.,Seksyen 8,-,-,0,0,0,,1990-04-30,1991-04-29
3584-4,3584,SUNWAYMAS SDN. BHD.,Taman Rawang Perdana,-,-,0,0,0,,1996-12-27,1997-12-26
3584-5,3584,SUNWAYMAS SDN. BHD.,Taman Selayang Utama,-,-,0,0,0,,,
3584-6,3584,SUNWAYMAS SDN. BHD.,"Taman Teluk Kapas , Rantau Panjang",-,-,0,0,0,,1998-10-01,1999-09-30
3584-7,3584,SUNWAYMAS SDN. BHD.,Taman Rasa Utama,-,-,0,0,0,,1998-03-27,1999-03-26
3584-8,3584,SUNWAYMAS SDN. BHD.,Taman Bukit Rawang ,-,-,0,0,0,,,
3584-9,3584,SUNWAYMAS SDN. BHD.,Serendah Golf Resort,-,-,0,0,0,,,
3584-10,3584,SUNWAYMAS SDN. BHD.,Taman Sri Andalas Fasa 5a,-,-,0,0,0,,1999-04-19,2000-04-18
3584-11,3584,SUNWAYMAS SDN. BHD.,Taman Rawang Perdana 2,-,-,0,0,0,,2003-12-12,2004-12-11
3584-12,3584,SUNWAYMAS SDN. BHD.,Taman Mas Utama,-,-,0,0,0,,2000-10-19,2001-10-18
3584-13,3584,SUNWAYMAS SDN. BHD.,Taman Bukit Rawang Jaya,-,-,0,0,0,,,
3584-14,3584,SUNWAYMAS SDN. BHD.,Sunway Batu Caves,Selangor,Gombak,672,0,0,,2006-07-17,2007-07-16
3584-15,3584,SUNWAYMAS SDN. BHD.,Taman Rawang Perdana 2,-,-,0,0,0,,2005-02-04,2006-02-03
3584-16,3584,SUNWAYMAS SDN. BHD.,Rawang Perdana 1,Selangor,Gombak,18,0,0,,2006-12-07,2007-12-06
3585-1,3585,EMKO PR0PERTIES SDN. BHD.,Wangsa Baiduri- Boulevard Subang,-,-,0,0,0,,1996-07-11,1997-07-10
3585-2,3585,EMKO PR0PERTIES SDN. BHD.,Boulevard Subang Jaya,Selangor,Petaling ,384,0,0,,2006-01-06,2007-01-05
3585-3,3585,EMKO PR0PERTIES SDN. BHD.,10 Baiduri,Selangor,Petaling ,10,0,0,,2008-04-27,2009-04-26
3585-4,3585,EMKO PR0PERTIES SDN. BHD.,Laman Baiduri,Selangor,Petaling ,228,0,0,,2011-05-28,2012-05-27
3586-1,3586,BEAUFORD BARU SDN. BHD.,Taman Pantai Mas,-,-,0,0,0,,1992-10-22,1993-10-21
3586-2,3586,BEAUFORD BARU SDN. BHD.,Golden Coast Condominium,-,-,0,0,0,,1995-01-12,1996-01-11
3589-1,3589,SAM HUAT (KEDAH) DEVELOPMENT SDN. BHD.,Taman Sri Indah (p1),-,-,0,0,0,,2001-12-10,2002-12-09
3591-1,3591,RAWANG INDUSTRIALS&PROP.SDN.BHD,Taman Bukit Rawang Jaya,-,-,0,0,0,,1996-07-03,1997-07-02
3594-1,3594,BURHANUDDIN DEVELOPMENT SDN. BHD.,Taman Indah,-,-,0,0,0,,1999-06-03,2000-06-02
3596-1,3596,INDAHASA SDN. BHD.,Taman Mawar Murni,-,-,0,0,0,,1992-03-21,1993-03-20
3598-1,3598,BINTANG REKA SDN. BHD.,Taman Bintang,-,-,0,0,0,,1992-09-15,1993-09-14
3600-1,3600,HONG YE DEVELOPMENT SDN. BHD.,Taman Kaya (p1),-,-,0,0,0,,1987-05-19,1988-05-18
3600-2,3600,HONG YE DEVELOPMENT SDN. BHD.,Hong Ye Development Sdn Bhd,Johor,Tangkak,8,0,0,,2014-08-09,2016-08-08
3600-3,3600,HONG YE DEVELOPMENT SDN. BHD.,Hong Ye Development Sdn Bhd,Johor,Tangkak,15,4,"3, 4",,2024-06-30,2025-06-29
3615-1,3615,RUMAH PERTAMA SDN. BHD ,Taman Bukit Permai Ii,-,-,0,0,0,,2002-11-15,2003-11-14
3621-1,3621,WOON SEEN REALTY SDN. BHD.,Taman Sungai Galing (p1),-,-,0,0,0,,1986-04-08,1987-04-07
3621-2,3621,WOON SEEN REALTY SDN. BHD.,Taman Sri Pelindong,-,-,0,0,0,,1992-05-29,1993-05-28
3621-3,3621,WOON SEEN REALTY SDN. BHD.,Taman Pantai Balok,-,-,0,0,0,,1993-11-04,1994-11-03
3621-4,3621,WOON SEEN REALTY SDN. BHD.,Taman Pelindong Indah,-,-,0,0,0,,1997-05-20,1998-05-19
3621-5,3621,WOON SEEN REALTY SDN. BHD.,Taman Pantai Balok Aman,-,-,0,0,0,,2002-08-16,2003-08-15
3621-6,3621,WOON SEEN REALTY SDN. BHD.,Taman Beserah Jaya,-,-,0,0,0,,2000-01-14,2001-01-13
3621-7,3621,WOON SEEN REALTY SDN. BHD.,Taman Pantai Balok Ii,-,-,0,0,0,,2000-02-17,2001-02-16
3621-8,3621,WOON SEEN REALTY SDN. BHD.,Taman Beserah Jaya 2,-,-,0,0,0,,2002-11-01,2003-10-31
3621-9,3621,WOON SEEN REALTY SDN. BHD.,Taman Psj 2,-,-,0,0,0,,2003-04-23,2004-04-22
3621-10,3621,WOON SEEN REALTY SDN. BHD.,Taman Beserah Jaya 3,-,-,0,0,0,,2002-12-04,2003-12-03
3621-11,3621,WOON SEEN REALTY SDN. BHD.,Taman Fairmont Jaya,-,-,0,0,0,,2004-02-11,2005-02-10
3621-12,3621,WOON SEEN REALTY SDN. BHD.,Taman Fairmont Jaya 2,Pahang,Kuantan,29,0,0,,2006-07-13,2007-07-12
3621-13,3621,WOON SEEN REALTY SDN. BHD.,Taman Bukit Beserah,Pahang,Kuantan,27,0,0,,2005-05-30,2006-05-29
3621-14,3621,WOON SEEN REALTY SDN. BHD.,Taman Beserah Jaya 5,Pahang,Kuantan,24,0,0,,2007-01-08,2008-01-07
3621-15,3621,WOON SEEN REALTY SDN. BHD.,Taman Damaria,Pahang,Kuantan,65,0,0,,2010-01-11,2011-01-10
3621-16,3621,WOON SEEN REALTY SDN. BHD.,Taman Damar Jaya 3,Pahang,Kuantan,26,0,0,,2008-12-04,2009-12-03
3621-17,3621,WOON SEEN REALTY SDN. BHD.,Taman Balok Jaya 3,Pahang,Kuantan,30,0,0,,2009-03-23,2010-03-22
3621-18,3621,WOON SEEN REALTY SDN. BHD.,Taman Psj Fasa 18,Pahang,Kuantan,14,0,0,,,
3622-1,3622,CHANG GIAP DEVELOPMENT SDN. BHD.,Taman Bakar Arang,-,-,0,0,0,,1985-01-11,1986-01-10
3622-2,3622,CHANG GIAP DEVELOPMENT SDN. BHD.,Taman Sungai Lallang,-,-,0,0,0,,1996-03-14,1997-03-13
3622-3,3622,CHANG GIAP DEVELOPMENT SDN. BHD.,Taman Sri Wangi,-,-,0,0,0,,1988-07-12,1989-07-11
3625-1,3625,ISHTIHAR PROPERTIES & DEVELOPMENT SDN. BHD.,Taman Yayasan,Johor,Segamat,2190,0,0,,2007-01-05,2007-06-15
3625-2,3625,ISHTIHAR PROPERTIES & DEVELOPMENT SDN. BHD.,Taman Yayasan Segamat,Johor,Segamat,48,0,0,,2005-03-24,2006-03-23
3625-3,3625,ISHTIHAR PROPERTIES & DEVELOPMENT SDN. BHD.,Fasa 4b-1,Johor,Segamat,42,0,0,,2019-10-29,2020-10-28
3625-4,3625,ISHTIHAR PROPERTIES & DEVELOPMENT SDN. BHD.,Taman Yayasan,Johor,Segamat,38,4,4,,2025-07-24,2026-07-23
3625-5,3625,ISHTIHAR PROPERTIES & DEVELOPMENT SDN. BHD.,Taman Yayasan,Johor,Segamat,64,3,2,,2024-07-25,2026-07-24
3631-1,3631,KEAN TEIK SENG DEVELOPMENT SDN. BHD.,Taman Sena (p1),-,-,0,0,0,,1991-03-22,1992-03-21
3631-2,3631,KEAN TEIK SENG DEVELOPMENT SDN. BHD.,Taman Setia Fasa I & Ii,-,-,0,0,0,,1992-05-12,1993-05-11
3631-3,3631,KEAN TEIK SENG DEVELOPMENT SDN. BHD.,Taman  Selesa ,-,-,0,0,0,,1998-01-03,1999-01-02
3631-4,3631,KEAN TEIK SENG DEVELOPMENT SDN. BHD.,Taman Selesa,-,-,0,0,0,,2001-06-07,2002-06-06
3631-5,3631,KEAN TEIK SENG DEVELOPMENT SDN. BHD.,Taman Tunku Anum,-,-,0,0,0,,2003-01-15,2004-01-14
3631-6,3631,KEAN TEIK SENG DEVELOPMENT SDN. BHD.,Taman Teratai,Kedah,Pendang,114,0,0,,2007-09-06,2008-09-05
3631-7,3631,KEAN TEIK SENG DEVELOPMENT SDN. BHD.,Taman Cenderawasih,Kedah,Baling,39,0,0,,2020-10-07,2021-10-06
3631-8,3631,KEAN TEIK SENG DEVELOPMENT SDN. BHD.,Taman Teratai Ii,Kedah,Pendang,29,0,0,,2011-09-23,2012-09-22
3632-1,3632,SRI KONDOMAS SDN. BHD.,Desa Green,-,-,0,0,0,,1996-10-28,1997-10-27
3632-2,3632,SRI KONDOMAS SDN. BHD.,Taman Sr1 Gertak Sanggul,-,-,0,0,0,,1997-03-26,1998-03-25
3635-1,3635,SEGAR PEMBENAAN SDN. BHD.,Taman Berlian,-,-,0,0,0,,1987-10-22,1988-10-21
3649-1,3649,SIMPANG CERIA SDN BHD (FORMELY KNOW AS CHERATING HOTELS SDN. BHD.),Taman Bukit Indah,-,-,0,0,0,,1993-10-23,1994-10-22
3650-1,3650,LONGWAY SDN. BHD.,Taman Delima (p1),-,-,0,0,0,,1996-04-11,1997-04-10
3650-2,3650,LONGWAY SDN. BHD.,Taman Delima,-,-,0,0,0,,2000-03-28,2001-03-27
3655-1,3655,JADI HOUSING DEVELOPMENT SDN. BHD.,Taman Sri Indah,-,-,0,0,0,,1992-07-20,1993-07-19
3656-1,3656,AKED DEVELOPMENT SDN. BHD,Taman Desa (p1),-,-,0,0,0,,1986-10-29,1987-10-28
3656-2,3656,AKED DEVELOPMENT SDN. BHD,Taman Bahagia,-,-,0,0,0,,1991-12-16,1992-12-15
3656-3,3656,AKED DEVELOPMENT SDN. BHD,Taman Perdana,-,-,0,0,0,,,
3656-4,3656,AKED DEVELOPMENT SDN. BHD,Taman Desa 2,-,-,0,0,0,,1990-03-10,1991-03-09
3656-5,3656,AKED DEVELOPMENT SDN. BHD,Taman Empah,-,-,0,0,0,,,
3656-6,3656,AKED DEVELOPMENT SDN. BHD,Taman Desa 3 Sg. Abong,-,-,0,0,0,,1992-07-29,1993-07-28
3656-7,3656,AKED DEVELOPMENT SDN. BHD,Taman Melati,-,-,0,0,0,,1997-09-09,1998-09-08
3656-8,3656,AKED DEVELOPMENT SDN. BHD,Taman Mesra,-,-,0,0,0,,1997-11-24,1998-11-23
3656-9,3656,AKED DEVELOPMENT SDN. BHD,Taman Tuah,-,-,0,0,0,,1996-10-19,1997-10-18
3656-10,3656,AKED DEVELOPMENT SDN. BHD,Taman Aked,-,-,0,0,0,,1996-12-12,1997-12-11
3656-11,3656,AKED DEVELOPMENT SDN. BHD,Taman Aked,-,-,0,0,0,,1996-12-10,1997-12-09
3656-12,3656,AKED DEVELOPMENT SDN. BHD,Taman Aked Sri Gading,-,-,0,0,0,,2001-03-21,2002-03-20
3659-1,3659,PEMBANGUNAN SERING SDN. BHD.,"Lot 492, Mukim Ulu Klang,",-,-,0,0,0,,,
3663-1,3663,T.T. LEE SDN. BHD.,Taman Megah.,-,-,0,0,0,,1997-05-19,1998-05-18
3663-2,3663,T.T. LEE SDN. BHD.,Taman Bintang,Perak,Hilir Perak,24,0,0,,2010-11-12,2011-11-11
3664-1,3664,HENG CHIN DEVELOPMENT SDN. BHD.,Taman Sri Paya,-,-,0,0,0,,1987-07-10,1988-07-09
3664-2,3664,HENG CHIN DEVELOPMENT SDN. BHD.,Taman Padang Tembak,-,-,0,0,0,,1987-07-16,1988-07-15
3664-3,3664,HENG CHIN DEVELOPMENT SDN. BHD.,Taman Matahari,-,-,0,0,0,,1987-06-30,1988-06-29
3664-4,3664,HENG CHIN DEVELOPMENT SDN. BHD.,Wwww,-,-,0,0,0,,,
3664-5,3664,HENG CHIN DEVELOPMENT SDN. BHD.,Cccc,-,-,0,0,0,,1996-05-02,1997-05-01
3664-6,3664,HENG CHIN DEVELOPMENT SDN. BHD.,Taman Matahari,-,-,0,0,0,,1997-03-14,1998-03-13
3664-7,3664,HENG CHIN DEVELOPMENT SDN. BHD.,Taman Matahari,-,-,0,0,0,,2000-01-14,2001-01-13
3664-8,3664,HENG CHIN DEVELOPMENT SDN. BHD.,Taman  Purnama,Johor,Kluang,184,0,0,,2009-05-20,2010-05-19
3664-9,3664,HENG CHIN DEVELOPMENT SDN. BHD.,Taman Orkid,Johor,Kluang,59,0,0,,,
3664-10,3664,HENG CHIN DEVELOPMENT SDN. BHD.,Taman Nasib,Johor,Kluang,20,0,0,,2012-03-24,2013-02-07
3667-1,3667,GEMILANG JAYA DEVELOPMENT SDN. BHD.,Taman Megah,-,-,0,0,0,,1992-01-06,1993-01-05
3667-2,3667,GEMILANG JAYA DEVELOPMENT SDN. BHD.,Taman Megah,-,-,0,0,0,,1999-01-15,2000-01-14
3668-1,3668,KAM KOK DEVELOPMENT SDN. BHD.,Cherry Apartment,-,-,0,0,0,,1991-02-18,1992-02-17
3668-2,3668,KAM KOK DEVELOPMENT SDN. BHD.,Pangsapuri Cherry,-,-,0,0,0,,1992-03-21,1993-03-20
3668-3,3668,KAM KOK DEVELOPMENT SDN. BHD.,Pt 2201 Hingga 2539,-,-,0,0,0,,,
3668-4,3668,KAM KOK DEVELOPMENT SDN. BHD.,Pt 2201 Hingga 2539 (plot 1 Hingga 339),-,-,0,0,0,,,
3669-1,3669,FBO LAND (SETAPAK) SDN. BHD.  (DANAU KOTA DEVT.SDN. BHD),Taman Danau Kota,Wp Kuala Lumpur,Kuala Lumpur,2120,0,0,,2004-03-11,2005-03-10
3672-1,3672,SENG TAT PROPERTIES SDN. BHD.,Taman Sri Maju,-,-,0,0,0,,1993-11-23,1994-11-22
3673-1,3673,ZED ENTEPRISE (M) SDN. BHD.,Riverdale Park,-,-,0,0,0,,1996-06-18,1997-06-17
3679-1,3679,LEE HONG DEVELOPMENT SDN  BHD,Taman Ria,-,-,0,0,0,,1987-01-22,1988-01-21
3679-2,3679,LEE HONG DEVELOPMENT SDN  BHD,Taman Setar - Fasa 2,-,-,0,0,0,,2000-11-03,2001-11-02
3684-1,3684,GABONG HOLDING SDN.BERHAD,Gabong Holding Sdn Bhd,-,-,0,0,0,,,
3684-2,3684,GABONG HOLDING SDN.BERHAD,Taman Menglembu Impiana Adril,Perak,Kinta,2000,0,0,,2012-01-31,2013-01-30
3684-3,3684,GABONG HOLDING SDN.BERHAD,Taman Pengkalan 18,Perak,Kinta,343,0,0,,2016-02-17,2017-02-16
3684-4,3684,GABONG HOLDING SDN.BERHAD,Bandar Baru Lapangan,Perak,Kinta,151,4,4,,2026-01-19,2027-01-18
3687-1,3687,FU FON SDN. BHD.,Taman Gemas,-,-,0,0,0,,1991-02-27,1992-02-26
3687-2,3687,FU FON SDN. BHD.,Taman Segar,-,-,0,0,0,,,
3687-3,3687,FU FON SDN. BHD.,Taman Bukit Kecil,-,-,0,0,0,,1991-03-27,1992-03-26
3688-1,3688,BEDFORD DEVELOPMENT SDN. BHD ,Sri Sentosa,-,-,0,0,0,,2001-07-20,2002-07-19
3691-1,3691,TENG KANG LENG & SONS SDN. BHD.,Taman Suria Jaya (p1),-,-,0,0,0,,1986-04-10,1987-04-09
3691-2,3691,TENG KANG LENG & SONS SDN. BHD.,Taman Istana,-,-,0,0,0,,1989-09-30,1989-09-29
3691-4,3691,TENG KANG LENG & SONS SDN. BHD.,Taman Ampang Jaya,-,-,0,0,0,,1990-02-23,1991-02-22
3691-5,3691,TENG KANG LENG & SONS SDN. BHD.,Pt 149335 - 149339 & Pt 166087 - 166093 Mukim Hulu Kinta,-,-,0,0,0,,2001-02-13,2002-02-12
3691-6,3691,TENG KANG LENG & SONS SDN. BHD.,Taman Desa Cempaka,-,-,0,0,0,,2003-06-17,2004-06-16
3704-1,3704,INTEGRATED REALTY SDN. BHD ,Taman Damar,-,-,0,0,0,,1996-11-12,1997-11-11
3711-1,3711,UNIKAWAN PROPERTY DEVELOPMENT SDN. BHD.,Taman Bersatu Jaya,-,-,0,0,0,,1992-05-12,1992-05-11
3712-1,3712,TECHNIC DEVELOPMENT SDN BHD,Taman Dedap,-,-,0,0,0,,,
3712-2,3712,TECHNIC DEVELOPMENT SDN BHD,Lot 2129 - 2146 & 2148,-,-,0,0,0,,,
3712-3,3712,TECHNIC DEVELOPMENT SDN BHD,Taman Dedap,-,-,0,0,0,,,
3712-4,3712,TECHNIC DEVELOPMENT SDN BHD,Taman Tanjung,-,-,0,0,0,,1996-09-30,1997-09-29
3712-5,3712,TECHNIC DEVELOPMENT SDN BHD,Taman Riang,-,-,0,0,0,,1996-09-30,1997-09-29
3712-6,3712,TECHNIC DEVELOPMENT SDN BHD,Taman Tanjung Indah,-,-,0,0,0,,2000-01-28,2001-01-27
3712-7,3712,TECHNIC DEVELOPMENT SDN BHD,Taman Tanjung Indah,Pulau Pinang,Seberang Perai Utara,96,0,0,,2009-12-19,2010-12-18
3712-8,3712,TECHNIC DEVELOPMENT SDN BHD,Taman Tanjung Indah,Pulau Pinang,Seberang Perai Utara,140,0,0,,2021-10-05,2022-10-04
3712-9,3712,TECHNIC DEVELOPMENT SDN BHD,Taman Tanjung Indah,Pulau Pinang,Seberang Perai Utara,31,0,0,,2009-10-07,2010-10-06
3716-1,3716,IDEAL HEIGHTS PROPERTIES SDN. BHD.,Bukit Idaman,-,-,0,0,0,,2002-03-04,2002-11-07
3716-2,3716,IDEAL HEIGHTS PROPERTIES SDN. BHD.,Pangsapuri Idaman,-,-,0,0,0,,2004-11-10,2005-11-09
3716-3,3716,IDEAL HEIGHTS PROPERTIES SDN. BHD.,Taman Puchong Impian 2,Selangor,Petaling ,19,0,0,,2007-02-23,2008-02-22
3717-1,3717,KEMAJUAN SRI PERHENTIAN SDN BHD ,Taman Merdeka (p1),-,-,0,0,0,,1986-07-14,1987-07-13
3717-2,3717,KEMAJUAN SRI PERHENTIAN SDN BHD ,Taman Pontian Jaya,-,-,0,0,0,,2002-04-12,2003-04-11
3717-3,3717,KEMAJUAN SRI PERHENTIAN SDN BHD ,Taman Teratai,-,-,0,0,0,,2002-05-18,2003-05-17
3717-4,3717,KEMAJUAN SRI PERHENTIAN SDN BHD ,Taman Pontian Jaya,-,-,0,0,0,,,
3717-5,3717,KEMAJUAN SRI PERHENTIAN SDN BHD ,Taman Teratai,-,-,0,0,0,,1993-10-18,1994-10-17
3722-1,3722,PENGKALAN KUNDOR DEVELOPMENT SDN. BHD.,Taman Saga,-,-,0,0,0,,1997-05-24,1998-05-23
3724-1,3724,TIEN FOOK ENTERPRISE SDN. BHD.,Taman Ria ,-,-,0,0,0,,2000-05-22,2001-05-21
3725-1,3725,SRI HARTAMAS CORPORATION BHD,Xxx,-,-,0,0,0,,,
3725-2,3725,SRI HARTAMAS CORPORATION BHD,Puncak Sri Hartamas,-,-,0,0,0,,1998-08-05,1999-08-04
3725-3,3725,SRI HARTAMAS CORPORATION BHD,Sri Hartamas (k8) - Nusa Hartamas,-,-,0,0,0,,,
3729-1,3729,NATION HOLDINGS SDN. BHD.,20784,-,-,0,0,0,,,
3729-2,3729,NATION HOLDINGS SDN. BHD.,Pt 20784 Mukim Batu Daerah Kuala Lumpur,-,-,0,0,0,,1997-03-22,1998-03-21
3730-1,3730,BUMIDA ENGINEERING & CONSTRUCTION SDN.BHD.,Lot 3362-3365,-,-,0,0,0,,1987-10-13,1988-10-12
3730-2,3730,BUMIDA ENGINEERING & CONSTRUCTION SDN.BHD.,Pangsapuri Sutravilla,Pahang,Kuantan,520,0,0,,2018-10-03,2019-10-02
3734-1,3734,SHEIKHMAH DEVELOPMENT SDN. BHD,Taman Murni Sepang Baru,-,-,0,0,0,,1987-05-04,1988-05-03
3734-2,3734,SHEIKHMAH DEVELOPMENT SDN. BHD,Lot 152  Bandar Sepang,-,-,0,0,0,,1999-03-15,2000-03-14
3734-3,3734,SHEIKHMAH DEVELOPMENT SDN. BHD,Taman Langat Murni,Selangor,Kuala Langat,962,0,0,,2002-04-30,2003-04-29
3734-4,3734,SHEIKHMAH DEVELOPMENT SDN. BHD,Taman Seri Nelayan,Selangor,Klang,886,0,0,,2020-07-31,2021-07-30
3736-1,3736,KENSINGTON GARDENS SDN. BHD.,Taman Senangin,-,-,0,0,0,,1994-06-01,1995-06-01
3736-2,3736,KENSINGTON GARDENS SDN. BHD.,Taman Senangin,-,-,0,0,0,,,
3736-3,3736,KENSINGTON GARDENS SDN. BHD.,Taman Senangin  ,-,-,0,0,0,,1997-12-12,1998-12-11
3738-1,3738,LIAN SOON THIAM SDN. BHD.,Taman Pertama,-,-,0,0,0,,1993-10-06,1994-10-05
3743-1,3743,DASARAYA DEVELOPMENT SDN. BHD.,Taman Dasa,-,-,0,0,0,,2004-08-10,2005-08-09
3747-1,3747,ONNAS CONSTRUCTION & DEVELOPMENT SDN. BHD.,Taman Aman Fasa Iii,-,-,0,0,0,,1992-11-03,1993-11-02
3749-1,3749,JURU BENA TENAGA SDN. BHD ,Kg Tasek Tambahan Ampang,-,-,0,0,0,,1996-01-10,1997-01-09
3749-2,3749,JURU BENA TENAGA SDN. BHD ,Taman Keramat Permai,-,-,0,0,0,,1992-06-10,1993-06-09
3749-3,3749,JURU BENA TENAGA SDN. BHD ,Kampong Tasek Tambahan,-,-,0,0,0,,1996-04-27,1997-04-26
3749-4,3749,JURU BENA TENAGA SDN. BHD ,Taman Sri Andalas,-,-,0,0,0,,1993-12-15,1994-12-14
3749-5,3749,JURU BENA TENAGA SDN. BHD ,Taman Bukit Permai - Fasa 1,-,-,0,0,0,,2000-07-12,2001-07-11
3749-6,3749,JURU BENA TENAGA SDN. BHD ,Taman Bukit Permai,-,-,0,0,0,,2002-12-17,2003-12-16
3749-7,3749,JURU BENA TENAGA SDN. BHD ,Taman Bukit Permai  (fasa 3),-,-,0,0,0,,2002-06-03,2002-12-04
3751-1,3751,COUNTRY VIEW  BERHAD,Taman Universiti ,-,-,0,0,0,,2000-09-29,2001-09-28
3751-2,3751,COUNTRY VIEW  BERHAD,Taman Universiti,-,-,0,0,0,,2001-04-16,2002-04-15
3767-1,3767,SYARIKAT KEMAJUAN JERAI SDN. BHD,Bukit Indah,-,-,0,0,0,,2000-09-30,2001-09-29
3767-2,3767,SYARIKAT KEMAJUAN JERAI SDN. BHD,Bukit Indah Ampang,-,-,0,0,0,,2002-08-13,2003-08-12
3767-3,3767,SYARIKAT KEMAJUAN JERAI SDN. BHD,"Bukit Indah, Ampang",-,-,0,0,0,,2003-06-12,2004-06-11
3767-4,3767,SYARIKAT KEMAJUAN JERAI SDN. BHD,Bukit Indah,Selangor,Hulu Langat,45,0,0,,2008-03-19,2009-02-02
3768-1,3768,BUMIKRISTAL SDN. BHD.,Taman Desa Aman (p1),-,-,0,0,0,,1997-02-20,1998-02-19
3768-2,3768,BUMIKRISTAL SDN. BHD.,Taman Desa Aman ,-,-,0,0,0,,1997-08-27,1998-08-26
3769-1,3769,TAMAN EKAR SDN. BHD.,Bandar Sunggala,Negeri Sembilan,Port Dickson,310,0,0,,1987-04-27,1988-04-26
3778-1,3778,SERI ALAM PROPERTIES SDN. BHD.,Bandar Seri Alam,-,-,0,0,0,,1993-12-23,1994-12-22
3778-2,3778,SERI ALAM PROPERTIES SDN. BHD.,Seri Alam,-,-,0,0,0,,,
3778-3,3778,SERI ALAM PROPERTIES SDN. BHD.,Seri Alam,-,-,0,0,0,,1997-07-24,1998-07-23
3778-4,3778,SERI ALAM PROPERTIES SDN. BHD.,Seri Alam,-,-,0,0,0,,1997-07-24,1998-07-23
3778-5,3778,SERI ALAM PROPERTIES SDN. BHD.,Seri Alam,-,-,0,0,0,,1998-02-19,1999-02-18
3778-6,3778,SERI ALAM PROPERTIES SDN. BHD.,Seri Alam,-,-,0,0,0,,2005-01-03,2006-01-02
3778-7,3778,SERI ALAM PROPERTIES SDN. BHD.,Seri Alam,-,-,0,0,0,,,
3778-8,3778,SERI ALAM PROPERTIES SDN. BHD.,Seri Alam,-,-,0,0,0,,,
3778-9,3778,SERI ALAM PROPERTIES SDN. BHD.,Seri Alam,-,-,0,0,0,,1997-07-24,1998-07-23
3778-10,3778,SERI ALAM PROPERTIES SDN. BHD.,Seri Alam,-,-,0,0,0,,,
3778-11,3778,SERI ALAM PROPERTIES SDN. BHD.,Seri Alam,-,-,0,0,0,,1998-07-31,1999-07-30
3778-12,3778,SERI ALAM PROPERTIES SDN. BHD.,Seri Alam,-,-,0,0,0,,1998-12-06,1999-12-05
3778-13,3778,SERI ALAM PROPERTIES SDN. BHD.,Seri Alam Fasa 2c5,-,-,0,0,0,,2001-03-16,2002-03-15
3778-14,3778,SERI ALAM PROPERTIES SDN. BHD.,Bandar Seri Alam,Johor,Johor Bahru,249,0,0,,2006-06-14,2007-06-13
3778-15,3778,SERI ALAM PROPERTIES SDN. BHD.,Bandar Seri Alam,-,-,0,0,0,,2001-09-18,2002-09-17
3778-16,3778,SERI ALAM PROPERTIES SDN. BHD.,Bandar Seri Alam - Fasa 3b1,-,-,0,0,0,,2002-02-26,2003-01-16
3778-17,3778,SERI ALAM PROPERTIES SDN. BHD.,Vista Seri Alam,Johor,Johor Bahru,1280,0,0,,2012-03-15,2013-02-27
3778-18,3778,SERI ALAM PROPERTIES SDN. BHD.,Bandar Seri Alam Fasa 5c1,-,-,0,0,0,,2004-10-25,2005-10-15
3778-19,3778,SERI ALAM PROPERTIES SDN. BHD.,Bandar Seri Alam Fasa 1d Zon 2 (rimba 18),-,-,0,0,0,,2004-11-30,2005-11-29
3778-20,3778,SERI ALAM PROPERTIES SDN. BHD.,Lakeside Residency,Johor,Johor Bahru,142,0,0,,2006-06-30,2007-06-29
3778-21,3778,SERI ALAM PROPERTIES SDN. BHD.,Bandar Seri Alam,-,-,0,0,0,,2005-09-20,2006-08-12
3778-22,3778,SERI ALAM PROPERTIES SDN. BHD.,Idaman Series,Johor,Johor Bahru,350,0,0,,2007-07-23,2008-07-22
3778-23,3778,SERI ALAM PROPERTIES SDN. BHD.,Secret Garden,Johor,Johor Bahru,322,0,0,,2011-12-23,2012-12-22
3778-24,3778,SERI ALAM PROPERTIES SDN. BHD.,Bandar Seri Alam,Johor,Johor Bahru,260,0,0,,2007-12-08,2008-10-05
3778-25,3778,SERI ALAM PROPERTIES SDN. BHD.,Bandar Seri Alam,Johor,Johor Bahru,72,0,0,,2008-03-25,2009-03-24
3778-26,3778,SERI ALAM PROPERTIES SDN. BHD.,Bandar Seri Alam,Johor,Johor Bahru,102,0,0,,2008-05-20,2009-05-19
3778-27,3778,SERI ALAM PROPERTIES SDN. BHD.,Bandar Seri Alam,Johor,Johor Bahru,233,0,0,,2008-05-28,2009-05-27
3778-28,3778,SERI ALAM PROPERTIES SDN. BHD.,Bandar Seri Alam,Johor,Johor Bahru,102,0,0,,,
3778-29,3778,SERI ALAM PROPERTIES SDN. BHD.,Sapphire 8,Johor,Johor Bahru,121,0,0,,2013-12-20,2014-12-19
3778-30,3778,SERI ALAM PROPERTIES SDN. BHD.,Sky Maya Residences,Johor,Johor Bahru,464,0,0,,2014-09-18,2015-09-17
3778-31,3778,SERI ALAM PROPERTIES SDN. BHD.,Fasa 3c2,Johor,Johor Bahru,55,0,0,,,
3778-32,3778,SERI ALAM PROPERTIES SDN. BHD.,Emerald Residenz,Johor,Johor Bahru,255,0,0,,2015-07-27,2016-07-26
3778-33,3778,SERI ALAM PROPERTIES SDN. BHD.,Fasa 3c2,Johor,Johor Bahru,55,0,0,,2015-10-30,2016-10-29
3778-34,3778,SERI ALAM PROPERTIES SDN. BHD.,Opal Imperial,Johor,Johor Bahru,92,0,0,,2016-04-12,2017-04-11
3778-35,3778,SERI ALAM PROPERTIES SDN. BHD.,Jade Imperial Residenz,Johor,Johor Bahru,440,0,0,,2017-08-27,2018-08-26
3778-36,3778,SERI ALAM PROPERTIES SDN. BHD.,Amber Heights,Johor,Johor Bahru,120,"2, 3",2,,2022-12-11,2023-12-10
3778-37,3778,SERI ALAM PROPERTIES SDN. BHD.,Opal Residenz,Johor,Johor Bahru,82,0,0,,2019-06-23,2020-06-22
3778-38,3778,SERI ALAM PROPERTIES SDN. BHD.,Citrine Residenz - Phase 3,Johor,Johor Bahru,150,0,0,,2018-09-22,2019-09-21
3778-39,3778,SERI ALAM PROPERTIES SDN. BHD.,Citrine Residenz - Phase 2,Johor,Johor Bahru,218,0,0,,2018-09-22,2019-09-21
3778-40,3778,SERI ALAM PROPERTIES SDN. BHD.,Citrine Residenz - Phase 1,Johor,Johor Bahru,218,0,0,,2018-09-22,2019-09-21
3778-41,3778,SERI ALAM PROPERTIES SDN. BHD.,Topaz Residenz (section 1),Johor,Johor Bahru,108,0,0,,2020-10-03,2021-10-02
3778-42,3778,SERI ALAM PROPERTIES SDN. BHD.,Jasper Residenz,Johor,Johor Bahru,102,0,0,,2021-04-03,2022-04-02
3778-43,3778,SERI ALAM PROPERTIES SDN. BHD.,Amber Heights (block B),Johor,Johor Bahru,120,3,2,,2022-12-15,2023-12-14
3778-44,3778,SERI ALAM PROPERTIES SDN. BHD.,Topaz Residenz (seksyen 2),Johor,Johor Bahru,150,"4, 5",5,,2022-08-06,2023-08-05
3780-1,3780,SIME DARBY PROPERTY (SJ7) SDN. BHD.,Taman Sungai Dingin,-,-,0,0,0,,1988-09-14,1989-09-13
3780-2,3780,SIME DARBY PROPERTY (SJ7) SDN. BHD.,Taman Jerai Gurun,-,-,0,0,0,,1989-08-30,1990-08-29
3780-3,3780,SIME DARBY PROPERTY (SJ7) SDN. BHD.,Taman Sengkang,-,-,0,0,0,,1991-08-13,1992-08-12
3780-4,3780,SIME DARBY PROPERTY (SJ7) SDN. BHD.,Taman Jerai Fasa Ii,-,-,0,0,0,,1999-03-22,2000-03-21
3780-5,3780,SIME DARBY PROPERTY (SJ7) SDN. BHD.,Taman Sengkang,-,-,0,0,0,,,
3780-6,3780,SIME DARBY PROPERTY (SJ7) SDN. BHD.,Residensi Ria,Selangor,Petaling ,961,"2, 3, 4",2,,2023-10-19,2026-10-18
3780-7,3780,SIME DARBY PROPERTY (SJ7) SDN. BHD.,Residensi Meriah,Selangor,-,998,"2, 3",2,,2026-07-03,2029-07-02
3785-1,3785,SENVIC ENTERPRISE (M) SDN. BHD.,Lihat Kpkt/880/3785,-,-,0,0,0,,1987-11-06,1988-11-05
3785-2,3785,SENVIC ENTERPRISE (M) SDN. BHD.,Taman Sempadan,-,-,0,0,0,,2001-03-13,2002-03-12
3792-1,3792,WEE CHONG MOTOR & HOUSING DEVELOPER SDN. BHD.,Taman Pudina (p1),-,-,0,0,0,,1989-07-11,1990-07-10
3792-2,3792,WEE CHONG MOTOR & HOUSING DEVELOPER SDN. BHD.,Taman Sawi (p2),-,-,0,0,0,,1987-06-24,1988-06-23
3792-3,3792,WEE CHONG MOTOR & HOUSING DEVELOPER SDN. BHD.,Taman Kampar,-,-,0,0,0,,,
3792-4,3792,WEE CHONG MOTOR & HOUSING DEVELOPER SDN. BHD.,Taman Selesa,-,-,0,0,0,,1992-09-23,1993-09-22
3792-5,3792,WEE CHONG MOTOR & HOUSING DEVELOPER SDN. BHD.,Taman Selesa,-,-,0,0,0,,1997-07-30,1998-07-29
3792-6,3792,WEE CHONG MOTOR & HOUSING DEVELOPER SDN. BHD.,Taman Budiman,-,-,0,0,0,,2005-07-14,2006-03-23
3797-1,3797,AZRAT & HASHIM SDN. BHD (UPDATE:25.7.05),Azrat & Hashim,-,-,0,0,0,,,
3797-2,3797,AZRAT & HASHIM SDN. BHD (UPDATE:25.7.05),Taman Sri Pelangi,Wp Kuala Lumpur,Kuala Lumpur,316,0,0,,2006-10-12,2007-10-11
3797-3,3797,AZRAT & HASHIM SDN. BHD (UPDATE:25.7.05),Taman Sri Pelangi,Wp Kuala Lumpur,Kuala Lumpur,24,0,0,,2006-10-12,2007-10-11
3797-4,3797,AZRAT & HASHIM SDN. BHD (UPDATE:25.7.05),Taman Sri Pelangi,-,-,0,0,0,,,
3797-5,3797,AZRAT & HASHIM SDN. BHD (UPDATE:25.7.05),Taman Sri Pelangi,Wp Kuala Lumpur,Kuala Lumpur,21,0,0,,2009-11-16,2010-02-15
3801-1,3801,DRALAND SENDIRIAN BERHAD,Garden City,-,-,0,0,0,,1996-04-03,1997-04-03
3804-1,3804,BROADLINK SDN. BHD.,Taman  Jaya.,-,-,0,0,0,,2000-04-21,2001-04-20
3804-2,3804,BROADLINK SDN. BHD.,Taman Jaya,-,-,0,0,0,,,
3805-1,3805,HARTA SETIA SDN. BHD.,Bandar Sri Aman,Kelantan,Machang,1891,0,0,,2006-04-14,2007-04-13
3806-1,3806,HOONG KEN HOUSING DEVELOPMENT SDN. BHD.,Taman Setapak,-,-,0,0,0,,,
3812-1,3812,J & S HOLDINGS SDN.BHD.,Taman Setia Jasa,Pahang,Temerloh,28,0,0,,2009-12-14,2010-12-13
3812-2,3812,J & S HOLDINGS SDN.BHD.,J & S Holdings Sdn Bhd,Pahang,Temerloh,91,0,0,,2009-06-03,2010-06-02
3813-1,3813,HICOM INDUNGAN SDN. BHD.,Taman Bukit Saga,-,-,0,0,0,,1993-09-21,1994-09-20
3813-2,3813,HICOM INDUNGAN SDN. BHD.,Glenmarie Residences,Selangor,Petaling ,400,0,0,,2000-06-19,2001-06-18
3813-3,3813,HICOM INDUNGAN SDN. BHD.,"Hicom Pegoh Park, Taman Perumahan Hicom Park",Melaka,Alor Gajah,84,0,0,,2006-08-14,2007-08-13
3813-4,3813,HICOM INDUNGAN SDN. BHD.,Glenmarie Residences,Selangor,Petaling ,61,0,0,,2006-07-28,2007-07-27
3813-5,3813,HICOM INDUNGAN SDN. BHD.,Glenmarie Residences,Selangor,Petaling ,6,0,0,,2006-08-02,2007-08-01
3813-6,3813,HICOM INDUNGAN SDN. BHD.,Kota Raja,Selangor,Petaling ,176,0,0,,2006-07-27,2007-07-26
3813-7,3813,HICOM INDUNGAN SDN. BHD.,Glenmarie Gardens,Selangor,Petaling ,39,0,0,,2011-12-22,2012-12-21
3813-8,3813,HICOM INDUNGAN SDN. BHD.,Glenmarie Villa,Selangor,Petaling ,28,0,0,,,
3818-1,3818,SRI SEMBILAN PROPERTY SDN. BHD,Taman Desa Gemas,-,-,0,0,0,,1998-01-10,1999-01-09
3824-1,3824,OAKFIELD ENTERPRISES SDN. BHD.,Taman Aman,-,-,0,0,0,,,
3826-1,3826,PEMBANGUNAN PASIR SDN. BHD.,Taman Pasir Emas,-,-,0,0,0,,1996-12-03,1997-12-02
3828-1,3828,EUPE KEMAJUAN SDN. BHD,Persiaran Cinta Sayang,Kedah,-,0,0,0,,1996-05-22,1997-05-21
3828-2,3828,EUPE KEMAJUAN SDN. BHD,Taman Ria Jaya,Kedah,-,0,0,0,,1998-10-29,1999-10-28
3828-3,3828,EUPE KEMAJUAN SDN. BHD,Taman Golf,Kedah,-,0,0,0,,1989-05-10,1990-05-09
3828-4,3828,EUPE KEMAJUAN SDN. BHD,Persiaran Cinta Sayang,Kedah,-,0,0,0,,1993-11-01,1994-10-31
3828-5,3828,EUPE KEMAJUAN SDN. BHD,Taman Kelisa Ria,Kedah,Kuala Muda,1542,0,0,,2004-09-14,2005-09-13
3828-6,3828,EUPE KEMAJUAN SDN. BHD,Taman Kelisa Ria Ii,Kedah,Kuala Muda,1088,3,2,,2018-11-21,2019-11-20
3828-7,3828,EUPE KEMAJUAN SDN. BHD,Seri Astana Parcel A,Kedah,Kuala Muda,1488,0,0,,2010-08-25,2011-08-24
3828-8,3828,EUPE KEMAJUAN SDN. BHD,Seri Astana Parcel B,Kedah,Kuala Muda,1057,0,0,,2010-10-07,2011-10-06
3828-9,3828,EUPE KEMAJUAN SDN. BHD,Seri Astana Parcel C,Kedah,Kuala Muda,633,0,0,,2010-07-11,2011-07-10
3828-10,3828,EUPE KEMAJUAN SDN. BHD,Sky Residences,Kedah,Kuala Muda,88,0,0,,2010-07-01,2011-06-30
3828-11,3828,EUPE KEMAJUAN SDN. BHD,Bandar Seri Astan Parcel E,Kedah,Kuala Muda,951,0,0,,2016-03-18,2017-03-17
3828-12,3828,EUPE KEMAJUAN SDN. BHD,Astana Parkhomes,Kedah,Kuala Muda,448,0,0,,2020-06-24,2021-06-23
3828-13,3828,EUPE KEMAJUAN SDN. BHD,Eupe Kemajuan Sdn Bhd,Kedah,Kuala Muda,29,6,6,,2018-06-20,2019-06-19
3828-14,3828,EUPE KEMAJUAN SDN. BHD,Taman Kelisa Ria,Kedah,Kuala Muda,46,0,0,,2020-09-02,2021-09-01
3828-15,3828,EUPE KEMAJUAN SDN. BHD,Resort Villas,Kedah,Kuala Muda,134,6,"5, 6",,2020-06-13,2021-06-12
3828-16,3828,EUPE KEMAJUAN SDN. BHD,Taman Kelisa,Kedah,Kuala Muda,21,0,0,,2019-02-07,2020-02-06
3828-17,3828,EUPE KEMAJUAN SDN. BHD,Sri Iora 2,Kedah,Kuala Muda,48,0,0,,2019-02-25,2020-02-24
3828-18,3828,EUPE KEMAJUAN SDN. BHD,Astana B(1),Kedah,Kuala Muda,54,0,0,,2017-04-08,2019-04-07
3828-19,3828,EUPE KEMAJUAN SDN. BHD,Bandar Seri Astana Fasa D,Kedah,Kuala Muda,66,4,"2, 3, 4",,2023-10-11,2024-10-10
3828-20,3828,EUPE KEMAJUAN SDN. BHD,Bandar Seri Astana Fasa D,Kedah,Kuala Muda,7,0,0,,2020-09-24,2021-09-23
3828-21,3828,EUPE KEMAJUAN SDN. BHD,Bandar Seri Astana Fasa D 88,Kedah,Kuala Muda,46,0,0,,2020-09-27,2021-09-26
3828-22,3828,EUPE KEMAJUAN SDN. BHD,Puncak Surya -neris (36 Unit),Kedah,Kuala Muda,35,3,2,,2020-12-23,2021-12-22
3828-23,3828,EUPE KEMAJUAN SDN. BHD,Puncak Surya - Darian (10 Unit) & Neris (32unit),Kedah,Kuala Muda,42,3,2,,2022-04-20,2023-04-19
3828-24,3828,EUPE KEMAJUAN SDN. BHD,Puncak Surya - Nerissa (22 Unit),Kedah,Kuala Muda,22,0,0,,2021-04-14,2022-04-13
3828-25,3828,EUPE KEMAJUAN SDN. BHD,Puncak Surya - Neyaza (2 Unit) & Nerissa (24 Unit),Kedah,Kuala Muda,26,0,0,,2021-08-26,2022-08-25
3828-26,3828,EUPE KEMAJUAN SDN. BHD,10 Unit Teres 2.5 Tingkat,Kedah,Kuala Muda,10,0,0,,2018-06-12,2020-06-11
3828-27,3828,EUPE KEMAJUAN SDN. BHD,Cinta Sayang Resort Villas - 1szl(1),Kedah,Kuala Muda,19,0,0,,2020-07-24,2024-07-23
3828-28,3828,EUPE KEMAJUAN SDN. BHD,Cinta Sayang Resort Villas -1szl(2),Kedah,Kuala Muda,10,0,0,,2020-07-24,2021-07-23
3828-29,3828,EUPE KEMAJUAN SDN. BHD,"Bandar Seri Astana Fasa D,park Homes A(p4-a)",Kedah,Kuala Muda,9,0,0,,2019-03-13,2021-03-12
3828-30,3828,EUPE KEMAJUAN SDN. BHD,Bandar Seri Astana D (park Homes),Kedah,Kuala Muda,6,0,0,,2021-05-31,2022-05-30
3828-31,3828,EUPE KEMAJUAN SDN. BHD,Bandar Seri Astana Fasa D,Kedah,Kuala Muda,42,0,0,,2021-06-04,2022-06-03
3828-32,3828,EUPE KEMAJUAN SDN. BHD,Cinta Sayang Resort Villas-1szl(3),Kedah,Kuala Muda,6,0,0,,2019-11-07,2021-11-06
3828-33,3828,EUPE KEMAJUAN SDN. BHD,Bandar Seri Astana,Kedah,Kuala Muda,60,3,2,,2023-03-28,2024-03-27
3828-34,3828,EUPE KEMAJUAN SDN. BHD,Cinta Sayang Resort Villas,Kedah,Kuala Muda,16,4,2,,2022-08-16,2023-08-15
3828-35,3828,EUPE KEMAJUAN SDN. BHD,Bandar Seri Astana Fasa D,Kedah,Kuala Muda,7,0,0,,2020-09-08,2022-09-07
3828-36,3828,EUPE KEMAJUAN SDN. BHD,Bandar Seri Astana D (park Home),Kedah,Kuala Muda,52,3,2,,2023-01-05,2024-01-04
3828-37,3828,EUPE KEMAJUAN SDN. BHD,Bandar Seri Astana,Kedah,Kuala Muda,8,0,0,,2021-01-19,2023-01-18
3828-38,3828,EUPE KEMAJUAN SDN. BHD,Bandar Seri Astana,Kedah,Kuala Muda,7,4,2,,2023-05-19,2024-05-18
3828-39,3828,EUPE KEMAJUAN SDN. BHD,Bandar Seri Astana,Kedah,Kuala Muda,27,3,2,,2023-05-20,2024-05-19
3828-40,3828,EUPE KEMAJUAN SDN. BHD,Bandar Seri Astana,Kedah,Kuala Muda,6,4,3,,2023-06-04,2024-06-03
3828-41,3828,EUPE KEMAJUAN SDN. BHD,Csrv Luxury Bungalow,Kedah,Kuala Muda,13,"3, 5","2, 3, 5",,2023-12-17,2024-12-16
3828-42,3828,EUPE KEMAJUAN SDN. BHD,Tijana,Kedah,Kuala Muda,9,0,0,,2021-12-30,2023-12-29
3828-43,3828,EUPE KEMAJUAN SDN. BHD,The Somerset - Courtyard,Kedah,Kuala Muda,5,7,6,,2024-03-26,2025-03-25
3828-44,3828,EUPE KEMAJUAN SDN. BHD,Bandar Seri Astana (astana Jaya),Kedah,Kuala Muda,124,4,2,,2024-09-06,2025-09-05
3828-45,3828,EUPE KEMAJUAN SDN. BHD,Bandar Seri Astana (astana Jaya),Kedah,Kuala Muda,92,3,"2, 4",,2022-11-21,2024-11-20
3828-46,3828,EUPE KEMAJUAN SDN. BHD,Villa Natura,Kedah,Kuala Muda,171,"3, 4","2, 3",,2023-04-05,2025-04-04
3828-47,3828,EUPE KEMAJUAN SDN. BHD,Villa Natura,Kedah,Kuala Muda,159,3,2,,2023-04-11,2025-04-10
3828-48,3828,EUPE KEMAJUAN SDN. BHD,Villa Natura,Kedah,Kuala Muda,66,4,3,,2023-07-11,2025-07-10
3828-49,3828,EUPE KEMAJUAN SDN. BHD,Villa Natura,Kedah,Kuala Muda,65,4,3,,2023-08-03,2025-08-02
3828-50,3828,EUPE KEMAJUAN SDN. BHD,Villa Natura,Kedah,Kuala Muda,59,4,3,,2024-03-23,2026-03-22
3828-51,3828,EUPE KEMAJUAN SDN. BHD,Villa Natura,Kedah,Kuala Muda,85,4,3,,2024-05-13,2026-05-12
3828-52,3828,EUPE KEMAJUAN SDN. BHD,Villa Natura,Kedah,Kuala Muda,102,4,3,,2024-09-16,2026-09-15
3828-53,3828,EUPE KEMAJUAN SDN. BHD,Cinta Sayang Resort Villas 2,Kedah,Kuala Muda,41,"4, 5","4, 5",,2024-10-08,2026-10-07
3845-1,3845,N.K.L. HOLDINGS SDN. BHD.,Lot 42079 & 87671,-,-,0,0,0,,1987-11-12,1988-11-11
3845-2,3845,N.K.L. HOLDINGS SDN. BHD.,Taman Kinta Jaya,-,-,0,0,0,,1992-02-13,1993-02-12
3845-3,3845,N.K.L. HOLDINGS SDN. BHD.,Taman Tanjung Mas,-,-,0,0,0,,2001-08-17,2002-08-16
3847-1,3847,DATARAN SEGAR SDN. BHD.,Bandar Dataran Segar,-,-,0,0,0,,1999-10-27,2000-10-26
3847-2,3847,DATARAN SEGAR SDN. BHD.,Bandar Dataran Segar Fasa 2a,-,-,0,0,0,,2004-03-15,2005-03-14
3847-3,3847,DATARAN SEGAR SDN. BHD.,Bandar Dataran Segar Fasa 2b,-,-,0,0,0,,,
3847-4,3847,DATARAN SEGAR SDN. BHD.,Bandar Dataran Segar Fasa 2c ,-,-,0,0,0,,,
3847-5,3847,DATARAN SEGAR SDN. BHD.,Bandar Dataran Segar Fasa 2d,-,-,0,0,0,,,
3847-6,3847,DATARAN SEGAR SDN. BHD.,Bandar Dataran Segar - Fasa 2a(1),-,-,0,0,0,,2000-09-14,2001-09-13
3847-7,3847,DATARAN SEGAR SDN. BHD.,Bandar Dataran Segar,Negeri Sembilan,Port Dickson,557,0,0,,2005-03-14,2006-03-13
3847-8,3847,DATARAN SEGAR SDN. BHD.,Bandar Dataran Segar,Negeri Sembilan,Port Dickson,259,0,0,,2012-01-12,2013-01-11
3847-9,3847,DATARAN SEGAR SDN. BHD.,Bandar Dataran Segar,Negeri Sembilan,Port Dickson,59,0,0,,2006-09-07,2007-09-06
3847-10,3847,DATARAN SEGAR SDN. BHD.,Bandar Dataran Segar,Negeri Sembilan,Port Dickson,81,0,0,,2008-03-06,2009-03-05
3847-11,3847,DATARAN SEGAR SDN. BHD.,Bandar Dataran Segar,Negeri Sembilan,Port Dickson,305,0,0,,,
3847-12,3847,DATARAN SEGAR SDN. BHD.,Bandar Dataran Segar,Negeri Sembilan,Port Dickson,102,0,0,,2013-08-26,2014-08-25
3847-13,3847,DATARAN SEGAR SDN. BHD.,Perth 81,Negeri Sembilan,Port Dickson,81,0,0,,2015-12-21,2016-12-20
3847-14,3847,DATARAN SEGAR SDN. BHD.,"Canberra, Tasmania, New South Wales, Melbourne",Negeri Sembilan,Port Dickson,56,0,0,,2016-01-16,2017-01-15
3849-1,3849,MILLION-PURPOSE PROPERTIES SDN.BHD.,Taman Rasi Jaya,-,-,0,0,0,,1998-05-06,1999-05-05
3849-2,3849,MILLION-PURPOSE PROPERTIES SDN.BHD.,Taman Rasi Jaya Fasa 8,-,-,0,0,0,,2002-08-28,2003-08-27
3849-3,3849,MILLION-PURPOSE PROPERTIES SDN.BHD.,Taman Pegoh  Fasa 2,-,-,0,0,0,,2002-06-27,2003-05-29
3849-4,3849,MILLION-PURPOSE PROPERTIES SDN.BHD.,Taman Buntong Jaya Barat,-,-,0,0,0,,2002-07-12,2003-07-11
3849-5,3849,MILLION-PURPOSE PROPERTIES SDN.BHD.,Taman Rasi Jaya (fasa 7b),Perak,Kinta,13,0,0,,2005-08-23,2006-08-22
3849-6,3849,MILLION-PURPOSE PROPERTIES SDN.BHD.,Taman Rasi Jaya,Perak,Kinta,29,0,0,,2017-06-08,2019-06-07
3850-1,3850,PLENITUDE HEIGHTS SDN. BHD.,"Taman Keladi Fasa I, Ii",-,-,0,0,0,,1991-12-18,1992-12-17
3850-2,3850,PLENITUDE HEIGHTS SDN. BHD.,Bandar Perdana,-,-,0,0,0,,2001-07-26,2002-07-25
3850-3,3850,PLENITUDE HEIGHTS SDN. BHD.,Bandar Perdana,Kedah,Kuala Muda,1222,0,0,,2008-05-26,2009-05-25
3850-4,3850,PLENITUDE HEIGHTS SDN. BHD.,Bandar Perdana,Kedah,Kuala Muda,437,0,0,,2016-07-13,2017-07-12
3850-5,3850,PLENITUDE HEIGHTS SDN. BHD.,Perdana Heights,Kedah,Kuala Muda,347,0,0,,2016-07-16,2017-07-15
3850-6,3850,PLENITUDE HEIGHTS SDN. BHD.,Bandar Perdana,Kedah,Kuala Muda,201,0,0,,2012-03-20,2013-02-19
3850-7,3850,PLENITUDE HEIGHTS SDN. BHD.,Bayu Ferringhi,Pulau Pinang,Daerah Timor Laut,38,0,0,,2011-02-16,2012-01-08
3850-8,3850,PLENITUDE HEIGHTS SDN. BHD.,Bayu Ferringhi,Pulau Pinang,Daerah Timor Laut,112,0,0,,2011-01-12,2012-01-11
3850-9,3850,PLENITUDE HEIGHTS SDN. BHD.,Bintang Maya,Kedah,Kuala Muda,164,0,0,,2017-06-21,2018-06-20
3850-10,3850,PLENITUDE HEIGHTS SDN. BHD.,Bintang Maya Ii,Kedah,Kuala Muda,81,0,0,,2019-06-16,2020-06-15
3850-11,3850,PLENITUDE HEIGHTS SDN. BHD.,Bintang Maya Ii,Kedah,Kuala Muda,56,0,0,,2019-03-06,2021-03-05
3850-12,3850,PLENITUDE HEIGHTS SDN. BHD.,Bintang Maya Iii,Kedah,Kuala Muda,60,0,0,,2021-04-22,2023-04-21
3850-13,3850,PLENITUDE HEIGHTS SDN. BHD.,Ramlee Bukit Bintang,Kedah,Kuala Muda,26,4,3,,2023-01-27,2025-01-26
3850-14,3850,PLENITUDE HEIGHTS SDN. BHD.,Ramlee Bukit Bintang,Kedah,Kuala Muda,26,4,3,,2023-04-06,2025-04-05
3850-15,3850,PLENITUDE HEIGHTS SDN. BHD.,Ramlee Bukit Bintang,Kedah,Kuala Muda,44,4,3,,2023-08-23,2025-08-22
3850-16,3850,PLENITUDE HEIGHTS SDN. BHD.,Bintang Bayu Sari,Kedah,-,96,4,3,,2025-08-07,2027-08-06
3856-1,3856,WARICIN SDN. BHD.,Taman Simpang Dua,-,-,0,0,0,,1992-07-22,1993-07-21
3869-1,3869,PARAMOUNT REALTY SDN. BHD.,Taman Sejahtera,-,-,0,0,0,,2005-06-06,2006-06-05
3886-1,3886,KUMPULAN SRI MAJU SDN. BHD.,Taman Sulim,-,-,0,0,0,,,
3888-1,3888,JIWA PROPERTY SDN. BHD.,Taman Kepong Indah,-,-,0,0,0,,1992-11-21,1993-11-20
3888-2,3888,JIWA PROPERTY SDN. BHD.,Taman Tan Sri Yacob,-,-,0,0,0,,1997-07-08,1998-07-07
3888-3,3888,JIWA PROPERTY SDN. BHD.,Taman Tan Sri Yacob,-,-,0,0,0,,2005-04-26,2006-04-25
3888-4,3888,JIWA PROPERTY SDN. BHD.,Taman Tan  Sri Yacob - Casa Ria,-,-,0,0,0,,2000-09-11,2001-09-10
3888-5,3888,JIWA PROPERTY SDN. BHD.,Taman Alam Indah,Selangor,Klang,426,0,0,,2012-05-03,2013-02-16
3888-6,3888,JIWA PROPERTY SDN. BHD.,Taman Alam Indah,Selangor,Klang,65,0,0,,2014-06-07,2016-06-06
3890-1,3890,UNI-GREEN DEVELOPMENT SDN. BHD.,Taman Sejati,Kedah,Kuala Muda,2440,0,0,,1998-06-01,1999-05-31
3897-1,3897,RAZLIM DEVELOPMENT SDN. BHD.,Taman Pedah Jaya,-,-,0,0,0,,1987-08-25,1988-08-24
3900-1,3900,SAFEWAY ENTERPRISE SDN. BHD.,Taman Datuk Leow Yan Sip,-,-,0,0,0,,1989-09-16,1990-09-15
3900-2,3900,SAFEWAY ENTERPRISE SDN. BHD.,Taman Selamat,-,-,0,0,0,,,
3900-3,3900,SAFEWAY ENTERPRISE SDN. BHD.,Taman Bunga Raya Baru,-,-,0,0,0,,1999-05-03,2000-05-02
3900-4,3900,SAFEWAY ENTERPRISE SDN. BHD.,Taman Selamat,-,-,0,0,0,,1998-10-30,1999-10-29
3901-1,3901,NIAN FOON DEVELOPMENT & REALTY SDN. BHD.,Taman Gemencheh Indah,-,-,0,0,0,,1991-03-22,1992-03-21
3901-2,3901,NIAN FOON DEVELOPMENT & REALTY SDN. BHD.,"Taman Sri Asahan, Gemencheh",-,-,0,0,0,,1993-09-01,1994-08-31
3901-3,3901,NIAN FOON DEVELOPMENT & REALTY SDN. BHD.,Taman Kompang Ria,Melaka,Alor Gajah,24,0,0,,2008-11-14,2009-05-13
3902-1,3902,SYARIKAT PERUMAHAN SEJATI SDN. BHD.,Taman Raja Ekram,-,-,0,0,0,,1993-09-15,1994-09-14
3919-1,3919,SETAPAK HEIGHTS DEVELOPMENT SDN. BHD.,Taman Desa Setapak,-,-,0,0,0,,1987-01-20,1988-01-19
3919-2,3919,SETAPAK HEIGHTS DEVELOPMENT SDN. BHD.,Villa Wangsamas,Wp Kuala Lumpur,Kuala Lumpur,1315,0,0,,2009-05-15,2010-05-14
3919-3,3919,SETAPAK HEIGHTS DEVELOPMENT SDN. BHD.,Setapak Heights Develoment Sdn. Bhd.,Wp Kuala Lumpur,Kuala Lumpur,523,0,0,,2014-05-16,2016-05-15
3920-1,3920,SETIALAND REALTY SDN. BHD.,Taman Sri Pantai,-,-,0,0,0,,1987-10-28,1988-10-27
3920-2,3920,SETIALAND REALTY SDN. BHD.,Taman Air Baloi,-,-,0,0,0,,1991-10-24,1992-10-23
3920-3,3920,SETIALAND REALTY SDN. BHD.,Lot Ptd 7782-7870,-,-,0,0,0,,,
3920-4,3920,SETIALAND REALTY SDN. BHD.,Taman Sri Perhentian,-,-,0,0,0,,1996-08-09,1997-08-08
3920-5,3920,SETIALAND REALTY SDN. BHD.,Taman Setia,-,-,0,0,0,,1999-03-09,2000-03-08
3920-6,3920,SETIALAND REALTY SDN. BHD.,Taman Sri Perhentian (fasa 2),-,-,0,0,0,,1999-03-09,2000-03-08
3920-7,3920,SETIALAND REALTY SDN. BHD.,Taman Permata,Johor,Pontian,65,0,0,,2008-09-15,2009-08-11
3920-8,3920,SETIALAND REALTY SDN. BHD.,Taman Permata,-,-,0,0,0,,,
3925-1,3925,TUAH BAKTI SDN. BHD.,Taman Sri Temenggong - Muar,-,-,0,0,0,,1987-07-31,1988-07-30
3925-2,3925,TUAH BAKTI SDN. BHD.,Taman Jasa Amir,-,-,0,0,0,,2001-03-29,2002-03-28
3925-3,3925,TUAH BAKTI SDN. BHD.,Taman Sri Temenggong Fasa Ii,-,-,0,0,0,,1998-08-28,1999-08-27
3925-4,3925,TUAH BAKTI SDN. BHD.,Taman Sri Temenggong Fasa Ii,-,-,0,0,0,,1996-05-27,1997-05-26
3925-5,3925,TUAH BAKTI SDN. BHD.,Taman Tuah Peserai  ,-,-,0,0,0,,2000-07-31,2001-07-30
3925-6,3925,TUAH BAKTI SDN. BHD.,Taman Sri Tuah,-,-,0,0,0,,2000-12-01,2001-11-30
3927-1,3927,SIME DARBY PROPERTY (BUKIT RAJA) SDN. BHD.,Uep Subang Jaya Fasa 39-70,-,-,0,0,0,,1993-11-25,1994-11-24
3927-2,3927,SIME DARBY PROPERTY (BUKIT RAJA) SDN. BHD.,Taman Subang Jaya F 71-91,-,-,0,0,0,,1993-11-23,1994-11-22
3927-3,3927,SIME DARBY PROPERTY (BUKIT RAJA) SDN. BHD.,Usj Subang Jaya,-,-,0,0,0,,1990-05-30,1991-05-29
3927-4,3927,SIME DARBY PROPERTY (BUKIT RAJA) SDN. BHD.,Uep Subang Jaya,-,-,0,0,0,,1993-07-14,1994-07-13
3927-5,3927,SIME DARBY PROPERTY (BUKIT RAJA) SDN. BHD.,"L,mana.c,wlis.b,hara,mcalister",-,-,0,0,0,,,
3927-6,3927,SIME DARBY PROPERTY (BUKIT RAJA) SDN. BHD.,"R/manor,esplanade",-,-,0,0,0,,,
3927-7,3927,SIME DARBY PROPERTY (BUKIT RAJA) SDN. BHD.,Uep Subang Jaya,-,-,0,0,0,,,
3927-8,3927,SIME DARBY PROPERTY (BUKIT RAJA) SDN. BHD.,Uep Subang Jaya Fasa 29 A.,-,-,0,0,0,,,
3927-9,3927,SIME DARBY PROPERTY (BUKIT RAJA) SDN. BHD.,Uep Subang Jaya Fasa29 B/1,-,-,0,0,0,,,
3927-10,3927,SIME DARBY PROPERTY (BUKIT RAJA) SDN. BHD.,Uep Subang Jaya Fasa 29 B/2,-,-,0,0,0,,,
3927-11,3927,SIME DARBY PROPERTY (BUKIT RAJA) SDN. BHD.,Uep Subang Jaya Fasa 35b,-,-,0,0,0,,1995-01-18,1996-01-17
3927-12,3927,SIME DARBY PROPERTY (BUKIT RAJA) SDN. BHD.,Uep Subang Jaya,-,-,0,0,0,,,
3927-13,3927,SIME DARBY PROPERTY (BUKIT RAJA) SDN. BHD.,Uep Subang Jaya Fasa 35a/2,-,-,0,0,0,,1995-01-18,1996-01-17
3927-14,3927,SIME DARBY PROPERTY (BUKIT RAJA) SDN. BHD.,Uep Subang Jaya Fasa 30b,-,-,0,0,0,,,
3927-15,3927,SIME DARBY PROPERTY (BUKIT RAJA) SDN. BHD.,Uep Subang Jaya Fasa 30a,-,-,0,0,0,,,
3927-16,3927,SIME DARBY PROPERTY (BUKIT RAJA) SDN. BHD.,Uep Subang Jaya 34b,-,-,0,0,0,,,
3927-17,3927,SIME DARBY PROPERTY (BUKIT RAJA) SDN. BHD.,Uep Subang Jaya Fasa 34c,-,-,0,0,0,,,
3927-18,3927,SIME DARBY PROPERTY (BUKIT RAJA) SDN. BHD.,Uep Subang Jaya Fasa 34a,-,-,0,0,0,,,
3927-19,3927,SIME DARBY PROPERTY (BUKIT RAJA) SDN. BHD.,Uep Subang Jaya Fasa 37b,-,-,0,0,0,,,
3927-20,3927,SIME DARBY PROPERTY (BUKIT RAJA) SDN. BHD.,Uep Subang Jaya 43b,Selangor,Petaling ,100,0,0,,1997-06-09,1998-06-08
3927-21,3927,SIME DARBY PROPERTY (BUKIT RAJA) SDN. BHD.,Putra Heights - Fasa 3a/1 & 3a/2,-,-,0,0,0,,2001-11-26,2002-11-25
3927-22,3927,SIME DARBY PROPERTY (BUKIT RAJA) SDN. BHD.,Putra Heights - Fasa 3b,-,-,0,0,0,,2002-11-14,2003-10-18
3927-23,3927,SIME DARBY PROPERTY (BUKIT RAJA) SDN. BHD.,Putra Heights - Fasa 3c/1,-,-,0,0,0,,2002-11-26,2003-10-18
3927-24,3927,SIME DARBY PROPERTY (BUKIT RAJA) SDN. BHD.,Putra Heights - Fasa 3c/2,-,-,0,0,0,,2001-12-20,2002-12-19
3927-25,3927,SIME DARBY PROPERTY (BUKIT RAJA) SDN. BHD.,Putra Heights - Fasa 2g/2,-,-,0,0,0,,2002-07-26,2003-07-25
3927-26,3927,SIME DARBY PROPERTY (BUKIT RAJA) SDN. BHD.,Putra Heights - Fasa 2h/1,-,-,0,0,0,,2003-04-12,2004-04-11
3927-27,3927,SIME DARBY PROPERTY (BUKIT RAJA) SDN. BHD.,Putra Heights - Fasa 2h/2,-,-,0,0,0,,2003-04-12,2004-04-11
3927-28,3927,SIME DARBY PROPERTY (BUKIT RAJA) SDN. BHD.,Putra Heights  Fasa 2j/1,-,-,0,0,0,,2003-04-12,2004-04-11
3927-29,3927,SIME DARBY PROPERTY (BUKIT RAJA) SDN. BHD.,Putra Heights - Fasa 2g/1,-,-,0,0,0,,2003-06-03,2004-06-02
3927-30,3927,SIME DARBY PROPERTY (BUKIT RAJA) SDN. BHD.,Usj 3 - Fasa En1,-,-,0,0,0,,2002-11-14,2003-11-13
3927-31,3927,SIME DARBY PROPERTY (BUKIT RAJA) SDN. BHD.,Usj 3 - Fasa En2a,-,-,0,0,0,,2002-11-14,2003-11-13
3927-32,3927,SIME DARBY PROPERTY (BUKIT RAJA) SDN. BHD.,Usj 3 - Fasa En2b,-,-,0,0,0,,2001-11-06,2002-11-05
3927-33,3927,SIME DARBY PROPERTY (BUKIT RAJA) SDN. BHD.,Usj 3 - Fasa En3,-,-,0,0,0,,2001-11-06,2002-11-05
3927-34,3927,SIME DARBY PROPERTY (BUKIT RAJA) SDN. BHD.,Usj 3 - Fasa En4,-,-,0,0,0,,2003-05-27,2004-05-26
3927-35,3927,SIME DARBY PROPERTY (BUKIT RAJA) SDN. BHD.,Usj 3 - Fasa En5,-,-,0,0,0,,2003-12-14,2004-11-05
3927-36,3927,SIME DARBY PROPERTY (BUKIT RAJA) SDN. BHD.,Usj 3 - Fasa En6,-,-,0,0,0,,2003-06-03,2004-06-02
3927-37,3927,SIME DARBY PROPERTY (BUKIT RAJA) SDN. BHD.,Putra Heights - Fasa 2j/2,-,-,0,0,0,,2003-06-03,2004-06-02
3927-38,3927,SIME DARBY PROPERTY (BUKIT RAJA) SDN. BHD.,Putra Heights - Fasa 2h/3,-,-,0,0,0,,2003-06-13,2004-06-12
3927-39,3927,SIME DARBY PROPERTY (BUKIT RAJA) SDN. BHD.,Putra Heights - Fasa 3h/1,Selangor,Petaling ,1040,0,0,,2003-10-11,2004-10-10
3927-40,3927,SIME DARBY PROPERTY (BUKIT RAJA) SDN. BHD.,Bandar Bukit Raja Fasa 4a,-,-,0,0,0,,2003-09-08,2004-09-07
3927-41,3927,SIME DARBY PROPERTY (BUKIT RAJA) SDN. BHD.,Bandar Bukit Raja Fasa 4b,-,-,0,0,0,,2003-09-08,2004-09-07
3927-42,3927,SIME DARBY PROPERTY (BUKIT RAJA) SDN. BHD.,Bandar Bukit Raja Fasa 4c,-,-,0,0,0,,2003-09-15,2004-09-14
3927-43,3927,SIME DARBY PROPERTY (BUKIT RAJA) SDN. BHD.,Bandar Bukit Raja,Selangor,Klang,120,0,0,,2009-10-13,2010-10-12
3927-44,3927,SIME DARBY PROPERTY (BUKIT RAJA) SDN. BHD.,Pinggiran Usj,Selangor,Petaling ,152,0,0,,2007-05-18,2008-05-17
3927-45,3927,SIME DARBY PROPERTY (BUKIT RAJA) SDN. BHD.,Pinggiran Usj - Fasa En9,-,-,0,0,0,,2003-10-08,2004-10-07
3927-46,3927,SIME DARBY PROPERTY (BUKIT RAJA) SDN. BHD.,Pinggiran Usj,Selangor,Petaling ,247,0,0,,2007-08-17,2008-08-16
3927-47,3927,SIME DARBY PROPERTY (BUKIT RAJA) SDN. BHD.,Pinggiran Usj,Selangor,Petaling ,81,0,0,,2005-07-27,2006-07-26
3927-48,3927,SIME DARBY PROPERTY (BUKIT RAJA) SDN. BHD.,Fasa 4a/1 - Putra Heights,-,-,0,0,0,,2003-11-14,2004-11-13
3927-49,3927,SIME DARBY PROPERTY (BUKIT RAJA) SDN. BHD.,Fasa 4a/2 Putra Heights,-,-,0,0,0,,2004-11-14,2005-11-12
3927-50,3927,SIME DARBY PROPERTY (BUKIT RAJA) SDN. BHD.,Fasa 4b/1 - Putra Heights,-,-,0,0,0,,2005-01-29,2005-11-13
3927-51,3927,SIME DARBY PROPERTY (BUKIT RAJA) SDN. BHD.,Fasa 4b/2 - Putra Heights,-,-,0,0,0,,2004-01-16,2005-01-15
3927-52,3927,SIME DARBY PROPERTY (BUKIT RAJA) SDN. BHD.,Bandar Bukit Raja,Selangor,Klang,100,0,0,,2007-05-18,2008-05-17
3927-53,3927,SIME DARBY PROPERTY (BUKIT RAJA) SDN. BHD.,Bandar Bukit Raja  - Fasa 12d (i),-,-,370,0,0,,2005-07-16,2006-07-15
3927-54,3927,SIME DARBY PROPERTY (BUKIT RAJA) SDN. BHD.,Bandar Bukit Raja  - Fasa 12 D (ii),-,-,320,0,0,,2005-06-25,2006-06-24
3927-55,3927,SIME DARBY PROPERTY (BUKIT RAJA) SDN. BHD.,Bandar Bukit Raja,Selangor,Klang,218,0,0,,2006-04-25,2007-03-20
3927-56,3927,SIME DARBY PROPERTY (BUKIT RAJA) SDN. BHD.,Putra Heights - Fasa 4k/2,-,-,0,0,0,,2004-05-08,2005-05-07
3927-57,3927,SIME DARBY PROPERTY (BUKIT RAJA) SDN. BHD.,Putra Heights - Fasa 4k/1 & 4j,Selangor,Petaling ,103,0,0,,2005-07-21,2023-07-20
3927-58,3927,SIME DARBY PROPERTY (BUKIT RAJA) SDN. BHD.,Bandar Bukit Raja,Selangor,Klang,157,0,0,,2005-08-18,2006-06-10
3927-59,3927,SIME DARBY PROPERTY (BUKIT RAJA) SDN. BHD.,Putra Heights,Selangor,Petaling ,102,0,0,,2004-10-22,2005-10-21
3927-60,3927,SIME DARBY PROPERTY (BUKIT RAJA) SDN. BHD.,Putra Heights,Selangor,Petaling ,90,0,0,,2005-12-07,2006-10-28
3927-61,3927,SIME DARBY PROPERTY (BUKIT RAJA) SDN. BHD.,Putra Heights,Selangor,Petaling ,148,0,0,,2005-03-17,2006-03-16
3927-62,3927,SIME DARBY PROPERTY (BUKIT RAJA) SDN. BHD.,Bandar Bukit Raja,Selangor,Klang,81,0,0,,2006-04-14,2007-02-19
3927-63,3927,SIME DARBY PROPERTY (BUKIT RAJA) SDN. BHD.,Putra Heights,Selangor,Petaling ,132,0,0,,2005-06-08,2006-06-07
3927-64,3927,SIME DARBY PROPERTY (BUKIT RAJA) SDN. BHD.,Putra Heights,Selangor,Petaling ,144,0,0,,2005-06-11,2006-06-10
3927-65,3927,SIME DARBY PROPERTY (BUKIT RAJA) SDN. BHD.,Bandar Bukit Raja,Selangor,Klang,196,0,0,,2007-10-22,2008-10-21
3927-66,3927,SIME DARBY PROPERTY (BUKIT RAJA) SDN. BHD.,Pinggiran Usj,Selangor,Petaling ,550,0,0,,2006-01-14,2007-01-13
3927-67,3927,SIME DARBY PROPERTY (BUKIT RAJA) SDN. BHD.,Putra Heights,Selangor,Petaling ,38,0,0,,2006-07-04,2007-07-03
3927-68,3927,SIME DARBY PROPERTY (BUKIT RAJA) SDN. BHD.,Putra Heights,Selangor,Petaling ,152,0,0,,2006-05-24,2007-05-23
3927-69,3927,SIME DARBY PROPERTY (BUKIT RAJA) SDN. BHD.,Putra Heights,Selangor,Petaling ,165,0,0,,2006-04-14,2007-04-13
3927-70,3927,SIME DARBY PROPERTY (BUKIT RAJA) SDN. BHD.,Putra Heights,Selangor,Petaling ,165,0,0,,2007-08-22,2008-08-02
3927-71,3927,SIME DARBY PROPERTY (BUKIT RAJA) SDN. BHD.,Putra Heights,Selangor,Petaling ,38,0,0,,2007-10-25,2008-08-02
3927-72,3927,SIME DARBY PROPERTY (BUKIT RAJA) SDN. BHD.,Putra Heights,Selangor,Petaling ,152,0,0,,2007-10-25,2008-08-10
3927-73,3927,SIME DARBY PROPERTY (BUKIT RAJA) SDN. BHD.,Bandar Bukit Raja Fasa 12a,Selangor,Klang,108,0,0,,2007-08-20,2008-08-02
3927-74,3927,SIME DARBY PROPERTY (BUKIT RAJA) SDN. BHD.,Putra Heights (fasa 5a),Selangor,Petaling ,134,0,0,,2007-04-25,2008-04-24
3927-75,3927,SIME DARBY PROPERTY (BUKIT RAJA) SDN. BHD.,Putra Heights,Selangor,Petaling ,153,0,0,,2007-05-24,2008-05-23
3927-76,3927,SIME DARBY PROPERTY (BUKIT RAJA) SDN. BHD.,Bandar Bukit Raja (fasa 13g),Selangor,Klang,98,0,0,,2007-08-11,2008-08-10
3927-77,3927,SIME DARBY PROPERTY (BUKIT RAJA) SDN. BHD.,Bandar Bukit Raja (fasa 12c),Selangor,Klang,214,0,0,,2008-09-02,2009-07-12
3927-78,3927,SIME DARBY PROPERTY (BUKIT RAJA) SDN. BHD.,Bandar Bukit Raja 13b,Selangor,Klang,119,0,0,,2007-08-22,2008-08-21
3927-79,3927,SIME DARBY PROPERTY (BUKIT RAJA) SDN. BHD.,Putra Heights Fasa 2c,Selangor,Petaling ,87,0,0,,2008-01-17,2009-01-16
3927-80,3927,SIME DARBY PROPERTY (BUKIT RAJA) SDN. BHD.,Bandar Bukit Raja 13c,Selangor,Klang,98,0,0,,2009-02-24,2009-11-08
3927-81,3927,SIME DARBY PROPERTY (BUKIT RAJA) SDN. BHD.,Putra Heights (fasa 2a),Selangor,Petaling ,154,0,0,,2008-01-10,2009-01-09
3927-82,3927,SIME DARBY PROPERTY (BUKIT RAJA) SDN. BHD.,Putra Heights (fasa 2b),Selangor,Petaling ,193,0,0,,2009-02-26,2010-01-25
3927-83,3927,SIME DARBY PROPERTY (BUKIT RAJA) SDN. BHD.,Bandar Bukit Raja (fasa 13a),Selangor,Klang,108,0,0,,2009-04-22,2010-04-09
3927-84,3927,SIME DARBY PROPERTY (BUKIT RAJA) SDN. BHD.,Bandar Bukit Raja (fasa 13e),Selangor,Klang,224,0,0,,2009-04-22,2010-04-04
3927-85,3927,SIME DARBY PROPERTY (BUKIT RAJA) SDN. BHD.,Usj Heights (ush 2a),Selangor,Petaling ,83,0,0,,2008-09-04,2009-09-03
3927-86,3927,SIME DARBY PROPERTY (BUKIT RAJA) SDN. BHD.,Usj Heights Fasa 2b,Selangor,Petaling ,125,0,0,,2010-11-22,2011-11-21
3927-87,3927,SIME DARBY PROPERTY (BUKIT RAJA) SDN. BHD.,Putra Heights Fasa 2f,Selangor,Petaling ,205,0,0,,2009-11-03,2010-09-25
3927-88,3927,SIME DARBY PROPERTY (BUKIT RAJA) SDN. BHD.,Putra Heights (5d),Selangor,Petaling ,36,0,0,,2008-12-17,2009-12-16
3927-89,3927,SIME DARBY PROPERTY (BUKIT RAJA) SDN. BHD.,Casa Vista (13f),Selangor,Klang,198,0,0,,2009-01-05,2010-01-04
3927-90,3927,SIME DARBY PROPERTY (BUKIT RAJA) SDN. BHD.,Putra Heights Fasa 5e,Selangor,Petaling ,52,0,0,,2009-07-09,2010-07-08
3927-91,3927,SIME DARBY PROPERTY (BUKIT RAJA) SDN. BHD.,Avira (fasa Br13d),Selangor,Klang,171,0,0,,2010-06-30,2011-05-22
3927-92,3927,SIME DARBY PROPERTY (BUKIT RAJA) SDN. BHD.,Putra Heights - Amber (ht2e),Selangor,Petaling ,74,0,0,,2009-07-09,2010-07-08
3927-93,3927,SIME DARBY PROPERTY (BUKIT RAJA) SDN. BHD.,Casa Nova (fasa Br13f/2),Selangor,Klang,166,0,0,,2010-08-23,2011-06-09
3927-94,3927,SIME DARBY PROPERTY (BUKIT RAJA) SDN. BHD.,Bandar Bukit Raja (fasa 1c),Selangor,Klang,84,0,0,,2011-03-17,2011-09-25
3927-95,3927,SIME DARBY PROPERTY (BUKIT RAJA) SDN. BHD.,Usj Hieghts (ush 8a),Selangor,Petaling ,58,0,0,,2011-04-22,2012-04-09
3927-96,3927,SIME DARBY PROPERTY (BUKIT RAJA) SDN. BHD.,Putra Heights (ht5b),Selangor,Petaling ,66,0,0,,2011-06-01,2012-04-09
3927-97,3927,SIME DARBY PROPERTY (BUKIT RAJA) SDN. BHD.,Putra Heights (ht5c),Selangor,Petaling ,105,0,0,,2010-04-19,2011-04-18
3927-98,3927,SIME DARBY PROPERTY (BUKIT RAJA) SDN. BHD.,Bandar Bukit Raja (fasa 14a),Selangor,Klang,198,0,0,,2010-05-03,2011-05-02
3927-99,3927,SIME DARBY PROPERTY (BUKIT RAJA) SDN. BHD.,Usj Heights (ush 6),Selangor,Petaling ,98,0,0,,2012-02-09,2012-07-05
3927-100,3927,SIME DARBY PROPERTY (BUKIT RAJA) SDN. BHD.,Bandar Bukit Raja (fasa 14b),Selangor,Klang,141,0,0,,2011-05-04,2012-05-03
3927-101,3927,SIME DARBY PROPERTY (BUKIT RAJA) SDN. BHD.,Bandar Bukit Raja (fasa 14c),Selangor,Klang,183,0,0,,2011-04-27,2012-04-26
3927-102,3927,SIME DARBY PROPERTY (BUKIT RAJA) SDN. BHD.,Usj Heights (ush 3a),Selangor,Petaling ,82,0,0,,2011-04-27,2012-04-26
3927-103,3927,SIME DARBY PROPERTY (BUKIT RAJA) SDN. BHD.,Usj Heights (ush 3b),Selangor,Petaling ,107,0,0,,2011-07-22,2012-07-21
3927-104,3927,SIME DARBY PROPERTY (BUKIT RAJA) SDN. BHD.,Putra Heights (ht5t),Selangor,Petaling ,222,0,0,,2015-11-18,2016-11-17
3927-105,3927,SIME DARBY PROPERTY (BUKIT RAJA) SDN. BHD.,Bandar Bukit Raja (fasa 11a),Selangor,Klang,202,0,0,,2011-09-30,2012-09-29
3927-106,3927,SIME DARBY PROPERTY (BUKIT RAJA) SDN. BHD.,Subang Jaya (fasa 1d),Selangor,Petaling ,12,0,0,,2010-10-13,2011-10-12
3927-107,3927,SIME DARBY PROPERTY (BUKIT RAJA) SDN. BHD.,Usj Heights (ush 4a),Selangor,Petaling ,58,0,0,,2010-11-08,2011-11-07
3927-108,3927,SIME DARBY PROPERTY (BUKIT RAJA) SDN. BHD.,Usj Heights (ush 4b),Selangor,Petaling ,66,0,0,,2012-01-10,2013-01-09
3927-109,3927,SIME DARBY PROPERTY (BUKIT RAJA) SDN. BHD.,Usj Heights (ush 8b),Selangor,Petaling ,35,0,0,,2010-12-28,2011-12-27
3927-110,3927,SIME DARBY PROPERTY (BUKIT RAJA) SDN. BHD.,Bandar Bukit Raja (fasa 11b),Selangor,Klang,194,0,0,,2011-01-12,2012-01-11
3927-111,3927,SIME DARBY PROPERTY (BUKIT RAJA) SDN. BHD.,Bandar Bukit Raja (fasa 14d),Selangor,Klang,54,0,0,,2011-03-21,2012-03-20
3927-112,3927,SIME DARBY PROPERTY (BUKIT RAJA) SDN. BHD.,Usj Heights (ush 7a),Selangor,Petaling ,14,0,0,,2011-04-14,2012-04-13
3927-113,3927,SIME DARBY PROPERTY (BUKIT RAJA) SDN. BHD.,Usj Heights (ush 7b),Selangor,Petaling ,17,0,0,,2011-10-03,2012-10-02
3927-114,3927,SIME DARBY PROPERTY (BUKIT RAJA) SDN. BHD.,Bandar Bukit Raja (br11c),Selangor,Klang,109,0,0,,2012-03-07,2013-03-06
3927-115,3927,SIME DARBY PROPERTY (BUKIT RAJA) SDN. BHD.,Bandar Bukit Raja (15a2),Selangor,Klang,161,0,0,,2013-06-11,2015-06-10
3927-116,3927,SIME DARBY PROPERTY (BUKIT RAJA) SDN. BHD.,Bandar Bukit Raja (15a1),Selangor,Klang,160,0,0,,2013-06-15,2015-06-14
3927-117,3927,SIME DARBY PROPERTY (BUKIT RAJA) SDN. BHD.,Bandar Bukit Raja (15b1),Selangor,Klang,71,0,0,,2013-06-18,2015-06-17
3927-118,3927,SIME DARBY PROPERTY (BUKIT RAJA) SDN. BHD.,Bandar Bukit Raja (15b2),Selangor,Klang,125,0,0,,2013-06-18,2015-06-17
3927-119,3927,SIME DARBY PROPERTY (BUKIT RAJA) SDN. BHD.,Bandar Bukit Raja (15c1),Selangor,Klang,91,0,0,,2013-09-19,2015-09-18
3927-120,3927,SIME DARBY PROPERTY (BUKIT RAJA) SDN. BHD.,Bandar Bukit Raja (15c2),Selangor,Klang,74,0,0,,2013-09-19,2015-09-18
3927-121,3927,SIME DARBY PROPERTY (BUKIT RAJA) SDN. BHD.,Bandar Bukit Raja (15d1),Selangor,Klang,66,0,0,,2014-01-10,2016-01-09
3927-122,3927,SIME DARBY PROPERTY (BUKIT RAJA) SDN. BHD.,Bandar Bukit Raja (15d2),Selangor,Klang,99,0,0,,2014-01-22,2016-01-21
3927-123,3927,SIME DARBY PROPERTY (BUKIT RAJA) SDN. BHD.,Bandar Bukit Raja (15e),Selangor,Klang,102,0,0,,2014-04-23,2016-04-22
3927-124,3927,SIME DARBY PROPERTY (BUKIT RAJA) SDN. BHD.,Bandar Bukit Raja (15f1),Selangor,Klang,125,0,0,,2017-09-11,2018-09-10
3927-125,3927,SIME DARBY PROPERTY (BUKIT RAJA) SDN. BHD.,Putra Heights (ht5q),Selangor,Petaling ,340,0,0,,2014-05-16,2016-05-15
3927-126,3927,SIME DARBY PROPERTY (BUKIT RAJA) SDN. BHD.,Bandar Bukit Raja (15f2),Selangor,Klang,104,0,0,,2014-07-19,2016-07-18
3927-127,3927,SIME DARBY PROPERTY (BUKIT RAJA) SDN. BHD.,Tpp Plot 1,Johor,Johor Bahru,184,0,0,,2016-11-11,2017-11-10
3927-128,3927,SIME DARBY PROPERTY (BUKIT RAJA) SDN. BHD.,Seruling,Selangor,Klang,618,0,0,,2019-04-06,2020-04-05
3927-129,3927,SIME DARBY PROPERTY (BUKIT RAJA) SDN. BHD.,Bandar Bukit Raja (17b),Selangor,Klang,570,0,0,,2020-08-06,2021-08-05
3927-130,3927,SIME DARBY PROPERTY (BUKIT RAJA) SDN. BHD.,Bandar Bukit Raja (phase Ro7),Selangor,Klang,230,0,0,,2016-12-16,2018-12-15
3927-131,3927,SIME DARBY PROPERTY (BUKIT RAJA) SDN. BHD.,Rumah Selangorku (ht4),Selangor,Petaling ,1700,0,0,,2021-03-22,2022-03-21
3927-132,3927,SIME DARBY PROPERTY (BUKIT RAJA) SDN. BHD.,Casira (r10a),Selangor,Klang,82,0,0,,2017-05-17,2019-05-16
3927-133,3927,SIME DARBY PROPERTY (BUKIT RAJA) SDN. BHD.,Casira 2 (r10b),Selangor,Klang,111,0,0,,2017-07-05,2019-07-04
3927-134,3927,SIME DARBY PROPERTY (BUKIT RAJA) SDN. BHD.,The Residences,Selangor,Petaling ,15,7,7,,2023-11-16,2024-11-15
3927-135,3927,SIME DARBY PROPERTY (BUKIT RAJA) SDN. BHD.,Azira (r4),Selangor,Klang,111,0,0,,2017-12-09,2019-12-08
3927-136,3927,SIME DARBY PROPERTY (BUKIT RAJA) SDN. BHD.,Phase R5,Selangor,Klang,166,0,0,,2018-03-02,2020-03-01
3927-137,3927,SIME DARBY PROPERTY (BUKIT RAJA) SDN. BHD.,Phase R3b,Selangor,Klang,120,0,0,,2018-06-02,2020-06-01
3927-138,3927,SIME DARBY PROPERTY (BUKIT RAJA) SDN. BHD.,Phase R3a,Selangor,Klang,160,0,0,,2020-07-15,2021-07-14
3927-139,3927,SIME DARBY PROPERTY (BUKIT RAJA) SDN. BHD.,Phase Ht5t4(ii),Selangor,Petaling ,72,0,0,,2022-02-15,2023-02-14
3927-140,3927,SIME DARBY PROPERTY (BUKIT RAJA) SDN. BHD.,Phase 14b2,Selangor,Klang,165,0,0,,2019-03-20,2021-03-19
3927-141,3927,SIME DARBY PROPERTY (BUKIT RAJA) SDN. BHD.,Phase R12b,Selangor,Klang,194,0,0,,2021-05-24,2023-05-23
3927-142,3927,SIME DARBY PROPERTY (BUKIT RAJA) SDN. BHD.,Br14f,Selangor,Klang,25,0,0,,2019-07-13,2021-07-12
3927-143,3927,SIME DARBY PROPERTY (BUKIT RAJA) SDN. BHD.,Kyra 2,Selangor,Klang,134,0,0,,2021-11-16,2022-11-15
3927-144,3927,SIME DARBY PROPERTY (BUKIT RAJA) SDN. BHD.,Lumira,Selangor,Klang,232,0,0,,2022-01-31,2023-01-30
3927-145,3927,SIME DARBY PROPERTY (BUKIT RAJA) SDN. BHD.,Lyra 1,Selangor,Klang,91,0,0,,2023-04-17,2024-04-16
3927-146,3927,SIME DARBY PROPERTY (BUKIT RAJA) SDN. BHD.,Inang,Selangor,Klang,236,"3, 4","2, 3",,2024-04-20,2025-04-19
3927-147,3927,SIME DARBY PROPERTY (BUKIT RAJA) SDN. BHD.,Lyra 2,Selangor,Klang,100,0,0,,2023-05-22,2024-05-21
3927-148,3927,SIME DARBY PROPERTY (BUKIT RAJA) SDN. BHD.,Lyra 3,Selangor,Klang,81,0,0,,2023-07-23,2024-07-22
3927-149,3927,SIME DARBY PROPERTY (BUKIT RAJA) SDN. BHD.,Alura 2,Selangor,Klang,97,0,0,,2023-12-31,2024-12-30
3927-150,3927,SIME DARBY PROPERTY (BUKIT RAJA) SDN. BHD.,Alura 1,Selangor,Klang,90,0,0,,2023-12-31,2024-12-30
3927-151,3927,SIME DARBY PROPERTY (BUKIT RAJA) SDN. BHD.,Gamelan,Selangor,Klang,154,3,"2, 3",,2024-01-21,2025-01-20
3927-152,3927,SIME DARBY PROPERTY (BUKIT RAJA) SDN. BHD.,Nadira 1,Selangor,Klang,119,"3, 4","3, 4",,2024-03-03,2025-03-02
3927-153,3927,SIME DARBY PROPERTY (BUKIT RAJA) SDN. BHD.,Nadira 2,Selangor,Klang,123,4,4,,2024-03-04,2025-03-03
3927-154,3927,SIME DARBY PROPERTY (BUKIT RAJA) SDN. BHD.,The Glades,Selangor,Petaling ,122,"4, 5","4, 5",,2026-09-13,2027-09-12
3927-155,3927,SIME DARBY PROPERTY (BUKIT RAJA) SDN. BHD.,Residensi Serasi,Selangor,Petaling ,1428,"2, 3","1, 2, 3",,2025-12-22,2026-12-21
3927-156,3927,SIME DARBY PROPERTY (BUKIT RAJA) SDN. BHD.,Nadira 3,Selangor,Klang,139,4,4,,2023-03-15,2025-03-14
3927-157,3927,SIME DARBY PROPERTY (BUKIT RAJA) SDN. BHD.,Casira 3 (siri 2),Selangor,Klang,108,4,4,,2025-04-13,2026-04-12
3927-158,3927,SIME DARBY PROPERTY (BUKIT RAJA) SDN. BHD.,Casira 3 (siri 1),Selangor,Klang,120,4,4,,2025-05-09,2026-05-08
3927-159,3927,SIME DARBY PROPERTY (BUKIT RAJA) SDN. BHD.,Casira 3 (siri 3),Selangor,Klang,118,4,4,,2025-05-25,2026-05-24
3927-160,3927,SIME DARBY PROPERTY (BUKIT RAJA) SDN. BHD.,Residensi Damai,Selangor,Petaling ,308,"2, 3",2,,2024-02-28,2027-02-27
3927-161,3927,SIME DARBY PROPERTY (BUKIT RAJA) SDN. BHD.,Adira (siri 2),Selangor,Klang,138,4,4,,2026-05-15,2027-05-14
3927-162,3927,SIME DARBY PROPERTY (BUKIT RAJA) SDN. BHD.,Adira (siri 3),Selangor,Klang,82,4,"3, 4",,2026-05-15,2027-05-14
3927-163,3927,SIME DARBY PROPERTY (BUKIT RAJA) SDN. BHD.,Adira (siri 1),Selangor,Klang,109,4,4,,2026-05-15,2027-05-14
3927-164,3927,SIME DARBY PROPERTY (BUKIT RAJA) SDN. BHD.,Lanai Lakeside,Selangor,Klang,72,5,6,,2024-11-28,2026-11-27
3927-165,3927,SIME DARBY PROPERTY (BUKIT RAJA) SDN. BHD.,The Straits Siri 2,Selangor,-,146,4,4,,2025-10-16,2027-10-15
3927-166,3927,SIME DARBY PROPERTY (BUKIT RAJA) SDN. BHD.,The Glades,Selangor,Petaling ,25,4,4,,2025-10-21,2028-10-20
3927-167,3927,SIME DARBY PROPERTY (BUKIT RAJA) SDN. BHD.,The Straits Siri 1,Selangor,-,142,4,4,,2025-10-22,2027-10-21
3928-1,3928,NEWFOUNDLAND DEVELOPMENT SDN.BHD.,Taman Bukit Bruang Utama,-,-,0,0,0,,1991-10-14,1992-10-13
3928-2,3928,NEWFOUNDLAND DEVELOPMENT SDN.BHD.,Taman Bukit Beruang 2,-,-,0,0,0,,1989-08-15,1990-08-14
3928-3,3928,NEWFOUNDLAND DEVELOPMENT SDN.BHD.,Taman Seri Bemban,-,-,0,0,0,,,
3928-4,3928,NEWFOUNDLAND DEVELOPMENT SDN.BHD.,Ozana Impian,-,-,0,0,0,,1999-04-27,2000-04-26
3928-5,3928,NEWFOUNDLAND DEVELOPMENT SDN.BHD.,Taman Ozana Impian,-,-,0,0,0,,2000-08-14,2001-08-13
3928-6,3928,NEWFOUNDLAND DEVELOPMENT SDN.BHD.,Taman Ozana Impian,-,-,0,0,0,,2002-09-17,2003-09-16
3928-7,3928,NEWFOUNDLAND DEVELOPMENT SDN.BHD.,Taman Ozana Impian,-,-,0,0,0,,2005-05-18,2006-05-17
3928-8,3928,NEWFOUNDLAND DEVELOPMENT SDN.BHD.,Taman Ozana Impian,Melaka,Melaka Tengah,44,0,0,,2008-04-14,2009-04-13
3932-1,3932,AIMA DEVELOPMENT SDN. BHD.,Taman Aman (p1),-,-,0,0,0,,1988-02-23,1989-02-22
3932-2,3932,AIMA DEVELOPMENT SDN. BHD.,Taman Aman (pendang),-,-,0,0,0,,1988-04-02,1989-04-01
3932-3,3932,AIMA DEVELOPMENT SDN. BHD.,Taman Sayang,-,-,0,0,0,,1988-05-19,1989-05-18
3932-4,3932,AIMA DEVELOPMENT SDN. BHD.,Taman Aman Fasa 2c,-,-,0,0,0,,1990-01-15,1991-01-15
3932-5,3932,AIMA DEVELOPMENT SDN. BHD.,Taman Maju,-,-,0,0,0,,1992-06-09,1993-06-08
3932-6,3932,AIMA DEVELOPMENT SDN. BHD.,"Taman Setia Fasa 1a,1b,1c,1d",-,-,0,0,0,,1993-11-26,1994-11-25
3932-7,3932,AIMA DEVELOPMENT SDN. BHD.,Taman Harapan,-,-,0,0,0,,1992-01-06,1993-01-05
3932-8,3932,AIMA DEVELOPMENT SDN. BHD.,Taman Impian Fasa 1 & 2,-,-,0,0,0,,1991-03-02,1992-03-01
3932-9,3932,AIMA DEVELOPMENT SDN. BHD.,Taman Suria,-,-,0,0,0,,,
3932-10,3932,AIMA DEVELOPMENT SDN. BHD.,"Taman Sri Indah Fasa 1,2,3",-,-,0,0,0,,1992-04-30,1993-04-29
3932-11,3932,AIMA DEVELOPMENT SDN. BHD.,Taman Utama Fasa 2,-,-,0,0,0,,1992-01-24,1993-01-23
3932-12,3932,AIMA DEVELOPMENT SDN. BHD.,Taman Setia Fasa 2,-,-,0,0,0,,1992-01-24,1993-01-23
3932-13,3932,AIMA DEVELOPMENT SDN. BHD.,Taman Kita,-,-,0,0,0,,1992-01-24,1993-01-23
3932-14,3932,AIMA DEVELOPMENT SDN. BHD.,Taman Aman 2e,-,-,0,0,0,,1992-04-30,1993-04-29
3932-15,3932,AIMA DEVELOPMENT SDN. BHD.,Taman Sri Jelapang,-,-,0,0,0,,1992-04-30,1993-04-29
3932-16,3932,AIMA DEVELOPMENT SDN. BHD.,Taman Desa Setia Fasa I,-,-,0,0,0,,,
3932-17,3932,AIMA DEVELOPMENT SDN. BHD.,Taman Setia Fasa 2,-,-,0,0,0,,,
3932-18,3932,AIMA DEVELOPMENT SDN. BHD.,Taman Aman Fasa 2d,-,-,0,0,0,,,
3932-19,3932,AIMA DEVELOPMENT SDN. BHD.,Taman Kita,-,-,0,0,0,,,
3932-20,3932,AIMA DEVELOPMENT SDN. BHD.,Taman Seri Indah Fasa 3,-,-,0,0,0,,,
3932-21,3932,AIMA DEVELOPMENT SDN. BHD.,Taman Seri Jelapang,-,-,0,0,0,,,
3932-22,3932,AIMA DEVELOPMENT SDN. BHD.,Taman Aman 2e,-,-,0,0,0,,,
3932-23,3932,AIMA DEVELOPMENT SDN. BHD.,Taman Setia 2a,-,-,0,0,0,,,
3932-24,3932,AIMA DEVELOPMENT SDN. BHD.,Taman Sri Utama,-,-,0,0,0,,,
3932-25,3932,AIMA DEVELOPMENT SDN. BHD.,Taman Sri Gunung,-,-,0,0,0,,1996-07-15,1997-07-14
3932-26,3932,AIMA DEVELOPMENT SDN. BHD.,Taman Anggerik,-,-,0,0,0,,1996-10-10,1997-10-09
3932-27,3932,AIMA DEVELOPMENT SDN. BHD.,Taman Aman Fasa 3,-,-,0,0,0,,,
3932-28,3932,AIMA DEVELOPMENT SDN. BHD.,Taman Anggerik Fasa 2,-,-,0,0,0,,1998-01-17,1999-01-16
3932-29,3932,AIMA DEVELOPMENT SDN. BHD.,Taman Samudera Fasa 2,-,-,0,0,0,,1998-05-15,1999-05-14
3932-30,3932,AIMA DEVELOPMENT SDN. BHD.,Taman Anggerik Fasa 3,-,-,0,0,0,,1998-05-15,1999-05-14
3932-31,3932,AIMA DEVELOPMENT SDN. BHD.,Taman Aman Fasa 3a,-,-,0,0,0,,1999-03-11,2000-03-10
3932-32,3932,AIMA DEVELOPMENT SDN. BHD.,Taman Chengai Indah Fasa 2,-,-,0,0,0,,2001-08-08,2002-08-07
3932-33,3932,AIMA DEVELOPMENT SDN. BHD.,Taman Sri Puyu,-,-,0,0,0,,2000-07-04,2001-07-03
3932-34,3932,AIMA DEVELOPMENT SDN. BHD.,Taman Kantan,-,-,0,0,0,,2001-07-11,2002-07-10
3932-35,3932,AIMA DEVELOPMENT SDN. BHD.,Taman Setia  Fasa 3,-,-,0,0,0,,2001-11-06,2002-11-05
3932-36,3932,AIMA DEVELOPMENT SDN. BHD.,Taman Anggerik Fasa 4,-,-,0,0,0,,2002-08-14,2003-06-08
3932-37,3932,AIMA DEVELOPMENT SDN. BHD.,Taman Perlis Satu - Fasa 1,-,-,0,0,0,,2002-03-28,2003-03-27
3932-38,3932,AIMA DEVELOPMENT SDN. BHD.,Taman Kantan,-,-,0,0,0,,2001-10-24,2002-10-23
3932-40,3932,AIMA DEVELOPMENT SDN. BHD.,Taman Sri Kelubi,-,-,0,0,0,,2002-05-02,2003-05-01
3932-41,3932,AIMA DEVELOPMENT SDN. BHD.,Taman Perlis 1- Fasa 2,-,-,0,0,0,,2002-11-05,2003-11-04
3932-42,3932,AIMA DEVELOPMENT SDN. BHD.,Taman Talapia,-,-,0,0,0,,2005-01-11,2006-01-10
3932-43,3932,AIMA DEVELOPMENT SDN. BHD.,Taman Tengku Maheran,-,-,0,0,0,,2005-02-02,2006-02-01
3932-44,3932,AIMA DEVELOPMENT SDN. BHD.,Taman Tengku Maheran,Kedah,Kubang Pasu,243,0,0,,2005-06-15,2006-06-14
3932-45,3932,AIMA DEVELOPMENT SDN. BHD.,Taman Seri Kelubi,-,-,0,0,0,,2005-12-30,2006-12-29
3932-46,3932,AIMA DEVELOPMENT SDN. BHD.,Taman Hijrah Fasa 3,-,-,0,0,0,,2004-11-03,2005-11-02
3932-47,3932,AIMA DEVELOPMENT SDN. BHD.,Taman Seri Kelubi,Kedah,Kubang Pasu,12,0,0,,2006-12-14,2007-12-13
3932-48,3932,AIMA DEVELOPMENT SDN. BHD.,Taman Sri Bandaran Fasa 4,Kedah,Kota Setar,37,0,0,,2007-02-13,2008-02-12
3932-49,3932,AIMA DEVELOPMENT SDN. BHD.,Taman Tengku Maheran-fasa 3,Kedah,Kubang Pasu,198,0,0,,2007-04-06,2008-04-05
3932-50,3932,AIMA DEVELOPMENT SDN. BHD.,Taman Seri Aman,Kedah,Kota Setar,98,0,0,,2007-05-31,2008-05-30
3932-51,3932,AIMA DEVELOPMENT SDN. BHD.,Taman Serampang 2,Kedah,Kota Setar,67,0,0,,2008-09-26,2009-09-25
3932-52,3932,AIMA DEVELOPMENT SDN. BHD.,Taman Desa Impiana 2,Kedah,Kota Setar,45,0,0,,2009-12-03,2010-12-02
3932-53,3932,AIMA DEVELOPMENT SDN. BHD.,Taman Hijrah,Perlis,Perlis,104,0,0,,2009-09-09,2010-09-08
3932-54,3932,AIMA DEVELOPMENT SDN. BHD.,Taman Seri Kelubi 2b,Kedah,Kubang Pasu,12,0,0,,2012-03-13,2013-03-12
3932-55,3932,AIMA DEVELOPMENT SDN. BHD.,Taman Hijrah ,Perlis,Perlis,32,0,0,,2012-04-19,2013-04-18
3932-56,3932,AIMA DEVELOPMENT SDN. BHD.,Taman Sri Padang,Kedah,Kubang Pasu,20,0,0,,2013-07-08,2014-07-07
3932-57,3932,AIMA DEVELOPMENT SDN. BHD.,Taman Aman,Kedah,Kota Setar,15,0,0,,2011-04-04,2012-04-03
3932-58,3932,AIMA DEVELOPMENT SDN. BHD.,Taman Serampang  3,Kedah,Kota Setar,28,0,0,,2012-04-18,2013-04-17
3932-59,3932,AIMA DEVELOPMENT SDN. BHD.,Taman Tengku Maheran,Kedah,Kubang Pasu,33,0,0,,2013-05-27,2014-05-26
3932-60,3932,AIMA DEVELOPMENT SDN. BHD.,Taman Tengku Maheran 7,Kedah,Kubang Pasu,127,0,0,,2013-06-21,2014-06-20
3932-61,3932,AIMA DEVELOPMENT SDN. BHD.,Taman Putra Utama,Perlis,Perlis,71,0,0,,2013-08-02,2014-08-01
3932-62,3932,AIMA DEVELOPMENT SDN. BHD.,Taman Putra Utama 2a,Perlis,Perlis,23,0,0,,2017-09-11,2018-09-10
3932-63,3932,AIMA DEVELOPMENT SDN. BHD.,Emerald Saujana,Kedah,Kubang Pasu,56,0,0,,2018-02-22,2019-02-21
3932-64,3932,AIMA DEVELOPMENT SDN. BHD.,Taman Andalas,Kedah,Kota Setar,48,0,0,,2019-10-01,2020-09-30
3932-65,3932,AIMA DEVELOPMENT SDN. BHD.,Taman Hijrah 5,Perlis,Perlis,48,0,0,,2021-12-08,2022-12-07
3932-66,3932,AIMA DEVELOPMENT SDN. BHD.,Taman Tengku Maheran,Kedah,Kubang Pasu,45,0,0,,2020-08-26,2022-08-25
3932-67,3932,AIMA DEVELOPMENT SDN. BHD.,Emerald Saujana,Kedah,Kubang Pasu,30,0,0,,2023-11-02,2024-11-01
3932-68,3932,AIMA DEVELOPMENT SDN. BHD.,Taman Gemilang,Kedah,-,24,4,3,,2025-09-01,2027-08-31
3935-1,3935,THONG HIAP ENTERPRISE & DEVELOPMENT SDN. BHD.,Taman Sri Jaya,-,-,0,0,0,,1995-02-04,1996-02-03
3936-1,3936,USAHA MENANG SDN. BHD.,Taman Muhibbah,-,-,0,0,0,,1993-09-25,1994-09-24
3941-1,3941,SYARIKAT TANJAK SDN. BHD.,Bandar Baru Kuala Kubu,-,-,0,0,0,,2003-05-13,2003-10-08
3947-1,3947,YEE HOONG LOONG CORPORATION SDN. BHD.,Taman Sri Manong,Perak,Kinta,0,0,0,,1987-08-20,1988-08-19
3947-2,3947,YEE HOONG LOONG CORPORATION SDN. BHD.,Taman Sri Bidor,-,-,0,0,0,,1992-05-14,1993-05-13
3947-3,3947,YEE HOONG LOONG CORPORATION SDN. BHD.,Taman Sri Pusing,-,-,0,0,0,,1991-06-11,1992-06-10
3947-4,3947,YEE HOONG LOONG CORPORATION SDN. BHD.,Xxx,-,-,0,0,0,,,
3947-5,3947,YEE HOONG LOONG CORPORATION SDN. BHD.,Taman Perwira Jerantut Fasa Ii,-,-,0,0,0,,1996-09-25,1997-09-24
3948-1,3948,PANCASILA BERSATU SDN. BHD.,Taman Mesra,-,-,0,0,0,,2003-12-08,2004-12-07
3948-2,3948,PANCASILA BERSATU SDN. BHD.,Taman Pancasila Fasa Ii,-,-,0,0,0,,,
3949-1,3949,GENTING VIEW RESORT DEVELOPMENT SDN. BHD.,Genting View Resort,-,-,0,0,0,,1993-11-02,1994-11-01
3963-1,3963,BANDAR SUBANG SDN. BHD.,Taman Sri Subang .,-,-,0,0,0,,1999-12-24,2000-12-23
3963-2,3963,BANDAR SUBANG SDN. BHD.,Subang Impian,Selangor,Petaling ,102,0,0,,2003-07-02,2004-07-01
3963-3,3963,BANDAR SUBANG SDN. BHD.,Subang Impian,Selangor,Petaling ,62,0,0,,2003-10-03,2004-10-02
3963-4,3963,BANDAR SUBANG SDN. BHD.,Subang Impian,Selangor,Petaling ,99,0,0,,2005-10-05,2006-10-04
3963-5,3963,BANDAR SUBANG SDN. BHD.,Saujana Impian,Selangor,Hulu Langat,343,0,0,,2007-03-22,2008-03-21
3963-6,3963,BANDAR SUBANG SDN. BHD.,"Saujana Impian, Kajang",Selangor,Hulu Langat,158,0,0,,2009-07-13,2010-07-12
3963-7,3963,BANDAR SUBANG SDN. BHD.,"Saujana Impian, Kajang",Selangor,Hulu Langat,46,0,0,,2010-05-05,2011-05-04
3963-8,3963,BANDAR SUBANG SDN. BHD.,"Saujana Impian, Kajang",Selangor,Hulu Langat,77,0,0,,2019-02-14,2020-02-13
3963-9,3963,BANDAR SUBANG SDN. BHD.,"Saujana Impian, Kajang",Selangor,Hulu Langat,50,0,0,,2010-10-20,2011-10-19
3963-10,3963,BANDAR SUBANG SDN. BHD.,"Saujana Impian, Kajang",Selangor,Hulu Langat,34,0,0,,2011-11-10,2012-11-09
3963-11,3963,BANDAR SUBANG SDN. BHD.,"Subang Impian, Shah Alam",Selangor,Petaling ,32,0,0,,2021-02-14,2022-02-13
3963-12,3963,BANDAR SUBANG SDN. BHD.,Saujana Impian Ruby,Selangor,Hulu Langat,23,4,3,,2026-01-01,2026-12-31
3965-1,3965,MWE PROPERTIES SDN  BHD,Bukit Sri Bintang,-,-,0,0,0,,1989-04-26,1990-04-25
3965-2,3965,MWE PROPERTIES SDN  BHD,Taman Air Tawar,-,-,0,0,0,,1991-08-01,1992-07-31
3965-3,3965,MWE PROPERTIES SDN  BHD,Taman Sri Bintang,-,-,0,0,0,,1989-07-24,1990-07-23
3965-4,3965,MWE PROPERTIES SDN  BHD,Taman Sri Bintang,-,-,0,0,0,,,
3965-5,3965,MWE PROPERTIES SDN  BHD,Taman Teluk Air Tawar,-,-,0,0,0,,,
3965-6,3965,MWE PROPERTIES SDN  BHD,Wisma Indah,-,-,0,0,0,,1992-05-14,1993-05-13
3965-7,3965,MWE PROPERTIES SDN  BHD,Kondominium De'sara,-,-,0,0,0,,,
3965-8,3965,MWE PROPERTIES SDN  BHD,Wisma Indah,-,-,0,0,0,,,
3965-9,3965,MWE PROPERTIES SDN  BHD,Taman Sri Bintang,-,-,0,0,0,,1996-10-09,1997-10-08
3965-10,3965,MWE PROPERTIES SDN  BHD,Taman Petani Mewah,-,-,0,0,0,,,
3965-11,3965,MWE PROPERTIES SDN  BHD,Bukit Sri Bintang,-,-,0,0,0,,,
3965-12,3965,MWE PROPERTIES SDN  BHD,Taman Permai Jaya,-,-,0,0,0,,2001-08-28,2002-08-27
3965-13,3965,MWE PROPERTIES SDN  BHD,Bukit Sri Bintang,-,-,0,0,0,,2003-01-21,2004-01-20
3969-1,3969,SRI KANAKAM HOLDINGS SDN. BHD.,Taman Inderawasih,-,-,0,0,0,,1987-08-06,1988-08-05
3969-2,3969,SRI KANAKAM HOLDINGS SDN. BHD.,Taman Cenderawasih,-,-,0,0,0,,,
3969-3,3969,SRI KANAKAM HOLDINGS SDN. BHD.,Taman Purnama,-,-,0,0,0,,1993-12-01,1994-11-30
3969-4,3969,SRI KANAKAM HOLDINGS SDN. BHD.,Taman Jelita,-,-,0,0,0,,1996-06-27,1997-06-26
3969-5,3969,SRI KANAKAM HOLDINGS SDN. BHD.,Taman Melati,-,-,0,0,0,,1996-10-19,1997-10-18
3969-6,3969,SRI KANAKAM HOLDINGS SDN. BHD.,Taman Julaiha,-,-,0,0,0,,2000-05-22,2001-05-21
3969-7,3969,SRI KANAKAM HOLDINGS SDN. BHD.,Taman Desa Bersatu,Perak,Bagan Datuk,73,0,0,,2010-07-12,2011-05-07
3973-1,3973,SYABAS PEMAJU (M) SDN.BHD.,Desa Jenjarom,-,-,0,0,0,,2000-04-13,2001-04-12
3973-2,3973,SYABAS PEMAJU (M) SDN.BHD.,Selayang Heights,Selangor,Gombak,936,0,0,,2010-08-03,2011-08-02
3973-3,3973,SYABAS PEMAJU (M) SDN.BHD.,Selayang Heights,Selangor,Gombak,216,0,0,,2010-08-19,2011-08-18
3973-5,3973,SYABAS PEMAJU (M) SDN.BHD.,Selayang Heights,Selangor,Gombak,224,0,0,,2010-03-02,2011-03-01
3973-6,3973,SYABAS PEMAJU (M) SDN.BHD.,Selayang Heights,Selangor,Gombak,352,0,0,,2014-01-18,2015-01-17
3973-7,3973,SYABAS PEMAJU (M) SDN.BHD.,Selayang Heights,Selangor,Gombak,72,0,0,,2016-12-29,2017-12-28
3975-1,3975,SEIMBANG SDN. BHD.,Taman Ampang Mewah,-,-,0,0,0,,1992-05-05,1993-05-04
3976-1,3976,ZURIK HARTA SDN. BHD.,Taman Pangkor,-,-,0,0,0,,1987-05-02,1988-05-01
3976-2,3976,ZURIK HARTA SDN. BHD.,Taman Seri Mas,-,-,0,0,0,,,
3976-3,3976,ZURIK HARTA SDN. BHD.,Lot 4326,-,-,0,0,0,,2001-03-10,2002-03-09
3979-1,3979,GREEN MOUNTAIN HOLDINGS (M) SDN. BHD.,Cheras Perdana,-,-,0,0,0,,1999-05-25,2000-05-24
3980-1,3980,LIAN HARP DEVELOPMENT SDN BHD,"Taman Emas Fasa 1,2 & 3",Selangor,-,0,0,0,,1992-02-12,1993-02-11
3980-2,3980,LIAN HARP DEVELOPMENT SDN BHD,Taman Klang Emas,Selangor,-,0,0,0,,1990-08-29,1991-08-28
3980-3,3980,LIAN HARP DEVELOPMENT SDN BHD,Taman Emas Iv Lot 6902,Selangor,-,0,0,0,,,
3980-4,3980,LIAN HARP DEVELOPMENT SDN BHD,Taman Seri Jaya,Selangor,-,0,0,0,,1996-08-26,1997-08-25
3980-5,3980,LIAN HARP DEVELOPMENT SDN BHD,Taman Sri Awana,Selangor,-,0,0,0,,1997-09-20,1998-09-19
3980-6,3980,LIAN HARP DEVELOPMENT SDN BHD,Taman Putra Baru,Selangor,-,0,0,0,,2001-09-26,2002-09-25
3980-7,3980,LIAN HARP DEVELOPMENT SDN BHD,Taman Sri Awana 2,Selangor,-,0,0,0,,2003-03-28,2004-03-27
3980-8,3980,LIAN HARP DEVELOPMENT SDN BHD,Taman Sri Awana 2,Selangor,-,0,0,0,,2003-08-11,2004-08-10
3980-9,3980,LIAN HARP DEVELOPMENT SDN BHD,Taman Sri Awana 3,Selangor,-,0,0,0,,2004-11-24,2005-11-23
3980-10,3980,LIAN HARP DEVELOPMENT SDN BHD,Taman Klang Ria,Selangor,-,0,0,0,,2013-05-09,2014-05-08
3980-11,3980,LIAN HARP DEVELOPMENT SDN BHD,Taman Seri Tanjung,Selangor,Klang,22,0,0,,2006-12-23,2007-12-12
3980-12,3980,LIAN HARP DEVELOPMENT SDN BHD,"Taman Kelana, Rantau Panjang",Selangor,Klang,53,0,0,,2007-05-02,2008-05-01
3980-13,3980,LIAN HARP DEVELOPMENT SDN BHD,Taman Sri Pulau Indah,Selangor,Klang,29,0,0,,2009-02-27,2009-10-11
3980-14,3980,LIAN HARP DEVELOPMENT SDN BHD,Taman Orkid,Selangor,Kuala Langat,35,0,0,,2010-07-15,2011-05-19
3980-15,3980,LIAN HARP DEVELOPMENT SDN BHD,Kampung Nelayan,Selangor,Klang,28,0,0,,2012-04-12,2013-04-11
3980-16,3980,LIAN HARP DEVELOPMENT SDN BHD,Taman Bentara,Selangor,Kuala Langat,26,0,0,,2011-10-21,2012-10-20
3980-17,3980,LIAN HARP DEVELOPMENT SDN BHD,Lian Harp Development Sdn Bhd,Selangor,Klang,26,0,0,,2018-04-11,2019-04-10
3980-18,3980,LIAN HARP DEVELOPMENT SDN BHD,Taman Bayu Harmoni,Selangor,Sepang,30,0,0,,2021-12-17,2022-12-16
3980-19,3980,LIAN HARP DEVELOPMENT SDN BHD,"Kampung Nelayan, Telok Gong",Selangor,Klang,30,4,3,,2025-09-23,2026-09-22
3981-1,3981,SRI DAMANSARA SDN. BHD.,Bandar Sri Damansara,-,-,0,0,0,,1993-12-17,1994-12-16
3981-2,3981,SRI DAMANSARA SDN. BHD.,Bandar Sri Damansara,-,-,0,0,0,,,
3981-3,3981,SRI DAMANSARA SDN. BHD.,Bandar Sri Damansara,-,-,0,0,0,,,
3981-4,3981,SRI DAMANSARA SDN. BHD.,Bandar Sri Damansara,-,-,0,0,0,,,
3981-5,3981,SRI DAMANSARA SDN. BHD.,Bandar Sri Damansara,-,-,0,0,0,,,
3981-6,3981,SRI DAMANSARA SDN. BHD.,Bandar Sri Damansara,-,-,0,0,0,,,
3981-7,3981,SRI DAMANSARA SDN. BHD.,Bandar Sri Damansara,-,-,0,0,0,,,
3981-8,3981,SRI DAMANSARA SDN. BHD.,Bandar Sri Damansara,-,-,0,0,0,,,
3981-9,3981,SRI DAMANSARA SDN. BHD.,Bandar Sri Damansara,-,-,0,0,0,,,
3981-10,3981,SRI DAMANSARA SDN. BHD.,Bandar Sri Damansara,-,-,0,0,0,,,
3981-11,3981,SRI DAMANSARA SDN. BHD.,Bandar Sri Damansara,-,-,0,0,0,,,
3981-12,3981,SRI DAMANSARA SDN. BHD.,Bandar Sri Damansara,-,-,0,0,0,,,
3981-13,3981,SRI DAMANSARA SDN. BHD.,Bandar Sri Damansara,-,-,0,0,0,,,
3981-14,3981,SRI DAMANSARA SDN. BHD.,Bandar Sri Damansara,-,-,0,0,0,,,
3981-15,3981,SRI DAMANSARA SDN. BHD.,Bandar Sri Damansara,-,-,0,0,0,,,
3981-16,3981,SRI DAMANSARA SDN. BHD.,Bandar Sri Damansara,-,-,0,0,0,,,
3981-17,3981,SRI DAMANSARA SDN. BHD.,Bandar Sri Damansara,-,-,0,0,0,,,
3981-18,3981,SRI DAMANSARA SDN. BHD.,Bandar Sri Damansara,-,-,0,0,0,,,
3981-19,3981,SRI DAMANSARA SDN. BHD.,Bandar Sri Damansara,-,-,0,0,0,,,
3981-20,3981,SRI DAMANSARA SDN. BHD.,Bandar Sri Damansara,-,-,0,0,0,,,
3981-21,3981,SRI DAMANSARA SDN. BHD.,Bandar Sri Damansara,-,-,0,0,0,,1996-12-05,1997-12-04
3981-22,3981,SRI DAMANSARA SDN. BHD.,Bandar Sri Damansara.,-,-,0,0,0,,1998-08-21,1999-08-20
3981-23,3981,SRI DAMANSARA SDN. BHD.,Bandar Sri Damansara,-,-,0,0,0,,1996-08-13,1997-08-12
3981-24,3981,SRI DAMANSARA SDN. BHD.,Bandar Sri Damansara,-,-,0,0,0,,,
3981-25,3981,SRI DAMANSARA SDN. BHD.,Bandar Sri Damansara (zon A02-4),-,-,0,0,0,,1997-08-22,1998-08-21
3981-26,3981,SRI DAMANSARA SDN. BHD.,Bandar Sri Damansara,-,-,0,0,0,,1996-07-12,1997-07-11
3981-27,3981,SRI DAMANSARA SDN. BHD.,Bandar Sri Damansara,-,-,0,0,0,,1998-08-21,1999-08-20
3981-28,3981,SRI DAMANSARA SDN. BHD.,Paradesa Tropica & Paradesa Tropica Ii,Wp Kuala Lumpur,Kuala Lumpur,412,0,0,,2006-02-21,2007-02-20
3981-29,3981,SRI DAMANSARA SDN. BHD.,Bandar Sri Damansara,-,-,0,0,0,,,
3981-30,3981,SRI DAMANSARA SDN. BHD.,Bandar Sri Damansara,-,-,0,0,0,,,
3981-31,3981,SRI DAMANSARA SDN. BHD.,Bandar Sri Damansara,-,-,0,0,0,,2003-02-10,2004-02-09
3981-32,3981,SRI DAMANSARA SDN. BHD.,Bandar Sri Damansara (sektor Ao1-3&4),-,-,0,0,0,,2000-11-17,2001-11-16
3981-33,3981,SRI DAMANSARA SDN. BHD.,Bandar Sri Damansara - Sektor A12-1,-,-,0,0,0,,2001-02-08,2002-02-07
3981-34,3981,SRI DAMANSARA SDN. BHD.,Bandar Sri Damansara - Sektor Ao1-2,-,-,0,0,0,,2001-07-04,2002-07-03
3981-35,3981,SRI DAMANSARA SDN. BHD.,Bandar Sri Damansara - Sektor Ao1-6,-,-,0,0,0,,1999-09-06,2000-09-05
3981-36,3981,SRI DAMANSARA SDN. BHD.,Bandar Sri Damansara Sektor A11-6,-,-,0,0,0,,1999-11-25,2000-11-24
3981-37,3981,SRI DAMANSARA SDN. BHD.,Bandar Sri Damansara (a13-1),-,-,0,0,0,,2003-04-16,2004-04-15
3981-38,3981,SRI DAMANSARA SDN. BHD.,Foresta Damansara ,Selangor,Petaling ,928,0,0,,2014-12-26,2015-12-25
3981-39,3981,SRI DAMANSARA SDN. BHD.,Damansara Seresta,Selangor,Petaling ,452,0,0,,2023-06-15,2024-06-14
3981-40,3981,SRI DAMANSARA SDN. BHD.,Damansara Livista,Selangor,Petaling ,700,"2, 3","1, 2",,2026-08-22,2027-08-21
3981-41,3981,SRI DAMANSARA SDN. BHD.,Residensi Kamelia,Selangor,Petaling ,602,2,"1, 2",,2024-06-28,2027-06-27
3981-42,3981,SRI DAMANSARA SDN. BHD.,Residensi Seri Damansara,Selangor,Petaling ,1008,"2, 3, 4","2, 3",,2026-06-05,2029-06-04
3991-1,3991,LUNAS GARDEN SDN. BHD.,Taman Sang Kanchil,-,-,0,0,0,,1993-09-24,1994-09-23
3991-2,3991,LUNAS GARDEN SDN. BHD.,Taman Sepakat,-,-,0,0,0,,2001-08-16,2002-08-15
3993-1,3993,HING LIP HOUSING DEVELOPMENT SDN. BHD.,Taman Setia,-,-,0,0,0,,1987-06-24,1988-06-23
3993-2,3993,HING LIP HOUSING DEVELOPMENT SDN. BHD.,Taman Setia 2,-,-,0,0,0,,1993-09-21,1994-09-20
3993-3,3993,HING LIP HOUSING DEVELOPMENT SDN. BHD.,Taman Orkid,-,-,0,0,0,,1997-02-26,1998-02-25
3993-4,3993,HING LIP HOUSING DEVELOPMENT SDN. BHD.,Taman Setia 3,-,-,0,0,0,,,
3993-5,3993,HING LIP HOUSING DEVELOPMENT SDN. BHD.,Taman Setia (fail Lama),-,-,0,0,0,,,
3995-1,3995,PERTAMA PERDAGANGAN SDN. BHD.,Taman Sri Ampang,-,-,0,0,0,,1997-06-02,1998-06-01
3995-2,3995,PERTAMA PERDAGANGAN SDN. BHD.,Bandar Sri Ampang,Kedah,Kota Setar,657,0,0,,2006-07-07,2007-07-06
3998-1,3998,IKATAN BINA SDN. BHD.,Taman Song Choon,-,-,0,0,0,,2002-11-14,2003-10-24
3998-2,3998,IKATAN BINA SDN. BHD.,Taman Song Choon.,-,-,0,0,0,,,
3998-3,3998,IKATAN BINA SDN. BHD.,Taman Song Choon Fasa 6.,-,-,0,0,0,,,
3998-4,3998,IKATAN BINA SDN. BHD.,Taman Song Choon Fasa 7,-,-,0,0,0,,,
3998-5,3998,IKATAN BINA SDN. BHD.,Taman Song Choon,Perak,Kinta,26,0,0,,2014-03-22,2015-03-21
3998-6,3998,IKATAN BINA SDN. BHD.,Taman Song Choon Fasa 7,-,-,0,0,0,,1999-12-03,2000-12-02
3998-7,3998,IKATAN BINA SDN. BHD.,Taman Song Choon - Fasa 8,-,-,0,0,0,,2000-01-06,2001-01-05
3998-8,3998,IKATAN BINA SDN. BHD.,Taman Song Choon  Fasa 10,-,-,0,0,0,,2003-04-29,2004-04-28
3998-9,3998,IKATAN BINA SDN. BHD.,The First Garden,Perak,Kinta,68,0,0,,2005-03-15,2006-03-14
3998-10,3998,IKATAN BINA SDN. BHD.,Taman Song Choon,Perak,Kinta,37,0,0,,2007-10-02,2008-10-01
3998-11,3998,IKATAN BINA SDN. BHD.,Taman Song Choon,Perak,Kinta,18,0,0,,2012-05-03,2013-05-02
4000-1,4000,L.E.H CONSTRUCTION SDN. BHD.,Taman Kinrara Seksyen 5 ,-,-,0,0,0,,1997-07-29,1998-07-28
4000-2,4000,L.E.H CONSTRUCTION SDN. BHD.,Industri Kinrara Seksyen 5,Selangor,Petaling ,200,0,0,,1997-02-25,1998-02-24
4000-3,4000,L.E.H CONSTRUCTION SDN. BHD.,Taman Kinrara Seksyen 5 Industrial Park,-,-,0,0,0,,2004-06-22,2005-06-21
4000-4,4000,L.E.H CONSTRUCTION SDN. BHD.,Taman Mawar,Selangor,Petaling ,11,0,0,,2007-02-15,2008-02-14
4002-1,4002,LIFE DEVELOPMENT SDN. BHD.,Taman Garuda,-,-,0,0,0,,1987-10-16,1988-10-15
4002-2,4002,LIFE DEVELOPMENT SDN. BHD.,Taman Garuda Ii,-,-,0,0,0,,1989-09-16,1990-09-15
4002-3,4002,LIFE DEVELOPMENT SDN. BHD.,Taman Mahkota,-,-,0,0,0,,1996-05-17,1997-05-16
4002-4,4002,LIFE DEVELOPMENT SDN. BHD.,Taman Kota Benut,-,-,0,0,0,,1997-12-12,1998-12-11
4002-5,4002,LIFE DEVELOPMENT SDN. BHD.,Taman Pasir Emas,-,-,0,0,0,,1998-09-05,1999-09-04
4002-6,4002,LIFE DEVELOPMENT SDN. BHD.,Taman Rawang Jaya,-,-,0,0,0,,,
4007-1,4007,JURUBINA TAIPING SDN. BHD,Taman Sri Selama,-,-,0,0,0,,1987-08-20,1988-08-19
4007-2,4007,JURUBINA TAIPING SDN. BHD,Taman Sri Kuning,-,-,0,0,0,,1990-02-08,1991-08-07
4007-3,4007,JURUBINA TAIPING SDN. BHD,Taman Saujana Jaya Fasa 2-4,-,-,0,0,0,,1992-10-08,1993-10-07
4007-4,4007,JURUBINA TAIPING SDN. BHD,Taman Sheikh Tahir,-,-,0,0,0,,1996-03-21,1997-03-20
4007-5,4007,JURUBINA TAIPING SDN. BHD,Taman Tasik Jaya,-,-,0,0,0,,1993-09-10,1994-09-09
4007-6,4007,JURUBINA TAIPING SDN. BHD,Xxx,-,-,0,0,0,,,
4007-7,4007,JURUBINA TAIPING SDN. BHD,Taman Tasik Jaya,-,-,59,0,0,,1996-10-17,1997-10-16
4007-8,4007,JURUBINA TAIPING SDN. BHD,Taman Semanggol Jati,Perak,Kerian,105,0,0,,2010-03-16,2011-03-15
4007-9,4007,JURUBINA TAIPING SDN. BHD,Taman Saujana Jaya Fasa Iv -a,-,-,0,0,0,,2001-08-28,2002-08-27
4008-1,4008,GUNUNG TUNGGAL DEVT. SDN. BHD. ,Taman Desa Permai,-,-,0,0,0,,1997-07-17,1998-07-16
4008-2,4008,GUNUNG TUNGGAL DEVT. SDN. BHD. ,Lot 10583-10607 Mukim Durian Sebatang,-,-,0,0,0,,2000-11-23,2001-11-22
4009-1,4009,SING LEE ORGANISATION SDN. BHD.,Taman Slim Jaya,-,-,0,0,0,,1998-02-19,1999-02-18
4010-1,4010,LIAN LEE CONSTRUCTION SDN. BHD.,Xxx,-,-,0,0,0,,1987-10-01,1988-09-30
4010-2,4010,LIAN LEE CONSTRUCTION SDN. BHD.,Sunshine Bay Resort,-,-,0,0,0,,1999-06-15,2000-06-14
4013-1,4013,JOJO SDN. BHD.,Halaman Perdana,-,-,0,0,0,,1990-01-16,1991-01-15
4013-2,4013,JOJO SDN. BHD.,Bayan Indah,Pulau Pinang,Daerah Barat Daya,142,0,0,,,
4015-1,4015,FACB LAND SDN. BHD ,Taman Kinrara Seksyen 2,-,-,0,0,0,,1996-03-25,1997-03-24
4016-1,4016,MAJU SETIAKAWAN SDN. BHD.,Taman Rambai Jaya,-,-,0,0,0,,2004-04-30,2005-04-29
4016-2,4016,MAJU SETIAKAWAN SDN. BHD.,Taman Bukit Katil Kenari,-,-,0,0,0,,2005-06-21,2006-06-20
4016-3,4016,MAJU SETIAKAWAN SDN. BHD.,Taman Widuri,-,-,0,0,0,,2005-06-21,2006-06-20
4016-5,4016,MAJU SETIAKAWAN SDN. BHD.,Taman Bukit Rambai,Melaka,Melaka Tengah,62,0,0,,2007-07-27,2008-07-26
4016-6,4016,MAJU SETIAKAWAN SDN. BHD.,Maju Setiakawan Sdn Bhd,Melaka,Melaka Tengah,7,0,0,,2012-04-03,2013-04-02
4017-1,4017,MD.SHUHAIMI B.ISMAIL/NOR AZMALAYATI BT.ISMAIL,Lot 4512 Mukim Alor Limbat,-,-,0,0,0,,1988-04-30,1989-04-29
4020-1,4020,CINTALITES SDN. BHD.,Taman Kijal Jaya,-,-,0,0,0,,1987-09-14,1988-09-13
4020-2,4020,CINTALITES SDN. BHD.,Taman Sheikh Fadzir Fasa 3,-,-,0,0,0,,2003-07-01,2003-12-18
4028-1,4028,CHAINFERRY DEVELOPMENT SDN. BHD.,Taman Bagan,Pulau Pinang,Seberang Perai Utara,1566,0,0,,2013-10-18,2014-10-17
4034-1,4034,LION PROPERTIES SDN. BHD.,Wangsa Intan,-,-,0,0,0,,2001-10-13,2002-10-12
4034-2,4034,LION PROPERTIES SDN. BHD.,Sri Saujana,-,-,0,0,0,,1992-04-22,1993-04-21
4034-3,4034,LION PROPERTIES SDN. BHD.,Intan Suria,-,-,0,0,0,,1999-05-07,2000-05-06
4034-4,4034,LION PROPERTIES SDN. BHD.,Intan Suria,-,-,0,0,0,,,
4038-1,4038,CREATIVE ENGINEERING & CONSTRUCTION SDN. BHD.,Taman Bina Jaya,-,-,0,0,0,,1999-06-30,2000-06-29
4042-1,4042,LAND PROJECTS CORPORATION SDN. BHD.,Taman Sera,-,-,0,0,0,,1987-11-13,1988-11-12
4042-2,4042,LAND PROJECTS CORPORATION SDN. BHD.,Taman Tunku Tabor,-,-,0,0,0,,1991-11-19,1992-11-18
4046-1,4046,TANAH AMAN DEVELOPMENT SDN. BHD.,Desa Jaya,-,-,0,0,0,,1987-10-10,1988-10-09
4046-2,4046,TANAH AMAN DEVELOPMENT SDN. BHD.,Desa Jaya Ii,-,-,0,0,0,,1992-04-30,1993-03-31
4046-3,4046,TANAH AMAN DEVELOPMENT SDN. BHD.,Kamunting,-,-,0,0,0,,1999-01-26,2000-01-25
4046-4,4046,TANAH AMAN DEVELOPMENT SDN. BHD.,"Taman Jana Jaya Ii,",Perak,Larut & Matang,218,0,0,,2008-01-30,2009-01-29
4048-1,4048,HIGHLAKE ENTERPRISE MUAR SDN. BHD.,Taman Bakri Jaya Muar,-,-,0,0,0,,1993-09-21,1994-09-20
4048-2,4048,HIGHLAKE ENTERPRISE MUAR SDN. BHD.,Taman Bunga,-,-,0,0,0,,,
4048-3,4048,HIGHLAKE ENTERPRISE MUAR SDN. BHD.,Taman Bakri Jaya,-,-,0,0,0,,1998-06-17,1999-06-16
4048-4,4048,HIGHLAKE ENTERPRISE MUAR SDN. BHD.,Taman Bakri Jaya,-,-,0,0,0,,1999-08-16,2000-08-15
4048-5,4048,HIGHLAKE ENTERPRISE MUAR SDN. BHD.,Taman Bakri Jaya,Johor,Muar,15,0,0,,2007-01-16,2008-01-15
4049-1,4049,GOLD VALE DEVELOPMENT SDN. BHD.,Desa Saujana Samudra & P'puri Ferringhi Delima,-,-,0,0,0,,2001-02-27,2002-02-26
4049-2,4049,GOLD VALE DEVELOPMENT SDN. BHD.,Pangsapuri Pinang Emas,-,-,0,0,0,,,
4051-1,4051,GALIAN MAJU SDN. BHD.,Taman Maju,-,-,0,0,0,,1997-09-18,1998-09-17
4052-1,4052,KEMAJUAN EMAX SDN. BHD,Taman Gunung View,-,-,0,0,0,,1992-01-02,1993-01-01
4052-2,4052,KEMAJUAN EMAX SDN. BHD,Taman Maju,-,-,0,0,0,,1989-12-21,1990-12-20
4052-3,4052,KEMAJUAN EMAX SDN. BHD,Taman Rasa Sayang,-,-,0,0,0,,1993-12-17,1994-12-16
4052-4,4052,KEMAJUAN EMAX SDN. BHD,Taman Tinggi.,-,-,0,0,0,,2001-04-04,2002-04-03
4052-5,4052,KEMAJUAN EMAX SDN. BHD,Taman Shatin Baru,-,-,0,0,0,,1999-06-01,2000-05-31
4052-6,4052,KEMAJUAN EMAX SDN. BHD,Medan Pasir Indah,-,-,0,0,0,,2002-05-03,2002-10-21
4052-7,4052,KEMAJUAN EMAX SDN. BHD,Taman Buntong Jaya,-,-,0,0,0,,2000-04-28,2001-04-27
4052-8,4052,KEMAJUAN EMAX SDN. BHD,Taman Gunung View,-,-,0,0,0,,2002-05-24,2003-05-23
4052-9,4052,KEMAJUAN EMAX SDN. BHD,Taman Meru,-,-,0,0,0,,,
4052-10,4052,KEMAJUAN EMAX SDN. BHD,Taman Gopeng Setia,-,-,0,0,0,,2005-12-03,2006-12-02
4052-11,4052,KEMAJUAN EMAX SDN. BHD,Taman Gunung View  Fasa 4,-,-,0,0,0,,2002-10-26,2003-10-25
4052-12,4052,KEMAJUAN EMAX SDN. BHD,Medan Pasir Suria,Perak,Kinta,27,0,0,,2011-06-10,2012-01-20
4052-13,4052,KEMAJUAN EMAX SDN. BHD,Taman Tinggi,Perak,Kinta,17,0,0,,2010-07-26,2011-07-25
4054-1,4054,TARTEE SDN. BHD.,Kondominium Emas Jaya ,-,-,0,0,0,,2002-10-18,2003-10-17
4054-2,4054,TARTEE SDN. BHD.,Lot 3204 Dan 3205 Mukim Simpang Kanan,Johor,Batu Pahat,30,0,0,,2010-01-16,2011-01-15
4054-3,4054,TARTEE SDN. BHD.,Taman Ros,-,-,0,0,0,,2005-07-20,2006-07-19
4059-1,4059,DAYA KENCANA SDN. BHD.,Taman Padu Permai,-,-,0,0,0,,1987-10-05,1988-10-04
4061-1,4061,PAKADIRI SDN.BHD.,Taman Seri Kalungan,-,-,0,0,0,,1991-05-15,1992-05-14
4061-2,4061,PAKADIRI SDN.BHD.,Taman Kalungan Mas,-,-,0,0,0,,1990-11-13,1991-11-12
4061-3,4061,PAKADIRI SDN.BHD.,Taman Seri Kalungan Fasa Ii,-,-,0,0,0,,1992-01-25,1993-01-24
4061-4,4061,PAKADIRI SDN.BHD.,Taman Kalungan,-,-,0,0,0,,,
4062-1,4062,MAPLE GARDEN DEVELOPMENT SDN. BHD.,Taman Megah,-,-,0,0,0,,1987-12-09,1988-12-08
4062-2,4062,MAPLE GARDEN DEVELOPMENT SDN. BHD.,Taman Ria,-,-,0,0,0,,,
4062-3,4062,MAPLE GARDEN DEVELOPMENT SDN. BHD.,Taman Tanjung Kling,-,-,0,0,0,,1996-09-26,1997-09-25
4062-4,4062,MAPLE GARDEN DEVELOPMENT SDN. BHD.,Taman Mewah,-,-,0,0,0,,,
4062-5,4062,MAPLE GARDEN DEVELOPMENT SDN. BHD.,Taman Mayang,-,-,0,0,0,,1996-07-01,1997-06-30
4062-6,4062,MAPLE GARDEN DEVELOPMENT SDN. BHD.,Taman Melawati,-,-,0,0,0,,1997-07-18,1998-07-17
4062-7,4062,MAPLE GARDEN DEVELOPMENT SDN. BHD.,Taman Merbau Jaya,-,-,0,0,0,,2002-10-18,2003-10-17
4062-8,4062,MAPLE GARDEN DEVELOPMENT SDN. BHD.,Taman Kuala Damai,-,-,0,0,0,,2005-12-02,2006-12-01
4062-9,4062,MAPLE GARDEN DEVELOPMENT SDN. BHD.,Taman Kuala Idaman,-,-,0,0,0,,2006-03-23,2007-03-22
4062-10,4062,MAPLE GARDEN DEVELOPMENT SDN. BHD.,Gapam Suria,Melaka,Jasin,14,0,0,,2020-08-03,2021-08-02
4064-1,4064,BOULEVARD REALTY SDN BHD,"2-twelve, Jalan Ampang",-,-,0,0,0,,,
4064-2,4064,BOULEVARD REALTY SDN BHD,Desa Palma,-,-,0,0,0,,1993-10-07,1994-10-06
4064-3,4064,BOULEVARD REALTY SDN BHD,Boulevard Realty Sdn Bhd,Wp Kuala Lumpur,Kuala Lumpur,35,0,0,,2023-03-02,2024-03-01
4070-1,4070,BERTAM DEVT. SDN. BHD,Kuchai Brem Park,-,-,0,0,0,,,
4070-2,4070,BERTAM DEVT. SDN. BHD,Lot 1212 - 1214 & 14883,-,-,0,0,0,,1990-06-26,1991-06-25
4070-3,4070,BERTAM DEVT. SDN. BHD,Taman Bukit Indah ,-,-,0,0,0,,1998-08-05,1999-08-04
4070-4,4070,BERTAM DEVT. SDN. BHD,Taman Prima Duta,-,-,0,0,0,,1999-06-21,2000-06-20
4070-5,4070,BERTAM DEVT. SDN. BHD,Taman Desa Subang,-,-,0,0,0,,2003-04-24,2004-04-23
4070-6,4070,BERTAM DEVT. SDN. BHD,Prima Ria,-,-,0,0,0,,2003-05-21,2004-05-20
4070-7,4070,BERTAM DEVT. SDN. BHD,Taman Bukit Indah,Kedah,Langkawi,72,0,0,,2009-02-22,2010-02-21
4070-8,4070,BERTAM DEVT. SDN. BHD,Taman Desa Subang,-,-,0,0,0,,2004-12-17,2005-12-16
4070-9,4070,BERTAM DEVT. SDN. BHD,Taman Mutiara Subang,Selangor,Petaling ,167,0,0,,2006-03-31,2007-03-30
4070-10,4070,BERTAM DEVT. SDN. BHD,Taman Mutiara Subang (pangsapuri Mutiara Subang),Selangor,Petaling ,80,0,0,,2006-12-19,2007-12-18
4070-11,4070,BERTAM DEVT. SDN. BHD,Taman Bukit Indah,Kedah,Langkawi,53,0,0,,2008-12-31,2009-12-30
4070-12,4070,BERTAM DEVT. SDN. BHD,Jasmine Villas @ Nilai Impian,Negeri Sembilan,Seremban,39,0,0,,2009-02-21,2010-02-20
4070-13,4070,BERTAM DEVT. SDN. BHD,Taman Mutiara Subang (fasa 3),Selangor,Petaling ,28,0,0,,2009-03-16,2010-03-15
4070-14,4070,BERTAM DEVT. SDN. BHD,Taman Suria,Negeri Sembilan,Tampin,74,0,0,,2011-10-11,2012-10-10
4070-15,4070,BERTAM DEVT. SDN. BHD,Taman Bukit Indah-bangalow,Kedah,Langkawi,47,0,0,,2013-05-17,2015-05-16
4073-1,4073,PERUMAHAN KUALA PERLIS SDN. BHD.,Taman Kuala Perlis,-,-,0,0,0,,1987-08-25,1988-08-24
4073-2,4073,PERUMAHAN KUALA PERLIS SDN. BHD.,Taman Kuala Perlis Fasa 2,-,-,0,0,0,,1992-10-22,1993-10-21
4075-1,4075,E.N.A.M. DEVELOPMENT SDN. BHD,Taman Teratai,-,-,0,0,0,,1991-08-29,1992-08-28
4075-2,4075,E.N.A.M. DEVELOPMENT SDN. BHD,Taman Selaseh,-,-,0,0,0,,,
4075-3,4075,E.N.A.M. DEVELOPMENT SDN. BHD,Taman Binjai Indah,-,-,0,0,0,,1992-06-22,1993-06-21
4075-4,4075,E.N.A.M. DEVELOPMENT SDN. BHD,977,-,-,0,0,0,,,
4075-5,4075,E.N.A.M. DEVELOPMENT SDN. BHD,Lot 347 & 871,-,-,0,0,0,,,
4075-6,4075,E.N.A.M. DEVELOPMENT SDN. BHD,Taman Cempaka,-,-,0,0,0,,,
4075-7,4075,E.N.A.M. DEVELOPMENT SDN. BHD,Taman Selasih Iii,-,-,0,0,0,,1998-12-15,1999-12-14
4076-1,4076,SYARIKAT PEMAJU PERUMAHAN KIM,Taman Mawar,-,-,0,0,0,,1988-10-27,1989-10-26
4077-1,4077,YU YU ENTERPRISE (M) SDN. BHD.,Taman Damai,-,-,0,0,0,,1987-11-11,1988-11-10
4077-2,4077,YU YU ENTERPRISE (M) SDN. BHD.,Taman Padang Tembak,-,-,0,0,0,,1991-08-24,1992-08-23
4077-3,4077,YU YU ENTERPRISE (M) SDN. BHD.,"Taman Sentosa, Langkap",-,-,0,0,0,,1993-09-07,1994-09-06
4077-4,4077,YU YU ENTERPRISE (M) SDN. BHD.,Taman Sentosa,-,-,0,0,0,,,
4077-5,4077,YU YU ENTERPRISE (M) SDN. BHD.,Taman Mewah Teluk Intan,-,-,0,0,0,,,
4077-6,4077,YU YU ENTERPRISE (M) SDN. BHD.,Taman Sri Idaman  Teluk Intan,-,-,0,0,0,,,
4077-7,4077,YU YU ENTERPRISE (M) SDN. BHD.,Lot 8377,-,-,0,0,0,,1999-11-23,2000-11-22
4077-8,4077,YU YU ENTERPRISE (M) SDN. BHD.,Taman Padang Tembak Fasa 4,-,-,0,0,0,,1999-06-02,2000-06-01
4078-1,4078,SEPADU MAJU SDN. BHD.,Taman Sepadu,-,-,0,0,0,,1993-09-17,1994-09-16
4080-1,4080,KEMAJUAN SIM HIN SDN. BHD.,Taman Bedong,-,-,0,0,0,,1992-07-18,1993-07-17
4080-2,4080,KEMAJUAN SIM HIN SDN. BHD.,Taman Sri Bandar,-,-,0,0,0,,1991-03-02,1992-03-01
4080-3,4080,KEMAJUAN SIM HIN SDN. BHD.,Taman Pulasan,-,-,0,0,0,,1992-05-27,1993-05-26
4080-4,4080,KEMAJUAN SIM HIN SDN. BHD.,Taman Sinaran,-,-,0,0,0,,,
4080-5,4080,KEMAJUAN SIM HIN SDN. BHD.,Taman Sinaran,-,-,0,0,0,,1996-12-11,1997-12-10
4081-1,4081,EXCELHOUSE DEVELOPMENT SDN. BHD.,Taman Indah,-,-,0,0,0,,1991-07-20,1992-07-19
4081-2,4081,EXCELHOUSE DEVELOPMENT SDN. BHD.,Orkid Indah,-,-,0,0,0,,,
4081-3,4081,EXCELHOUSE DEVELOPMENT SDN. BHD.,Taman Melor Indah,-,-,0,0,0,,1997-09-18,1998-09-17
4081-4,4081,EXCELHOUSE DEVELOPMENT SDN. BHD.,Taman Mesra Indah 11,-,-,0,0,0,,2002-05-08,2003-05-07
4084-1,4084,SYARIKAT SEKEBA SDN. BHD.,Kampong Muhibbah Fasa 2b,-,-,0,0,0,,1992-05-14,1993-05-13
4084-2,4084,SYARIKAT SEKEBA SDN. BHD.,Zzz,-,-,0,0,0,,,
4084-3,4084,SYARIKAT SEKEBA SDN. BHD.,Zzz,-,-,0,0,0,,,
4084-4,4084,SYARIKAT SEKEBA SDN. BHD.,Zzz,-,-,0,0,0,,1995-01-26,1996-01-25
4087-1,4087,GUAN PERDAGANGAN SDN. BHD.,Taman 20,-,-,0,0,0,,1987-10-28,1988-10-27
4087-2,4087,GUAN PERDAGANGAN SDN. BHD.,Taman Seri Manis,-,-,0,0,0,,1990-06-25,1991-06-24
4087-3,4087,GUAN PERDAGANGAN SDN. BHD.,Taman Sepadu,-,-,0,0,0,,,
4087-4,4087,GUAN PERDAGANGAN SDN. BHD.,Taman Wira,-,-,0,0,0,,,
4087-5,4087,GUAN PERDAGANGAN SDN. BHD.,Taman Seri Bakau Fasa 1,-,-,0,0,0,,,
4087-6,4087,GUAN PERDAGANGAN SDN. BHD.,Taman Wira Fasa Dua,-,-,0,0,0,,1996-10-21,1997-10-20
4087-7,4087,GUAN PERDAGANGAN SDN. BHD.,Taman Dua Puluh Fasa 2,-,-,0,0,0,,1998-10-09,1999-10-08
4087-8,4087,GUAN PERDAGANGAN SDN. BHD.,Taman Seri Bakau Fasa 2,-,-,0,0,0,,1998-02-17,1999-02-16
4087-9,4087,GUAN PERDAGANGAN SDN. BHD.,Taman  Bunga Tanjung,-,-,0,0,0,,1998-05-25,1999-05-24
4087-10,4087,GUAN PERDAGANGAN SDN. BHD.,Taman Wira Fasa Empat,-,-,0,0,0,,2005-04-22,2006-04-21
4087-11,4087,GUAN PERDAGANGAN SDN. BHD.,Taman Wira Fasa Tiga,-,-,0,0,0,,2000-02-16,2001-02-15
4087-12,4087,GUAN PERDAGANGAN SDN. BHD.,Taman Seri Manis Fasa Dua,-,-,0,0,0,,2002-12-16,2003-12-15
4087-13,4087,GUAN PERDAGANGAN SDN. BHD.,Taman Chelong Fasa Dua,-,-,0,0,0,,,
4089-1,4089,ILMIAH KAMAR SDN. BHD,Taman Desa Jaya,-,-,0,0,0,,,
4089-2,4089,ILMIAH KAMAR SDN. BHD,Taman Sri Desa,-,-,0,0,0,,1992-11-27,1993-11-26
4089-3,4089,ILMIAH KAMAR SDN. BHD,Taman Setia Kasih,-,-,0,0,0,,1999-10-20,2000-10-19
4089-4,4089,ILMIAH KAMAR SDN. BHD,Taman Seribu Jaya,-,-,0,0,0,,,
4091-1,4091,KEMAJUAN KIAN HOCK LEE SDN. BHD.,Taman Intan,-,-,0,0,0,,1991-03-06,1992-03-05
4091-2,4091,KEMAJUAN KIAN HOCK LEE SDN. BHD.,Taman Budaya Jaya,-,-,0,0,0,,1999-02-27,2000-02-26
4091-3,4091,KEMAJUAN KIAN HOCK LEE SDN. BHD.,Taman Sri Wangi,-,-,0,0,0,,2000-03-30,2001-03-29
4091-4,4091,KEMAJUAN KIAN HOCK LEE SDN. BHD.,Taman Budaya,-,-,0,0,0,,2000-06-28,2001-06-27
4091-5,4091,KEMAJUAN KIAN HOCK LEE SDN. BHD.,Taman Sri Damai,-,-,0,0,0,,2000-11-25,2001-11-24
4091-6,4091,KEMAJUAN KIAN HOCK LEE SDN. BHD.,Taman Cemerlang/taman Cemerlang Jaya,-,-,0,0,0,,2002-11-27,2003-10-04
4091-7,4091,KEMAJUAN KIAN HOCK LEE SDN. BHD.,Taman Orkid,-,-,0,0,0,,2003-07-25,2004-07-24
4091-8,4091,KEMAJUAN KIAN HOCK LEE SDN. BHD.,Taman Cemerlang,-,-,0,0,0,,,
4091-9,4091,KEMAJUAN KIAN HOCK LEE SDN. BHD.,Taman Senggarang Ii,Johor,Batu Pahat,177,0,0,,2011-10-14,2012-07-16
4093-1,4093,KASJARIA - KIM HUAT (M) SDN BHD,"Projek Pembangunan Setempat Bandar Baru Kubang Kerian, Kota Bharu.",Kelantan,Kota Bharu,389,0,0,,2020-01-26,2021-01-25
4094-1,4094,HUAT CHEONG REALTY SDN. BHD.,Taman Sri Rahmat,-,-,0,0,0,,1993-10-12,1994-10-11
4096-1,4096,TEGUH CONSOLIDATED SDN. BHD.,Taman Muhibbah,-,-,0,0,0,,1998-01-08,1999-01-07
4097-1,4097,PERMAI BARU SDN. BHD.,Taman Jambu,-,-,0,0,0,,1993-12-20,1994-12-19
4098-1,4098,GOH CHENG SEE PROPERTIES SDN. BHD.,Taman Limau Manis,-,-,0,0,0,,1996-07-18,1997-07-17
4100-1,4100,HARI JAYA - MEWAH KOTA SDN. BHD.,Mewah Court,-,-,0,0,0,,,
4100-2,4100,HARI JAYA - MEWAH KOTA SDN. BHD.,Taman Helang Jaya,-,-,0,0,0,,1992-01-25,1993-01-24
4100-3,4100,HARI JAYA - MEWAH KOTA SDN. BHD.,Taman Enggang Indah,-,-,0,0,0,,1992-01-25,1993-01-24
4105-1,4105,SUNWAY CITY SDN. BHD.,Bandar Sunway ,-,-,0,0,0,,2002-09-09,2003-09-08
4105-3,4105,SUNWAY CITY SDN. BHD.,Sunway Science City,-,-,0,0,0,,,
4105-4,4105,SUNWAY CITY SDN. BHD.,Sunway Alam Suria,Selangor,Petaling ,134,0,0,,2006-08-23,2007-08-13
4105-5,4105,SUNWAY CITY SDN. BHD.,Sunway Alam Suria,Selangor,Petaling ,144,0,0,,2007-11-24,2008-10-03
4105-6,4105,SUNWAY CITY SDN. BHD.,Sunway Alam Suria,Selangor,Petaling ,107,0,0,,2011-05-27,2012-05-26
4105-7,4105,SUNWAY CITY SDN. BHD.,Lot 48629,Wp Kuala Lumpur,Kuala Lumpur,160,0,0,,2011-01-11,2011-09-27
4105-8,4105,SUNWAY CITY SDN. BHD.,Sunway Alam Suria,Selangor,Petaling ,100,0,0,,2011-01-13,2012-01-12
4105-9,4105,SUNWAY CITY SDN. BHD.,Sunway Velocity,Wp Kuala Lumpur,Kuala Lumpur,264,0,0,,2014-04-08,2015-04-07
4105-10,4105,SUNWAY CITY SDN. BHD.,Sunway Alam Suria,Selangor,Petaling ,145,0,0,,2012-05-20,2013-05-19
4105-11,4105,SUNWAY CITY SDN. BHD.,Sunway Alam Suria,Selangor,Petaling ,152,0,0,,2014-08-15,2015-08-14
4105-12,4105,SUNWAY CITY SDN. BHD.,Sunway Velocity,Wp Kuala Lumpur,Kuala Lumpur,334,0,0,,2017-05-17,2018-05-16
4105-13,4105,SUNWAY CITY SDN. BHD.,Sunway Velocity,Wp Kuala Lumpur,Kuala Lumpur,411,0,0,,2017-07-15,2018-07-14
4106-1,4106,SIN SOON HOLDINGS SDN. BHD.,Taman Desa Pangkor,-,-,0,0,0,,1993-09-14,1994-09-13
4106-2,4106,SIN SOON HOLDINGS SDN. BHD.,Taman Lebuh Raya Baru,-,-,0,0,0,,1992-10-01,1993-09-30
4106-3,4106,SIN SOON HOLDINGS SDN. BHD.,Xxx,-,-,0,0,0,,,
4106-4,4106,SIN SOON HOLDINGS SDN. BHD.,Xxx,-,-,0,0,0,,,
4106-5,4106,SIN SOON HOLDINGS SDN. BHD.,Xxx,-,-,0,0,0,,,
4106-6,4106,SIN SOON HOLDINGS SDN. BHD.,Taman Endah Sitiwan.,-,-,0,0,0,,2000-01-28,2001-01-27
4106-7,4106,SIN SOON HOLDINGS SDN. BHD.,Taman Suriya,-,-,0,0,0,,1996-03-22,1997-03-21
4106-8,4106,SIN SOON HOLDINGS SDN. BHD.,Taman Desa Aman Baru,-,-,0,0,0,,,
4108-1,4108,INDAH KEMAS SDN.BHD.,Taman Indah Lot 1572,-,-,0,0,0,,1987-11-14,1988-11-13
4108-2,4108,INDAH KEMAS SDN.BHD.,"Taman Indah Lot 154, 200",-,-,0,0,0,,1993-07-16,1994-07-15
4108-3,4108,INDAH KEMAS SDN.BHD.,Xxx,-,-,0,0,0,,,
4108-4,4108,INDAH KEMAS SDN.BHD.,Taman Sri Dayang,-,-,0,0,0,,2002-04-26,2003-04-25
4108-5,4108,INDAH KEMAS SDN.BHD.,Taman Indah,Kedah,Langkawi,14,0,0,,2015-11-17,2016-11-16
4108-6,4108,INDAH KEMAS SDN.BHD.,Taman Indah,Kedah,Langkawi,26,0,0,,2017-06-01,2019-05-31
4108-7,4108,INDAH KEMAS SDN.BHD.,Taman Desa Ria,Kedah,Langkawi,29,4,4,,2023-04-28,2024-04-27
4109-1,4109,SIME DARBY PROPERTY (SAUJANA IMPIAN) SDN. BHD.,Saujana Impian,-,-,0,0,0,,1998-12-31,1999-12-30
4109-2,4109,SIME DARBY PROPERTY (SAUJANA IMPIAN) SDN. BHD.,Taman Saujana Impian,Selangor,Hulu Langat,80,0,0,,1998-03-06,1999-03-05
4109-3,4109,SIME DARBY PROPERTY (SAUJANA IMPIAN) SDN. BHD.,Saujana Impian,-,-,0,0,0,,1999-12-28,2000-12-27
4109-4,4109,SIME DARBY PROPERTY (SAUJANA IMPIAN) SDN. BHD.,Saujana Impian,-,-,0,0,0,,,
4109-5,4109,SIME DARBY PROPERTY (SAUJANA IMPIAN) SDN. BHD.,Saujana Impian,-,-,0,0,0,,,
4109-6,4109,SIME DARBY PROPERTY (SAUJANA IMPIAN) SDN. BHD.,"Saujana Impian - Fasa 5b, 5c1 & 5d",Selangor,Hulu Langat,141,0,0,,1999-12-07,2000-12-06
4109-7,4109,SIME DARBY PROPERTY (SAUJANA IMPIAN) SDN. BHD.,Saujana Impian (lot 1025),Selangor,Hulu Langat,37,0,0,,2012-03-27,2013-03-26
4109-8,4109,SIME DARBY PROPERTY (SAUJANA IMPIAN) SDN. BHD.,Saujana Impian Si2c3,Selangor,Hulu Langat,27,0,0,,2014-02-04,2015-02-03
4109-9,4109,SIME DARBY PROPERTY (SAUJANA IMPIAN) SDN. BHD.,Saujana Impian (si2b2),Selangor,Hulu Langat,198,0,0,,2016-03-04,2017-03-03
4111-1,4111,SUPER VENTURE DEVT.(M) SDN. BHD,Taman Rasa,-,-,0,0,0,,1998-05-19,1999-05-18
4114-1,4114,KELADI KULIM SDN.BHD.,Taman Kobis,-,-,0,0,0,,1992-04-22,1993-04-21
4114-2,4114,KELADI KULIM SDN.BHD.,Taman Cekur Manis,-,-,0,0,0,,1989-09-04,1990-09-03
4114-3,4114,KELADI KULIM SDN.BHD.,Taman Lobak,-,-,0,0,0,,1993-10-23,1994-10-22
4114-4,4114,KELADI KULIM SDN.BHD.,Taman Makmur,-,-,0,0,0,,1992-08-19,1993-08-18
4114-5,4114,KELADI KULIM SDN.BHD.,Taman Gangsa,-,-,0,0,0,,1993-07-22,1994-07-21
4114-6,4114,KELADI KULIM SDN.BHD.,Taman Bendahara,-,-,0,0,0,,,
4114-7,4114,KELADI KULIM SDN.BHD.,Taman Bendahara,-,-,0,0,0,,2002-06-05,2003-06-04
4114-8,4114,KELADI KULIM SDN.BHD.,Lot 78,Kedah,Kulim,0,0,0,,,
4114-9,4114,KELADI KULIM SDN.BHD.,Taman Cili,Kedah,Kulim,66,0,0,,2006-11-30,2007-11-29
4114-10,4114,KELADI KULIM SDN.BHD.,Zzzz,-,-,0,0,0,,,
4114-11,4114,KELADI KULIM SDN.BHD.,Zzzz,-,-,0,0,0,,1996-04-23,1997-04-22
4114-12,4114,KELADI KULIM SDN.BHD.,Taman Makmur  Fasa 3,-,-,0,0,0,,2002-06-06,2003-05-03
4114-13,4114,KELADI KULIM SDN.BHD.,Taman Delima,-,-,0,0,0,,2001-12-21,2002-12-20
4114-14,4114,KELADI KULIM SDN.BHD.,Taman Desa Cinta Sayang,Kedah,Kulim,423,0,0,,2015-06-29,2016-06-28
4114-15,4114,KELADI KULIM SDN.BHD.,Taman Desa Cinta Sayang,Kedah,Kulim,100,0,0,,2021-05-22,2023-05-21
4117-1,4117,TELSU DEVELOPMENT (M) SDN.BHD,Taman Impian,-,-,0,0,0,,1988-05-16,1989-05-15
4117-2,4117,TELSU DEVELOPMENT (M) SDN.BHD,Taman Intan Baiduri,-,-,0,0,0,,2001-11-03,2002-11-02
4118-1,4118,TAN & SEW HOUSING DEVT. SDN. BHD.,Taman Rhu,-,-,0,0,0,,1992-11-23,1993-11-22
4118-2,4118,TAN & SEW HOUSING DEVT. SDN. BHD.,Taman Aman,-,-,0,0,0,,1997-12-04,1998-12-03
4118-3,4118,TAN & SEW HOUSING DEVT. SDN. BHD.,Taman Impian,-,-,0,0,0,,1997-12-04,1998-12-03
4118-4,4118,TAN & SEW HOUSING DEVT. SDN. BHD.,Taman Telok Indah,-,-,0,0,0,,2000-11-23,2001-11-22
4118-5,4118,TAN & SEW HOUSING DEVT. SDN. BHD.,Taman Telok Molek,-,-,0,0,0,,2002-02-05,2002-03-22
4120-1,4120,MAXISEGAR SDN. BHD.,Taman Pandan Indah,-,-,0,0,0,,2000-02-18,2001-02-17
4120-2,4120,MAXISEGAR SDN. BHD.,Pandan Indah,-,-,0,0,0,,1996-07-26,1997-07-25
4120-3,4120,MAXISEGAR SDN. BHD.,Bukit Sentosa Seksyen 3 Fasa 20a1,-,-,0,0,0,,2001-08-21,2002-08-20
4120-4,4120,MAXISEGAR SDN. BHD.,Bukit Sentosa Sek 3 Fasa 20a2,-,-,0,0,0,,2001-08-21,2002-08-20
4120-5,4120,MAXISEGAR SDN. BHD.,Bkt. Sentosa Sek. 3 Fasa 20d1 & 20d2,-,-,0,0,0,,2001-08-21,2002-08-20
4120-6,4120,MAXISEGAR SDN. BHD.,"Bukit Sentosa Sek. 3 Fasa 20e1, 20e2 & 20f",-,-,0,0,0,,1999-07-25,2000-07-24
4120-7,4120,MAXISEGAR SDN. BHD.,"Bukit Sentosa Sek. 3 Fasa 21a, 21d & 21e",-,-,0,0,0,,2001-04-19,2002-04-18
4120-8,4120,MAXISEGAR SDN. BHD.,Bukit Sentosa Sek 3 Fasa 21b,-,-,0,0,0,,2000-10-03,2001-10-02
4120-9,4120,MAXISEGAR SDN. BHD.,Bukit Sentosa Sek 3 Fasa 21c1 & 21c2,-,-,0,0,0,,2001-11-07,2002-11-06
4120-10,4120,MAXISEGAR SDN. BHD.,"Bukit Sentosa 3 Fasa 20g, 20b, 20c2,  20c1",-,-,0,0,0,,2000-12-05,2001-12-04
4120-11,4120,MAXISEGAR SDN. BHD.,Bukit Sentosa 3 Fasa 22a - 22b2 - 22b1,-,-,0,0,0,,,
4120-12,4120,MAXISEGAR SDN. BHD.,Bukit Sentosa 3 Fasa 23 A,-,-,0,0,0,,1998-02-13,1999-02-12
4120-13,4120,MAXISEGAR SDN. BHD.,Bukit Sentosa 3 Fasa 23 B,-,-,0,0,0,,1999-08-04,2000-08-03
4120-14,4120,MAXISEGAR SDN. BHD.,Bukit Sentosa 3 Fasa 23 C,-,-,0,0,0,,2001-08-21,2002-08-20
4120-15,4120,MAXISEGAR SDN. BHD.,Bukit Sentosa 3 Fasa 23 D,-,-,0,0,0,,2001-08-21,2002-08-20
4120-16,4120,MAXISEGAR SDN. BHD.,Bukit Sentosa 3 Fasa 24a,-,-,0,0,0,,2001-08-21,2002-08-20
4120-17,4120,MAXISEGAR SDN. BHD.,Bukit Sentosa 3 Fasa 24 B,-,-,0,0,0,,2001-08-21,2002-08-20
4120-18,4120,MAXISEGAR SDN. BHD.,Bukit Sentosa 3 Fasa 25b,-,-,0,0,0,,2001-08-01,2002-07-31
4120-19,4120,MAXISEGAR SDN. BHD.,Bukit Sentosa 3 Fasa 25c,-,-,0,0,0,,1999-08-04,2000-08-03
4120-20,4120,MAXISEGAR SDN. BHD.,Bukit Sentosa 3 Fasa 26a,-,-,0,0,0,,1998-10-24,1999-10-23
4120-21,4120,MAXISEGAR SDN. BHD.,Bukit Sentosa 3 Fasa 26b,-,-,0,0,0,,,
4120-22,4120,MAXISEGAR SDN. BHD.,Bukit Sentosa 3 Fasa 26c,-,-,0,0,0,,,
4120-23,4120,MAXISEGAR SDN. BHD.,Bukit Sentosa 3 Fasa 26d,-,-,0,0,0,,1998-10-24,1999-10-23
4120-24,4120,MAXISEGAR SDN. BHD.,Bukit Sentosa 3 - Fasa 25a,-,-,0,0,0,,2001-08-01,2002-07-31
4120-25,4120,MAXISEGAR SDN. BHD.,Puncak Jalil,Selangor,Petaling ,1377,0,0,,2003-07-11,2004-07-08
4120-26,4120,MAXISEGAR SDN. BHD.,Saujana Damansara,-,-,0,0,0,,2003-08-25,2004-08-24
4120-27,4120,MAXISEGAR SDN. BHD.,Bukit Sentosa 3,-,-,0,0,0,,2003-11-29,2004-11-01
4120-28,4120,MAXISEGAR SDN. BHD.,Saujana Damansara,-,-,0,0,0,,2004-02-21,2005-02-20
4120-29,4120,MAXISEGAR SDN. BHD.,Saujana Damansara,-,-,0,0,0,,2002-03-22,2003-03-21
4120-30,4120,MAXISEGAR SDN. BHD.,Puncak Jalil,Selangor,Petaling ,1461,0,0,,2004-05-28,2005-05-27
4120-31,4120,MAXISEGAR SDN. BHD.,Puncak Jalil,Selangor,Petaling ,522,0,0,,2003-05-28,2004-05-27
4120-32,4120,MAXISEGAR SDN. BHD.,Puncak Jalil,Selangor,Petaling ,240,0,0,,2004-07-21,2005-01-20
4120-33,4120,MAXISEGAR SDN. BHD.,Puncak Jalil,Selangor,Petaling ,396,0,0,,2003-05-28,2004-05-27
4120-34,4120,MAXISEGAR SDN. BHD.,Puncak Jalil,Selangor,Petaling ,434,0,0,,2003-05-28,2004-05-27
4120-35,4120,MAXISEGAR SDN. BHD.,Puncak Jalil,Selangor,Petaling ,1124,0,0,,2009-01-08,2010-01-07
4120-36,4120,MAXISEGAR SDN. BHD.,Puncak Jalil,Selangor,Petaling ,2200,0,0,,2003-12-23,2004-12-22
4120-37,4120,MAXISEGAR SDN. BHD.,Puncak Jalil,Selangor,Petaling ,332,0,0,,2004-06-08,2005-06-07
4125-1,4125,JANIT SDN. BHD.,Taman Serdang Raya,-,-,0,0,0,,1988-05-14,1989-05-13
4127-1,4127,BANDAR BARU POKOK SENA SDN. BHD,Bandar Baru Pokok Sena,-,-,0,0,0,,2001-02-20,2002-02-19
4127-2,4127,BANDAR BARU POKOK SENA SDN. BHD,Bandar Baru Pokok Sena- Fasa 3,-,-,0,0,0,,2004-02-06,2005-02-05
4131-1,4131,KAR SIN BHD.,Taman Samudera,-,-,0,0,0,,1990-07-28,1991-07-27
4131-2,4131,KAR SIN BHD.,Taman Aman Muhibaah,-,-,0,0,0,,1992-07-01,1993-06-30
4131-3,4131,KAR SIN BHD.,Taman Berjasa,-,-,0,0,0,,1992-04-28,1993-04-27
4131-4,4131,KAR SIN BHD.,Taman Samudera Fasa 1,-,-,0,0,0,,1993-07-12,1994-07-11
4131-5,4131,KAR SIN BHD.,Taman Samudera Fasa 2,-,-,0,0,0,,,
4131-6,4131,KAR SIN BHD.,Taman Permata,-,-,0,0,0,,1993-10-18,1994-10-17
4131-7,4131,KAR SIN BHD.,Taman Permata,-,-,0,0,0,,1993-11-11,1994-11-10
4131-8,4131,KAR SIN BHD.,Taman Muhibah Fasa 2,-,-,0,0,0,,,
4131-9,4131,KAR SIN BHD.,Taman Samudera Fasa3,-,-,0,0,0,,,
4131-10,4131,KAR SIN BHD.,Taman Samudera Fasa 4,-,-,0,0,0,,,
4131-11,4131,KAR SIN BHD.,Taman Samudera Fasa 5,-,-,0,0,0,,1995-01-18,1996-01-17
4131-12,4131,KAR SIN BHD.,Taman Muhibah,-,-,0,0,0,,,
4131-13,4131,KAR SIN BHD.,Taman Samudera Baru,Perak,Manjung,288,0,0,,2010-01-19,2011-01-18
4131-14,4131,KAR SIN BHD.,Taman Samudera Baru  Fasa 2,-,-,0,0,0,,,
4131-15,4131,KAR SIN BHD.,Taman Samudera Fasa 4,-,-,0,0,0,,1996-01-08,1997-01-07
4131-16,4131,KAR SIN BHD.,Taman Desa Aman,-,-,0,0,0,,1996-06-04,1997-06-03
4131-17,4131,KAR SIN BHD.,Taman Desa Aman Fasa 2,-,-,0,0,0,,1996-02-17,1997-02-16
4131-18,4131,KAR SIN BHD.,Taman Samudera Fasa 8,-,-,0,0,0,,1996-04-02,1997-04-01
4131-19,4131,KAR SIN BHD.,Taman Kenari,-,-,0,0,0,,2000-06-27,2001-06-26
4131-20,4131,KAR SIN BHD.,Taman Bintang,-,-,0,0,0,,1997-01-10,1998-01-09
4131-21,4131,KAR SIN BHD.,Taman Sejati Fasa 1.,-,-,0,0,0,,1997-04-08,1998-04-07
4131-22,4131,KAR SIN BHD.,Taman Sejati Iii,-,-,0,0,0,,1997-05-12,1998-05-11
4131-23,4131,KAR SIN BHD.,Taman Muhibbah Iii,-,-,0,0,0,,1997-05-12,1998-05-11
4131-24,4131,KAR SIN BHD.,Taman Aman Muhibbah Iii,-,-,0,0,0,,1997-05-20,1998-05-19
4131-25,4131,KAR SIN BHD.,Manjung Point Fasa 1,-,-,0,0,0,,1997-05-12,1998-05-11
4131-26,4131,KAR SIN BHD.,Manjung Point Fasa Ii,-,-,0,0,0,,1997-06-26,1998-06-25
4131-27,4131,KAR SIN BHD.,Taman Aman Muhubbah Iii,-,-,0,0,0,,1997-06-24,1998-06-23
4131-28,4131,KAR SIN BHD.,Taman Aman Muhibbah Iii,-,-,0,0,0,,1997-08-26,1998-08-25
4131-29,4131,KAR SIN BHD.,Taman Sejati Ii,-,-,0,0,0,,1998-08-26,1999-08-25
4131-30,4131,KAR SIN BHD.,Taman Makmur,-,-,0,0,0,,1997-08-26,1998-08-25
4131-31,4131,KAR SIN BHD.,Taman Makmur,-,-,0,0,0,,1997-08-11,1998-08-10
4131-32,4131,KAR SIN BHD.,Taman Aman Muhibbah Iii,-,-,0,0,0,,1998-08-11,1999-08-10
4131-33,4131,KAR SIN BHD.,Taman Aman Muhibbah Iii,-,-,0,0,0,,1997-08-11,1998-08-10
4131-34,4131,KAR SIN BHD.,Taman Singa Baru,-,-,0,0,0,,1997-10-17,1998-10-16
4131-35,4131,KAR SIN BHD.,Taman Hijau,-,-,0,0,0,,1998-10-22,1999-10-21
4131-36,4131,KAR SIN BHD.,Taman Hijau,-,-,0,0,0,,1998-02-16,1999-02-15
4131-37,4131,KAR SIN BHD.,Taman Damai Fasa 1,-,-,0,0,0,,2003-11-29,2004-11-28
4131-38,4131,KAR SIN BHD.,Taman Damai Fasa 2,-,-,0,0,0,,2000-06-27,2001-06-26
4131-39,4131,KAR SIN BHD.,Taman Damai Fasa 3,-,-,0,0,0,,1999-03-23,2000-03-22
4131-40,4131,KAR SIN BHD.,Bandar Baru Seri Manjung Fasa 2f,-,-,0,0,0,,1998-03-27,1999-03-26
4131-41,4131,KAR SIN BHD.,Manjung Point Fasa 3,-,-,0,0,0,,2001-06-20,2002-06-19
4131-42,4131,KAR SIN BHD.,Taman Seroja,-,-,0,0,0,,1998-06-17,1999-06-16
4131-43,4131,KAR SIN BHD.,Manjung Point Fasa Iii,-,-,0,0,0,,2000-08-29,2001-08-28
4131-44,4131,KAR SIN BHD.,Bandar Baru Seri Manjung Fasa 2f,-,-,0,0,0,,1998-10-26,1999-10-25
4131-45,4131,KAR SIN BHD.,Taman Seri Trong,-,-,0,0,0,,2000-05-17,2001-05-16
4131-46,4131,KAR SIN BHD.,Bandar Baru Seri Manjung Fasa 2h,-,-,0,0,0,,1999-04-13,2000-04-12
4131-47,4131,KAR SIN BHD.,Taman Delima,-,-,0,0,0,,1999-09-15,2000-09-14
4131-48,4131,KAR SIN BHD.,Taman Sri Ayer Tawar 11,-,-,0,0,0,,1999-09-15,2000-09-14
4131-49,4131,KAR SIN BHD.,Taman Aman Muhibbah 111 ,-,-,0,0,0,,1999-09-15,2000-09-14
4131-50,4131,KAR SIN BHD.,Taman Makmur,-,-,0,0,0,,2000-10-20,2001-10-19
4131-51,4131,KAR SIN BHD.,Taman Aman Muhibbah 111  ,-,-,0,0,0,,1999-10-20,2000-10-19
4131-52,4131,KAR SIN BHD.,Lumut Ria Kondominium,Perak,Manjung,237,0,0,,2010-06-10,2011-06-09
4131-53,4131,KAR SIN BHD.,Bandar Baru Seri Manjung - Fasa 2j,-,-,0,0,0,,2000-08-11,2001-08-10
4131-54,4131,KAR SIN BHD.,Taman Desa Manjung Point 2,Perak,Manjung,203,0,0,,2014-11-14,2015-11-13
4131-55,4131,KAR SIN BHD.,Taman Sejati,-,-,0,0,0,,2001-12-08,2002-12-07
4131-56,4131,KAR SIN BHD.,Bandar Baru Seri Manjung Fasa 2e,-,-,0,0,0,,2000-09-29,2001-09-28
4131-57,4131,KAR SIN BHD.,Taman Singa  Baru,-,-,0,0,0,,2000-09-29,2001-09-28
4131-58,4131,KAR SIN BHD.,Bandar Baru Seri Manjung - Fasa 2 I,-,-,0,0,0,,2000-09-19,2001-09-18
4131-59,4131,KAR SIN BHD.,Bandar Baru Seri Manjung Fasa 3b,-,-,0,0,0,,2000-11-23,2001-11-22
4131-60,4131,KAR SIN BHD.,Bandar Baru Seri Manjung Fasa 2j,-,-,0,0,0,,2000-12-29,2001-12-28
4131-61,4131,KAR SIN BHD.,Bandar Baru Seri Manjung Fasa 3c,-,-,0,0,0,,2000-12-23,2001-12-22
4131-62,4131,KAR SIN BHD.,Bandar Baru Seri Manjung Fasa 2 I,-,-,0,0,0,,2001-02-21,2002-02-20
4131-63,4131,KAR SIN BHD.,Bandar Baru Seri Manjung Fasa 3c,-,-,0,0,0,,2001-04-10,2002-04-09
4131-64,4131,KAR SIN BHD.,Bandar Baru Seri Manjung Fasa 3c,-,-,0,0,0,,2001-06-20,2002-06-19
4131-65,4131,KAR SIN BHD.,Bandar Baru Seri Manjung - Fasa 2j,-,-,0,0,0,,2001-11-21,2002-11-20
4131-66,4131,KAR SIN BHD.,Taman Trong Indah,-,-,0,0,0,,2006-01-05,2007-01-04
4131-67,4131,KAR SIN BHD.,Taman Setia Jaya,-,-,0,0,0,,2002-08-30,2003-08-29
4131-68,4131,KAR SIN BHD.,Taman Damai Jaya,-,-,0,0,0,,2002-03-08,2003-03-07
4131-69,4131,KAR SIN BHD.,Taman Damai Fasa 1,-,-,0,0,0,,2002-04-24,2003-04-23
4131-70,4131,KAR SIN BHD.,Taman Megah 3,-,-,0,0,0,,2002-08-30,2003-08-29
4131-71,4131,KAR SIN BHD.,Taman Megah 3,-,-,0,0,0,,2002-08-30,2003-08-29
4131-72,4131,KAR SIN BHD.,Taman Sejati,-,-,0,0,0,,2003-11-21,2004-11-20
4131-73,4131,KAR SIN BHD.,Bandar Baru Seri Manjung Fasa 2c,-,-,0,0,0,,2002-11-21,2003-11-20
4131-74,4131,KAR SIN BHD.,Bandar Baru Seri Manjung Fasa 3b,-,-,0,0,0,,2004-01-08,2005-01-07
4131-75,4131,KAR SIN BHD.,Taman Harmoni,-,-,0,0,0,,2003-12-22,2004-12-21
4131-76,4131,KAR SIN BHD.,Taman Jasmin,-,-,0,0,0,,2003-01-20,2004-01-19
4131-77,4131,KAR SIN BHD.,Taman Aman Muhibbah 3,-,-,0,0,0,,2003-05-29,2004-05-28
4131-78,4131,KAR SIN BHD.,Taman Emas 2,-,-,0,0,0,,2004-08-19,2005-08-18
4131-79,4131,KAR SIN BHD.,Taman Sitiawan 1,-,-,0,0,0,,2003-08-25,2004-08-24
4131-80,4131,KAR SIN BHD.,Taman Desa Manjung Point 2,Perak,Manjung,230,0,0,,2014-01-14,2015-01-13
4131-81,4131,KAR SIN BHD.,Taman Sejati  2,-,-,0,0,0,,2004-12-13,2005-12-12
4131-82,4131,KAR SIN BHD.,Taman Berjaya,-,-,0,0,0,,2006-01-05,2006-08-17
4131-83,4131,KAR SIN BHD.,Taman Selamat,-,-,0,0,0,,2004-12-17,2005-12-16
4131-84,4131,KAR SIN BHD.,Taman Samudera,Perak,Manjung,22,0,0,,2005-11-21,2006-09-21
4131-85,4131,KAR SIN BHD.,Taman Biru,Perak,Manjung,60,0,0,,2005-09-20,2006-09-19
4131-86,4131,KAR SIN BHD.,Taman Biru,Perak,Manjung,23,0,0,,2005-03-12,2006-03-11
4131-87,4131,KAR SIN BHD.,Taman Mutiara,Perak,Manjung,12,0,0,,2005-06-16,2006-06-15
4131-88,4131,KAR SIN BHD.,Taman Manjung Point Seksyen 2,Perak,Manjung,289,0,0,,2007-03-26,2008-03-25
4131-89,4131,KAR SIN BHD.,Taman Manjung Point Seksyen 2,Perak,Manjung,370,0,0,,2006-03-29,2007-03-22
4131-90,4131,KAR SIN BHD.,Taman Cahaya,Perak,Manjung,30,0,0,,2005-09-20,2006-09-19
4131-91,4131,KAR SIN BHD.,Taman Aman,Perak,Manjung,28,0,0,,2004-08-10,2005-08-09
4131-92,4131,KAR SIN BHD.,Taman Megah 3,Perak,Manjung,21,0,0,,2005-10-12,2006-10-11
4131-93,4131,KAR SIN BHD.,Taman Jasmin,Perak,Manjung,31,0,0,,2006-10-31,2007-10-30
4131-94,4131,KAR SIN BHD.,Taman Harmoni,Perak,Manjung,28,0,0,,2005-11-21,2006-11-20
4131-95,4131,KAR SIN BHD.,Taman Indah Ria 1,Perak,Manjung,30,0,0,,2007-01-18,2008-01-17
4131-96,4131,KAR SIN BHD.,Taman Bahtera,Perak,Manjung,23,0,0,,2009-01-06,2009-10-18
4131-97,4131,KAR SIN BHD.,Taman Pinggiran Permai,Perak,Larut & Matang,26,0,0,,2009-01-06,2009-09-04
4131-98,4131,KAR SIN BHD.,Taman Samudera,Perak,Manjung,52,0,0,,2007-11-26,2008-11-25
4131-99,4131,KAR SIN BHD.,Taman Sejati 2,Perak,Manjung,23,0,0,,2006-11-13,2007-11-12
4131-100,4131,KAR SIN BHD.,Taman Hijau Ii,Perak,Manjung,24,0,0,,2008-03-03,2009-03-02
4131-101,4131,KAR SIN BHD.,Taman Sejati 3,Perak,Manjung,22,0,0,,2016-10-18,2017-10-17
4131-102,4131,KAR SIN BHD.,Taman Manjung Baru,Perak,Manjung,102,0,0,,2007-02-16,2008-02-15
4131-103,4131,KAR SIN BHD.,Taman Manjung Baru,Perak,Manjung,84,0,0,,2008-03-01,2009-02-28
4131-104,4131,KAR SIN BHD.,Ceriaan Kiara,Wp Kuala Lumpur,Kuala Lumpur,238,0,0,,2009-03-31,2010-03-30
4131-105,4131,KAR SIN BHD.,Taman Desa Manjung,Perak,Manjung,201,0,0,,,
4131-106,4131,KAR SIN BHD.,Taman Sejati 2,Perak,Manjung,36,0,0,,2010-02-08,2011-02-07
4131-107,4131,KAR SIN BHD.,Taman Biru 2,Perak,Manjung,60,0,0,,2008-03-26,2009-03-25
4131-108,4131,KAR SIN BHD.,Taman Manjung Point Seksyen 2,Perak,Manjung,50,0,0,,2007-05-14,2008-05-13
4131-109,4131,KAR SIN BHD.,Taman Sejati,Perak,Manjung,98,0,0,,2009-09-28,2010-04-29
4131-110,4131,KAR SIN BHD.,Taman Harmoni,Perak,Manjung,20,0,0,,2008-12-23,2009-12-22
4131-111,4131,KAR SIN BHD.,Taman Mutiara,Perak,Manjung,14,0,0,,2009-04-20,2010-04-19
4131-112,4131,KAR SIN BHD.,Taman Singa Baru ,Perak,Manjung,126,0,0,,2009-03-31,2010-03-30
4131-113,4131,KAR SIN BHD.,Taman Orkid 2,Perak,Manjung,34,0,0,,2009-11-30,2010-11-29
4131-114,4131,KAR SIN BHD.,Taman Nahkoda,Perak,Manjung,88,0,0,,2011-04-06,2011-12-08
4131-115,4131,KAR SIN BHD.,Taman Pegawai,Perak,Manjung,40,0,0,,2009-01-19,2010-01-18
4131-116,4131,KAR SIN BHD.,Taman Emas,Perak,Manjung,33,0,0,,2009-02-03,2010-02-02
4131-117,4131,KAR SIN BHD.,Taman Manjung Point Seksyen 4,Perak,Manjung,217,0,0,,2009-04-27,2010-04-26
4131-118,4131,KAR SIN BHD.,Taman Seri Melur,Perak,Manjung,76,0,0,,2010-11-30,2011-11-29
4131-119,4131,KAR SIN BHD.,Taman Sentosa 3,Perak,Manjung,17,0,0,,2009-11-30,2010-11-29
4131-120,4131,KAR SIN BHD.,Taman Sejati,Perak,Manjung,23,0,0,,2009-12-21,2010-12-20
4131-121,4131,KAR SIN BHD.,Kar Sin Berhad,Perak,Manjung,30,0,0,,2011-04-21,2012-04-20
4131-122,4131,KAR SIN BHD.,Taman Acheh Mutiara,Perak,Manjung,54,0,0,,2020-05-17,2021-05-16
4131-123,4131,KAR SIN BHD.,188 Suites,Wp Kuala Lumpur,Kuala Lumpur,446,0,0,,2014-10-21,2015-10-20
4131-124,4131,KAR SIN BHD.,Kar Sin Berhad,Perak,Manjung,167,0,0,,2011-07-08,2012-07-07
4131-125,4131,KAR SIN BHD.,Taman Panchor Damai,Perak,Manjung,92,0,0,,,
4131-126,4131,KAR SIN BHD.,Taman Pundut Raya,Perak,Manjung,75,0,0,,2011-12-30,2012-12-29
4131-127,4131,KAR SIN BHD.,Taman Seri Melur,Perak,Manjung,30,0,0,,2013-09-24,2014-09-23
4131-128,4131,KAR SIN BHD.,Taman Pantai Maju,Perak,Manjung,9,0,0,,,
4131-129,4131,KAR SIN BHD.,Taman Desa Manjung,Perak,Manjung,201,0,0,,2016-07-26,2017-07-25
4131-130,4131,KAR SIN BHD.,Taman Panchor Damai,Perak,Manjung,92,0,0,,2019-02-12,2020-02-11
4131-132,4131,KAR SIN BHD.,Sfera Residensi,Selangor,Petaling ,519,0,0,,2018-10-02,2019-10-01
4131-133,4131,KAR SIN BHD.,Taman Kampar Saujana,Perak,Kinta,126,0,0,,2019-10-02,2020-10-01
4131-134,4131,KAR SIN BHD.,Taman Sejati,Perak,Manjung,100,0,0,,2018-03-18,2019-03-17
4131-135,4131,KAR SIN BHD.,Taman Manjung Point Seksyen 2,Perak,Manjung,105,0,0,,2019-05-06,2020-05-05
4131-136,4131,KAR SIN BHD.,Taman Indah Raya,Perak,Manjung,6,0,0,,2016-06-21,2018-06-20
4131-137,4131,KAR SIN BHD.,Taman Bunga Raya,Perak,Manjung,13,0,0,,2020-05-08,2021-05-07
4131-138,4131,KAR SIN BHD.,Taman Bintang 1,Perak,Manjung,40,0,0,,2020-07-24,2021-07-23
4131-139,4131,KAR SIN BHD.,Solasta Dutamas,Wp Kuala Lumpur,Kuala Lumpur,1159,"2, 3",2,,2026-03-23,2027-03-22
4131-140,4131,KAR SIN BHD.,Taman Panchor Damai,Perak,Manjung,92,"3, 4",2,,2026-04-06,2027-04-05
4131-141,4131,KAR SIN BHD.,Taman Aman Muhibbah 4,Perak,Manjung,12,4,2,,2023-06-01,2025-05-31
4131-142,4131,KAR SIN BHD.,Taman Aman Muhibbah 4,Perak,Manjung,6,4,2,,2025-06-01,2026-05-31
4135-1,4135,CEKAP CORPORATION BERHAD,Taman Bukit Mewah,-,-,0,0,0,,1992-10-16,1993-10-15
4135-2,4135,CEKAP CORPORATION BERHAD,Taman Bukit Mewah.,-,-,0,0,0,,1996-12-16,1997-12-15
4135-3,4135,CEKAP CORPORATION BERHAD,Taman Bukit Mewah Fasa 7,-,-,0,0,0,,1999-03-08,2000-03-07
4135-4,4135,CEKAP CORPORATION BERHAD,Taman Bukit Mewah Fasa 8,-,-,0,0,0,,2002-03-12,2003-03-11
4135-5,4135,CEKAP CORPORATION BERHAD,Pelangi Damansara,-,-,0,0,0,,2002-10-30,2003-10-29
4135-6,4135,CEKAP CORPORATION BERHAD,Desa Mewah Kajang,-,-,0,0,0,,2002-01-04,2003-01-03
4135-7,4135,CEKAP CORPORATION BERHAD,Desa Mewah,-,-,0,0,0,,2002-10-11,2003-10-10
4135-8,4135,CEKAP CORPORATION BERHAD,Taman Pelangi Damansara,-,-,0,0,0,,2003-08-28,2004-08-27
4135-9,4135,CEKAP CORPORATION BERHAD,Taman Pelangi Damansara(fasa 2b),-,-,0,0,0,,2003-09-30,2004-09-29
4135-10,4135,CEKAP CORPORATION BERHAD,Desa Mewah,Selangor,Hulu Langat,80,0,0,,2005-05-18,2006-05-17
4135-11,4135,CEKAP CORPORATION BERHAD,Desa Mewah,-,-,0,0,0,,2002-05-24,2003-05-23
4135-12,4135,CEKAP CORPORATION BERHAD,Desa Mewah,-,-,0,0,0,,2003-03-11,2004-03-10
4135-13,4135,CEKAP CORPORATION BERHAD,Desa Mewah,-,-,0,0,0,,2004-10-15,2005-10-14
4135-14,4135,CEKAP CORPORATION BERHAD,Taman Pelangi Damansara Fasa 3,-,-,0,0,0,,2004-08-04,2005-08-03
4135-15,4135,CEKAP CORPORATION BERHAD,Desa Mewah,-,-,0,0,0,,2004-03-03,2005-03-02
4135-16,4135,CEKAP CORPORATION BERHAD,Desa Mewah,-,-,0,0,0,,2004-03-03,2005-03-02
4135-17,4135,CEKAP CORPORATION BERHAD,Desa Mewah,-,-,0,0,0,,2002-05-02,2003-05-01
4135-18,4135,CEKAP CORPORATION BERHAD,Pelangi Astana,Selangor,Hulu Langat,180,0,0,,2005-05-18,2006-05-17
4135-19,4135,CEKAP CORPORATION BERHAD,Pelangi Serdang,-,-,0,0,0,,,
4135-20,4135,CEKAP CORPORATION BERHAD,Desa Mewah,Selangor,Hulu Langat,21,0,0,,2003-07-10,2004-07-09
4135-21,4135,CEKAP CORPORATION BERHAD,Pelangi Damansara 2,Selangor,Petaling ,376,0,0,,2007-08-10,2008-08-09
4135-22,4135,CEKAP CORPORATION BERHAD,Pelangi Damansara 2,Selangor,Petaling ,648,0,0,,2006-08-10,2007-08-09
4135-23,4135,CEKAP CORPORATION BERHAD,Pelangi Damansara 2,Selangor,Petaling ,648,0,0,,2006-05-16,2007-05-15
4135-24,4135,CEKAP CORPORATION BERHAD,Pelangi Sentral,Selangor,Hulu Langat,193,0,0,,,
4136-1,4136,KUMPULAN KEMAJUAN PERUMAHAN YUHN KANG (M) SDN. BHD,Seremban Sri Jaya F1.2-1.4,-,-,0,0,0,,1992-01-30,1993-01-29
4136-2,4136,KUMPULAN KEMAJUAN PERUMAHAN YUHN KANG (M) SDN. BHD,Seremban Jaya,-,-,0,0,0,,,
4137-1,4137,WELL MEAN SDN. BHD,Taman Cempaka,-,-,0,0,0,,1988-02-15,1989-02-14
4137-2,4137,WELL MEAN SDN. BHD,Projek Taman Bahagia                         ,-,-,0,0,0,,1993-10-14,1994-10-13
4137-3,4137,WELL MEAN SDN. BHD,Taman Bahagia,-,-,0,0,0,,2000-10-22,2001-10-21
4140-1,4140,HO TECK CONSTRUCTION & DEVELOPMENT SDN. BHD.,Pangsapuri Permata,-,-,0,0,0,,,
4140-2,4140,HO TECK CONSTRUCTION & DEVELOPMENT SDN. BHD.,Pangsapuri Intan,-,-,0,0,0,,1997-03-10,1998-03-09
4140-3,4140,HO TECK CONSTRUCTION & DEVELOPMENT SDN. BHD.,Pangsapuri Indah,-,-,0,0,0,,2001-02-07,2002-02-06
4141-1,4141,ALPINE DEVELOPMENTS (M) SDN. BHD.,Taman Krubong,-,-,0,0,0,,1993-08-05,1994-08-04
4147-1,4147,PIRUMAS SDN. BHD.,Taman Sri Perak,-,-,0,0,0,,1991-12-23,1992-12-22
4147-2,4147,PIRUMAS SDN. BHD.,Taman Cinta Pertama,-,-,0,0,0,,1989-06-17,1990-06-16
4147-3,4147,PIRUMAS SDN. BHD.,Taman Permata,-,-,0,0,0,,1989-06-17,1990-06-16
4147-4,4147,PIRUMAS SDN. BHD.,Taman Bunga Matahari,-,-,0,0,0,,1996-10-14,1997-10-13
4148-1,4148,PANORAMIC HOUSING DEVT. SDN. BHD,Desa Cemerlang,-,-,0,0,0,,2000-09-05,2001-09-04
4148-2,4148,PANORAMIC HOUSING DEVT. SDN. BHD,Desa Cemerlang,Johor,Johor Bahru,148,0,0,,2005-10-30,2006-09-16
4150-1,4150,SEBERAI MAJUHARTA SDN. BHD,Taman Berkat,-,-,0,0,0,,1991-09-27,1992-09-26
4150-2,4150,SEBERAI MAJUHARTA SDN. BHD,Guarperahu,-,-,0,0,0,,,
4150-3,4150,SEBERAI MAJUHARTA SDN. BHD,Taman Guar Perahu,-,-,0,0,0,,,
4158-1,4158,MOW SENG HOUSING & LAND DEVELOPMENT SDN. BHD.,Taman Pelangi,-,-,0,0,0,,1996-03-22,1997-03-21
4160-1,4160,KUMPULAN KEMAJUAN PERUMAHAM YUHN AUN (M) SDN. BHD.,Seremban Jaya,-,-,0,0,0,,1992-02-10,1993-02-09
4160-2,4160,KUMPULAN KEMAJUAN PERUMAHAM YUHN AUN (M) SDN. BHD.,Taman Seremban Jaya 2 & 3,-,-,0,0,0,,1991-01-23,1992-01-22
4163-1,4163,BINAAN SENTOSA SDN. BHD.,Desa Mutiara,-,-,0,0,0,,1991-08-06,1992-08-05
4163-2,4163,BINAAN SENTOSA SDN. BHD.,Taman Sentosa,-,-,0,0,0,,1998-11-04,1999-11-03
4163-3,4163,BINAAN SENTOSA SDN. BHD.,Taman Sri Belimbing,-,-,0,0,0,,1997-01-14,1998-01-13
4163-4,4163,BINAAN SENTOSA SDN. BHD.,Taman Sentosa,-,-,0,0,0,,1993-07-01,1994-06-30
4163-5,4163,BINAAN SENTOSA SDN. BHD.,Desa Sentosa,-,-,0,0,0,,2002-06-21,2003-06-20
4166-1,4166,TAN YEW LAI DEVELOPMENT SDN. BHD,Taman Kuchai Jaya,-,-,0,0,0,,1989-06-13,1990-06-12
4166-2,4166,TAN YEW LAI DEVELOPMENT SDN. BHD,Taman Kuchai Jaya Fasa 2,-,-,0,0,0,,1990-01-08,1991-01-07
4166-3,4166,TAN YEW LAI DEVELOPMENT SDN. BHD,Taman Kuchai Jaya Fasa 3a&4a,-,-,0,0,0,,1990-05-17,1991-05-16
4166-4,4166,TAN YEW LAI DEVELOPMENT SDN. BHD,Xxx,-,-,0,0,0,,,
4166-5,4166,TAN YEW LAI DEVELOPMENT SDN. BHD,Taman Kuchai Jaya,-,-,0,0,0,,1999-08-27,2000-08-26
4168-1,4168,PEMBANGUNAN PUSAT BANDAR SDN. BHD,Taman Kerian Tambahan V,-,-,0,0,0,,1988-02-12,1989-02-11
4168-2,4168,PEMBANGUNAN PUSAT BANDAR SDN. BHD,Taman Kerian Tambahan V1,-,-,0,0,0,,1993-08-14,1994-08-13
4168-3,4168,PEMBANGUNAN PUSAT BANDAR SDN. BHD,Xxx,-,-,0,0,0,,1993-11-23,1994-11-22
4168-4,4168,PEMBANGUNAN PUSAT BANDAR SDN. BHD,Xxx,-,-,0,0,0,,,
4168-5,4168,PEMBANGUNAN PUSAT BANDAR SDN. BHD,Xxx,-,-,0,0,0,,,
4168-6,4168,PEMBANGUNAN PUSAT BANDAR SDN. BHD,Xxx,-,-,0,0,0,,,
4168-7,4168,PEMBANGUNAN PUSAT BANDAR SDN. BHD,Taman Indah Pengkalan Aor.,-,-,0,0,0,,1997-01-09,1998-01-08
4168-8,4168,PEMBANGUNAN PUSAT BANDAR SDN. BHD,Xxx,-,-,0,0,0,,1996-06-06,1997-06-05
4168-9,4168,PEMBANGUNAN PUSAT BANDAR SDN. BHD,Taman Indah Pengkalan Aor,-,-,0,0,0,,1997-02-24,1998-02-23
4168-10,4168,PEMBANGUNAN PUSAT BANDAR SDN. BHD,Taman Indah Pengkalan Aor.,-,-,0,0,0,,2001-09-03,2002-09-02
4168-11,4168,PEMBANGUNAN PUSAT BANDAR SDN. BHD,"Taman Indah Pengkalan Aor, Taiping",-,-,0,0,0,,2000-02-21,2001-02-20
4168-12,4168,PEMBANGUNAN PUSAT BANDAR SDN. BHD, Desa Pantai Indah,-,-,0,0,0,,2005-06-24,2006-06-23
4169-1,4169,TAH CHUAN DEVELOPMENT SDN. BHD.,Taman Salad,-,-,0,0,0,,1988-01-07,1989-01-06
4169-2,4169,TAH CHUAN DEVELOPMENT SDN. BHD.,Taman Kroh Indah,-,-,0,0,0,,1991-03-19,1992-03-18
4169-3,4169,TAH CHUAN DEVELOPMENT SDN. BHD.,Xxx,-,-,0,0,0,,,
4169-4,4169,TAH CHUAN DEVELOPMENT SDN. BHD.,Taman Semarak,-,-,0,0,0,,,
4169-5,4169,TAH CHUAN DEVELOPMENT SDN. BHD.,Taman Serai Setia,-,-,0,0,0,,2003-12-01,2004-11-30
4169-6,4169,TAH CHUAN DEVELOPMENT SDN. BHD.,Tah Chuan Development Sdn.bhd.,Kedah,Kulim,22,0,0,,,
4169-7,4169,TAH CHUAN DEVELOPMENT SDN. BHD.,Tah Chuan Development Sdn. Bhd.,Kedah,Kulim,22,0,0,,,
4171-1,4171,GUNUNG NUANG SDN. BHD.,Taman Anggerik,-,-,0,0,0,,1992-01-21,1993-01-20
4171-2,4171,GUNUNG NUANG SDN. BHD.,Taman Semarak,-,-,0,0,0,,1993-08-05,1994-08-04
4171-3,4171,GUNUNG NUANG SDN. BHD.,Taman Malinja Wangi,Melaka,Alor Gajah,40,0,0,,2009-03-05,2009-09-11
4172-1,4172,PEMBINAAN J.C.L. SDN BERHAD,Taman Ayer Kuning,-,-,0,0,0,,1989-06-28,1990-06-27
4172-2,4172,PEMBINAAN J.C.L. SDN BERHAD,Taman Ayer Kuning Ii,-,-,0,0,0,,1999-08-26,2000-08-25
4172-3,4172,PEMBINAAN J.C.L. SDN BERHAD,Lot Pt 1213 (mukim Chenderiang),-,-,0,0,0,,,
4175-1,4175,MEDAH BERKELUARGA SDN. BHD.,Taman Medah,-,-,0,0,0,,1991-07-11,1992-07-10
4175-2,4175,MEDAH BERKELUARGA SDN. BHD.,Sri Taman,-,-,0,0,0,,1997-02-04,1998-02-03
4176-1,4176,TARGET PROPERTIES SDN. BHD.,Taman Saga,-,-,0,0,0,,1992-11-20,1993-11-19
4176-2,4176,TARGET PROPERTIES SDN. BHD.,Taman Mewah Fasa Ii,-,-,0,0,0,,1998-07-30,1999-07-29
4178-1,4178,TELEMAC SDN. BHD.,Taman Rakan Cheras,-,-,0,0,0,,1997-01-25,1998-01-24
4181-1,4181,ASOTA ENTERPRISE SDN. BHD.,Taman Sri Wang,-,-,0,0,0,,1993-09-02,1994-09-01
4181-2,4181,ASOTA ENTERPRISE SDN. BHD.,Taman  Sri Wang - Arau,-,-,0,0,0,,1999-07-29,2000-07-28
4181-3,4181,ASOTA ENTERPRISE SDN. BHD.,Taman Sri Wang,Perlis,Perlis,206,0,0,,2009-03-19,2010-03-18
4181-4,4181,ASOTA ENTERPRISE SDN. BHD.,Taman Sri Wang Fasa 2,-,-,0,0,0,,2002-07-26,2003-06-20
4183-1,4183,GRAND EASTERN REALTY & DEVELOPMENT SDN. BHD.,Taman Nagasari,-,-,0,0,0,,1992-05-27,1993-05-26
4183-2,4183,GRAND EASTERN REALTY & DEVELOPMENT SDN. BHD.,Taman Nagasari,Pulau Pinang,Seberang Perai Tengah,485,0,0,,2021-03-20,2022-03-19
4184-1,4184,EKABINA SDN. BHD.,Taman Lembah Maju,-,-,0,0,0,,2003-06-25,2004-06-24
4185-1,4185,SYKT. NILAM DEVELOPMENT SDN. BHD.,Taman Nilam,-,-,0,0,0,,1988-10-05,1989-10-04
4185-2,4185,SYKT. NILAM DEVELOPMENT SDN. BHD.,Taman Nong Chik,-,-,0,0,0,,1992-11-18,1993-11-17
4185-3,4185,SYKT. NILAM DEVELOPMENT SDN. BHD.,Taman Sungai Murni,-,-,0,0,0,,,
4186-1,4186,PINSIT DEVELOPMENT SDN. BHD.,Taman Bersatu,-,-,0,0,0,,1988-08-09,1989-09-08
4186-2,4186,PINSIT DEVELOPMENT SDN. BHD.,Taman Terap Indah,Perak,Selama,50,0,0,,2007-07-06,2008-07-05
4186-3,4186,PINSIT DEVELOPMENT SDN. BHD.,Pinsit Development Sdn. Bhd.,Perak,Kerian,13,0,0,,,
4194-1,4194,Y.O.M. DEVELOPMENT SDN. BHD.,Taman Mewah,-,-,0,0,0,,1989-08-28,1990-08-27
4194-2,4194,Y.O.M. DEVELOPMENT SDN. BHD.,Taman Bukit Bendera Intan,Pahang,Temerloh,33,0,0,,2015-02-18,2017-02-17
4195-1,4195,WAC ENGINEERING SDN. BHD,Coral Court Beach Resort,-,-,0,0,0,,1992-09-19,1993-09-18
4195-2,4195,WAC ENGINEERING SDN. BHD,Taman Muda Jaya,-,-,0,0,0,,,
4195-3,4195,WAC ENGINEERING SDN. BHD,Taman Maran Indah,-,-,0,0,0,,1998-08-27,1999-08-26
4197-1,4197,SEM SIONG INDUSTRIES SDN. BHD.,Taman Indah Fasa Ii,-,-,0,0,0,,1995-01-26,1996-01-25
4197-2,4197,SEM SIONG INDUSTRIES SDN. BHD.,Kondominium Rivercity,Wp Kuala Lumpur,Kuala Lumpur,572,0,0,,2010-01-25,2010-08-18
4198-1,4198,ANTAP ENTERPRISES SDN. BHD,Taman Pasir Puteh Selatan,-,-,0,0,0,,1992-07-15,1993-07-14
4198-2,4198,ANTAP ENTERPRISES SDN. BHD,Taman Seri Bercham,-,-,0,0,0,,1992-04-14,1993-04-13
4198-3,4198,ANTAP ENTERPRISES SDN. BHD,Taman Tasik Perdana,-,-,0,0,0,,2002-08-13,2003-08-12
4198-4,4198,ANTAP ENTERPRISES SDN. BHD,Taman Keledang Emas.,-,-,0,0,0,,2005-03-30,2006-03-29
4198-5,4198,ANTAP ENTERPRISES SDN. BHD,Taman Keledang Emas,-,-,0,0,0,,2003-12-16,2004-11-19
4202-1,4202,KELADI MAJU BERHAD,Taman Malinja,-,-,0,0,0,,2001-03-21,2002-03-20
4202-2,4202,KELADI MAJU BERHAD,Taman Serindek,-,-,0,0,0,,1992-06-12,1993-06-11
4202-3,4202,KELADI MAJU BERHAD,Taman Semangat,-,-,0,0,0,,1993-09-02,1994-09-01
4202-4,4202,KELADI MAJU BERHAD,Taman Bendi,-,-,0,0,0,,1996-09-03,1997-09-02
4202-5,4202,KELADI MAJU BERHAD,Taman Semangat,-,-,0,0,0,,,
4202-6,4202,KELADI MAJU BERHAD,Taman Intan,-,-,0,0,0,,,
4202-7,4202,KELADI MAJU BERHAD,Taman Intan,-,-,0,0,0,,,
4202-8,4202,KELADI MAJU BERHAD,Taman Desa Permai,-,-,0,0,0,,1996-07-04,1997-07-03
4202-9,4202,KELADI MAJU BERHAD,Taman Emas Suria,-,-,0,0,0,,2002-03-18,2003-03-17
4202-10,4202,KELADI MAJU BERHAD,Taman Semangat ,-,-,0,0,0,,1998-09-08,1999-09-07
4202-11,4202,KELADI MAJU BERHAD,Taman Semangat 11,-,-,0,0,0,,2002-12-13,2003-12-12
4203-1,4203,NOOR HOLDINGS SDN. BHD.,Taman Cahaya Fasa Ii,-,-,0,0,0,,1992-11-27,1993-11-26
4204-1,4204,BINTANG-BINTANG DEVELOPMENT SDN.BHD,Taman Emas,-,-,0,0,0,,,
4204-2,4204,BINTANG-BINTANG DEVELOPMENT SDN.BHD,Taman Sri Damai,-,-,0,0,0,,1998-01-09,1999-01-08
4204-3,4204,BINTANG-BINTANG DEVELOPMENT SDN.BHD,Taman Bintang-bintang,-,-,0,0,0,,,
4204-4,4204,BINTANG-BINTANG DEVELOPMENT SDN.BHD,Taman Sri Setia,-,-,0,0,0,,2001-12-28,2002-12-27
4204-5,4204,BINTANG-BINTANG DEVELOPMENT SDN.BHD,Taman Damai,-,-,0,0,0,,2001-09-30,2002-09-29
4204-6,4204,BINTANG-BINTANG DEVELOPMENT SDN.BHD,Taman Selesa,-,-,0,0,0,,2001-09-30,2002-09-29
4204-7,4204,BINTANG-BINTANG DEVELOPMENT SDN.BHD,Taman Seri Bayu,Johor,Batu Pahat,481,0,0,,2021-07-27,2022-07-26
4204-8,4204,BINTANG-BINTANG DEVELOPMENT SDN.BHD,Taman Sejati,-,-,0,0,0,,2004-12-23,2005-12-22
4204-9,4204,BINTANG-BINTANG DEVELOPMENT SDN.BHD,Taman Perdana,Johor,Segamat,265,0,0,,2006-05-31,2007-05-30
4204-10,4204,BINTANG-BINTANG DEVELOPMENT SDN.BHD,Taman Kg Plentong Baru,Johor,Johor Bahru,33,0,0,,2006-07-06,2007-05-25
4204-11,4204,BINTANG-BINTANG DEVELOPMENT SDN.BHD,Taman Delima,-,-,0,0,0,,,
4204-12,4204,BINTANG-BINTANG DEVELOPMENT SDN.BHD,Taman Permai 2,Johor,Segamat,87,0,0,,2008-11-12,2009-11-11
4204-13,4204,BINTANG-BINTANG DEVELOPMENT SDN.BHD,Taman Pesona,Johor,Segamat,47,0,0,,2023-11-11,2024-11-10
4204-14,4204,BINTANG-BINTANG DEVELOPMENT SDN.BHD,Taman Pulai Bestari,Johor,Johor Bahru,183,4,4,,2024-11-14,2025-11-13
4204-15,4204,BINTANG-BINTANG DEVELOPMENT SDN.BHD,Taman Pulai Bestari,Johor,Johor Bahru,325,4,4,,2025-09-04,2026-09-03
4204-16,4204,BINTANG-BINTANG DEVELOPMENT SDN.BHD,Taman Pulai Bestari,Johor,Johor Bahru,240,4,4,,2025-08-11,2027-08-10
4204-17,4204,BINTANG-BINTANG DEVELOPMENT SDN.BHD,Taman Pulai Bestari,Johor,Johor Bahru,196,4,4,,2026-03-02,2028-03-01
4205-1,4205,GOODPARK DEVELOPMENT SDN. BHD.,Taman Bendahara,-,-,0,0,0,,1988-08-22,1989-08-21
4205-2,4205,GOODPARK DEVELOPMENT SDN. BHD.,Taman Sri Damai,-,-,0,0,0,,1992-01-23,1993-01-22
4205-3,4205,GOODPARK DEVELOPMENT SDN. BHD.,Taman Abdullah,-,-,0,0,0,,1993-12-17,1994-12-16
4205-4,4205,GOODPARK DEVELOPMENT SDN. BHD.,Taman Emas,-,-,0,0,0,,1993-09-20,1994-09-19
4205-5,4205,GOODPARK DEVELOPMENT SDN. BHD.,Taman Seri Bahagia,-,-,0,0,0,,,
4205-6,4205,GOODPARK DEVELOPMENT SDN. BHD.,Taman Aman.,-,-,0,0,0,,,
4205-7,4205,GOODPARK DEVELOPMENT SDN. BHD.,Taman Ros,-,-,0,0,0,,1998-04-20,1999-04-19
4205-8,4205,GOODPARK DEVELOPMENT SDN. BHD.,Taman Melodi,-,-,0,0,0,,2001-08-07,2002-08-06
4205-9,4205,GOODPARK DEVELOPMENT SDN. BHD.,18 Madge,Wp Kuala Lumpur,Kuala Lumpur,50,0,0,,2021-07-22,2022-07-21
4205-10,4205,GOODPARK DEVELOPMENT SDN. BHD.,Taman Mutiara Gading,Johor,-,60,4,4,,2025-07-15,2027-07-14
4205-11,4205,GOODPARK DEVELOPMENT SDN. BHD.,Taman Mutiara Gading,Johor,-,52,4,4,,2025-07-15,2027-07-14
4205-12,4205,GOODPARK DEVELOPMENT SDN. BHD.,Taman Mutiara Gading,Johor,-,60,4,4,,2025-07-15,2027-07-14
4207-1,4207,NEW DECADE HOLDINGS SDN. BHD,Taman Sutra,-,-,0,0,0,,2002-09-13,2003-09-12
4209-1,4209,PASIR PUTEH DEVELOPMENT CORP. SDN. BHD,Taman Sri Teluk,-,-,0,0,0,,1988-03-10,1989-03-09
4209-2,4209,PASIR PUTEH DEVELOPMENT CORP. SDN. BHD,Taman Tanjung Mas,-,-,0,0,0,,1988-05-13,1989-05-12
4209-3,4209,PASIR PUTEH DEVELOPMENT CORP. SDN. BHD,Taman Permata,-,-,0,0,0,,,
4209-4,4209,PASIR PUTEH DEVELOPMENT CORP. SDN. BHD,Taman Wira Jaya,-,-,0,0,0,,1989-09-14,1990-09-13
4209-5,4209,PASIR PUTEH DEVELOPMENT CORP. SDN. BHD,Desa Saujana,-,-,0,0,0,,1989-05-24,1990-05-23
4209-6,4209,PASIR PUTEH DEVELOPMENT CORP. SDN. BHD,Taman Sri Chempaka,-,-,0,0,0,,,
4209-7,4209,PASIR PUTEH DEVELOPMENT CORP. SDN. BHD,Desa Al-nur,-,-,0,0,0,,1990-03-23,1991-03-22
4209-8,4209,PASIR PUTEH DEVELOPMENT CORP. SDN. BHD,Desa Rahmat,-,-,0,0,0,,1992-07-23,1993-07-22
4209-9,4209,PASIR PUTEH DEVELOPMENT CORP. SDN. BHD,Desa Kayangan,-,-,0,0,0,,1992-07-18,1993-07-17
4209-10,4209,PASIR PUTEH DEVELOPMENT CORP. SDN. BHD,Desa Sejahtera,-,-,0,0,0,,1991-07-18,1992-07-17
4209-11,4209,PASIR PUTEH DEVELOPMENT CORP. SDN. BHD,Desa Rhu Rendang,Terengganu,Marang,36,0,0,,2002-04-30,2003-04-29
4209-12,4209,PASIR PUTEH DEVELOPMENT CORP. SDN. BHD,Desa Sejahtera,-,-,0,0,0,,1996-09-11,1997-09-10
4209-13,4209,PASIR PUTEH DEVELOPMENT CORP. SDN. BHD,Taman Sri Sentosa,-,-,0,0,0,,1996-12-06,1997-12-05
4209-14,4209,PASIR PUTEH DEVELOPMENT CORP. SDN. BHD,Taman Sri Aman,-,-,0,0,0,,1993-11-23,1994-11-22
4209-15,4209,PASIR PUTEH DEVELOPMENT CORP. SDN. BHD,Desa Barakah (fasa 1),-,-,0,0,0,,1997-03-22,1998-03-21
4209-16,4209,PASIR PUTEH DEVELOPMENT CORP. SDN. BHD,Taman Seri Sentosa,-,-,0,0,0,,,
4209-17,4209,PASIR PUTEH DEVELOPMENT CORP. SDN. BHD,Desa Salam,Terengganu,Marang,437,0,0,,2005-01-18,2005-07-17
4209-18,4209,PASIR PUTEH DEVELOPMENT CORP. SDN. BHD,Desa Barakah Fasa 11,-,-,0,0,0,,1997-11-05,1998-11-04
4209-19,4209,PASIR PUTEH DEVELOPMENT CORP. SDN. BHD,Desa Barakah Fasa Iii,-,-,0,0,0,,2002-10-24,2003-06-16
4209-20,4209,PASIR PUTEH DEVELOPMENT CORP. SDN. BHD,Desa Barakah Fasa Iv,-,-,0,0,0,,2002-06-05,2003-01-22
4209-21,4209,PASIR PUTEH DEVELOPMENT CORP. SDN. BHD,Taman Teknologi Industri Kecil & Sederhana,-,-,0,0,0,,,
4209-22,4209,PASIR PUTEH DEVELOPMENT CORP. SDN. BHD,Desa Barakah (fasa 5),Kelantan,Tanah Merah,68,0,0,,2004-09-30,2005-09-29
4209-23,4209,PASIR PUTEH DEVELOPMENT CORP. SDN. BHD,Desa Cemerlang,-,-,0,0,0,,,
4210-1,4210,PERUMAHAN SETAR SDN. BHD.,Taman Setar,-,-,0,0,0,,1993-12-13,1994-12-12
4210-2,4210,PERUMAHAN SETAR SDN. BHD.,Taman Jerai,-,-,0,0,0,,1993-12-13,1994-12-12
4210-3,4210,PERUMAHAN SETAR SDN. BHD.,Taman Darul Aman,-,-,0,0,0,,1998-05-12,1999-05-11
4213-1,4213,EDYA SDN. BHD.,Taman Maju Jaya,-,-,0,0,0,,1988-04-13,1989-04-12
4215-1,4215,MAJUPADU DEVELOPMENT SDN.BHD.,Taman Majupadu,-,-,0,0,0,,1988-03-11,1989-03-10
4215-2,4215,MAJUPADU DEVELOPMENT SDN.BHD.,Taman Kampong Majid,-,-,0,0,0,,1993-07-16,1994-07-15
4215-3,4215,MAJUPADU DEVELOPMENT SDN.BHD.,Taman Sri Lalang,-,-,0,0,0,,1991-01-08,1992-01-07
4215-4,4215,MAJUPADU DEVELOPMENT SDN.BHD.,Taman Suria,-,-,0,0,0,,1993-08-26,1994-08-25
4215-5,4215,MAJUPADU DEVELOPMENT SDN.BHD.,Taman Gunung Lambak,-,-,0,0,0,,1990-04-14,1991-04-13
4215-6,4215,MAJUPADU DEVELOPMENT SDN.BHD.,Taman Gunung Lambak,-,-,0,0,0,,1990-07-19,1991-07-18
4215-7,4215,MAJUPADU DEVELOPMENT SDN.BHD.,Taman Kampung Majid,-,-,0,0,0,,,
4215-8,4215,MAJUPADU DEVELOPMENT SDN.BHD.,Taman Suria,-,-,0,0,0,,,
4215-9,4215,MAJUPADU DEVELOPMENT SDN.BHD.,Taman Suria,-,-,0,0,0,,,
4215-10,4215,MAJUPADU DEVELOPMENT SDN.BHD.,Taman Suria,-,-,0,0,0,,,
4215-11,4215,MAJUPADU DEVELOPMENT SDN.BHD.,Taman Majupadu,-,-,0,0,0,,,
4215-12,4215,MAJUPADU DEVELOPMENT SDN.BHD.,Taman Suria,-,-,0,0,0,,1997-07-21,1998-07-20
4215-13,4215,MAJUPADU DEVELOPMENT SDN.BHD.,Taman Suria,-,-,0,0,0,,1997-11-13,1998-11-12
4215-14,4215,MAJUPADU DEVELOPMENT SDN.BHD.,Taman Suria,-,-,0,0,0,,1998-09-24,1999-09-23
4215-15,4215,MAJUPADU DEVELOPMENT SDN.BHD.,Taman Suria,-,-,0,0,0,,2000-07-14,2001-07-13
4215-16,4215,MAJUPADU DEVELOPMENT SDN.BHD.,Taman Suria,-,-,0,0,0,,2000-09-29,2001-09-28
4215-17,4215,MAJUPADU DEVELOPMENT SDN.BHD.,Taman Kampung Majid,-,-,0,0,0,,2002-02-06,2003-02-05
4215-18,4215,MAJUPADU DEVELOPMENT SDN.BHD.,Taman Suria,-,-,0,0,0,,2002-02-06,2003-02-05
4215-19,4215,MAJUPADU DEVELOPMENT SDN.BHD.,Taman Aman,-,-,0,0,0,,2003-06-11,2004-06-10
4215-20,4215,MAJUPADU DEVELOPMENT SDN.BHD.,Taman Suria,-,-,0,0,0,,2002-07-11,2003-07-10
4215-21,4215,MAJUPADU DEVELOPMENT SDN.BHD.,Taman Suria,-,-,0,0,0,,2003-03-25,2004-03-24
4215-22,4215,MAJUPADU DEVELOPMENT SDN.BHD.,Taman Suria,-,-,0,0,0,,2003-05-23,2004-05-22
4215-23,4215,MAJUPADU DEVELOPMENT SDN.BHD.,Taman Gunung Lambak,Johor,Kluang,225,0,0,,2011-03-24,2012-03-23
4215-24,4215,MAJUPADU DEVELOPMENT SDN.BHD.,Taman Murni,-,-,0,0,0,,2005-10-19,2006-10-18
4215-25,4215,MAJUPADU DEVELOPMENT SDN.BHD.,Taman Gunung Lambak,-,-,0,0,0,,2006-02-13,2007-02-12
4215-26,4215,MAJUPADU DEVELOPMENT SDN.BHD.,Taman Gunung Lambak,Johor,Kluang,10,0,0,,2011-11-04,2012-11-03
4215-27,4215,MAJUPADU DEVELOPMENT SDN.BHD.,Taman Gunung Lambak,Johor,Kluang,21,0,0,,2012-02-15,2013-02-14
4215-28,4215,MAJUPADU DEVELOPMENT SDN.BHD.,Taman Delima 3,Johor,Kluang,439,0,0,,2015-04-05,2016-04-04
4215-29,4215,MAJUPADU DEVELOPMENT SDN.BHD.,Majupadu Development Sdn.bhd.,Johor,Kluang,39,0,0,,,
30000-1,30000,RUMAH PERMAI  SDN. BHD.,Taman Dato' Harun 2,Selangor,Klang,24,4,2,,2024-04-11,2025-04-10
30000-2,30000,RUMAH PERMAI  SDN. BHD.,Taman Imam Yusof 5,Selangor,Klang,91,4,2,,2024-12-16,2025-12-15
30000-3,30000,RUMAH PERMAI  SDN. BHD.,Taman Khalid Al-walid 3,Selangor,Klang,24,4,3,,2026-03-31,2027-03-30
30000-4,30000,RUMAH PERMAI  SDN. BHD.,Taman Dato Harun 5,Selangor,Klang,27,4,2,,2024-12-12,2026-12-11
30000-5,30000,RUMAH PERMAI  SDN. BHD.,Desa Bukit Permata,Selangor,Klang,30,4,3,,2026-02-03,2028-02-02
30000-6,30000,RUMAH PERMAI  SDN. BHD.,Taman Dato Ahmad Razali 2,Selangor,Klang,27,4,2,,2026-03-04,2028-03-03
30001-1,30001,NCT PLATINUM SDN. BHD.,Ion Belian Garden,Selangor,Hulu Selangor,265,4,3,,2024-03-10,2025-03-09
30001-2,30001,NCT PLATINUM SDN. BHD.,Ion Belian Garden,Selangor,Hulu Selangor,216,"3, 4","3, 4",,2024-05-17,2025-05-16
30001-3,30001,NCT PLATINUM SDN. BHD.,Ion Belian Garden,Selangor,Hulu Selangor,186,3,2,,2026-02-01,2027-01-31
30001-4,30001,NCT PLATINUM SDN. BHD.,Ion Belian Garden,Selangor,Hulu Selangor,244,3,2,,2026-01-15,2027-01-14
30001-5,30001,NCT PLATINUM SDN. BHD.,Ion Belian Garden,Selangor,Hulu Selangor,247,3,2,,2025-02-27,2027-02-26
30002-1,30002,NEW TIMES DEVELOPMENT SDN. BHD.,Taman Kirby,Negeri Sembilan,Seremban,203,4,2,,2024-03-31,2025-03-30
30002-2,30002,NEW TIMES DEVELOPMENT SDN. BHD.,Taman Bukit Enstek,Negeri Sembilan,Seremban,177,4,2,,2025-01-02,2027-01-01
30002-3,30002,NEW TIMES DEVELOPMENT SDN. BHD.,Taman Bukit Enstek,Negeri Sembilan,Seremban,145,4,2,,2025-09-10,2027-09-09
30003-1,30003,GD EMPIRE SDN. BHD.,"Taman Seri Wangsa 3, Lumut, Perak",Perak,Manjung,15,4,4,,2025-11-08,2026-11-07
30004-1,30004,IJ VENTURES SDN. BHD.,Taman Tronoh Mutiara,Perak,Kinta,87,3,2,,2025-08-10,2026-08-09
30005-1,30005,MAHA LAGUN SDN. BHD.,Taman Mesra Impian,Perak,Kampar,191,"2, 3","2, 3",,2025-04-13,2026-04-12
30005-2,30005,MAHA LAGUN SDN. BHD.,Taman Mesra Impian @ Kampar,Perak,Kampar,408,3,2,,2026-09-04,2027-09-03
30007-1,30007,LPY FORTUNE SDN. BHD.,Pangsapuri Senai 3,Johor,Johor Bahru,96,5,5,,2022-04-28,2025-04-27
30008-1,30008,DAKSINA HARTA SDN. BHD.,Residensi Jernih Kajang,Selangor,Hulu Langat,1605,"1, 2, 3, 4, 21","1, 2, 3",,2025-06-10,2026-06-09
30009-1,30009,GOLDEN INTERTRADE SDN. BHD.,Taman Senggarang,Johor,Batu Pahat,114,4,3,,2025-04-19,2026-04-18
30010-1,30010,MEGAH LAND DEVELOPMENT SDN. BHD.,Taman Hijauan,Selangor,Klang,22,"3, 4",2,,2024-05-17,2025-05-16
30010-2,30010,MEGAH LAND DEVELOPMENT SDN. BHD.,Taman Sinar,Selangor,-,30,4,2,,2025-02-05,2027-02-04
30011-1,30011,EVEREST PIONEER SDN. BHD.,Residensi Mahogani,Selangor,Petaling ,281,"2, 3","2, 3, 4",,2022-04-28,2025-04-27
30012-1,30012,ECOVETA DEVELOPMENT SDN. BHD.,Taman Langat Impian,Selangor,Kuala Langat,30,4,2,,2024-10-27,2025-10-26
30013-1,30013,LTH PROPERTIES SDN. BHD.,"Taman Gemilang, Bandar Seri Iskandar",Perak,Perak Tengah,27,4,3,,2024-06-08,2025-06-07
30014-1,30014,KOPERASI SERBAGUNA ANAK-ANAK SELANGOR BERHAD (KOSAS),Taman Merpati,Selangor,Kuala Langat,67,0,0,,2022-08-16,2024-08-15
30014-2,30014,KOPERASI SERBAGUNA ANAK-ANAK SELANGOR BERHAD (KOSAS),Taman Shah Bandar 2,Selangor,Klang,24,4,3,,2025-02-09,2026-02-08
30015-1,30015,NEW TOWN SYSTEMS SDN. BHD.,Taman Haji Ariffin 3,Johor,Mersing,25,4,2,,2025-10-20,2026-10-19
30015-2,30015,NEW TOWN SYSTEMS SDN. BHD.,Taman Haji Ariffin 4,Johor,Mersing,26,3,2,,2026-04-19,2027-04-18
30016-1,30016,BANGSAR RISING SDN. BHD.,Residensi Lentera Bangsar,Wp Kuala Lumpur,Kuala Lumpur,180,"1, 2, 3","1, 2, 3",,2026-06-19,2027-06-18
30017-1,30017,METRO GARDEN CAMERON SDN. BHD.,The Cameron,Pahang,Cameron Highlands,288,"1, 2","2, 3",,2025-09-06,2026-09-05
30018-1,30018,ECR DEVELOPMENT SDN. BHD.,Taman Mawar,Selangor,Kuala Langat,22,4,2,,2026-06-24,2027-06-23
30019-1,30019,JAYYID LAND SDN. BHD.,Residensi J Satin,Wp Kuala Lumpur,Kuala Lumpur,2068,3,2,,2026-06-17,2027-06-16
30019-2,30019,JAYYID LAND SDN. BHD.,Residensi J Satin,Wp Kuala Lumpur,Kuala Lumpur,661,1,1,,2026-01-16,2027-01-15
30019-3,30019,JAYYID LAND SDN. BHD.,Residensi J Satin,Wp Kuala Lumpur,Kuala Lumpur,1532,3,2,,2023-09-29,2026-09-28
30020-1,30020,KLK PARK HOMES SDN. BHD.,Caledonia,Selangor,Kuala Selangor,243,"3, 4","3, 4",,2024-08-09,2025-08-08
30020-2,30020,KLK PARK HOMES SDN. BHD.,Caledonia,Selangor,Kuala Selangor,151,"3, 4",3,,2025-03-23,2026-03-22
30020-3,30020,KLK PARK HOMES SDN. BHD.,Rumah Selangorku Iris 1,Selangor,Kuala Selangor,154,3,"2, 3",,2025-06-26,2026-06-25
30020-4,30020,KLK PARK HOMES SDN. BHD.,Kamelia,Selangor,Kuala Selangor,132,4,"3, 4",,2024-11-05,2026-11-04
30021-1,30021,DESA KENANGA SDN. BHD.,Taman Margosa,Negeri Sembilan,Jempol,18,4,3,,2026-01-14,2027-01-13
30022-1,30022,EDAH DEVELOPMENT  SDN. BHD.,Taman Sri Tengah,Johor,Kluang,10,4,3,,2026-07-28,2027-07-27
30024-1,30024,BEAKS DEVELOPMENT SDN. BHD.,Pitta Residensi,Wp Kuala Lumpur,Kuala Lumpur,1168,3,"2, 3",,2025-04-25,2026-04-24
30024-2,30024,BEAKS DEVELOPMENT SDN. BHD.,Residensi Kirana Salak Selatan,Wp Kuala Lumpur,-,1295,3,2,,2026-04-27,2029-04-26
30025-1,30025,KIRANA MAKSIMA SDN. BHD.,Taman Tiang Dua Bestari,Melaka,Melaka Tengah,338,4,"2, 3",,2024-06-07,2025-06-06
30025-2,30025,KIRANA MAKSIMA SDN. BHD.,Projek Tiang Dua Bestari,Melaka,Melaka Tengah,84,"3, 4","2, 3",,2022-09-09,2024-09-08
30025-3,30025,KIRANA MAKSIMA SDN. BHD.,Taman Tiang Dua Bestari,Melaka,Melaka Tengah,212,4,2,,2024-11-22,2025-11-21
30025-4,30025,KIRANA MAKSIMA SDN. BHD.,Taman Tiang Dua Bestari,Melaka,Melaka Tengah,159,3,2,,2023-09-21,2026-09-20
30025-5,30025,KIRANA MAKSIMA SDN. BHD.,Taman Tiang Dua Bestari,Melaka,Melaka Tengah,67,4,2,,2026-04-24,2028-04-23
30026-1,30026,ANEKA HARTAMAS DEVELOPMENT SDN. BHD.,Taman Rashidah Utama 2,Negeri Sembilan,Seremban,11,7,7,,2026-01-09,2027-01-08
30027-1,30027,KITA SEJATI SDN. BHD.,Pangsapuri Kita Sejati,Selangor,Sepang,1054,"2, 3","2, 3",,2025-09-23,2026-09-22
30028-1,30028,KEMBANGAN JASMANI SDN. BHD.,Taman Bentara,Selangor,Kuala Langat,22,4,2,,2022-08-02,2024-08-01
30028-2,30028,KEMBANGAN JASMANI SDN. BHD.,Taman Bentara,Selangor,Kuala Langat,23,4,2,,2025-09-17,2027-09-16
30029-1,30029,WELLOYD PROPERTIES SDN. BHD.,Casa Sutra Setia Alam Fasa 2g,Selangor,Petaling ,16,"4, 5",6,,2024-11-10,2025-11-09
30029-2,30029,WELLOYD PROPERTIES SDN. BHD.,Casa Sutra Setia Alam Fasa 2g,Selangor,Petaling ,27,"5, 6",7,,2022-11-11,2024-11-10
30030-1,30030,INNOCERIA SDN. BHD.,Ion Vivace Residences,Pulau Pinang,Seberang Perai Selatan,528,0,0,,2023-05-19,2026-05-18
30031-1,30031,BCM HOLDINGS SDN. BHD.,Kl 48,Wp Kuala Lumpur,Kuala Lumpur,1700,"2, 3","2, 3",,2026-02-28,2027-02-27
30032-1,30032,MIMBAR NUSANTARA HOMES SDN. BHD.,Chemor Kayangan,Perak,Kinta,203,4,3,,2025-11-17,2026-11-16
30033-1,30033,MSN ECOLAND SDN. BHD.,Taman Jenderam Lestari (j1 Residence),Selangor,Sepang,101,3,2,,2024-08-02,2025-08-01
30033-2,30033,MSN ECOLAND SDN. BHD.,Taman Jenderam Lestari (j2 Residence),Selangor,Sepang,80,3,2,,2026-07-22,2027-07-21
30033-3,30033,MSN ECOLAND SDN. BHD.,Taman Jenderam Lestari (j3 Residence),Selangor,-,125,3,2,,2026-02-27,2028-02-26
30034-1,30034,SRI KANCIL PROPERTIES  SDN. BHD.,Taman Alamanda,Perak,Kuala Kangsar,23,0,0,,2022-06-20,2024-06-19
30034-2,30034,SRI KANCIL PROPERTIES  SDN. BHD.,Taman Alamanda,Perak,Kuala Kangsar,32,3,2,,2024-09-28,2025-09-27
30034-3,30034,SRI KANCIL PROPERTIES  SDN. BHD.,Taman Alamanda,Perak,Kuala Kangsar,37,3,2,,2023-01-05,2025-01-04
30034-4,30034,SRI KANCIL PROPERTIES  SDN. BHD.,Taman Alamanda,Perak,-,39,4,2,,2025-01-05,2026-01-04
30034-5,30034,SRI KANCIL PROPERTIES  SDN. BHD.,Taman Alamanda,Perak,Kuala Kangsar,43,3,2,,2025-10-30,2026-10-29
30034-6,30034,SRI KANCIL PROPERTIES  SDN. BHD.,Taman Alamanda,Perak,Kuala Kangsar,22,4,3,,2026-09-13,2027-09-12
30034-7,30034,SRI KANCIL PROPERTIES  SDN. BHD.,Taman Alamanda,Perak,Kuala Kangsar,32,3,2,,2025-10-22,2027-10-21
30034-8,30034,SRI KANCIL PROPERTIES  SDN. BHD.,Taman Alamanda,Perak,Kuala Kangsar,27,3,2,,2026-07-02,2028-07-01
30035-1,30035,AD MEGA CONSTRUCTION SDN. BHD.,Taman Serada Indah 2,Terengganu,Kuala Terengganu,14,3,2,,2024-12-15,2025-12-14
30036-1,30036,DC RESORT HOMES SDN. BHD.,Taman Jade Hill,Negeri Sembilan,Tampin,95,3,2,,2024-06-21,2025-06-20
30036-2,30036,DC RESORT HOMES SDN. BHD.,Taman Jade Hill,Negeri Sembilan,Tampin,54,4,3,,2025-01-20,2026-01-19
30037-1,30037,BUILTAMONT DEVELOPMENT SDN. BHD.,Residensi Maxim Risen,Wp Kuala Lumpur,Kuala Lumpur,1236,"2, 3",2,,2026-06-21,2027-06-20
30039-1,30039,FIRST NEW ENERGY DEVELOPMENT SDN. BHD.,Taman Dato' Hormat,Selangor,Kuala Langat,82,4,3,,2024-12-01,2025-11-30
30040-1,30040,DV HOMES SDN. BHD.,Taman Vista Impian,Selangor,Sepang,41,4,3,,2025-08-15,2026-08-14
30041-1,30041,PD ARA SDN. BHD.,Myara Park,Selangor,Petaling ,255,3,"2, 4",,2025-06-16,2026-06-15
30043-1,30043,TOP PROVINCE SDN. BHD.,Taman Merpati Indah,Kedah,Kulim,90,4,3,,2023-01-16,2025-01-15
30043-2,30043,TOP PROVINCE SDN. BHD.,Taman Merpati Indah,Kedah,Kulim,47,4,3,,2024-06-11,2026-06-10
30044-1,30044,KONSORTIUM EXSIM DEVELOPMENT SDN. BHD.,D'ivo Residences @ Old Klang Road (also Known As “residensi Dedaun Mas”),Wp Kuala Lumpur,Kuala Lumpur,608,"3, 4",2,,2025-06-28,2026-06-27
30045-1,30045,ALAMANDA DAMAI DEVELOPMENT SDN. BHD.,Taman Changgang Jaya,Selangor,Kuala Langat,30,4,3,,2023-01-17,2025-01-16
30046-1,30046,SHANG HEIGHT AVENUE  SDN. BHD.,Residensi Bukit Piatu Mutiara,Melaka,Melaka Tengah,192,"2, 3, 4","2, 3",,2022-10-04,2025-10-03
30047-1,30047,MARVICE PROPERTY SDN. BHD.,Taman Ilham 2,Perak,Manjung,30,4,2,,2024-05-03,2026-05-02
30047-2,30047,MARVICE PROPERTY SDN. BHD.,Taman Lumut Sejahtera,Perak,Manjung,18,4,2,,2025-04-14,2027-04-13
30048-1,30048,UNITEDHOME ALLIANCE  SDN. BHD.,Taman Kelemak Utama,Melaka,Alor Gajah,74,4,3,,2024-11-23,2025-11-22
30049-1,30049,MEGAH PROGRESIF SDN. BHD.,Taman Lekir Sejahtera,Perak,Manjung,47,3,2,,2025-09-19,2026-09-18
30050-1,30050,ORION TOWER SDN. BHD.,Orion Residence,Wp Kuala Lumpur,Kuala Lumpur,298,"1, 2, 3, 4","1, 2, 3, 4",,2023-04-13,2026-04-12
30051-1,30051,IDEALTAGE DEVELOPMENT SDN. BHD.,Lot 1753,Johor,Muar,12,"4, 5",5,,2023-05-30,2025-05-29
30052-1,30052,CJC LAND   SDN. BHD.,Impiana Gerik,Perak,Hulu Perak,24,3,2,,2026-02-16,2027-02-15
30052-2,30052,CJC LAND   SDN. BHD.,Impiana Gerik,Perak,Hulu Perak,23,3,2,,2025-10-25,2026-10-24
30053-1,30053,19 DEVELOPMENT SDN. BHD.,Taman Air Merah Indah,Johor,Mersing,24,4,2,,2026-05-03,2027-05-02
30054-1,30054,GRAND GOLDEN DEVELOPMENT SDN. BHD.,Residensi Armani Sg Long,Selangor,Hulu Langat,271,4,2,,2022-09-08,2025-09-07
30055-1,30055,NADI EMERY SDN. BHD.,Idaman Bukit Jelutong,Selangor,Petaling ,854,3,2,,2022-11-04,2025-11-03
30055-2,30055,NADI EMERY SDN. BHD.,Idaman Bukit Jelutong,Selangor,Petaling ,406,3,2,,2022-12-22,2025-12-21
30055-3,30055,NADI EMERY SDN. BHD.,Pangsapuri Idaman Amani,Selangor,Petaling ,1063,"3, 4",2,,2025-08-14,2028-08-13
30055-4,30055,NADI EMERY SDN. BHD.,Pangsapuri Idaman Casuarina 1,Selangor,Petaling ,523,3,2,,2026-03-17,2029-03-16
30057-1,30057,UNJUR PADU SDN. BHD.,Taman Seri Rumbia,Selangor,Kuala Selangor,30,3,"2, 3",,2025-01-05,2026-01-04
30058-1,30058,HUP YE DEVELOPMENT SDN. BHD.,Taman Bentara Sabak Bernam,Selangor,Sabak Bernam,21,3,2,,2026-05-18,2027-05-17
30059-1,30059,ZNEN LANDMARK DEVELOPMENT  SDN. BHD.,Pangsapuri Servis Bijirin,Pulau Pinang,Seberang Perai Tengah,401,"1, 2, 3, 4","1, 2, 3",,2023-12-28,2026-12-27
30060-1,30060,TRANSGREEN REALTY SDN. BHD.,Desa Chemor Aman Baru,Perak,Kinta,29,0,0,,2022-06-11,2024-06-10
30061-1,30061,YMH DEVELOPMENT SDN. BHD.,Taman Bukit Kuang Sejahtera,Terengganu,Kemaman,24,"3, 4",2,,2025-12-06,2026-12-05
30062-1,30062,PLUS ONE DEVELOPMENT SDN. BHD.,Taman Makmur 3,Perak,Manjung,16,5,6,,2026-08-03,2027-08-02
30063-1,30063,IRAMA MAKMUR DEVELOPMENT SDN. BHD.,Taman Irama Jaya,Perak,Selama,30,"3, 4",2,,2026-04-01,2027-03-31
30064-1,30064,QUAVER SDN. BHD.,Simfoni Residensi,Selangor,Petaling ,684,3,"2, 3",,2026-08-24,2027-08-23
30065-1,30065,AMAL MAWAR SDN. BHD.,Pandan Utama  2,Selangor,Hulu Langat,24,"3, 4","2, 3",,2025-09-05,2026-09-04
30066-1,30066,MILLIENIUM BLAZER SDN. BHD.,Millienium Blazer Sdn Bhd,Johor,Kota Tinggi,92,4,3,,2024-12-13,2025-12-12
30069-1,30069,ALPHA HOME CITY SDN. BHD.,Taman Gembira,Selangor,Kuala Langat,30,4,3,,2022-08-03,2024-08-02
30070-1,30070,TWO BROTHERS DEVELOPMENT  SDN. BHD.,"Taman Bukit Rangin Permai, Kuantan",Pahang,Kuantan,28,4,2,,2022-10-18,2024-10-17
30072-1,30072,ROMPIN LEGACY SDN. BHD.,Taman Rompin Permai,Pahang,Rompin,98,4,2,,2022-12-21,2024-12-20
30075-1,30075,SERTA USAHA SDN.BHD.,Duta Shah Alam,Selangor,Petaling ,479,"2, 3","1, 2, 3",,2025-03-07,2028-03-06
30076-1,30076,K2 VENTURES SDN. BHD.,Taman Seri Kenanga,Selangor,Hulu Langat,22,"3, 4",2,,2026-04-05,2027-04-04
30078-1,30078,DK BINAJAYA SDN. BHD.,Taman Intan Jaya,Selangor,Kuala Selangor,25,3,2,,2022-12-22,2024-12-21
30079-1,30079,LAND MARKER SDN. BHD.,Residensi Kiara,Wp Kuala Lumpur,Kuala Lumpur,410,"3, 4, 5, 6","4, 5, 6, 7",,2026-02-21,2027-02-20
30080-1,30080,PREMLAND SDN. BHD.,Taman Sri Harmoni,Johor,Kota Tinggi,80,4,4,,2024-09-23,2025-09-22
30082-1,30082,GOLDEN CENTURY PROPERTIES SDN. BHD.,Taman Kurau Murni,Perak,Larut & Matang,114,4,"2, 3",,2022-10-06,2024-10-05
30083-1,30083,AMBANG SUASA SDN. BHD.,Taman Gau Indah,Pahang,Temerloh,24,4,2,,2025-09-12,2026-09-11
30083-2,30083,AMBANG SUASA SDN. BHD.,Taman Pulai Indah,Pahang,Temerloh,23,3,2,,2026-03-05,2028-03-04
30084-1,30084,STOP LEAK & CLEANZ SDN. BHD.,Pangsapuri Seri Tawar Permai,Pulau Pinang,Seberang Perai Utara,96,3,2,,2026-02-23,2027-02-22
30085-1,30085,RINGGIT MAKSIMA SDN. BHD.,Taman Perupok Bakri,Johor,Muar,18,3,3,,2026-06-13,2027-06-12
30086-1,30086,HUP LEONG ASSETS SDN. BHD.,Taman Era Melang 2 ( Lot 20396 - Lot 20409 ),Negeri Sembilan,Kuala Pilah,14,4,2,,2025-05-24,2026-05-23
30086-2,30086,HUP LEONG ASSETS SDN. BHD.,Taman Era Melang 1 ( Lot 20385 - Lot 20395 ),Negeri Sembilan,Kuala Pilah,11,4,3,,2025-05-24,2026-05-23
30087-1,30087,SELAT HORIZON  SDN. BHD.,Taman Balai Panjang Murni,Melaka,Melaka Tengah,30,4,2,,2022-09-05,2024-09-04
30088-1,30088,PERMADA ASIA SDN. BHD.,1 Tanjung,Perak,Kinta,82,0,0,,2022-11-07,2024-11-06
30088-2,30088,PERMADA ASIA SDN. BHD.,1 Tanjung,Perak,Kinta,58,4,2,,2023-02-22,2025-02-21
30089-1,30089,GARUDA WIRA DEVELOPMENT  SDN. BHD.,Pangsapuri Selangorku Sena,Selangor,Hulu Langat,477,0,0,,2022-08-12,2025-08-11
30090-1,30090,EXCELFIELD DEVELOPMENT SDN. BHD.,Taman Desa Intan,Selangor,Klang,41,3,2,,2024-09-06,2025-09-05
30091-1,30091,PRIMA INSPIRASI DEVELOPMENT SDN. BHD.,Taman Merbah,Selangor,Kuala Langat,51,5,3,,2024-12-21,2025-12-20
30091-2,30091,PRIMA INSPIRASI DEVELOPMENT SDN. BHD.,Taman Desa Kencana,Selangor,Klang,30,4,"3, 4",,2024-08-14,2026-08-13
30091-3,30091,PRIMA INSPIRASI DEVELOPMENT SDN. BHD.,Taman Dato' Harun 1,Selangor,Klang,25,3,2,,2025-05-02,2027-05-01
30091-4,30091,PRIMA INSPIRASI DEVELOPMENT SDN. BHD.,Taman Tok Muda Mulia,Selangor,Klang,64,4,2,,2026-06-18,2028-06-17
30092-1,30092,JOHAN ANGGUN SDN. BHD.,Bayu Hills,Pahang,Bentong,642,"2, 3, 4","1, 2",,2024-04-02,2027-04-01
30093-1,30093,NUSA VALLEY DEVELOPMENT  SDN. BHD.,The Toman Banting,Selangor,Kuala Langat,29,7,8,,2026-07-17,2027-07-16
30094-1,30094,HELM CAPITAL SDN. BHD.,Halaman Pengkalan Indah,Perak,Kinta,16,0,0,,2022-12-06,2024-12-05
30094-2,30094,HELM CAPITAL SDN. BHD.,Halaman Pengkalan Indah,Perak,Kinta,16,4,2,,2023-02-20,2025-02-19
30094-3,30094,HELM CAPITAL SDN. BHD.,Halaman Pengkalan Indah,Perak,Kinta,10,4,2,,2026-02-01,2027-01-31
30094-4,30094,HELM CAPITAL SDN. BHD.,Halaman Pengkalan Indah,Perak,Kinta,14,4,2,,2026-02-01,2027-01-31
30095-1,30095,AMAN LAND SDN. BHD.,Taman Cendana 2,Kedah,Padang Terap,21,4,2,,2025-10-25,2026-10-24
30096-1,30096,PARKLAND CENTRAL SDN. BHD.,Residensi Parkland @ Kajang 2,Selangor,Hulu Langat,999,"1, 2, 3","1, 2",,2025-10-26,2026-10-25
30097-1,30097,PALMS VILLA DEVELOPMENT SDN. BHD.,Taman Jasmin,Johor,-,21,4,4,,2026-03-30,2027-03-29
30099-1,30099,EUPE PJ SOUTH DEVELOPMENT SDN. BHD.,Residensi Heliks,Selangor,Petaling ,500,"2, 3","1, 2",,2025-09-13,2026-09-12
30100-1,30100,FAIRBLISS DEVELOPMENT SDN. BHD.,Taman Kajang Indah,Johor,Batu Pahat,20,3,2,,2024-11-26,2025-11-25
30100-2,30100,FAIRBLISS DEVELOPMENT SDN. BHD.,Taman Muhibbah,Johor,Tangkak,29,3,2,,2023-08-24,2025-08-23
30100-3,30100,FAIRBLISS DEVELOPMENT SDN. BHD.,Taman Desa Tropika,Johor,Batu Pahat,20,4,4,,2023-12-15,2025-12-14
30100-4,30100,FAIRBLISS DEVELOPMENT SDN. BHD.,Taman Desa Tropika-2,Johor,Batu Pahat,22,4,4,,2025-05-06,2027-05-05
30100-5,30100,FAIRBLISS DEVELOPMENT SDN. BHD.,Taman Kajang Indah,Johor,Batu Pahat,21,3,2,,2025-05-08,2027-05-07
30100-6,30100,FAIRBLISS DEVELOPMENT SDN. BHD.,Taman Bintang Damai,Johor,Batu Pahat,26,3,2,,2025-05-14,2027-05-13
30101-1,30101,SETIA ALAMSARI  SDN. BHD.,Setia Alamsari,Selangor,Hulu Langat,88,4,4,,2022-09-09,2024-09-08
30101-2,30101,SETIA ALAMSARI  SDN. BHD.,Setia Alamsari,Selangor,Hulu Langat,44,4,4,,2022-11-24,2024-11-23
30101-3,30101,SETIA ALAMSARI  SDN. BHD.,Setia Alamsari,Selangor,Hulu Langat,44,4,4,,2022-11-25,2024-11-24
30101-4,30101,SETIA ALAMSARI  SDN. BHD.,Setia Alamsari,Selangor,Hulu Langat,114,4,"3, 4",,2023-03-28,2025-03-27
30101-5,30101,SETIA ALAMSARI  SDN. BHD.,Setia Alamsari,Selangor,Hulu Langat,88,4,4,,2023-04-17,2025-04-16
30101-6,30101,SETIA ALAMSARI  SDN. BHD.,Setia Alamsari,Selangor,Hulu Langat,44,4,4,,2023-10-27,2025-10-26
30101-7,30101,SETIA ALAMSARI  SDN. BHD.,Setia Alamsari,Selangor,Hulu Langat,60,4,"3, 4",,2024-05-14,2026-05-13
30101-8,30101,SETIA ALAMSARI  SDN. BHD.,Setia Alamsari,Selangor,Hulu Langat,72,4,4,,2026-06-10,2027-06-09
30101-9,30101,SETIA ALAMSARI  SDN. BHD.,Avalyn,Selangor,-,60,4,3,,2025-10-31,2027-10-30
30102-1,30102,BDB LAGENDA  SDN. BHD.,Darulaman Lagenda,Kedah,Kuala Muda,282,3,2,,2024-09-30,2025-09-29
30102-2,30102,BDB LAGENDA  SDN. BHD.,Darulaman Lagenda Phase 2,Kedah,Kuala Muda,1131,3,2,,2024-12-13,2025-12-12
30102-3,30102,BDB LAGENDA  SDN. BHD.,Darulaman Lagenda,Kedah,Kuala Muda,636,3,"2, 3",,2026-07-03,2027-07-02
30102-4,30102,BDB LAGENDA  SDN. BHD.,Darulaman Lagenda,Kedah,Kuala Muda,398,3,2,,2025-08-11,2027-08-10
30103-1,30103,TOTAL HAPPY HOME SDN. BHD.,Taman Bukit Delima,Selangor,Klang,30,0,0,,2022-11-14,2024-11-13
30104-1,30104,DELTA DIVERSIFIED SDN. BHD.,Taman Jati,Melaka,Melaka Tengah,14,"3, 4",2,,2022-08-27,2024-08-26
30105-1,30105,SAUJANA SERIMAS SDN. BHD.,Taman Simpang Bersatu,Perak,Larut & Matang,134,4,4,,2023-06-08,2025-06-07
30105-2,30105,SAUJANA SERIMAS SDN. BHD.,Taman Simpang Bersatu Fasa 2,Perak,Larut & Matang,43,4,4,,2025-11-14,2027-11-13
30107-1,30107,MAXGAIN DEVELOPMENT SDN. BHD.,Taman Bakri Indah,Johor,Muar,22,4,3,,2023-05-09,2025-05-08
30108-1,30108,NICE VENTURE DEVELOPMENT SDN. BHD.,Taman Ayer Keroh Permai,Melaka,Melaka Tengah,33,"4, 5","2, 5",,2022-09-30,2024-09-29
30109-1,30109,ANGSANAS DEVELOPMENT SDN. BHD.,Angsanas Development Sdn Bhd,Perak,Kampar,62,4,3,,2022-11-01,2024-10-31
30109-2,30109,ANGSANAS DEVELOPMENT SDN. BHD.,Taman Kampar Bestari,Perak,Kampar,98,4,"2, 3",,2026-01-15,2027-01-14
30109-3,30109,ANGSANAS DEVELOPMENT SDN. BHD.,Taman Kampar Bestari,Perak,-,14,"3, 4","2, 3",,2025-11-11,2027-11-10
30110-1,30110,SLS PROPERTIES SDN. BHD.,Taman Mamanda,Selangor,Kuala Langat,29,4,3,,2022-12-16,2024-12-15
30110-2,30110,SLS PROPERTIES SDN. BHD.,Taman Setia Rimba,Selangor,-,29,4,4,,2026-03-06,2028-03-05
30112-1,30112,HAVERSE DEVELOPMENT SDN. BHD.,Green Pavilion Residence,Johor,Kulai,112,4,"3, 4",,2022-12-22,2024-12-21
30112-2,30112,HAVERSE DEVELOPMENT SDN. BHD.,Rumah Bandar Taman Puncak Kehijauan,Johor,Kulai,12,3,2,,2025-03-05,2028-03-04
30112-3,30112,HAVERSE DEVELOPMENT SDN. BHD.,Rumah Bandar Taman Puncak Kehijauan,Johor,Kulai,5,3,2,,2025-03-05,2027-03-04
30113-1,30113,DSG CENTURY SDN. BHD.,Taman Serikaya,Pulau Pinang,Seberang Perai Tengah,71,4,4,,2025-03-27,2026-03-26
30113-2,30113,DSG CENTURY SDN. BHD.,Taman Serikaya,Pulau Pinang,Seberang Perai Tengah,74,4,4,,2024-05-16,2026-05-15
30115-1,30115,FABULOUS HOUSE SDN. BHD.,Taman Cempaka @ Banting,Selangor,Kuala Langat,30,5,5,,2022-11-15,2024-11-14
30116-1,30116,IRAMA HARMONI DEVELOPMENT SDN. BHD.,Taman Desa Murni,Kedah,Kubang Pasu,16,4,3,,2026-03-02,2027-03-01
30117-1,30117,EBUSINESS INTELLIGENCE GROUP SDN. BHD.,Pj 22,Johor,Kulai,22,4,3,,2022-10-28,2024-10-27
30118-1,30118,DUTA MELUR SDN. BHD.,Taman Satria,Selangor,Kuala Langat,23,4,2,,2025-10-01,2026-09-30
30119-1,30119,GARDEN GREEN LAND SDN. BHD.,Taman Langat Utama,Selangor,Kuala Langat,64,4,2,,2025-03-13,2026-03-12
30120-1,30120,PETIK MEKAR SDN. BHD.,Kajang 2 Presint 3,Selangor,Hulu Langat,156,4,3,,2024-09-09,2025-09-08
30120-2,30120,PETIK MEKAR SDN. BHD.,Kajang 2 Presint 3,Selangor,Hulu Langat,120,4,3,,2024-09-12,2025-09-11
30120-3,30120,PETIK MEKAR SDN. BHD.,Kajang 2 Presint 3 (akina),Selangor,Hulu Langat,171,4,3,,2025-04-27,2026-04-26
30120-4,30120,PETIK MEKAR SDN. BHD.,Annya Kajang 2 Presint 3,Selangor,Hulu Langat,171,4,3,,2026-02-27,2027-02-26
30121-1,30121,IDAMAN SEJIWA (AMPANG) SDN. BHD.,Suite Canselor,Wp Kuala Lumpur,Kuala Lumpur,944,"1, 2","1, 2, 3",,2025-11-15,2026-11-14
30122-1,30122,APOLLO DYNASTY SDN. BHD.,Residensi Bukit Tiara,Selangor,Hulu Langat,596,"3, 4","2, 3",,2022-12-07,2025-12-06
30123-1,30123,IRMA WORLDWIDE HOLDINGS SDN. BHD.,Taman Irma Sekata,Selangor,Sepang,39,4,4,,2025-11-17,2026-11-16
30124-1,30124,MAYANG TIASA SDN. BHD.,Residensi Polo,Selangor,Petaling ,95,6,7,,2025-10-19,2026-10-18
30124-2,30124,MAYANG TIASA SDN. BHD.,Residensi Polo,Selangor,Petaling ,87,6,7,,2025-10-25,2026-10-24
30125-1,30125,WISMA DAYAMAS SDN. BHD.,Casa Teluk Kumbar,Pulau Pinang,Daerah Barat Daya,820,"3, 4","2, 4",,2022-09-29,2025-09-28
30125-2,30125,WISMA DAYAMAS SDN. BHD.,D'tiara,Pulau Pinang,Daerah Barat Daya,230,3,2,,2024-02-06,2027-02-05
30126-1,30126,MYSUCCESS LAND SDN. BHD.,Bandar Baru Lahat Eco-city,Perak,Kinta,285,3,2,,2023-03-30,2025-03-29
30127-1,30127,AMAN TEAMWORK SDN. BHD.,Bandar Sejahtera,Kedah,Pokok Sena (daerah Kecil),47,4,3,,2023-03-01,2025-02-28
30127-2,30127,AMAN TEAMWORK SDN. BHD.,Bandar Sejahtera,Kedah,Pokok Sena (daerah Kecil),30,4,3,,2023-03-14,2025-03-13
30127-3,30127,AMAN TEAMWORK SDN. BHD.,Bandar Sejahtera,Kedah,Pokok Sena (daerah Kecil),36,3,2,,2025-10-01,2027-09-30
30127-4,30127,AMAN TEAMWORK SDN. BHD.,Bandar Sejahtera,Kedah,-,36,3,2,,2025-11-11,2027-11-10
30128-1,30128,YI KIN CONSTRUCTION WORKS SDN. BHD.,Taman Seri Bemban,Perak,Kinta,20,3,2,,2022-11-16,2024-11-15
30129-1,30129,VETO GATEWAY SDN. BHD.,Taman Tan Sri Fuzi,Perak,Perak Tengah,31,3,2,,2024-12-06,2025-12-05
30129-2,30129,VETO GATEWAY SDN. BHD.,Taman Tan Sri Fuzi,Perak,Perak Tengah,50,3,2,,2024-10-04,2026-10-03
30130-1,30130,JAJARAN ARMADA SDN. BHD.,Jajaran Heights 1,Pahang,Kuantan,18,0,0,,2023-10-02,2025-10-01
30131-1,30131,EXSIM CALDWELL (IPOH) SDN. BHD.,Residensi Lagenda Ipoh,Perak,Kinta,424,"1, 2","1, 2",,2025-10-06,2026-10-05
30132-1,30132,V2 DEVELOPMENT  SDN. BHD.,Taman Tok Muda Sejahtera,Selangor,Klang,69,4,2,,2024-12-22,2025-12-21
30132-2,30132,V2 DEVELOPMENT  SDN. BHD.,Taman Tok Muda Berjaya,Selangor,Klang,46,4,2,,2025-12-28,2026-12-27
30132-3,30132,V2 DEVELOPMENT  SDN. BHD.,Taman Harmoni,Selangor,Sepang,29,5,5,,2025-10-15,2027-10-14
30132-4,30132,V2 DEVELOPMENT  SDN. BHD.,Taman Meru Permai,Selangor,-,30,5,4,,2025-12-05,2027-12-04
30134-1,30134,KEKAL KIRANA SDN. BHD.,Pavilion Mont Kiara,Wp Kuala Lumpur,Kuala Lumpur,341,"5, 6","5, 7",,2026-06-01,2027-05-31
30135-1,30135,ARMANI DEVELOPMENT SDN. BHD.,Residensi Armani Raja Uda,Wp Kuala Lumpur,Kuala Lumpur,450,"2, 3, 4","1, 2, 3",,2023-04-04,2026-04-03
30135-2,30135,ARMANI DEVELOPMENT SDN. BHD.,Menara Armani Prestij,Wp Kuala Lumpur,-,280,1,1,,2025-07-24,2028-07-23
30135-3,30135,ARMANI DEVELOPMENT SDN. BHD.,Residensi Armani,Selangor,-,328,3,2,,2026-03-05,2029-03-04
30136-1,30136,IDAMAN LIVING SDN. BHD.,Idaman Melur,Selangor,Sepang,1448,3,"2, 3",,2022-11-01,2025-10-31
30137-1,30137,USAHA SEHATI SDN. BHD.,Taman Desa Jarom,Selangor,Kuala Langat,29,4,4,,2022-11-17,2024-11-16
30138-1,30138,BINA SETIABISTARI SDN. BHD.,Taman Langat Utama 3,Selangor,Kuala Langat,67,4,2,,2025-09-07,2026-09-06
30139-1,30139,GOLDEN VILLAGE PROPERTIES SDN. BHD.,Residensi Pauh Harmoni,Pulau Pinang,Seberang Perai Tengah,112,3,2,,2023-02-09,2026-02-08
30139-2,30139,GOLDEN VILLAGE PROPERTIES SDN. BHD.,Residensi Pauh Armani,Pulau Pinang,Seberang Perai Tengah,198,4,3,,2023-03-27,2026-03-26
30140-1,30140,WESB LAND SDN. BHD.,Taman Serkam Ria,Melaka,Jasin,94,3,3,,2025-01-20,2026-01-19
30140-2,30140,WESB LAND SDN. BHD.,Taman Serkam Ria,Melaka,Jasin,45,3,3,,2025-07-15,2027-07-14
30141-1,30141,LASER TOWER SDN. BHD.,Residensi Minh Mont'kiara,Wp Kuala Lumpur,Kuala Lumpur,496,"3, 4","2, 3, 5",,2025-10-13,2026-10-12
30141-2,30141,LASER TOWER SDN. BHD.,Residensi Mahligai Alam Indah (maia),Wp Kuala Lumpur,Kuala Lumpur,495,"2, 3","3, 4",,2026-06-11,2029-06-10
30142-1,30142,ECO KARISMA CONSTRUCTION SDN. BHD.,Taman Karisma Suria,Perak,Manjung,30,4,3,,2023-01-31,2025-01-30
30143-1,30143,ATURAN PRISMA SDN. BHD.,Taman Alamanda @ Sg Siput,Perak,Kuala Kangsar,957,3,2,,2023-11-09,2025-11-08
30144-1,30144,TOUCHSTONE DEVELOPMENT SDN. BHD.,Pangsapuri Amansiara,Selangor,Gombak,1308,3,2,,2025-10-31,2026-10-30
30145-1,30145,KP BETA SOLUTION SDN. BHD.,Taman Haji Yusof,Terengganu,Marang,15,3,2,,2023-03-09,2025-03-08
30145-2,30145,KP BETA SOLUTION SDN. BHD.,Desa Seri Rahmah,Terengganu,-,20,4,"3, 4",,2024-03-27,2026-03-26
30146-1,30146,AMAN IMPERIO SDN. BHD.,Bandar Puncak Sena,Kedah,Pokok Sena (daerah Kecil),63,4,2,,2025-05-29,2026-05-28
30147-1,30147,OCR LAND DEVELOPMENT  SDN. BHD.,Kondominium Stellar Damansara,Selangor,Petaling ,88,"3, 4","3, 5",,2026-01-04,2027-01-03
30148-1,30148,BELLAJADE SDN. BHD.,Menara The Suite,Wp Kuala Lumpur,Kuala Lumpur,655,1,1,,2023-02-14,2026-02-13
30149-1,30149,CABARAN WARGA SDN. BHD.,"Cadangan Membina Dan Menyiapkan: A) 27 Unit Rumah Teres 1 Tingkat (20' X 91.7') Di Atas Pt. 16147 - Pt. 16173 (lot Asal Pt. 13724), Mukim Telok Panglima Garang, Daerah Kuala Langat, Selangor Darul Ehsan.",Selangor,Kuala Langat,27,4,2,,2022-11-22,2024-11-21
30150-1,30150,TEOBROS HOLDINGS (M) SDN. BHD.,Taman Bukit Nibong Damai,Melaka,Melaka Tengah,31,4,2,,2026-06-06,2027-06-05
30150-2,30150,TEOBROS HOLDINGS (M) SDN. BHD.,Taman Bukit Nibong Damai,Melaka,Melaka Tengah,56,4,2,,2025-11-04,2026-11-03
30151-1,30151,TUAH HARTAMAS DEVELOPMENT  SDN. BHD.,Taman Arowana,Negeri Sembilan,Seremban,515,4,4,,2025-03-03,2026-03-02
30151-2,30151,TUAH HARTAMAS DEVELOPMENT  SDN. BHD.,Taman Desa Pknns,Negeri Sembilan,Rembau,205,3,2,,2025-02-25,2027-02-24
30151-3,30151,TUAH HARTAMAS DEVELOPMENT  SDN. BHD.,Taman Desa Pknns,Negeri Sembilan,Rembau,191,4,3,,2025-06-24,2027-06-23
30151-4,30151,TUAH HARTAMAS DEVELOPMENT  SDN. BHD.,Taman Desa Pknns,Negeri Sembilan,Rembau,236,3,2,,2026-01-15,2028-01-14
30152-1,30152,SEGI MAJUMAS SDN. BHD.,Taman Melati,Selangor,Kuala Langat,26,4,3,,2025-02-20,2026-02-19
30152-2,30152,SEGI MAJUMAS SDN. BHD.,Taman Melati,Selangor,Kuala Langat,27,4,3,,2025-07-27,2026-07-26
30153-1,30153,ANGKASA MENANG DEVELOPMENT SDN. BHD.,Taman Seri Bintang,Negeri Sembilan,Tampin,67,3,"2, 3",,2025-02-27,2026-02-26
30154-1,30154,GOLDEN PARK GARDEN SDN. BHD.,Taman Seri Semerah 3,Johor,Pontian,27,5,5,,2026-02-21,2027-02-20
30155-1,30155,MAJU TELUK BATIK SDN BHD.,Residensi Jati De Meru,Perak,Kinta,1084,"1, 2, 3, 4","1, 2, 3",,2024-01-11,2027-01-10
30155-2,30155,MAJU TELUK BATIK SDN BHD.,Residensi Jati De Meru,Perak,Kinta,1084,"1, 2, 3, 4","1, 2",,2026-07-21,2029-07-20
30156-1,30156,MGE DEVELOPMENT  SDN. BHD.,Irama Sendayan 1,Negeri Sembilan,Seremban,192,4,3,,2022-09-29,2024-09-28
30156-2,30156,MGE DEVELOPMENT  SDN. BHD.,Irama Sendayan 2a,Negeri Sembilan,Seremban,213,4,3,,2023-02-23,2025-02-22
30156-3,30156,MGE DEVELOPMENT  SDN. BHD.,Irama Sendayan 2c,Negeri Sembilan,Seremban,283,4,3,,2023-05-23,2025-05-22
30156-4,30156,MGE DEVELOPMENT  SDN. BHD.,Irama Sendayan 2b,Negeri Sembilan,Seremban,89,4,"3, 4",,2023-06-12,2025-06-11
30156-5,30156,MGE DEVELOPMENT  SDN. BHD.,Irama Sendayan 2d,Negeri Sembilan,Seremban,144,4,"3, 4",,2025-08-07,2026-08-06
30158-1,30158,SUNWAY FLORA  SDN. BHD.,Sunway Flora Residences,Wp Kuala Lumpur,Kuala Lumpur,748,"3, 4","2, 3, 4, 5",,2025-12-21,2026-12-20
30158-2,30158,SUNWAY FLORA  SDN. BHD.,Sunway Flora 2,Wp Kuala Lumpur,Kuala Lumpur,686,"2, 3, 4",2,,2025-04-10,2028-04-09
30159-1,30159,ZENITH VECTOR SDN. BHD.,Taman Kuala Lipis,Pahang,Kuala Lipis,74,3,2,,2025-01-04,2026-01-03
30159-2,30159,ZENITH VECTOR SDN. BHD.,Perumahan Bandar Baru Kuala Lipis,Pahang,Kuala Lipis,32,3,2,,2025-01-24,2027-01-23
30160-1,30160,HIGHER GAINS SDN. BHD.,Lot Ptd 7422 – Ptd 7433,Johor,Muar,12,4,2,,2025-04-04,2026-04-03
30161-1,30161,ANEKA SEPAKAT SDN. BHD.,The Atera,Selangor,Petaling ,756,"1, 2, 3, 4","1, 2, 3",,2025-10-28,2026-10-27
30161-2,30161,ANEKA SEPAKAT SDN. BHD.,The Atera,Selangor,Petaling ,876,"1, 2, 3, 4","1, 2, 3, 4",,2024-04-16,2027-04-15
30162-1,30162,USJ CITYPOINT SDN. BHD.,Residensi Alora,Selangor,Petaling ,492,"1, 2, 3, 4","1, 2, 3",,2026-08-23,2027-08-22
30162-2,30162,USJ CITYPOINT SDN. BHD.,Residensi Alora,Selangor,Petaling ,278,3,2,,2025-03-28,2028-03-27
30163-1,30163,JELITA PRESTASI SDN. BHD.,Taman Seri Mutiara,Kedah,Bandar Baharu,26,3,2,,2025-03-13,2026-03-12
30163-2,30163,JELITA PRESTASI SDN. BHD.,Taman Seri Mutiara,Kedah,Bandar Baharu,19,0,0,,2023-09-04,2025-09-03
30163-3,30163,JELITA PRESTASI SDN. BHD.,Taman Sinar Permata,Kedah,Bandar Baharu,12,3,2,,2024-10-25,2026-10-24
30163-4,30163,JELITA PRESTASI SDN. BHD.,Taman Sinar Permata,Kedah,Bandar Baharu,12,3,2,,2025-10-27,2027-10-26
30164-1,30164,BIG NATURE VENTURE SDN. BHD.,Mumtaz Vila,Melaka,Jasin,6,5,4,,2023-05-24,2025-05-23
30165-1,30165,MENTARI PARKVILLE SDN. BHD.,Casa Jasmine,Selangor,Petaling ,400,"3, 4","2, 3, 4",,2025-11-01,2026-10-31
30166-1,30166,BASIC DEVELOPMENT SDN. BHD.,Residensi Hijauan Bayu,Selangor,Hulu Langat,288,"3, 4",2,,2025-12-06,2026-12-05
30167-1,30167,GREEN YEAR DEVELOPMENT SDN. BHD.,The Clover,Johor,Pontian,17,4,4,,2025-03-20,2026-03-19
30168-1,30168,VANTAGE FREEWAY SDN. BHD.,D' Citrine,Kedah,Langkawi,114,"3, 4, 5","3, 4, 5",,2026-07-03,2027-07-02
30169-1,30169,ST HAN DEVELOPMENT SDN. BHD.,St Han Development Sdn Bhd,Kedah,Pokok Sena (daerah Kecil),45,4,2,,2026-03-22,2027-03-21
30170-1,30170,PLENITUDE HILLS SDN. BHD.,Taman Kota Impian,Johor,Kota Tinggi,143,4,4,,2022-11-30,2024-11-29
30170-2,30170,PLENITUDE HILLS SDN. BHD.,Taman Kota Impian,Johor,Kota Tinggi,154,4,4,,2025-07-25,2026-07-24
30170-3,30170,PLENITUDE HILLS SDN. BHD.,Taman Kota Impian,Johor,Kota Tinggi,45,4,4,,2023-08-23,2025-08-22
30170-4,30170,PLENITUDE HILLS SDN. BHD.,Taman Kota Impian,Johor,Kota Tinggi,156,4,4,,2024-08-21,2026-08-20
30170-5,30170,PLENITUDE HILLS SDN. BHD.,Taman Kota Impian,Johor,Kota Tinggi,108,4,4,,2026-09-25,2027-09-24
30170-6,30170,PLENITUDE HILLS SDN. BHD.,Taman Kota Impian,Johor,Kota Tinggi,116,3,2,,2025-02-06,2027-02-05
30170-7,30170,PLENITUDE HILLS SDN. BHD.,Taman Kota Impian,Johor,Kota Tinggi,122,3,2,,2025-02-12,2027-02-11
30173-1,30173,ESTIWAJA SDN. BHD.,Taman Kuala Lipis,Pahang,Kuala Lipis,75,3,2,,2025-02-15,2026-02-14
30173-2,30173,ESTIWAJA SDN. BHD.,Taman Saujana Putra,Pahang,Jerantut,76,"3, 4",2,,2025-09-27,2026-09-26
30173-3,30173,ESTIWAJA SDN. BHD.,Perumahan Bandar Baru Kuala Lipis,Pahang,Kuala Lipis,32,3,2,,2025-01-24,2027-01-23
30174-1,30174,MAJUTECH JAYA (CENTRAL)  SDN. BHD.,Taman Bukit Rambai,Melaka,Melaka Tengah,27,4,2,,2025-01-06,2026-01-05
30175-1,30175,KOBAY SB  SDN. BHD.,Laguna Bay Residences,Pulau Pinang,Daerah Barat Daya,342,3,2,,2026-05-08,2027-05-07
30176-1,30176,CURVO DEVELOPMENT SDN. BHD.,Residensi Curvo,Wp Kuala Lumpur,Kuala Lumpur,830,"3, 4, 5","2, 3",,2026-01-11,2027-01-10
30177-1,30177,JAYAMAS LAND  SDN. BHD.,Taman Pinggiran Sejahtera,Pulau Pinang,Seberang Perai Tengah,21,4,3,,2025-10-18,2026-10-17
30178-1,30178,UTROPOLIS SDN. BHD.,Sejati Lakeside 2,Selangor,Sepang,122,4,4,,2024-10-28,2025-10-27
30178-2,30178,UTROPOLIS SDN. BHD.,Sejati Lakeside 2,Selangor,Sepang,112,4,5,,2025-06-16,2026-06-15
30179-1,30179,KWASA SENTRAL SDN. BHD.,Residensi Tujuh,Selangor,Petaling ,573,"1, 2, 3","1, 2, 3",,2026-08-11,2027-08-10
30180-1,30180,ELIGAN BASE PARADIGM SDN. BHD.,Pangsapuri Kelisa Emas,Pulau Pinang,Seberang Perai Tengah,96,"3, 4","2, 3",,2023-03-20,2026-03-19
30181-1,30181,PURCON VENTURE SDN. BHD.,Taman Teluk Pulai,Selangor,Klang,10,5,5,,2025-02-21,2026-02-20
30182-1,30182,PROMENADE WORLD  SDN. BHD.,Promenade Cyberjaya,Selangor,Sepang,349,3,"2, 3",,2026-04-17,2027-04-16
30183-1,30183,CONTINUM LAND (MALAYSIA) SDN. BHD.,Residensi Dutamas Dahlia,Wp Kuala Lumpur,Kuala Lumpur,359,3,2,,2022-10-20,2025-10-19
30184-1,30184,TUAH ERAMAS SDN. BHD.,Taman Mengkuang Jaya 3,Pulau Pinang,Seberang Perai Tengah,106,3,"2, 3",,2025-04-19,2026-04-18
30185-1,30185,TANJUNG VILLA DEVELOPMENT SDN. BHD.,Foreshore Residence,Pulau Pinang,Daerah Timor Laut,674,3,2,,2026-05-17,2027-05-16
30186-1,30186,PRESTASI PROSPEK SDN. BHD.,Taman Melor 3,Perak,Hilir Perak,46,3,2,,2025-07-06,2026-07-05
30187-1,30187,UNION UNITED DEVELOPMENT SDN. BHD.,Kondominium Bayu Jalil (the Jalil),Selangor,Petaling ,437,2,2,,2023-03-29,2026-03-28
30188-1,30188,SURIA HEBAT SDN. BHD.,Taman Jaya,Johor,Muar,10,3,2,,2025-05-23,2026-05-22
30189-1,30189,LEBAR KLASSIK SDN. BHD.,Taman Kirana,Johor,Kluang,559,3,2,,2025-06-08,2026-06-07
30189-2,30189,LEBAR KLASSIK SDN. BHD.,Taman Kirana,Johor,Kluang,436,3,2,,2025-10-05,2026-10-04
30189-3,30189,LEBAR KLASSIK SDN. BHD.,Taman Kirana,Johor,Kluang,65,4,3,,2025-10-05,2026-10-04
30190-1,30190,BOON KOON COMMERCIAL SDN. BHD.,Residensi Avantro,Selangor,Petaling ,842,"2, 3, 4","1, 2, 3",,2023-11-28,2026-11-27
30191-1,30191,HALCYON AMANTARA SDN. BHD.,Soho Amantara,Selangor,Petaling ,270,2,"1, 2",,2026-05-18,2027-05-17
30193-1,30193,VICTORIA COUNTRY SDN. BHD.,Springville @ Victoria Country,Perak,Manjung,140,6,6,,2022-12-01,2024-11-30
30193-2,30193,VICTORIA COUNTRY SDN. BHD.,Springville @ Victoria Country,Perak,Manjung,48,4,"3, 4",,2025-05-19,2026-05-18
30194-1,30194,CHIN NAM CITY DEVELOPMENT SDN. BHD.,Taman Bestari,Selangor,Kuala Langat,27,4,3,,2024-12-06,2025-12-05
30194-2,30194,CHIN NAM CITY DEVELOPMENT SDN. BHD.,Taman Bestari,Selangor,Kuala Langat,21,4,3,,2025-01-06,2027-01-05
30196-1,30196,BURNABY PROPERTY DEVELOPMENT SDN. BHD.,Taman Meranti Aman,Selangor,Sepang,86,"3, 4","2, 3",,2026-07-26,2027-07-25
30197-1,30197,ANGKASA SENURI SDN. BHD.,Residensi Senuri,Selangor,Petaling ,521,"1, 3","1, 2",,2026-08-05,2027-08-04
30198-1,30198,PACIFIC GRANDLAND SDN. BHD.,Taman Puchong Tekali,Selangor,Petaling ,63,4,4,,2025-02-21,2026-02-20
30198-2,30198,PACIFIC GRANDLAND SDN. BHD.,Taman Puchong Tekali,Selangor,Petaling ,128,4,"3, 4",,2024-09-20,2026-09-19
30198-3,30198,PACIFIC GRANDLAND SDN. BHD.,Taman Puchong Tekali,Selangor,Petaling ,45,"3, 4",3,,2025-02-26,2027-02-25
30199-1,30199,MTG TIMUR SDN. BHD.,Lamanda Siantan 2,Pahang,Maran,93,3,2,,2024-10-22,2026-10-21
30200-1,30200,PLUTO VALLEY SDN. BHD.,Taman Langat Utama 3,Selangor,Kuala Langat,73,4,2,,2026-02-10,2027-02-09
30201-1,30201,WINPLUS DEVELOPMENT SDN. BHD.,Taman Bukit Baru Indah,Melaka,Melaka Tengah,57,5,4,,2023-08-10,2025-08-09
30201-2,30201,WINPLUS DEVELOPMENT SDN. BHD.,Taman Merlimau Emas Seksyen 3,Melaka,Jasin,68,5,3,,2025-04-16,2027-04-15
30203-1,30203,MKN EMBASSY DEVELOPMENT SDN. BHD.,The Vybe@techzone,Selangor,Sepang,574,1,1,,2026-03-09,2027-03-08
30205-1,30205,WELKEN CONSTRUCTION  SDN. BHD.,Taman Hj Ariffin 3,Johor,Mersing,11,"3, 4",2,,2024-11-22,2026-11-21
30207-1,30207,WA HECTARE PROPERTIES SDN. BHD.,Taman Sungai Pinang,Selangor,Klang,27,4,2,,2026-03-31,2027-03-30
30208-1,30208,MAYFAIR BY THE PARK SDN. BHD.,Mayfair By The Park Sdn Bhd,Perak,Manjung,107,4,4,,2025-06-23,2026-06-22
30209-1,30209,CITAGLOBAL PROPERTY DEVELOPMENT SDN. BHD.,Residensi D'marina @ Pinggiran Putra 2,Pahang,Kuantan,136,4,3,,2025-02-28,2026-02-27
30209-2,30209,CITAGLOBAL PROPERTY DEVELOPMENT SDN. BHD.,Residensi D'marina @ Pinggiran Putra 2,Pahang,Kuantan,60,4,3,,2026-05-11,2027-05-10
30210-1,30210,DB WORLD SDN. BHD.,Perumahan Bandar Kuantan Putri,Pahang,Kuantan,29,4,3,,2023-06-12,2025-06-11
30210-2,30210,DB WORLD SDN. BHD.,Perumahan Bandar Kuantan Putri,Pahang,Kuantan,50,3,2,,2026-03-02,2028-03-01
30211-1,30211,DARUL SERIMAJU DEVELOPMENT SDN. BHD.,Taman Suria Perdana,Kedah,Kuala Muda,20,4,3,,2025-03-02,2026-03-01
30213-1,30213,RAKAN HARTA  SDN. BHD.,Taman Puteri Emas,Johor,Batu Pahat,16,5,3,,2025-11-29,2026-11-28
30213-2,30213,RAKAN HARTA  SDN. BHD.,Taman Puteri Jaya,Johor,Batu Pahat,19,5,6,,2026-03-08,2027-03-07
30214-1,30214,PFA LAND SDN. BHD.,Taman Ara Bayu,Negeri Sembilan,Seremban,40,4,3,,2025-03-05,2027-03-04
30214-2,30214,PFA LAND SDN. BHD.,Taman Ara Bayu 2,Negeri Sembilan,-,17,3,2,,2025-05-15,2028-05-14
30215-1,30215,PNG DEVELOPMENT  SDN. BHD.,Nanas Residence,Selangor,Klang,37,4,2,,2026-06-10,2027-06-09
30216-1,30216,JENDELA MAYANG SDN. BHD.,Pavilion Damansara Heights Phase 2,Wp Kuala Lumpur,Kuala Lumpur,154,"5, 6","5, 6",,2025-10-15,2028-10-14
30216-2,30216,JENDELA MAYANG SDN. BHD.,Pavilion Damansara Heights Phase 2,Wp Kuala Lumpur,Kuala Lumpur,490,"1, 2, 3","1, 2, 3",,2026-01-06,2029-01-05
30218-1,30218,MSD JV SDN. BHD.,Taman Seri Duyong,Melaka,Melaka Tengah,28,4,2,,2025-06-01,2026-05-31
30219-1,30219,L&P PROPERTIES SDN. BHD.,Taman Chandan Puteri,Perak,Kuala Kangsar,23,4,3,,2023-02-15,2025-02-14
30220-1,30220,SRI JATI DEVELOPMENT SDN. BHD.,Taman Penjom Damai,Pahang,Kuala Lipis,27,4,2,,2024-12-16,2025-12-15
30220-2,30220,SRI JATI DEVELOPMENT SDN. BHD.,Taman Seri Kujan,Pahang,-,29,4,2,,2026-02-26,2028-02-25
30221-1,30221,KLK MARKETING SDN. BHD.,Klk Marketing Sdn Bhd,Negeri Sembilan,Kuala Pilah,22,3,2,,2025-01-31,2026-01-30
30222-1,30222,SIKAP DINAMIK SDN. BHD.,Taman Mh Panching Fasa 2,Pahang,Kuantan,17,4,"2, 3",,2023-03-20,2025-03-19
30222-2,30222,SIKAP DINAMIK SDN. BHD.,Taman Mh Indera Sempurna,Pahang,Kuantan,26,4,2,,2025-02-18,2027-02-17
30223-1,30223,LAGENDA MERSING  SDN. BHD.,Lagenda Suria,Johor,Mersing,608,"1, 2, 3, 4","1, 2, 3",,2026-09-02,2027-09-01
30223-2,30223,LAGENDA MERSING  SDN. BHD.,Lagenda Suria,Johor,Mersing,359,"3, 4","2, 3",,2026-04-16,2027-04-15
30223-3,30223,LAGENDA MERSING  SDN. BHD.,La' Lumiere,Johor,Kulai,893,3,2,,2025-03-28,2027-03-27
30223-4,30223,LAGENDA MERSING  SDN. BHD.,La' Lumie're,Johor,Kulai,1918,3,2,,2025-07-24,2027-07-23
30223-5,30223,LAGENDA MERSING  SDN. BHD.,Samudra@lagenda Suria,Johor,Mersing,1379,3,2,,2025-08-20,2027-08-19
30223-6,30223,LAGENDA MERSING  SDN. BHD.,Lexa@la'lumie're,Johor,Kulai,800,3,2,,2026-03-13,2028-03-12
30223-7,30223,LAGENDA MERSING  SDN. BHD.,Rhea@la' Lumiere,Johor,Kulai,2013,3,2,,2026-07-17,2028-07-16
30224-1,30224,AZMAN & ANUAR SDN. BHD.,Taman Gopeng Mewah,Perak,Kampar,42,3,2,,2025-03-25,2026-03-24
30224-2,30224,AZMAN & ANUAR SDN. BHD.,Taman Gopeng Mewah,Perak,Kampar,22,3,2,,2025-08-17,2026-08-16
30224-3,30224,AZMAN & ANUAR SDN. BHD.,Taman Gopeng Mewah,Perak,Kampar,13,3,2,,2024-12-20,2026-12-19
30224-4,30224,AZMAN & ANUAR SDN. BHD.,Taman Gopeng Mewah,Perak,Kampar,14,3,2,,2026-07-04,2028-07-03
30225-1,30225,MACRONOTE SDN. BHD.,Taman Seri Mahkota,Perak,Manjung,192,4,2,,2025-02-22,2026-02-21
30225-2,30225,MACRONOTE SDN. BHD.,Taman Seri Mahkota,Perak,Manjung,134,4,2,,2025-05-09,2026-05-08
30225-3,30225,MACRONOTE SDN. BHD.,Taman Seri Mahkota,Perak,Manjung,169,4,3,,2024-08-19,2026-08-18
30226-1,30226,LIAN HOE REALTY SDN. BHD.,Taman Kelana,Selangor,Klang,59,4,2,,2025-05-23,2026-05-22
30226-2,30226,LIAN HOE REALTY SDN. BHD.,Taman Kelana,Selangor,Klang,43,4,2,,2026-08-03,2027-08-02
30226-3,30226,LIAN HOE REALTY SDN. BHD.,Taman Sementa Jaya,Selangor,Klang,60,4,2,,2025-06-18,2027-06-17
30227-1,30227,MAMING DEVELOPMENT (AYER KEROH) SDN. BHD.,D'bayu Residen,Melaka,Melaka Tengah,350,3,3,,2023-05-30,2026-05-29
30228-1,30228,FABULOUS CONSTRUCTION SDN. BHD.,Aman Cities,Perak,Kinta,67,4,2,,2025-03-29,2026-03-28
30228-2,30228,FABULOUS CONSTRUCTION SDN. BHD.,Aman Cities,Perak,Kinta,44,4,2,,2025-05-18,2026-05-17
30228-3,30228,FABULOUS CONSTRUCTION SDN. BHD.,Aman Cities,Perak,Kinta,41,4,"2, 4",,2024-02-20,2026-02-19
30228-4,30228,FABULOUS CONSTRUCTION SDN. BHD.,Aman Cities,Perak,Kinta,57,4,2,,2024-02-20,2026-02-19
30229-1,30229,MESRA MULIA SDN. BHD.,Lena Residence,Selangor,Klang,73,4,4,,2023-04-19,2025-04-18
30230-1,30230,SINARCERAH SDN. BHD.,Lena Residence,Selangor,Klang,75,4,4,,2023-04-21,2025-04-20
30231-1,30231,SUPER GREENVIEW SDN. BHD.,Taman Panchor Damai,Pulau Pinang,Seberang Perai Selatan,24,4,4,,2023-01-19,2025-01-18
30232-1,30232,ACTIVE COMMITMENT SDN. BHD.,Residensi Panchor Indah,Pulau Pinang,Seberang Perai Selatan,148,4,"3, 4",,2023-03-16,2026-03-15
30233-1,30233,DH LAND SDN. BHD.,Pangsapuri Servis Permatang Janggus,Pulau Pinang,Seberang Perai Tengah,165,3,2,,2023-10-12,2026-10-11
30234-1,30234,VISI SEJATI SDN. BHD.,Lena Residence,Selangor,Klang,76,4,4,,2023-04-18,2025-04-17
30235-1,30235,TP PROPERTY & DEVELOPMENT SDN. BHD.,Taman Kamunting Pelangi,Perak,Larut & Matang,170,4,4,,2025-07-18,2026-07-17
30236-1,30236,ZM GLOBAL LAND SDN. BHD.,Taman Pc Seri Raudah,Kelantan,Kota Bharu,12,4,3,,2026-02-09,2027-02-08
30237-1,30237,ARKIBENA CONSTRUCTION SDN. BHD.,Perumahan Makmur Ringlet Jaya,Pahang,Cameron Highlands,576,3,2,,2025-06-23,2028-06-22
30238-1,30238,BUKIT BUNGA HOMES SDN. BHD.,Taman Nibong Az-zahra,Kelantan,Tanah Merah,112,3,2,,2025-08-10,2026-08-09
30239-1,30239,GOMAY PROPERTIES SDN. BHD.,Bayu Perdana,Pahang,Kuantan,16,4,2,,2025-03-09,2026-03-08
30240-1,30240,ECOLAKE RESIDENCE SDN. BHD.,Casa Embun,Selangor,Sepang,482,0,0,,2022-12-29,2025-12-28
30240-2,30240,ECOLAKE RESIDENCE SDN. BHD.,Casa Embun @ Cybersouth,Selangor,Sepang,505,3,2,,2024-01-16,2027-01-15
30240-3,30240,ECOLAKE RESIDENCE SDN. BHD.,Avalon Cybersouth,Selangor,Sepang,166,4,4,,2025-07-07,2028-07-06
30240-4,30240,ECOLAKE RESIDENCE SDN. BHD.,Avalon Cybersouth,Selangor,Sepang,177,4,4,,2025-10-31,2028-10-30
30241-1,30241,KELPILE DEVELOPMENT SDN. BHD.,Taman Azalea 1,Kelantan,Tanah Merah,9,4,2,,2025-02-22,2026-02-21
30241-2,30241,KELPILE DEVELOPMENT SDN. BHD.,Taman Azalea 2,Kelantan,Tanah Merah,26,4,2,,2025-04-19,2026-04-18
30241-3,30241,KELPILE DEVELOPMENT SDN. BHD.,Taman Sri Kenor,Kelantan,Kuala Krai,14,4,3,,2026-04-28,2027-04-27
30242-1,30242,GIM AIK DEVELOPMENT SDN. BHD.,Taman Paya Baru,Melaka,Melaka Tengah,158,4,2,,2025-04-19,2026-04-18
30244-1,30244,MAJESTIC LUXE SDN. BHD.,Residensi Majestic,Wp Kuala Lumpur,Kuala Lumpur,478,1,"1, 2",,2023-03-10,2026-03-09
30245-1,30245,GL STANDARD BUILDERS SDN. BHD.,Taman Langat Idaman,Selangor,Kuala Langat,30,4,2,,2023-01-09,2025-01-08
30246-1,30246,TANJUNG VILLA CAPITAL SDN. BHD.,Foreshore Apartment,Pulau Pinang,Daerah Timor Laut,321,3,"2, 3",,2023-12-26,2026-12-25
30247-1,30247,KETARA MEKAR DEVELOPMENT SDN. BHD.,Taman Nira Sari,Selangor,Kuala Selangor,16,4,3,,2023-03-29,2025-03-28
30247-2,30247,KETARA MEKAR DEVELOPMENT SDN. BHD.,Taman Desa Permai,Selangor,-,41,3,2,,2025-06-19,2027-06-18
30248-1,30248,DING AN DEVELOPMENT SDN. BHD.,Taman Regent Fasa 2,Negeri Sembilan,Tampin,140,4,2,,2025-07-05,2026-07-04
30249-1,30249,GRAND GLOBAL HEIGHTS DEVELOPMENT SDN. BHD.,Grand Damansara,Selangor,Petaling ,330,"2, 3","1, 2",,2026-07-28,2027-07-27
30250-1,30250,AMBER HOMES SRI PETALING SDN. BHD.,Residensi Serina,Wp Kuala Lumpur,Kuala Lumpur,661,3,2,,2023-07-13,2026-07-12
30250-2,30250,AMBER HOMES SRI PETALING SDN. BHD.,Residensi Aurum,Wp Kuala Lumpur,Kuala Lumpur,661,"3, 4","2, 3",,2023-09-04,2026-09-03
30251-1,30251,MULTIPLEX LAND  SDN. BHD.,Taman Cempaka Perdana,Negeri Sembilan,Seremban,137,4,3,,2025-06-02,2026-06-01
30251-2,30251,MULTIPLEX LAND  SDN. BHD.,Pangsapuri Bukit Alamanda,Selangor,-,440,3,2,,2025-12-24,2028-12-23
30252-1,30252,BA URUS BINA (M) SDN. BHD.,Rumah Selangorku Jenis E Khas,Selangor,Hulu Langat,1044,0,0,,2024-10-02,2027-10-01
30253-1,30253,WISER ACCESS SDN. BHD.,"Bandar Baru Sri Klebang, West Park",Perak,Kinta,42,4,4,,2025-07-20,2026-07-19
30253-2,30253,WISER ACCESS SDN. BHD.,West Park,Perak,Kinta,36,4,"2, 4",,2024-09-19,2026-09-18
30253-3,30253,WISER ACCESS SDN. BHD.,Bandar Baru Sri Klebang,Perak,-,58,4,4,,2025-05-30,2027-05-29
30254-1,30254,MOI DEVELOPMENT SDN. BHD.,Seiring,Selangor,Petaling ,264,2,1,,2023-10-17,2026-10-16
30255-1,30255,EHSAN BUMI SEJAHTERA SDN. BHD.,Pangsapuri Perkhidmatan Ehsan Widuri,Negeri Sembilan,Seremban,242,"2, 3, 4",2,,2024-10-01,2027-09-30
30256-1,30256,ARMANI HALLSON KLCC SDN. BHD.,Taman Ipil Permata,Pulau Pinang,Seberang Perai Selatan,48,3,2,,2023-04-06,2025-04-05
30256-2,30256,ARMANI HALLSON KLCC SDN. BHD.,Residensi Armani Hallson Klcc,Wp Kuala Lumpur,-,2215,1,1,,2025-06-12,2028-06-11
30257-1,30257,ANSON HARTAMAS SDN. BHD.,Taman Pengkalan Bersatu,Perak,Kinta,68,4,3,,2023-02-24,2025-02-23
30258-1,30258,ATM GROUP SDN. BHD.,Desa Wirajaya,Kelantan,Pasir Mas,148,0,0,,2023-02-28,2025-02-27
30259-1,30259,CCH SYNERGY  SDN. BHD.,Taman Pd Amanria,Negeri Sembilan,Port Dickson,86,4,3,,2023-04-17,2025-04-16
30259-2,30259,CCH SYNERGY  SDN. BHD.,Taman Sekata Vista,Selangor,Sepang,50,0,0,,2026-03-15,2027-03-14
30259-3,30259,CCH SYNERGY  SDN. BHD.,Taman Cenderawasih,Negeri Sembilan,Seremban,100,4,"3, 4",,2025-06-04,2027-06-03
30259-4,30259,CCH SYNERGY  SDN. BHD.,Taman Cenderawasih,Negeri Sembilan,Seremban,69,4,4,,2025-07-02,2027-07-01
30260-1,30260,CPI GLENMARIE SDN. BHD.,Residensi Dian Ii,Selangor,Petaling ,748,"2, 3","1, 2",,2026-02-24,2027-02-23
30261-1,30261,MEWAHOME DEVELOPMENT SDN. BHD.,Taman Langat Utama 2,Selangor,Kuala Langat,30,4,2,,2026-07-11,2027-07-10
30262-1,30262,PINNACLE HOMES SJ CBD SDN. BHD.,Pinnacle Sj,Selangor,Petaling ,941,"2, 3",2,,2026-07-14,2027-07-13
30263-1,30263,MARTELL DEVELOPMENT SDN. BHD.,Taman Warisan Cemerlang,Selangor,Sepang,62,"3, 4",4,,2026-02-09,2027-02-08
30264-1,30264,LITTLE RESOURCES SDN. BHD.,Residensi Serai,Selangor,Gombak,37,"3, 4","2, 3, 4",,2023-04-13,2025-04-12
30265-1,30265,BRILLIANT WORLD VENTURES SDN. BHD.,Lot 1281 Gm 1760,Johor,Tangkak,19,3,2,,2023-02-23,2025-02-22
30266-1,30266,PRIMUS LKS DEVELOPMENT SDN. BHD.,Irama Jazz Park,Kedah,Kulim,360,"2, 3","1, 2",,2023-06-27,2026-06-26
30267-1,30267,PROMINENT MAXIM SDN. BHD.,Residensi Max Ii,Wp Kuala Lumpur,Kuala Lumpur,604,3,2,,2026-06-26,2027-06-25
30270-1,30270,RESIDENCY MAJESTIC SDN. BHD.,Majestic Heights,Pahang,Kuantan,26,7,6,,2026-03-28,2027-03-27
30271-1,30271,LUXE PROPERTIES (GT) SDN. BHD.,Kepayang Sentral,Perak,Kinta,399,"2, 3","1, 2",,2023-01-16,2026-01-15
30272-1,30272,SILVER FIELD LAND SDN. BHD.,Ppam Brickfields,Wp Kuala Lumpur,Kuala Lumpur,913,"2, 3","2, 3",,2026-04-04,2027-04-03
30273-1,30273,TAFI DEVELOPMENT SDN. BHD.,Residensi Armani Cameron,Pahang,-,128,3,3,,2025-05-13,2028-05-12
30273-2,30273,TAFI DEVELOPMENT SDN. BHD.,Residensi Armani Cameron,Pahang,-,104,3,3,,2026-02-27,2029-02-26
30274-1,30274,THE 1 PLATINUM DEVELOPMENT & MANAGEMENT SDN. BHD.,Taman Pertama @ Sabak Bernam,Selangor,Sabak Bernam,46,"3, 4",3,,2026-04-09,2027-04-08
30274-2,30274,THE 1 PLATINUM DEVELOPMENT & MANAGEMENT SDN. BHD.,Taman Seri Sementa,Selangor,Klang,22,4,3,,2026-03-17,2028-03-16
30276-1,30276,INFRA PARK SDN. BHD.,Mlima Kiara,Wp Kuala Lumpur,Kuala Lumpur,896,"2, 3, 6","1, 2, 3, 4",,2024-02-27,2027-02-26
30276-2,30276,INFRA PARK SDN. BHD.,Ppam Kysa Kiara,Wp Kuala Lumpur,Kuala Lumpur,812,3,2,,2024-02-27,2027-02-26
30278-1,30278,KAYANGAN PROPERTY SDN. BHD.,Taman Mawar Merah,Kelantan,Machang,19,4,3,,2023-07-05,2025-07-04
30279-1,30279,HEXXON DEVELOPMENT SDN. BHD.,Residensi Bukit Perdana,Selangor,Hulu Langat,866,"4, 5, 6","4, 5",,2024-06-26,2027-06-25
30280-1,30280,SOLARIS CERIA SDN. BHD.,Arte Solaris,Wp Kuala Lumpur,Kuala Lumpur,170,"1, 2, 3","1, 2, 3",,2026-07-10,2027-07-09
30281-1,30281,STACK BUILDER SDN. BHD.,Residensi Akasia,Selangor,Petaling ,963,3,3,,2024-04-05,2027-04-04
30282-1,30282,PPH PROPERTIES SDN. BHD.,Taman Sungai Udang Mutiara,Melaka,Melaka Tengah,22,4,2,,2025-06-01,2026-05-31
30282-2,30282,PPH PROPERTIES SDN. BHD.,Taman Selandar Mutiara,Melaka,Jasin,40,4,2,,2025-12-27,2026-12-26
30284-1,30284,TMS TRANS BINA SDN. BHD.,Taman Perakku Bersatu,Perak,Muallim,58,3,2,,2026-06-05,2028-06-04
30285-1,30285,HARTABINA PEWIRA (SENDAYAN) SDN. BHD.,Taman Bukit Jimah,Negeri Sembilan,-,366,4,2,,2026-09-04,2027-09-03
30286-1,30286,ECO MAJU HOLDING SDN. BHD.,Tapah Road Taman Bestari Jaya,Perak,-,58,3,2,,2025-07-01,2027-06-30
30287-1,30287,TYHOMES DEVELOPMENT  SDN. BHD.,Taman Rambai Idaman,Melaka,Melaka Tengah,63,4,2,,2025-06-23,2026-06-22
30288-1,30288,MUALAND DEVELOPMENT SDN. BHD.,Taman Kemboja Putih,Johor,Batu Pahat,26,4,2,,2026-06-01,2027-05-31
30289-1,30289,KH VENTURE ESTATE SDN. BHD.,Pangsapuri Aston Permai,Pulau Pinang,Seberang Perai Tengah,237,3,2,,2026-06-28,2027-06-27
30290-1,30290,WISMADU PROPERTY DEVELOPMENT SDN. BHD.,Taman Changgang Indah,Selangor,Kuala Langat,28,4,2,,2026-07-21,2027-07-20
30291-1,30291,LVL SUMMIT DEVELOPMENT  SDN. BHD.,Anggerik Heights,Johor,Kulai,24,"4, 6","4, 6",,2026-04-26,2027-04-25
30292-1,30292,LINTANG HEBAT SDN. BHD.,Residensi Mutiara Austin,Johor,Johor Bahru,410,"2, 3, 4",2,,2023-03-16,2026-03-15
30292-2,30292,LINTANG HEBAT SDN. BHD.,Residensi Mutiara Austin,Johor,Johor Bahru,240,"2, 3, 4","2, 3",,2024-01-30,2027-01-29
30295-1,30295,TAIPING BUKIT JANA DEVELOPMENT  SDN. BHD.,Taman Kamunting Putra,Perak,Larut & Matang,344,3,2,,2026-04-06,2027-04-05
30295-2,30295,TAIPING BUKIT JANA DEVELOPMENT  SDN. BHD.,Taman Kamunting Putra,Perak,Larut & Matang,372,3,2,,2025-12-15,2026-12-14
30296-1,30296,KLASIK IKHTIAR SDN. BHD.,Residensi Vista Harmoni,Wp Kuala Lumpur,Kuala Lumpur,455,3,3,,2023-03-28,2026-03-27
30298-1,30298,GOODWAY BUILDERS SDN. BHD.,Taman Alor Ara Jaya,Pahang,Pekan,16,0,0,,2024-02-28,2026-02-27
30299-1,30299,PARKLAND VIEW DEVELOPMENT SDN. BHD.,Taman Tedong Pantai Indah,Melaka,Jasin,12,3,2,,2023-04-27,2025-04-26
30300-1,30300,168 PARK SELAYANG  SDN. BHD.,168 Park Selayang,Selangor,Gombak,477,"2, 3, 4","1, 2, 3",,2023-03-02,2026-03-01
30300-2,30300,168 PARK SELAYANG  SDN. BHD.,168 Park Selayang,Selangor,Gombak,956,"2, 3, 4, 22","1, 2, 3, 5, 22",,2023-09-20,2026-09-19
30301-1,30301,SAUJANA GEMILANG DEVELOPMENT SDN. BHD.,Taman Desa Saujana,Selangor,Sepang,12,4,"2, 3",,2024-02-02,2026-02-01
30302-1,30302,LANG PROPERTY SDN. BHD.,Lang Residences,Perak,Kinta,101,4,4,,2025-03-27,2026-03-26
30303-1,30303,FAJAR SEBERANG SDN. BHD.,Taman Sungai Tiang,Perak,Bagan Datuk,24,4,2,,2023-03-20,2025-03-19
30304-1,30304,ALAM MAJU REALTY SDN. BHD.,Taman Jerai Jaya,Kedah,Kuala Muda,13,4,3,,2023-03-20,2025-03-19
30305-1,30305,SASARAN BAKAT SDN. BHD.,Taman Seri Jerlun Indah,Kedah,Kubang Pasu,61,4,"2, 3",,2023-02-21,2025-02-20
30306-1,30306,LEX LAND SDN. BHD.,Lexview,Perak,Kinta,65,4,4,,2022-12-21,2024-12-20
30306-2,30306,LEX LAND SDN. BHD.,Lexview,Perak,Kinta,61,4,4,,2022-12-21,2024-12-20
30306-3,30306,LEX LAND SDN. BHD.,Lexview,Perak,Kinta,31,4,4,,2026-06-10,2027-06-09
30306-4,30306,LEX LAND SDN. BHD.,Lex Living,Perak,Kinta,71,4,"4, 5",,2026-06-20,2027-06-19
30306-5,30306,LEX LAND SDN. BHD.,Lex Living,Perak,Kinta,39,4,4,,2026-03-03,2028-03-02
30306-6,30306,LEX LAND SDN. BHD.,Lex Living,Perak,Kinta,17,4,5,,2026-03-10,2028-03-09
30306-7,30306,LEX LAND SDN. BHD.,Lex Living,Perak,Kinta,9,4,5,,2026-05-02,2028-05-01
30307-1,30307,SPECIAL PIXEL SDN. BHD.,1 Curve,Perak,Kinta,16,5,5,,2023-06-19,2025-06-18
30307-2,30307,SPECIAL PIXEL SDN. BHD.,1 Curve,Perak,Kinta,2,5,5,,2023-09-13,2025-09-12
30307-3,30307,SPECIAL PIXEL SDN. BHD.,1 Curve,Perak,Kinta,16,"4, 5","4, 5",,2024-06-25,2026-06-24
30307-4,30307,SPECIAL PIXEL SDN. BHD.,1 Curve,Perak,Kinta,28,5,4,,2025-03-11,2027-03-10
30308-1,30308,RHINOBUILD SDN. BHD.,Gerbang Siputeh Sari,Perak,Kinta,16,4,2,,2025-04-27,2026-04-26
30309-1,30309,PREMIER ICONS SDN. BHD.,"Taman Seri Duyong, Seksyen 1",Melaka,Melaka Tengah,27,4,2,,2023-07-06,2025-07-05
30310-1,30310,FVL DEVELOPMENT (BS2)  SDN. BHD.,Taman Serai Perdana,Perak,Kerian,75,0,0,,2025-03-29,2026-03-28
30311-1,30311,NAGASUTRA DEVELOPMENT  SDN. BHD.,Menjalara 8 @ Kepong,Wp Kuala Lumpur,Kuala Lumpur,8,4,5,,2024-11-29,2026-11-28
30312-1,30312,BANGSAR HEIGHTS GLC SDN. BHD.,Residensi Bayu,Selangor,Hulu Langat,176,3,"2, 3",,2026-07-12,2027-07-11
30312-2,30312,BANGSAR HEIGHTS GLC SDN. BHD.,Residensi Bayu 2,Selangor,Hulu Langat,144,3,2,,2026-03-13,2029-03-12
30313-1,30313,HARMONI SRIMAJU SDN. BHD.,Taman Nilam Sari,Kedah,Kota Setar,24,4,2,,2023-05-29,2025-05-28
30314-1,30314,MAJU CEMERLANG DEVELOPMENT  SDN. BHD.,Taman Saujana Manjung,Perak,Manjung,158,4,3,,2023-07-18,2025-07-17
30315-1,30315,HARTA CEMERLANG CERGAS SDN. BHD.,Taman Lam Sun,Kedah,Kota Setar,13,4,2,,2024-01-02,2026-01-01
30315-2,30315,HARTA CEMERLANG CERGAS SDN. BHD.,Taman Mawar,Kedah,-,45,4,2,,2025-10-21,2027-10-20
30316-1,30316,PELANGI88 BINA  SDN. BHD.,Ketapang88,Pahang,Pekan,26,4,2,,2025-06-27,2026-06-26
30318-1,30318,MONT STONE DEVELOPMENT SDN. BHD.,Taman Bukit Katil Damai,Melaka,Melaka Tengah,66,4,4,,2025-05-23,2027-05-22
30321-1,30321,ZOOM DEVELOPMENT SDN. BHD.,Residensi Suasana Aman,Selangor,Hulu Langat,372,4,"3, 4",,2023-04-14,2026-04-13
30322-1,30322,IDAMAN KUKUH SDN. BHD.,Idaman Cahaya 1,Selangor,Petaling ,568,3,3,,2026-02-23,2027-02-22
30322-2,30322,IDAMAN KUKUH SDN. BHD.,Idaman Cahaya 2,Selangor,Petaling ,872,3,"2, 3",,2026-03-15,2027-03-14
30322-3,30322,IDAMAN KUKUH SDN. BHD.,Idaman Cahaya 3,Selangor,Petaling ,413,3,"2, 3",,2026-03-12,2029-03-11
30323-1,30323,EADEPRO DEVELOPMENT SDN. BHD.,Klemeru,Perak,Kinta,83,4,"2, 4",,2023-03-22,2025-03-21
30323-2,30323,EADEPRO DEVELOPMENT SDN. BHD.,Klemeru,Perak,Kinta,104,4,2,,2023-06-02,2025-06-01
30323-3,30323,EADEPRO DEVELOPMENT SDN. BHD.,Klemeru,Perak,Kinta,96,4,"3, 4",,2026-01-23,2027-01-22
30323-4,30323,EADEPRO DEVELOPMENT SDN. BHD.,Klemeru 3,Perak,Kinta,98,5,5,,2025-01-27,2027-01-26
30323-5,30323,EADEPRO DEVELOPMENT SDN. BHD.,Klemeru 4,Perak,-,64,4,3,,2026-07-30,2028-07-29
30324-1,30324,PAKSI GAGAH SDN. BHD.,Amare,Selangor,Petaling ,106,4,4,,2023-07-31,2025-07-30
30324-2,30324,PAKSI GAGAH SDN. BHD.,Amare 2,Selangor,Petaling ,104,4,3,,2026-10-15,2027-10-14
30324-3,30324,PAKSI GAGAH SDN. BHD.,Amare 3,Selangor,-,113,4,4,,2026-06-19,2028-06-18
30325-1,30325,HHR DEVELOPMENT SDN. BHD.,Taman Sentosa Impian,Selangor,Sepang,39,6,6,,2025-12-01,2026-11-30
30326-1,30326,INITIAL FORCE SDN. BHD.,Residensi Impiana,Selangor,Sepang,668,3,2,,2024-10-10,2027-10-09
30327-1,30327,ICONIC MAISON SDN. BHD.,Pangsapuri Iconic Harmoni,Pulau Pinang,Seberang Perai Tengah,751,"2, 3","2, 3",,2024-02-19,2027-02-18
30329-1,30329,ECOVIEW PROPERTY SDN. BHD.,Lot 181689,Selangor,Klang,22,4,2,,2023-06-07,2025-06-06
30329-2,30329,ECOVIEW PROPERTY SDN. BHD.,Taman Nuri Indah,Selangor,Kuala Langat,30,4,2,,2025-08-25,2026-08-24
30330-1,30330,GANDA HARTAMAS SDN. BHD.,Taman Helang Perdana,Kedah,Kulim,22,0,0,,2023-05-23,2025-05-22
30331-1,30331,L & T REALTY SDN. BHD.,Residensi Skyline Kuchai,Wp Kuala Lumpur,Kuala Lumpur,897,"1, 2, 3","1, 2",,2026-01-13,2027-01-12
30331-2,30331,L & T REALTY SDN. BHD.,Residensi Skyline Kuchai,Wp Kuala Lumpur,Kuala Lumpur,941,"1, 2, 3, 4","1, 2",,2026-01-16,2027-01-15
30332-1,30332,MHH DEVELOPMENT SDN. BHD.,Taman Kubang Batang Indah,Kelantan,Tumpat,24,3,2,,2025-03-22,2026-03-21
30333-1,30333,ERA IMPIAN DEVELOPMENT SDN. BHD.,Taman Melati,Selangor,Kuala Langat,55,0,0,,2023-09-26,2025-09-25
30334-1,30334,PARAGON UNITED SDN. BHD.,Serai 168,Selangor,Klang,62,4,4,,2026-04-13,2027-04-12
30334-2,30334,PARAGON UNITED SDN. BHD.,Serai 168,Selangor,Klang,44,5,4,,2025-09-18,2027-09-17
30334-3,30334,PARAGON UNITED SDN. BHD.,Serai 168,Selangor,Klang,62,5,4,,2025-09-18,2027-09-17
30335-1,30335,BAHAGIA DEVELOPMENT SDN. BHD.,Taman Ijok Bahagia,Selangor,Kuala Selangor,55,4,3,,2025-07-03,2027-07-02
30336-1,30336,PULAU TIOMAN RESORT CITY SDN. BHD.,Dynaton Casa Hill,Pahang,Temerloh,7,4,3,,2026-01-17,2027-01-16
30336-2,30336,PULAU TIOMAN RESORT CITY SDN. BHD.,Bukit Bahagia,Pahang,Temerloh,11,3,2,,2026-03-07,2027-03-06
30337-1,30337,KEKAL SINARMAS SDN. BHD.,Taman Kinta Gopeng,Perak,Kampar,30,4,3,,2024-08-19,2026-08-18
30339-1,30339,ARMANI ALLIANCE SDN. BHD.,Residensi Alam Armani,Selangor,Petaling ,338,"2, 3","1, 2",,2024-01-12,2027-01-11
30340-1,30340,RYS REALTY VENTURES SDN. BHD.,Taman Hajjah Wan Fatimah 2,Terengganu,Besut,5,4,2,,2025-05-19,2026-05-18
30340-2,30340,RYS REALTY VENTURES SDN. BHD.,Taman Desa Firuz Teres Bachok,Kelantan,Bachok,12,3,2,,2025-09-04,2026-09-03
30341-1,30341,GREEN GRANDEUR SDN. BHD.,Perumahan Kampung Padang Jaya,Pahang,Kuantan,6,4,2,,2023-03-28,2025-03-27
30341-2,30341,GREEN GRANDEUR SDN. BHD.,Taman Sungai Karang,Pahang,Kuantan,12,4,2,,2024-04-29,2026-04-28
30343-1,30343,CONCORD HOUSING DEVELOPMENT SDN. BHD.,Residensi Bukit Bamboo,Wp Kuala Lumpur,Kuala Lumpur,1762,"2, 3","1, 2, 3",,2024-06-24,2027-06-23
30343-2,30343,CONCORD HOUSING DEVELOPMENT SDN. BHD.,Residensi Bukit Bamboo,Wp Kuala Lumpur,Kuala Lumpur,755,"2, 3","1, 2",,2024-06-24,2027-06-23
30344-1,30344,KAYUMANIS PROPERTIES SDN. BHD.,Dua Ruby Parkhomes,Selangor,Sepang,153,4,3,,2025-10-12,2026-10-11
30344-2,30344,KAYUMANIS PROPERTIES SDN. BHD.,Ruby Idaman @ Selangorku,Selangor,Sepang,170,3,2,,2026-01-26,2029-01-25
30345-1,30345,SUSTAIN VISIONS SDN. BHD.,Candela,Selangor,Hulu Langat,25,4,5,,2025-04-15,2026-04-14
30346-1,30346,LAM HO  SDN. BHD.,Taman Wawasan Ii,Kedah,Kota Setar,26,3,2,,2025-03-11,2027-03-10
30346-2,30346,LAM HO  SDN. BHD.,Taman Wawasan Ii,Kedah,Kota Setar,79,4,3,,2025-07-25,2027-07-24
30347-1,30347,MHI PROPERTY SDN. BHD.,Taman Mhi Damai,Kelantan,Kota Bharu,6,3,2,,2023-03-23,2025-03-22
30347-2,30347,MHI PROPERTY SDN. BHD.,Taman Mhi Jeram,Kelantan,Pasir Puteh,13,3,2,,2026-06-30,2027-06-29
30348-1,30348,ANJURAN LAGENDA SDN. BHD.,Taman Pengkalan Impian,Melaka,Melaka Tengah,170,"3, 4","3, 4",,2023-04-14,2025-04-13
30348-2,30348,ANJURAN LAGENDA SDN. BHD.,Taman Pengkalan Impian,Melaka,Melaka Tengah,260,4,3,,2023-11-16,2025-11-15
30348-3,30348,ANJURAN LAGENDA SDN. BHD.,Taman Pengkalan Impian,Melaka,Melaka Tengah,201,4,"3, 4",,2026-03-01,2027-02-28
30348-4,30348,ANJURAN LAGENDA SDN. BHD.,Taman Pengkalan Impian,Melaka,Melaka Tengah,146,3,2,,2025-06-16,2028-06-15
30348-5,30348,ANJURAN LAGENDA SDN. BHD.,Taman Pengkalan Impian,Melaka,Melaka Tengah,196,3,2,,2025-09-10,2028-09-09
30349-1,30349,ANGKASA ARMADA SDN. BHD.,Residensi Tangen,Wp Kuala Lumpur,Kuala Lumpur,413,"3, 4","2, 3, 4",,2026-06-28,2027-06-27
30351-1,30351,DIJACO SDN. BHD.,Taman Sinar Pelangi,Johor,Batu Pahat,22,4,4,,2025-09-21,2026-09-20
30353-1,30353,BLT DEVELOPMENT  SDN. BHD.,Tanjung Batu,Pahang,Temerloh,85,4,2,,2025-08-22,2026-08-21
30354-1,30354,JY CREATIVE DEVELOPMENT SDN. BHD.,Merdeka Residensi,Pahang,Kuantan,361,"2, 3","2, 3",,2023-12-13,2026-12-12
30355-1,30355,SUNGAI VILLA PROPERTIES  SDN. BHD.,Seroja,Johor,Tangkak,14,4,2,,2023-05-02,2025-05-01
30356-1,30356,TERAS SEJAHTERA SDN. BHD.,Taman Linggi Impian,Negeri Sembilan,Port Dickson,36,3,2,,2026-06-23,2027-06-22
30356-2,30356,TERAS SEJAHTERA SDN. BHD.,Taman Linggi Impian,Negeri Sembilan,Port Dickson,28,3,2,,2025-11-06,2026-11-05
30356-3,30356,TERAS SEJAHTERA SDN. BHD.,Taman Linggi Impian,Negeri Sembilan,Port Dickson,29,3,"2, 3",,2026-02-05,2027-02-04
30356-4,30356,TERAS SEJAHTERA SDN. BHD.,Taman Linggi Impian,Negeri Sembilan,Port Dickson,16,3,2,,2026-03-13,2027-03-12
30357-1,30357,EXSIM BUKIT JALIL CITY SDN. BHD.,Residensi Sejahtera Damai (veladaz Residences @ Bukit Jalil),Wp Kuala Lumpur,Kuala Lumpur,508,"1, 3","1, 2, 3",,2023-10-19,2026-10-18
30357-2,30357,EXSIM BUKIT JALIL CITY SDN. BHD.,Residensi Seri Lestari (the Vividz @ Bukit Jalil),Wp Kuala Lumpur,Kuala Lumpur,1138,"1, 2, 3, 4, 11","1, 2, 3",,2025-05-29,2028-05-28
30359-1,30359,JELMA CEMERLANG SDN. BHD.,Straits Eco Residence,Perak,Kinta,20,3,2,,2026-06-09,2027-06-08
30361-1,30361,FAJARBARU REAL DEVELOPMENT   SDN. BHD.,"Residensi Intan @ Desa Green, Kuala Krai",Kelantan,Kuala Krai,216,3,2,,2025-05-19,2026-05-18
30362-1,30362,MUAFAKAT WIRAJAYA SDN. BHD.,Taman Tronoh Baru,Perak,Kinta,50,4,"2, 3",,2025-06-01,2026-05-31
30363-1,30363,FITRAH RESOURCES SDN. BHD.,Residensi Desa Timur,Wp Kuala Lumpur,Kuala Lumpur,1218,"3, 4","2, 3, 4",,2026-05-08,2027-05-07
30363-2,30363,FITRAH RESOURCES SDN. BHD.,Residensi Desa Timur,Wp Kuala Lumpur,Kuala Lumpur,1218,"3, 4, 5, 6","2, 3, 4, 5, 6",,2026-06-23,2027-06-22
30364-1,30364,EFFECTIVE VENTURE PERAK SDN. BHD.,Taman Klebang Perdana,Perak,Kinta,81,4,4,,2023-06-15,2025-06-14
30365-1,30365,IMPERIAL LAND SDN. BHD.,Elysium,Selangor,Petaling ,34,4,3,,2023-06-02,2025-06-01
30365-2,30365,IMPERIAL LAND SDN. BHD.,Taman Langat Utama 2,Selangor,Kuala Langat,30,"3, 4",2,,2025-05-15,2027-05-14
30366-1,30366,FAITHVIEW RESOURCES SDN. BHD.,Residensi Ambien,Wp Kuala Lumpur,Kuala Lumpur,482,"2, 3, 4","2, 3",,2026-07-18,2027-07-17
30367-1,30367,IMPIANA IMPRESIF SDN. BHD.,Federal Avenue,Selangor,Petaling ,751,"1, 2, 3","1, 2",,2025-06-11,2028-06-10
30368-1,30368,DUTA GABUNGAN  SDN. BHD.,Taman Dato' Harun 9,Selangor,Klang,30,4,2,,2025-04-03,2026-04-02
30369-1,30369,MARVELRICH DEVELOPMENT SDN. BHD.,Citrine Layang-layang Johor,Johor,Kluang,33,3,2,,2026-06-09,2027-06-08
30370-1,30370,ARMADA ISTIMEWA SDN. BHD.,Menara Sutera Ria (hugoz Suites @ Kl City Centre),Wp Kuala Lumpur,Kuala Lumpur,320,1,"1, 2",,2026-09-15,2027-09-14
30371-1,30371,EXSIM KUBANG KERIAN SDN. BHD.,Erinaz Suites @ Kubang Kerian,Kelantan,Kota Bharu,361,"1, 2","1, 2",,2026-08-05,2029-08-04
30372-1,30372,DPS LAND  SDN. BHD.,Taman Sungai Rambai Ria,Melaka,Jasin,10,0,0,,2024-09-19,2026-09-18
30372-2,30372,DPS LAND  SDN. BHD.,"Kesang Lot 110 ,lot  112 & Lot 113",Melaka,Jasin,30,4,2,,2025-01-09,2027-01-08
30373-1,30373,IDAMAN AKTIF SDN. BHD.,Idaman Sari,Selangor,Sepang,513,3,2,,2026-03-30,2027-03-29
30374-1,30374,GROWN MINING & ENGINEERING SDN. BHD.,Taman Bukit Nibong Ria,Melaka,Melaka Tengah,16,4,3,,2026-09-20,2027-09-19
30375-1,30375,ECO SETIA PROPERTIES  SDN. BHD.,Taman Mh Pandan,Pahang,Kuantan,14,4,2,,2024-09-03,2026-09-02
30376-1,30376,WCT GREEN SDN. BHD.,Adison,Johor,Johor Bahru,1024,"1, 2","1, 2",,2023-10-30,2026-10-29
30376-2,30376,WCT GREEN SDN. BHD.,Adison,Johor,Johor Bahru,238,"1, 2","1, 2",,2024-12-10,2027-12-09
30376-3,30376,WCT GREEN SDN. BHD.,Adison,Johor,Johor Bahru,224,"1, 2","1, 2",,2025-01-02,2028-01-01
30376-4,30376,WCT GREEN SDN. BHD.,Adison,Johor,Johor Bahru,224,"1, 2","1, 2",,2025-01-22,2028-01-21
30376-5,30376,WCT GREEN SDN. BHD.,Adison,Johor,Johor Bahru,210,"1, 2","1, 2",,2025-01-22,2028-01-21
30377-1,30377,LAGENDA TAPAH  SDN. BHD.,Lagenda Aman,Perak,Batang Padang,1449,"2, 3","2, 3",,2026-05-23,2027-05-22
30378-1,30378,KENANGAN KAPITAL SDN. BHD.,Lake Garden,Perak,Kinta,54,4,"3, 4",,2023-03-23,2025-03-22
30378-2,30378,KENANGAN KAPITAL SDN. BHD.,Lake Garden,Perak,Kinta,63,4,"3, 4",,2023-08-18,2025-08-17
30379-1,30379,KENYALANG MEWAH SDN. BHD.,Taman Kelana,Selangor,Klang,28,4,2,,2024-11-20,2026-11-19
30380-1,30380,SPIRIT OF PERAI SDN. BHD.,Taman Kota Indah,Pulau Pinang,Seberang Perai Utara,480,3,2,,2026-06-24,2028-06-23
30381-1,30381,BIZ LINK LAND SDN. BHD.,Residensi Alam Impian,Selangor,Sepang,96,"3, 4","1, 2, 3",,2023-09-11,2026-09-10
30382-1,30382,BKSP AUTOWORLD SDN. BHD.,Residensi Ayanna,Wp Kuala Lumpur,Kuala Lumpur,333,"3, 4, 5","2, 3, 4",,2026-06-21,2027-06-20
30382-2,30382,BKSP AUTOWORLD SDN. BHD.,Residensi Ayanna,Wp Kuala Lumpur,Kuala Lumpur,491,"2, 3, 4",2,,2026-06-21,2027-06-20
30382-3,30382,BKSP AUTOWORLD SDN. BHD.,Residensi Andalan,Wp Kuala Lumpur,Kuala Lumpur,823,"3, 4",2,,2024-07-15,2027-07-14
30383-1,30383,ILHAM KREATIF SDN. BHD.,Taman Asam Kumbang Ria,Perak,Larut & Matang,85,4,5,,2025-07-22,2027-07-21
30384-1,30384,YKT PROJECTS SDN. BHD.,Taman Sungkai Harmoni,Perak,Batang Padang,82,4,2,,2025-11-21,2026-11-20
30385-1,30385,PASTECH ENGINEERING SDN. BHD.,Taman Ara Suria,Pulau Pinang,Seberang Perai Utara,386,3,2,,2023-05-10,2025-05-09
30386-1,30386,PAKATAN SAKSAMA SDN. BHD.,Taman Cahaya Intan 2,Kedah,Bandar Baharu,38,4,2,,2026-01-30,2027-01-29
30387-1,30387,FOCAL PRODUCTS SDN. BHD.,Mandarin Residensi,Pulau Pinang,Daerah Timor Laut,646,"3, 32","2, 3, 4",,2026-06-12,2027-06-11
30388-1,30388,NALURI WIJAYA SDN. BHD.,Adiwarna,Selangor,Kuala Langat,180,3,2,,2024-08-02,2027-08-01
30388-2,30388,NALURI WIJAYA SDN. BHD.,Adiwarna,Selangor,Kuala Langat,368,3,2,,2025-02-21,2028-02-20
30388-3,30388,NALURI WIJAYA SDN. BHD.,Adiwarna 2,Selangor,Kuala Langat,444,3,2,,2026-07-16,2029-07-15
30390-1,30390,UDA WAQF SDN. BHD.,Mawar @ Taman Sultan Sallehuddin,Kedah,Kota Setar,76,4,3,,2026-07-23,2027-07-22
30391-1,30391,PTL ALPHA SDN. BHD.,Residensi Santuari,Pulau Pinang,Seberang Perai Tengah,500,"2, 3",2,,2023-08-23,2026-08-22
30392-1,30392,MATRIX CONCEPTS (CHERAS) SDN. BHD.,Residensi Bayu,Wp Kuala Lumpur,Kuala Lumpur,778,"2, 3, 4","2, 3",,2026-07-14,2027-07-13
30393-1,30393,GOLDEN ARMANI DEVELOPMENT SDN. BHD.,Taman Bukit Tualang,Pahang,Temerloh,30,4,2,,2026-08-04,2028-08-03
30394-1,30394,GOODMODE BUILDERS SDN. BHD.,Vila Bukit Negeri,Negeri Sembilan,Seremban,38,5,4,,2025-12-22,2026-12-21
30395-1,30395,JETWAY REALTY SDN. BHD.,Taman Gemilang,Pahang,Jerantut,52,4,3,,2025-09-22,2026-09-21
30397-1,30397,AVANTEX PROPERTIES  SDN. BHD.,Rivera Garden @ Jenjarom,Selangor,Kuala Langat,48,5,6,,2023-06-02,2025-06-01
30398-1,30398,MARVICE VANTAGE  SDN. BHD.,Taman Seri Mawar 3,Perak,Manjung,30,4,"2, 3",,2024-05-29,2026-05-28
30398-2,30398,MARVICE VANTAGE  SDN. BHD.,Taman Permai Jaya 2,Perak,Manjung,30,4,2,,2026-04-15,2028-04-14
30398-3,30398,MARVICE VANTAGE  SDN. BHD.,Taman Permatang Maju 3,Perak,Manjung,30,4,2,,2026-06-29,2028-06-28
30399-1,30399,RESOLUSI TEMASEK SDN. BHD.,Tanjung Temasek,Perak,Kinta,55,4,2,,2023-06-26,2025-06-25
30399-2,30399,RESOLUSI TEMASEK SDN. BHD.,Tanjung Temasek,Perak,Kinta,36,4,2,,2023-12-09,2025-12-08
30400-1,30400,YAKIN LAND SDN. BHD.,Residensi Papirus Yakin,Wp Kuala Lumpur,Kuala Lumpur,454,"4, 5","3, 4, 6",,2026-08-28,2027-08-27
30401-1,30401,CASA INSPIRASI SDN. BHD.,Centrum Iris,Pahang,Cameron Highlands,705,"1, 2, 3, 4","1, 2, 3",,2025-01-08,2028-01-07
30402-1,30402,ITG PROJECTS SDN. BHD.,Taman Rembia Damai,Melaka,Alor Gajah,63,4,2,,2026-06-25,2027-06-24
30404-1,30404,XINTIANDI DEVELOPMENT SDN. BHD.,Redearth Genting Xintiandi,Pahang,-,2600,3,3,,2023-12-11,2026-12-10
30405-1,30405,ADLY DEVELOPMENT SDN. BHD.,Taman Bentara,Selangor,Kuala Langat,30,3,2,,2024-03-14,2026-03-13
30406-1,30406,DKD PROPERTY SDN. BHD.,Taman Putera Murni,Johor,Muar,19,4,4,,2025-09-26,2026-09-25
30407-1,30407,SMA BERKAT (M) SDN. BHD.,Taman Bukit Kuang Idaman,Terengganu,Kemaman,23,4,3,,2025-10-12,2026-10-11
30408-1,30408,NEWHOME DEVELOPMENT SDN. BHD.,Taman Mh Sungai Soi,Pahang,Kuantan,20,0,0,,2024-08-16,2026-08-15
30410-1,30410,GEOFOUND CONSTRUCTION SDN. BHD.,"Pr1ma Pinggiran Pelangi, Muadzam shah",Pahang,Rompin,112,3,2,,2025-07-18,2026-07-17
30411-1,30411,TM DEVELOPMENT (TRAS) SDN. BHD.,Desa Wawasan Teras,Pahang,Raub,23,3,3,,2025-07-18,2026-07-17
30413-1,30413,FORTE EMERALD SDN. BHD.,Astana Chemor,Perak,Kinta,114,"3, 4","2, 3",,2025-12-11,2026-12-10
30413-2,30413,FORTE EMERALD SDN. BHD.,Astana Chemor,Perak,-,70,4,2,,2026-02-26,2028-02-25
30415-1,30415,KINTA BAKTI SDN. BHD.,Taman Serdang Bakti,Perak,Manjung,30,4,2,,2023-11-06,2025-11-05
30415-2,30415,KINTA BAKTI SDN. BHD.,Taman Karisma Lekir 2,Perak,Manjung,28,4,2,,2025-03-25,2027-03-24
30416-1,30416,UNITED ENG HONG DEVELOPMENT SDN. BHD.,Taman Sri Delima,Johor,Mersing,20,4,2,,2025-06-21,2026-06-20
30417-1,30417,59 INC SDN. BHD.,Residensi Padang,Wp Kuala Lumpur,Kuala Lumpur,1226,"3, 4","2, 3, 4",,2023-09-21,2026-09-20
30418-1,30418,HS HENG SENG HARDWARE SDN. BHD.,Projek Perumahan Padang Rokma,Kelantan,Tumpat,11,4,4,,2025-09-17,2027-09-16
30420-1,30420,REAL GOLDEN DEVELOPMENT SDN. BHD.,Residensi Ametis Kota Syahbandar,Melaka,Melaka Tengah,638,"2, 3","1, 2",,2024-01-11,2027-01-10
30420-2,30420,REAL GOLDEN DEVELOPMENT SDN. BHD.,Residensi Ametis Kota Syahbandar,Melaka,Melaka Tengah,638,"2, 3","1, 2",,2024-06-06,2027-06-05
30420-3,30420,REAL GOLDEN DEVELOPMENT SDN. BHD.,Residensi Azurit Klebang,Melaka,Melaka Tengah,692,"2, 3, 4","2, 4",,2026-01-20,2029-01-19
30420-4,30420,REAL GOLDEN DEVELOPMENT SDN. BHD.,Residensi Azurit Klebang,Melaka,Melaka Tengah,650,"2, 3, 4","2, 4",,2026-08-18,2029-08-17
30422-1,30422,SEDIMI PROPERTY DEVELOPMENT  SDN. BHD.,Serelyn Avenue,Pahang,Kuantan,157,3,2,,2025-12-23,2026-12-22
30422-2,30422,SEDIMI PROPERTY DEVELOPMENT  SDN. BHD.,Serelyn Avenue,Pahang,Kuantan,80,4,3,,2024-09-12,2026-09-11
30423-1,30423,KIN TONG REALTY (M) SDN. BHD.,Taman Tangkak 2,Johor,Tangkak,5,0,0,,2023-07-11,2025-07-10
30423-2,30423,KIN TONG REALTY (M) SDN. BHD.,Taman Cempaka,Johor,-,8,4,3,,2026-04-10,2028-04-09
30424-1,30424,AVENUE GREEN DEVELOPMENT SDN. BHD.,Serene Ville,Johor,Kulai,36,4,3,,2025-09-26,2026-09-25
30424-2,30424,AVENUE GREEN DEVELOPMENT SDN. BHD.,Serene Ville,Johor,Kulai,39,4,3,,2025-12-23,2026-12-22
30425-1,30425,NILAI UNGGUL DEVELOPMENT SDN. BHD.,Nilai Unggul Development Sdn Bhd,Terengganu,Kemaman,27,3,2,,2023-08-22,2025-08-21
30425-2,30425,NILAI UNGGUL DEVELOPMENT SDN. BHD.,"Perumahan Lot 51189, Taman Kijal Meraga 1",Terengganu,Kemaman,18,4,2,,2024-05-08,2026-05-07
30427-1,30427,WANLAND METRO SDN. BHD.,Projek Perumahan Mampu Milik Pasir Akar,Terengganu,Besut,356,3,2,,2025-10-02,2026-10-01
30428-1,30428,PLUTOVEST SDN. BHD.,Residensi Seri Tanjung Bestari,Melaka,Melaka Tengah,648,"3, 4",2,,2023-12-11,2026-12-10
30429-1,30429,MAYA INTI SDN. BHD.,Maya Residensi,Pulau Pinang,Seberang Perai Tengah,213,0,0,,2024-05-28,2027-05-27
30432-1,30432,LPM DEVELOPMENT  SDN. BHD.,Taman Bukit Emas,Melaka,Alor Gajah,26,4,2,,2023-06-27,2025-06-26
30433-1,30433,PRIMARY SPECTRA DEVELOPMENT  SDN. BHD.,Codrington Residence,Pulau Pinang,Daerah Timor Laut,198,3,2,,2023-06-20,2026-06-19
30434-1,30434,TANJONG TTS DEVELOPMENT SDN. BHD.,Taman Aman Baiduri,Selangor,Kuala Selangor,29,4,2,,2025-10-19,2026-10-18
30435-1,30435,PARAGON PREMIUM SDN. BHD.,Suria Paragon,Johor,Johor Bahru,1398,"1, 2, 3","1, 2, 3",,2023-10-05,2026-10-04
30435-2,30435,PARAGON PREMIUM SDN. BHD.,Suria Paragon,Johor,Johor Bahru,738,"1, 2, 3","1, 2, 3",,2024-03-04,2027-03-03
30437-1,30437,LUXE PREMIER GROUPS SDN. BHD.,Loft 26 @ Bercham,Perak,Kinta,394,"2, 3",2,,2026-09-25,2027-09-24
30438-1,30438,TASIK BUMIMAJU SDN. BHD.,Tenglu Heights,Johor,Mersing,45,3,2,,2026-07-28,2027-07-27
30439-1,30439,GALAKSI BEBAS SDN. BHD.,The Anton,Pulau Pinang,Daerah Timor Laut,51,"3, 4","4, 5, 6",,2023-10-27,2026-10-26
30440-1,30440,MS LAKECITY SDN. BHD.,Residensi Anggun,Johor,Johor Bahru,421,"1, 2, 3, 4","1, 2, 3",,2023-10-02,2026-10-01
30440-2,30440,MS LAKECITY SDN. BHD.,Residensi Anggun,Johor,Johor Bahru,619,"1, 2, 3, 4","1, 2, 3",,2023-12-18,2026-12-17
30440-3,30440,MS LAKECITY SDN. BHD.,Residensi Anggun,Johor,Johor Bahru,486,"1, 2, 3, 4","1, 2, 3",,2024-02-06,2027-02-05
30442-1,30442,SURIA LAFAZ SDN. BHD.,Taman Bidor Bistari 2,Perak,Batang Padang,374,3,"2, 3",,2026-07-11,2027-07-10
30442-2,30442,SURIA LAFAZ SDN. BHD.,Taman Bidor Bistari 2,Perak,Batang Padang,457,3,2,,2025-03-05,2027-03-04
30443-1,30443,KEVO BINA SDN. BHD.,Residensi Selangorku Vista Idaman,Selangor,Hulu Langat,260,3,2,,2024-06-22,2027-06-21
30443-2,30443,KEVO BINA SDN. BHD.,Pangsapuri Selangorku Vista Azalea,Selangor,Hulu Langat,208,3,2,,2025-11-11,2028-11-10
30444-1,30444,DYNABARAT SDN. BHD.,Desa Pinggiran Bukit,Kelantan,Kuala Krai,20,4,3,,2026-06-23,2027-06-22
30447-1,30447,GREENWAY REALTY SDN. BHD.,Taman Pd Restu,Negeri Sembilan,Port Dickson,109,4,2,,2026-05-06,2027-05-05
30448-1,30448,LANDAS BUMI SDN. BHD.,"Taman Cassia, Bahau",Negeri Sembilan,Jempol,271,"3, 4","2, 3",,2025-07-21,2026-07-20
30449-1,30449,VIVA PRIMA DEVELOPMENT SDN. BHD.,Frieden,Pulau Pinang,Seberang Perai Tengah,52,4,"3, 4",,2026-03-07,2027-03-06
30450-1,30450,TH GRAND PROPERTIES SDN. BHD.,Taman Minang Sari,Kedah,Kota Setar,30,3,2,,2025-11-26,2026-11-25
30450-2,30450,TH GRAND PROPERTIES SDN. BHD.,Taman Harmoni,Kedah,Sik,20,3,2,,2026-03-13,2027-03-12
30452-1,30452,GC MEWAH SDN. BHD.,The Grand Cheras Residence,Selangor,Hulu Langat,18,5,6,,2026-01-16,2027-01-15
30455-1,30455,ASTAKA DEVELOPMENT SDN. BHD.,Aliva,Johor,Johor Bahru,499,"1, 2, 3","1, 2",,2026-08-23,2027-08-22
30456-1,30456,DK-EXCEL AUTO LEATHER SDN. BHD.,D'amber Puchong Intan,Selangor,Petaling ,32,"5, 7","4, 5, 6, 7",,2025-11-20,2027-11-19
30457-1,30457,FIRSTLINE CAPITAL SDN. BHD.,Taman Rambai Tengah,Melaka,Melaka Tengah,62,4,3,,2026-06-06,2027-06-05
30459-1,30459,K8 RESIDENCE SDN. BHD.,Kondominium Kenanga Mewah,Melaka,Melaka Tengah,52,3,4,,2025-01-14,2028-01-13
30460-1,30460,PINE WELL DEVELOPMENT SDN. BHD.,Taman Seri Pinang,Selangor,Klang,29,4,2,,2025-09-06,2026-09-05
30461-1,30461,MAJESTIC LAND SDN. BHD.,Residensi Megah Kiara,Wp Kuala Lumpur,Kuala Lumpur,237,"3, 4","3, 4, 5",,2025-12-01,2028-11-30
30462-1,30462,PELANGI 1010 SDN. BHD.,Taman Terendak Permai,Melaka,Melaka Tengah,28,3,3,,2026-02-19,2027-02-18
30464-1,30464,IMPERIO SETIA SDN. BHD.,The Tenz,Kedah,Kota Setar,349,"2, 3, 4","2, 3",,2025-11-13,2028-11-12
30465-1,30465,WORLDKLANG GROUP DEVELOPMENT SDN. BHD.,K Garden @ Sungai Ruan,Pahang,Raub,20,4,4,,2024-09-12,2026-09-11
30465-2,30465,WORLDKLANG GROUP DEVELOPMENT SDN. BHD.,K Garden 2 @ Sungai Ruan,Pahang,Raub,20,4,4,,2024-12-16,2026-12-15
30465-3,30465,WORLDKLANG GROUP DEVELOPMENT SDN. BHD.,K Garden @ Kapar,Selangor,Klang,136,4,4,,2025-12-24,2027-12-23
30466-1,30466,KMDI HOLDING SDN. BHD.,Rumah Pahang - Felda Sungai Retang,Pahang,Jerantut,104,3,2,,2025-08-16,2026-08-15
30466-2,30466,KMDI HOLDING SDN. BHD.,Rumah Pahang - Felda Jengka 11,Pahang,Maran,180,3,2,,2026-07-24,2027-07-23
30467-1,30467,PEMBINAAN SINARAN PELANGI SDN. BHD.,Taman Pulasan,Kedah,Kubang Pasu,14,3,2,,2025-09-02,2026-09-01
30468-1,30468,GEO ELITE DEVELOPMENT SDN. BHD.,Geo Elite Residence,Pahang,Bentong,217,"2, 3, 5","2, 3, 5",,2024-08-20,2027-08-19
30469-1,30469,AMAN WIJAYA SDN. BHD.,Perumahan Makmur Pandan 10 Jaya,Pahang,Kuantan,560,3,2,,2024-12-26,2026-12-25
30470-1,30470,RALIS GROUP SDN. BHD.,Taman Bunga Raya,Selangor,Klang,26,4,4,,2024-09-12,2026-09-11
30470-2,30470,RALIS GROUP SDN. BHD.,Taman Bunga Raya,Selangor,Klang,62,4,4,,2026-02-12,2028-02-11
30471-1,30471,SIN BAN LAY SDN. BHD.,Taman Desa Cemerlang,Johor,Batu Pahat,26,3,2,,2025-11-20,2026-11-19
30472-1,30472,BT VENTURE LAND  SDN. BHD.,Bt Venture Land Sdn. Bhd.,Kelantan,Kota Bharu,29,3,2,,2025-10-27,2026-10-26
30474-1,30474,WIN GLOBAL BUILDER SDN. BHD.,Pangsapuri Seri Berlian,Selangor,Petaling ,400,"2, 3","2, 3",,2023-11-20,2026-11-19
30475-1,30475,DUNIA JAYAMAS SDN. BHD.,Taman Trong Jaya,Perak,Larut & Matang,41,0,0,,2026-03-27,2027-03-26
30475-2,30475,DUNIA JAYAMAS SDN. BHD.,Taman Trong Jaya,Perak,Larut & Matang,7,4,3,,2024-08-12,2026-08-11
30476-1,30476,DMS LAND DEVELOPMENT SDN. BHD.,Taman Timur,Negeri Sembilan,Jempol,20,4,3,,2025-10-05,2026-10-04
30479-1,30479,AWANA IMPIAN DEVELOPMENT SDN. BHD.,Taman Temerloh Jaya Indah,Pahang,Temerloh,30,3,2,,2023-07-26,2025-07-25
30480-1,30480,TAZ SETIA DEVELOPMENT SDN. BHD.,Taman Sri Muda 2,Pahang,Jerantut,26,0,0,,2023-11-30,2025-11-29
30482-1,30482,SUNRICH VICTORY SDN. BHD.,Residensi Sempurna,Negeri Sembilan,Seremban,1266,"2, 3",2,,2026-01-09,2029-01-08
30485-1,30485,CHERAS HONG SOON LAND  SDN. BHD.,Residensi Amira,Wp Kuala Lumpur,Kuala Lumpur,690,"2, 3, 4","2, 3",,2024-02-26,2027-02-25
30486-1,30486,SRI KERJAYA GLOBAL DEVELOPMENT  SDN. BHD.,Lot 12147,Johor,Tangkak,12,4,2,,2025-10-25,2026-10-24
30487-1,30487,ALPHA MBO  SDN. BHD.,Taman Cherating Perdana,Pahang,Kuantan,6,0,0,,2023-12-14,2025-12-13
30487-2,30487,ALPHA MBO  SDN. BHD.,Taman Cherating Perdana,Pahang,Kuantan,6,4,2,,2023-12-31,2025-12-30
30488-1,30488,BERJAYA TIMES SQUARE SDN. BHD.,Residensi Times Square 2,Wp Kuala Lumpur,Kuala Lumpur,629,"1, 2, 3","1, 2, 3",,2023-10-17,2026-10-16
30489-1,30489,UNI VISTA  SDN. BHD.,Pangsapuri Vista Lavender,Selangor,Petaling ,540,"3, 4","2, 3",,2023-12-13,2026-12-12
30490-1,30490,ARMADA ANEKA SDN. BHD.,Bandar Cyber,Perak,Kinta,11,4,4,,2023-08-08,2025-08-07
30490-2,30490,ARMADA ANEKA SDN. BHD.,Bandar Cyber,Perak,Kinta,29,5,5,,2023-11-27,2025-11-26
30491-1,30491,SERAIYA HILL SDN. BHD.,Seraiya By The Hill,Selangor,Petaling ,33,5,6,,2025-11-24,2026-11-23
30492-1,30492,IDEALBUILD DEVELOPMENT SDN. BHD.,Taman Permai Indah,Pahang,Rompin,15,3,2,,2025-12-19,2026-12-18
30493-1,30493,SAMSURI DAGANG SDN. BHD.,Taman Merpati,Selangor,Kuala Langat,22,3,2,,2025-03-07,2027-03-06
30495-1,30495,CEMERLANG MUHIBBAH SDN. BHD.,Taman Sungai Udang,Melaka,Melaka Tengah,18,4,2,,2026-09-12,2027-09-11
30496-1,30496,LEVERAGE GLOBAL SDN. BHD.,Puncak Premium,Johor,Johor Bahru,359,"1, 2, 3","1, 2, 3",,2025-05-08,2028-05-07
30496-2,30496,LEVERAGE GLOBAL SDN. BHD.,Puncak Premium,Johor,Johor Bahru,402,"1, 2, 3","1, 2, 3",,2025-11-11,2028-11-10
30496-3,30496,LEVERAGE GLOBAL SDN. BHD.,Puncak Premium,Johor,Johor Bahru,539,"1, 2, 3, 6","1, 2, 3, 8",,2026-02-09,2029-02-08
30497-1,30497,HAUS PLUS KL  SDN. BHD.,Rumah Bandar Cora Plus 2,Selangor,Petaling ,50,"1, 2","1, 2",,2024-08-19,2027-08-18
30498-1,30498,POWER EQUITY VENTURE SDN. BHD.,Skim Perumahan Fasa 1  Mukim Kota Lama Kiri,Perak,Kuala Kangsar,78,4,2,,2026-01-20,2027-01-19
30499-1,30499,YTL DAMANSARA 3  SDN. BHD.,Residensi Dedaun Rimba,Selangor,Petaling ,264,5,4,,2024-01-02,2027-01-01
30500-1,30500,SIME DARBY PROPERTY (GOLFHOME) SDN. BHD.,Residensi Opera,Wp Kuala Lumpur,Kuala Lumpur,150,"3, 4, 5","4, 5, 6",,2023-10-19,2026-10-18
30501-1,30501,MASS PARK DEVELOPMENT SDN. BHD.,Taman Sengkang,Negeri Sembilan,Port Dickson,125,4,4,,2023-12-07,2025-12-06
30501-2,30501,MASS PARK DEVELOPMENT SDN. BHD.,Taman Intan Perdana,Negeri Sembilan,Port Dickson,28,4,4,,2024-06-24,2026-06-23
30501-3,30501,MASS PARK DEVELOPMENT SDN. BHD.,Taman Angsana,Negeri Sembilan,Port Dickson,26,4,2,,2026-01-29,2028-01-28
30501-4,30501,MASS PARK DEVELOPMENT SDN. BHD.,Taman Bukit Harmoni,Negeri Sembilan,-,103,4,4,,2026-02-25,2028-02-24
30502-1,30502,HENG GUAN DEVELOPMENT SDN. BHD.,Aera Gardens,Kedah,Kuala Muda,113,4,2,,2026-01-23,2027-01-22
30503-1,30503,MELATI PURNAMA SDN. BHD.,Trifolia,Negeri Sembilan,Port Dickson,204,3,2,,2024-03-19,2027-03-18
30503-2,30503,MELATI PURNAMA SDN. BHD.,Trifolia 2,Negeri Sembilan,Port Dickson,354,3,2,,2026-01-05,2029-01-04
30504-1,30504,BAYU INDAH DEVELOPMENT SDN. BHD.,Taman Residensi Putra,Kedah,Kulim,47,"4, 5","4, 5, 6",,2025-03-10,2027-03-09
30505-1,30505,FORWARD VICTORY SDN. BHD.,The Wyn Residences,Selangor,Petaling ,1055,"2, 3","1, 2, 3",,2023-10-09,2026-10-08
30505-2,30505,FORWARD VICTORY SDN. BHD.,The Wyn Residences,Selangor,Petaling ,491,"2, 3","1, 2",,2023-10-27,2026-10-26
30506-1,30506,TINTA KACA DEVELOPMENT SDN. BHD.,Pangsapuri Harmoni Twl,Selangor,Petaling ,715,3,2,,2026-09-18,2027-09-17
30507-1,30507,ARK VISION HOLDINGS SDN. BHD.,Taman Seri Rambai,Melaka,Melaka Tengah,44,4,2,,2026-01-08,2027-01-07
30507-2,30507,ARK VISION HOLDINGS SDN. BHD.,Taman Seri Rambai,Melaka,Melaka Tengah,38,4,3,,2025-09-11,2027-09-10
30508-1,30508,TSR DEVELOPMENT SDN. BHD.,Residensi Daya,Selangor,Petaling ,35,6,8,,2024-02-07,2027-02-06
30508-2,30508,TSR DEVELOPMENT SDN. BHD.,Residensi Daya,Selangor,Petaling ,225,4,3,,2026-01-27,2029-01-26
30509-1,30509,HAO CHUANG HOLDINGS SDN. BHD.,Residensi Jed,Selangor,Hulu Langat,1254,2,3,,2023-10-03,2026-10-02
30510-1,30510,VISTA NOVA DEVELOPMENT SDN. BHD.,Nova Mutiara,Selangor,Hulu Langat,36,3,3,,2024-01-11,2026-01-10
30511-1,30511,M SUMMIT PREMIUM SDN. BHD.,Pavilion @ Damar,Pulau Pinang,Daerah Barat Daya,527,"3, 4","2, 3",,2023-12-22,2026-12-21
30512-1,30512,BUKIT TAISHO SDN. BHD.,Taman Ceria,Negeri Sembilan,Kuala Pilah,13,4,3,,2026-07-03,2027-07-02
30513-1,30513,DISTINCTIVE WORLD SDN. BHD.,Residensi Tuju,Wp Kuala Lumpur,Kuala Lumpur,932,"1, 2, 3, 4","1, 2, 3",,2023-12-10,2026-12-09
30514-1,30514,GDP X PROPERTIES SDN. BHD.,Penchala 188 Residency,Wp Kuala Lumpur,Kuala Lumpur,188,"2, 3, 5","1, 2, 5",,2024-05-20,2027-05-19
30515-1,30515,MORNING DEW DEVELOPMENT SDN. BHD.,The Cube,Pulau Pinang,Daerah Timor Laut,349,3,"2, 3",,2024-01-20,2027-01-19
30516-1,30516,TK COLLECTIONS SDN. BHD.,Taman Padi Emas,Selangor,Kuala Selangor,26,4,3,,2026-05-15,2028-05-14
30517-1,30517,MATRIX IBS SDN. BHD.,Bukit Eka Precinct 3b,Negeri Sembilan,Seremban,155,4,3,,2023-08-25,2025-08-24
30517-2,30517,MATRIX IBS SDN. BHD.,Bukit Eka Precinct 3a,Negeri Sembilan,Seremban,275,4,"3, 4",,2023-10-30,2025-10-29
30518-1,30518,SIGMA MENTARI SDN. BHD.,Taman Bidara,Johor,Mersing,10,3,2,,2026-02-14,2027-02-13
30519-1,30519,TL APEX RESOURCES SDN. BHD.,Taman Seri Ceka 2,Pahang,Kuantan,15,4,2,,2024-01-17,2026-01-16
30520-1,30520,SERI NOVA PROPERTIES SDN. BHD.,Nova Nadira,Selangor,Hulu Langat,42,4,"4, 5",,2026-07-04,2027-07-03
30521-1,30521,SERI NOVA LAND SDN. BHD.,Residensi Nova,Selangor,Hulu Langat,325,"3, 4, 55","2, 3",,2024-12-10,2027-12-09
30522-1,30522,BAYU PROSPEKTIF SDN. BHD.,Pangsapuri Bayu Idaman,Selangor,Klang,260,"3, 4, 5","2, 3, 4",,2024-11-04,2027-11-03
30523-1,30523,AVE PROJECTS SDN. BHD.,Taman Perak Permai,Perak,Kampar,10,4,4,,2024-08-09,2026-08-08
30524-1,30524,CTC DEVELOPMENT MALAYSIA SDN. BHD.,Residensi Oasis,Johor,Johor Bahru,612,"1, 2, 3, 4","1, 2, 3, 4",,2024-01-22,2027-01-21
30525-1,30525,NIKMAT MAKMUR SDN. BHD.,Taman Dato Harun 8,Selangor,Klang,28,4,2,,2026-02-28,2027-02-27
30526-1,30526,KAWSEN DEVELOPMENT SDN. BHD.,Taman Seri Damai Aman,Pahang,Kuantan,16,4,2,,2023-12-08,2025-12-07
30526-2,30526,KAWSEN DEVELOPMENT SDN. BHD.,Taman Seri Damai Aman,Pahang,Kuantan,13,4,2,,2025-03-06,2027-03-05
30527-1,30527,AWANA JV SURIA SAGA SDN. BHD.,Taman Suria Ppam Muallim,Perak,Muallim,345,3,2,,2026-01-09,2027-01-08
30527-2,30527,AWANA JV SURIA SAGA SDN. BHD.,Taman Suria Ppam Muallim 2,Perak,Muallim,455,4,"3, 4",,2026-01-09,2027-01-08
30528-1,30528,MAJOR DEVELOPMENT  SDN. BHD.,Central Residence,Pulau Pinang,Daerah Timor Laut,298,"2, 3",2,,2024-08-15,2027-08-14
30530-1,30530,PTL RESIDENCE  SDN. BHD.,Residensi Murni,Pulau Pinang,Seberang Perai Utara,357,3,2,,2024-11-11,2027-11-10
30531-1,30531,BAYU MANTAP SDN. BHD.,Menara Emas Bangsar (residensi Khaya),Wp Kuala Lumpur,Kuala Lumpur,795,"1, 2, 3","1, 2, 3, 4",,2024-12-26,2027-12-25
30532-1,30532,PRIMAJU LANDS SDN. BHD.,Taman Permatang Ria,Melaka,Alor Gajah,20,4,2,,2026-01-03,2027-01-02
30533-1,30533,BINTANG MAHAWANGSA SDN. BHD.,Taman Suasana Damai Indah,Kedah,Kubang Pasu,27,4,2,,2024-07-05,2026-07-04
30534-1,30534,PERINTIS SATU SDN. BHD.,Residensi Perintis Satu,Selangor,Klang,39,4,4,,2025-12-28,2026-12-27
30535-1,30535,AXTERIA ECO  SDN. BHD.,Kondominium  Kota Syahbandar,Melaka,Melaka Tengah,306,"1, 3","1, 2",,2024-05-20,2027-05-19
30536-1,30536,UNIFIED LANE (M) SDN. BHD.,Taman Sri Emas,Pahang,Jerantut,65,4,4,,2026-02-01,2027-01-31
30537-1,30537,IMPIAN IDAMAN DEVELOPMENT  SDN. BHD.,Taman Teras Indah,Pahang,Maran,20,"3, 4",2,,2023-09-25,2025-09-24
30537-2,30537,IMPIAN IDAMAN DEVELOPMENT  SDN. BHD.,Taman Gau Bestari,Pahang,Temerloh,16,4,3,,2026-07-16,2027-07-15
30538-1,30538,YAKIN BINAJAYA SDN. BHD.,Taman Keriang Indah Bandar Changlun,Kedah,Kubang Pasu,27,"3, 4",2,,2023-11-17,2025-11-16
30539-1,30539,SUCCESS APEX DEVELOPMENT SDN. BHD.,Taman Belibis,Selangor,Kuala Selangor,37,4,4,,2025-11-14,2026-11-13
30540-1,30540,PRIMA ACCESS SDN. BHD.,Taman Jasa,Perak,Kuala Kangsar,8,4,"2, 4",,2025-10-20,2026-10-19
30541-1,30541,RENUNG MANTAP SDN. BHD.,Taman Sejahtera 34sd,Perak,Kampar,34,4,3,,2023-12-21,2025-12-20
30542-1,30542,FLORENCE DEVELOPMENT SDN. BHD.,Taman Bukit Tingkat Jaya,Pahang,Temerloh,22,3,2,,2025-10-19,2026-10-18
30543-1,30543,IRAMA SETIA SDN. BHD.,"Laman Lentera, Kuala Kubu Bharu",Selangor,Hulu Selangor,37,4,3,,2025-12-14,2026-12-13
30544-1,30544,RACKSON COMPOSITE SDN. BHD.,Avion,Pulau Pinang,Daerah Barat Daya,608,"1, 2, 3","1, 2, 3",,2024-03-20,2027-03-19
30545-1,30545,KIRANA TIARA SDN. BHD.,Residensi Idaman Ria,Johor,Johor Bahru,1256,"3, 4","2, 3",,2023-12-13,2026-12-12
30546-1,30546,BOUSTEAD LINES SDN. BHD.,The Lines,Selangor,Petaling ,999,3,"2, 3",,2025-05-22,2028-05-21
30547-1,30547,ANVIL KEVO SDN. BHD.,Amanora Residences,Selangor,Petaling ,376,"2, 3","1, 2",,2024-07-12,2027-07-11
30548-1,30548,IKATAN BENDERA SDN. BHD.,Desa Rening Jaya,Selangor,Hulu Selangor,30,3,2,,2023-12-22,2025-12-21
30548-2,30548,IKATAN BENDERA SDN. BHD.,Desa Rening Jaya,Selangor,Hulu Selangor,36,3,2,,2025-12-23,2026-12-22
30548-3,30548,IKATAN BENDERA SDN. BHD.,Desa Rening Jaya,Selangor,Hulu Selangor,38,3,2,,2025-03-17,2027-03-16
30548-4,30548,IKATAN BENDERA SDN. BHD.,Desa Rening Jaya,Selangor,Hulu Selangor,9,3,2,,2025-03-17,2027-03-16
30549-1,30549,PELITA BESTARI SDN. BHD.,Taman Pelita,Johor,Tangkak,26,4,3,,2026-01-08,2027-01-07
30550-1,30550,MPTS DEVELOPMENT SDN. BHD.,Rumah Teres Bechah Resak,Kelantan,Tumpat,8,3,2,,2026-06-05,2027-06-04
30550-2,30550,MPTS DEVELOPMENT SDN. BHD.,Taman Setia Kulim,Kelantan,-,15,4,3,,2025-09-28,2027-09-27
30551-1,30551,C.H. PROPERTY SDN. BHD.,Taman Seri Bakri 3,Johor,Muar,24,3,2,,2025-06-30,2027-06-29
30552-1,30552,ASTRUM SHAH ALAM SDN. BHD.,Astrum Shah Alam,Selangor,Petaling ,858,"3, 4","2, 3",,2024-07-12,2027-07-11
30552-2,30552,ASTRUM SHAH ALAM SDN. BHD.,Astrum Shah Alam,Selangor,Petaling ,394,"3, 4","2, 3",,2024-11-25,2027-11-24
30555-1,30555,EDEN AT BOTANICA CT  SDN. BHD.,Eden At Botanica Ct,Pulau Pinang,Daerah Barat Daya,350,"1, 2, 3","1, 2",,2024-07-01,2027-06-30
30557-1,30557,GLOMAC AL BATHA SDN. BHD.,The Loop Residences,Selangor,Petaling ,980,0,0,,2023-12-07,2026-12-06
30558-1,30558,KAIZEN MANAGEMENT CONSULTANCY SDN. BHD.,Perumahan Indera Mahkota 18,Pahang,Kuantan,22,4,2,,2024-04-01,2026-03-31
30559-1,30559,FORZA CAPITAL SDN. BHD.,Taman Sungai Rambai Mesra,Melaka,Jasin,63,4,2,,2023-12-08,2025-12-07
30559-2,30559,FORZA CAPITAL SDN. BHD.,Taman Jasin Permai,Melaka,Jasin,67,3,2,,2025-05-27,2027-05-26
30559-3,30559,FORZA CAPITAL SDN. BHD.,Taman Batu Gajah Emas,Melaka,Jasin,28,4,2,,2025-10-27,2027-10-26
30560-1,30560,DIMENSI JAYAMAS  SDN. BHD.,Desa Kerayong Indah,Selangor,Kuala Selangor,100,3,2,,2026-08-05,2027-08-04
30561-1,30561,ECO TERRACES SDN. BHD.,Se.duduk,Selangor,Hulu Langat,1220,3,2,,2024-10-25,2027-10-24
30562-1,30562,ANVIL LAND SDN. BHD.,Taman Baiduri,Selangor,Kuala Langat,45,4,2,,2024-10-17,2026-10-16
30563-1,30563,HANDAL JAYABINA SDN. BHD.,Taman Merlimau Impian,Melaka,Jasin,375,"3, 4",3,,2024-09-02,2026-09-01
30563-2,30563,HANDAL JAYABINA SDN. BHD.,Taman Redan Idaman,Melaka,Melaka Tengah,145,4,3,,2026-08-14,2028-08-13
30564-1,30564,WARISAN RAJAWALI SDN. BHD.,Residensi Nuria,Selangor,Gombak,275,3,2,,2024-01-09,2027-01-08
30564-2,30564,WARISAN RAJAWALI SDN. BHD.,Residensi Hana,Selangor,Gombak,297,"3, 4","2, 3",,2024-05-29,2027-05-28
30565-1,30565,ALZAC DEVELOPMENT  SDN. BHD.,Residensi Riverville 2,Wp Kuala Lumpur,Kuala Lumpur,660,3,2,,2024-02-22,2027-02-21
30566-1,30566,LOW KENG HUAT BERHAD,Puncak Wangsamas,Wp Kuala Lumpur,Kuala Lumpur,30,6,6,,2025-11-24,2026-11-23
30566-2,30566,LOW KENG HUAT BERHAD,Puncak Wangsamas,Wp Kuala Lumpur,Kuala Lumpur,24,6,6,,2026-01-06,2028-01-05
30567-1,30567,KAWAN DEVELOPMENT SDN. BHD.,"Residensi Kawan, Batu Gajah",Perak,Kinta,105,3,"2, 3",,2025-10-03,2026-10-02
30568-1,30568,THL HOLDINGS  SDN. BHD.,Desa Serindit,Selangor,Hulu Selangor,30,3,2,,2024-02-25,2026-02-24
30570-1,30570,INNOGLOBAL DEVELOPMENT SDN. BHD.,Taman Putera Indah,Johor,Muar,8,6,6,,2024-07-02,2026-07-01
30570-2,30570,INNOGLOBAL DEVELOPMENT SDN. BHD.,Taman Putera Indah,Johor,Muar,20,6,6,,2025-12-05,2027-12-04
30571-1,30571,EXSIM NOORDIN SDN. BHD.,Noordinz Suites @ George Town,Pulau Pinang,Daerah Timor Laut,603,"1, 2","1, 2",,2023-11-21,2026-11-20
30572-1,30572,PINNACLE ARMANI AD SDN. BHD.,Residensi Pinnacle Ara Damansara,Selangor,Petaling ,1225,"3, 4","2, 3, 4",,2023-11-29,2026-11-28
30573-1,30573,MAJUKEE HARTANAH SDN. BHD.,Taman Arowana 2,Selangor,Sabak Bernam,60,4,4,,2026-02-19,2027-02-18
30574-1,30574,MERCHANT CAPITAL  SDN. BHD.,Taman Kompang Ria,Melaka,Alor Gajah,24,4,2,,2024-09-23,2026-09-22
30575-1,30575,BKS LAND SDN. BHD.,Taman Liman Indah,Perak,Kuala Kangsar,18,"3, 4",2,,2024-11-06,2026-11-05
30576-1,30576,KC PLATINUM DEVELOPMENT  SDN. BHD.,Jaya Gading 12,Pahang,Kuantan,12,0,0,,2026-01-02,2027-01-01
30577-1,30577,SUNRICH FOCUS SDN. BHD.,Taman Penaga Indah,Pulau Pinang,Seberang Perai Utara,8,3,2,,2023-12-05,2025-12-04
30578-1,30578,TYC DEVELOPMENT SDN. BHD.,Taman Pelangi,Kedah,Kubang Pasu,34,4,2,,2024-10-18,2026-10-17
30580-1,30580,AXTERIA DEVELOPMENT   SDN. BHD.,Soho Aurora,Johor,Johor Bahru,474,"1, 2","1, 2",,2024-03-07,2027-03-06
30581-1,30581,MHP3 SDN. BHD.,Residensi Mh Platinum 3,Wp Kuala Lumpur,Kuala Lumpur,1688,"2, 3","2, 3",,2023-12-10,2026-12-09
30582-1,30582,OMARD SDN. BHD.,Taman Kirana,Selangor,Sepang,28,4,4,,2024-10-24,2026-10-23
30584-1,30584,REVENUE TEAM SDN. BHD.,Taman Sutera,Kelantan,Kuala Krai,165,3,2,,2026-05-12,2027-05-11
30587-1,30587,IWAJIB ESTATE SDN. BHD.,Residensi Suria Idaman,Selangor,Hulu Langat,380,"3, 5","3, 5",,2024-07-22,2027-07-21
30588-1,30588,MBW COVE SDN. BHD.,Residensi Permata Indah,Johor,Johor Bahru,1046,"1, 2, 3","1, 2, 3",,2024-06-13,2027-06-12
30588-2,30588,MBW COVE SDN. BHD.,Taman Teluk Permata,Johor,Johor Bahru,63,"3, 4","3, 4",,2026-06-14,2027-06-13
30588-3,30588,MBW COVE SDN. BHD.,Residensi Perbadanan Islam Teluk Permata,Johor,Johor Bahru,105,3,2,,2025-01-09,2028-01-08
30588-4,30588,MBW COVE SDN. BHD.,Residensi Permata Indah 2,Johor,Johor Bahru,449,"2, 3",2,,2025-12-24,2028-12-23
30589-1,30589,RISING ALLIANCE SDN. BHD.,Puncak Awani,Selangor,Kuala Selangor,140,4,3,,2024-12-17,2026-12-16
30589-2,30589,RISING ALLIANCE SDN. BHD.,Awani Rsku,Selangor,Kuala Selangor,156,3,2,,2025-09-03,2028-09-02
30590-1,30590,SURIAMEGA DEVELOPMENT SDN. BHD.,Arte Star,Wp Kuala Lumpur,Kuala Lumpur,846,"1, 2","1, 2",,2024-09-06,2027-09-05
30590-2,30590,SURIAMEGA DEVELOPMENT SDN. BHD.,Arte Star,Wp Kuala Lumpur,Kuala Lumpur,996,1,"1, 2",,2025-11-11,2028-11-10
30591-1,30591,MACORP HOLDINGS SDN. BHD.,Villa D'polo,Perak,Kinta,48,5,4,,2026-01-23,2027-01-22
30592-1,30592,MK MAJUMAS SDN. BHD.,Taman Pusing Sakura,Perak,Kinta,77,3,2,,2025-12-10,2026-12-09
30593-1,30593,YON CUN REALTY SDN. BHD.,Taman Bertam Saujana,Pulau Pinang,Seberang Perai Utara,21,4,3,,2024-03-22,2026-03-21
30594-1,30594,BEST PRIMAX SDN. BHD.,Taman Pulai Orkid (fasa 1b),Johor,Johor Bahru,215,0,0,,2024-06-14,2026-06-13
30595-1,30595,TROPICANA ALAM  SDN. BHD.,Tropicana Alam,Selangor,Kuala Selangor,431,4,4,,2026-03-01,2027-02-28
30595-2,30595,TROPICANA ALAM  SDN. BHD.,Tropicana Alam,Selangor,Kuala Selangor,480,4,4,,2024-11-07,2026-11-06
30599-1,30599,MAKMUR TERBILANG SDN. BHD.,Makmur Plus,Pahang,Kuantan,332,4,3,,2026-04-20,2029-04-19
30600-1,30600,ZAINAL & DIN CONSTRUCTION SDN. BHD.,Peserai Sutera,Johor,Batu Pahat,30,4,3,,2026-05-15,2027-05-14
30601-1,30601,SUN SAKURA SDN. BHD.,Taman Nusa Melati,Johor,Johor Bahru,158,4,4,,2025-04-14,2027-04-13
30601-2,30601,SUN SAKURA SDN. BHD.,Taman Nusa Melati,Johor,-,221,4,4,,2026-05-26,2028-05-25
30602-1,30602,DEMI HARTAJAYA SDN. BHD.,Lakeview Residences,Perak,Batang Padang,32,"3, 4",2,,2026-02-02,2027-02-01
30602-2,30602,DEMI HARTAJAYA SDN. BHD.,Lakeview Residences,Perak,Batang Padang,28,4,2,,2025-02-17,2027-02-16
30603-1,30603,JUTA SAUJANA DEVELOPMENT SDN. BHD.,Taman Geliga,Negeri Sembilan,Jempol,24,3,2,,2024-06-22,2026-06-21
30605-1,30605,PAN SEJATI DEVELOPMENT (M) SDN. BHD.,Residensi Sentral @ Putrajaya Presint 7,Wp Putrajaya,Putrajaya,2228,3,2,,2024-03-27,2027-03-26
30606-1,30606,QUSENIX DEVELOPMENT SDN. BHD.,Taman Syahbandar,Selangor,Kuala Langat,23,4,4,,2025-02-10,2027-02-09
30607-1,30607,SKC PLANTATION SDN. BHD.,Taman Peragap Bestari,Pahang,-,15,3,2,,2026-08-05,2028-08-04
30608-1,30608,NADI EMERY (KKD) SDN. BHD.,Idaman Kwasa Damansara,Selangor,Petaling ,834,4,"2, 3, 4",,2024-02-01,2027-01-31
30608-2,30608,NADI EMERY (KKD) SDN. BHD.,Idaman Kwasa Damansara,Selangor,Petaling ,835,4,"2, 3",,2024-06-05,2027-06-04
30609-1,30609,CEMERLANG POSITIF SDN. BHD.,Residensi Alamanda Kepong,Wp Kuala Lumpur,Kuala Lumpur,400,3,2,,2024-09-09,2027-09-08
30610-1,30610,SUNNY MODE SDN. BHD.,Taman Ara Saujana,Selangor,Sepang,59,4,4,,2026-02-01,2027-01-31
30611-1,30611,BIDANG JAYA SDN. BHD.,Taman Suria Sepang,Selangor,Sepang,30,4,"3, 4",,2026-01-30,2028-01-29
30612-1,30612,HOCK GUAN DEVELOPMENT SDN. BHD.,Taman Lagenda Impian,Johor,Pontian,30,4,4,,2026-05-13,2027-05-12
30613-1,30613,HOZ PROPERTIES SDN. BHD.,Perumahan Bukit Setongkol,Pahang,Kuantan,13,4,3,,2024-11-06,2026-11-05
30614-1,30614,ZOZZ DEVELOPMENT SDN. BHD.,Taman Pulai Indah,Pahang,Temerloh,12,4,2,,2026-01-09,2027-01-08
30614-2,30614,ZOZZ DEVELOPMENT SDN. BHD.,Taman Pulai Indah,Pahang,-,15,3,2,,2025-01-14,2027-01-13
30614-3,30614,ZOZZ DEVELOPMENT SDN. BHD.,Taman Pulai Indah,Pahang,-,16,3,2,,2025-09-29,2027-09-28
30614-4,30614,ZOZZ DEVELOPMENT SDN. BHD.,Taman Pulai Indah Lot 23184,Pahang,-,8,3,2,,2026-05-08,2028-05-07
30615-1,30615,MITRAJAYA WARISAN  SDN. BHD.,Amora Residensi @ Warisan 9,Selangor,Sepang,594,3,"2, 3",,2024-12-02,2027-12-01
30616-1,30616,GOLDEN REX SDN. BHD.,La Heights Taman Permai @ Kulai,Johor,Kulai,24,5,5,,2026-07-16,2027-07-15
30618-1,30618,IZAKA CORPORATION SDN. BHD.,Taman Jemapoh Indah 2,Negeri Sembilan,Kuala Pilah,22,3,2,,2024-04-25,2026-04-24
30619-1,30619,SAUJANA DEVELOPMENT SDN. BHD.,Residensi Rimbun Saujana,Selangor,Petaling ,336,"2, 3","2, 3",,2024-04-26,2027-04-25
30622-1,30622,KSL MEDINI DEVELOPMENT SDN. BHD.,Taman Puncak Tropicana,Johor,Pontian,160,4,4,,2026-06-11,2027-06-10
30622-2,30622,KSL MEDINI DEVELOPMENT SDN. BHD.,Taman Puncak Tropicana,Johor,Pontian,175,4,3,,2025-03-25,2027-03-24
30622-3,30622,KSL MEDINI DEVELOPMENT SDN. BHD.,Taman Puncak Tropicana,Johor,Pontian,132,4,4,,2025-07-23,2027-07-22
30622-4,30622,KSL MEDINI DEVELOPMENT SDN. BHD.,Taman Puncak Tropicana,Johor,Pontian,129,4,4,,2025-09-26,2027-09-25
30623-1,30623,WANG DENG MARKETING SDN. BHD.,Taman Ulu Melaka Indah,Kedah,Langkawi,31,5,3,,2024-02-21,2026-02-20
30624-1,30624,ARDENT RESIDENCE SDN. BHD.,Residensi Aetas Seputeh,Wp Kuala Lumpur,Kuala Lumpur,126,"4, 5","4, 5",,2024-06-07,2027-06-06
30626-1,30626,PEMAJU BUMI CEMERLANG  SDN. BHD.,Taman Padang Temu Permai,Melaka,Melaka Tengah,13,4,2,,2026-04-26,2027-04-25
30627-1,30627,MAPLE MEADOW SDN. BHD.,"D'aleena, Taman Perda Permai",Pulau Pinang,Seberang Perai Utara,1009,3,2,,2026-06-07,2027-06-06
30628-1,30628,NEWURBAN  SDN. BHD.,Residensi Newurban,Selangor,Petaling ,922,"1, 2, 3","1, 2, 3",,2024-02-20,2027-02-19
30629-1,30629,DAWN LAND SDN. BHD.,Menara Senja,Wp Kuala Lumpur,Kuala Lumpur,492,0,0,,,
30629-2,30629,DAWN LAND SDN. BHD.,Menara Senja,Wp Kuala Lumpur,-,492,"1, 2","1, 2",,2024-08-01,2027-07-31
30630-1,30630,SIMFONI DESIRAN SDN. BHD.,Taman Imam Yusof 4,Selangor,Klang,43,4,2,,2026-09-03,2027-09-02
30632-1,30632,ARICIA SDN. BHD.,Residensi Aris,Wp Kuala Lumpur,Kuala Lumpur,787,"2, 3",2,,2025-01-25,2028-01-24
30633-1,30633,ARMANI HARTAJAYA SDN. BHD.,Dataran Pavilion (pavilion Square),Wp Kuala Lumpur,Kuala Lumpur,960,"1, 2, 3","1, 2, 3",,2024-08-16,2027-08-15
30634-1,30634,PARADIGM  CONNECTION SDN. BHD.,Taman Setia Indah,Negeri Sembilan,Seremban,26,4,3,,2026-06-11,2027-06-10
30635-1,30635,PARKLAND SOUTHERN SDN. BHD.,Residensi Parkland Permas,Johor,Johor Bahru,1078,"1, 2, 3, 4","1, 2, 3",,2024-08-08,2027-08-07
30635-2,30635,PARKLAND SOUTHERN SDN. BHD.,Residensi Parkland Permas,Johor,Johor Bahru,1078,"1, 2, 3","1, 2",,2025-05-30,2028-05-29
30636-1,30636,HCK BESTARI SDN. BHD.,Sentral Elit,Selangor,Petaling ,774,"1, 2, 3","1, 2, 3",,2024-10-10,2027-10-09
30637-1,30637,KEMASCON BUILDERS SDN. BHD.,Taman Resak,Negeri Sembilan,Jelebu,12,4,2,,2026-02-28,2027-02-27
30638-1,30638,PEMBANGUNAN ELEGAN RAPI SDN. BHD.,Taman Keramat Indah,Pahang,Temerloh,13,4,4,,2026-06-24,2028-06-23
30639-1,30639,MASSUFEI SDN. BHD.,Taman Keranji,Negeri Sembilan,Port Dickson,19,3,2,,2026-04-15,2027-04-14
30640-1,30640,HARMONI URBINA SDN. BHD.,Taman Seladang Emas,Kedah,Kulim,19,3,2,,2024-06-03,2026-06-02
30640-2,30640,HARMONI URBINA SDN. BHD.,Taman Seladang Emas,Kedah,Kulim,32,3,2,,2024-11-22,2026-11-21
30641-1,30641,LOFTHILL DEVELOPMENT SDN. BHD.,Residensi Lofthill,Wp Kuala Lumpur,Kuala Lumpur,653,2,"1, 2",,2024-08-02,2027-08-01
30643-1,30643,DUNIA LESTARI SDN. BHD.,Residensi Lestari 1,Selangor,Klang,345,"2, 3","2, 3, 12",,2024-08-07,2027-08-06
30644-1,30644,NOVA PAVILION SDN. BHD.,Taman Desa Kaloi,Selangor,Hulu Selangor,51,4,4,,2024-11-27,2026-11-26
30646-1,30646,SRI KANCIL LAND SDN. BHD.,Taman Chandan Putri,Perak,Kuala Kangsar,32,3,2,,2024-05-06,2027-05-05
30647-1,30647,YU LIN DEVELOPMENT SDN. BHD.,Taman Bunga Tanjung 2,Pahang,Raub,27,5,5,,2024-02-20,2026-02-19
30648-1,30648,PEMBANGUNAN JUJUR SEJIWA SDN. BHD.,Vila Setara,Wp Kuala Lumpur,Kuala Lumpur,63,6,6,,2026-03-18,2027-03-17
30650-1,30650,BEBAS WAJAH SDN. BHD.,Taman Perigi Nenas,Selangor,Klang,25,0,0,,2024-09-13,2026-09-12
30651-1,30651,FRAZEL REALTY SDN. BHD.,Taman Marina Jaya,Kedah,Kota Setar,22,0,0,,2024-05-30,2026-05-29
30652-1,30652,DENGKIL MAJU SDN. BHD.,Taman Ametis Damai,Selangor,Sepang,27,5,5,,2026-09-13,2027-09-12
30653-1,30653,CHEN YU LAND SDN. BHD.,Ayra Terraces,Pulau Pinang,Seberang Perai Selatan,100,4,4,,2026-04-25,2027-04-24
30653-2,30653,CHEN YU LAND SDN. BHD.,Esra Residences,Pulau Pinang,-,92,4,5,,2025-07-18,2027-07-17
30654-1,30654,PALING MAKMUR SDN. BHD.,Taman Merlimau Perak,Melaka,Jasin,28,4,3,,2025-03-07,2027-03-06
30656-1,30656,TEMASEK TITAN SDN. BHD.,Taman Teratai,Johor,Kulai,26,4,4,,2024-07-16,2026-07-15
30660-1,30660,SUDITASIA DEVELOPMENT SDN. BHD.,Desa Bukit Nilam,Selangor,Klang,58,3,2,,2025-01-07,2028-01-06
30661-1,30661,JADE CLASSIC SDN. BHD.,Daun Villa,Selangor,Sepang,418,"3, 4",3,,2024-07-25,2027-07-24
30662-1,30662,K AL WALID DEVELOPMENT SDN. BHD.,Taman Seri Chenderiang,Perak,Batang Padang,12,3,2,,2026-08-10,2027-08-09
30663-1,30663,CLIR DEVELOPMENT SDN. BHD.,Eco Harmoni,Selangor,Sabak Bernam,24,4,5,,2026-03-21,2027-03-20
30663-2,30663,CLIR DEVELOPMENT SDN. BHD.,Ecoharmoni 2,Selangor,Sabak Bernam,30,4,2,,2025-11-27,2027-11-26
30664-1,30664,THUNDERFLASH REALTY SDN. BHD.,Taman Aman Permai,Pulau Pinang,Seberang Perai Tengah,67,4,3,,2024-09-30,2026-09-29
30666-1,30666,KIM YONG BESTARI DEVELOPMENT SDN. BHD.,Taman Selasih Indah,Kedah,Kulim,88,4,3,,2024-05-28,2026-05-27
30667-1,30667,REGAL PATH SDN. BHD.,Pavilion Bukit Jalil,Wp Kuala Lumpur,Kuala Lumpur,453,"3, 4","2, 3",,2024-09-30,2027-09-29
30668-1,30668,AIRMAS SYNERGY SDN. BHD.,Taman Tan Sai Gin,Pulau Pinang,Seberang Perai Tengah,26,4,4,,2025-01-22,2027-01-21
30670-1,30670,MORI PARK  SDN. BHD.,Alia,Selangor,Petaling ,812,"1, 3","1, 2",,2024-05-07,2027-05-06
30670-2,30670,MORI PARK  SDN. BHD.,Residensi Bayu,Selangor,Petaling ,841,"1, 3, 4","1, 2",,2025-04-07,2028-04-06
30670-3,30670,MORI PARK  SDN. BHD.,Residensi Tamu,Selangor,Petaling ,946,"1, 3, 4","1, 2",,2026-05-26,2029-05-25
30672-1,30672,BENTONG MAJUJAYA SDN. BHD.,Anggerik Heights 2,Pahang,Bentong,71,4,2,,2026-06-23,2028-06-22
30673-1,30673,QUALIFIED MANAGEMENT CONSORTIUM SDN. BHD.,Taman Ara Damai,Pulau Pinang,Seberang Perai Utara,570,3,"2, 3",,2024-11-04,2026-11-03
30673-2,30673,QUALIFIED MANAGEMENT CONSORTIUM SDN. BHD.,Taman Ara Damai,Pulau Pinang,Seberang Perai Utara,534,3,2,,2026-06-18,2028-06-17
30674-1,30674,RAFFLES WORLD SDN. BHD.,Raffles 188,Perak,Kinta,188,"2, 3","2, 3",,2024-02-20,2027-02-19
30675-1,30675,DUTA ASIANA SDN. BHD.,Hamlet @ The Meadows,Selangor,Kuala Selangor,219,3,2,,2026-04-25,2027-04-24
30675-2,30675,DUTA ASIANA SDN. BHD.,Hamlet @ The Meadows,Selangor,Kuala Selangor,167,3,2,,2026-07-16,2027-07-15
30675-3,30675,DUTA ASIANA SDN. BHD.,Hamlet @ The Meadows,Selangor,Kuala Selangor,74,3,2,,2026-07-23,2027-07-22
30676-1,30676,FOKUS KIARA SDN. BHD.,Taman Warisan Gua,Pahang,Kuala Lipis,6,"3, 4",2,,2024-06-14,2026-06-13
30677-1,30677,TIAN YU DEVELOPMENT SDN. BHD.,Taman Cahaya Indah,Johor,Batu Pahat,28,4,4,,2026-03-14,2027-03-13
30678-1,30678,JY CEMERLANG SDN. BHD.,Taman Harmoni,Johor,Tangkak,18,4,3,,2024-06-25,2026-06-24
30679-1,30679,RAZIMAR PROPERTIES SDN. BHD.,Taman Paya Dalam Setia,Melaka,Melaka Tengah,28,4,2,,2024-08-20,2026-08-19
30680-1,30680,PINEGATE DEVELOPMENT SDN. BHD.,Residensi Pinegate,Johor,Johor Bahru,896,"2, 3",2,,2025-01-21,2028-01-20
30680-2,30680,PINEGATE DEVELOPMENT SDN. BHD.,Residensi Pinegate,Johor,Johor Bahru,896,"2, 3",2,,2025-10-10,2028-10-09
30681-1,30681,EVERLUX DEVELOPMENT SDN. BHD.,Taman Paya Rumput Utama,Melaka,Melaka Tengah,29,4,3,,2024-07-23,2026-07-22
30682-1,30682,AGENDA INTEGRASI SDN. BHD.,Taman Seri Rubiah,Perak,Manjung,24,3,2,,2026-07-02,2027-07-01
30682-2,30682,AGENDA INTEGRASI SDN. BHD.,Taman Lekir Sutera,Perak,Manjung,29,3,2,,2026-07-02,2027-07-01
30682-3,30682,AGENDA INTEGRASI SDN. BHD.,Taman Lekir Sutera,Perak,Manjung,16,3,2,,2025-05-02,2027-05-01
30684-1,30684,PRINSIP ALPHA SDN. BHD.,Residensi Ponderosa,Johor,Johor Bahru,1132,"1, 2, 3","1, 2, 3",,2024-12-18,2027-12-17
30685-1,30685,SUNWAY VELOCITY THREE  SDN. BHD.,Sunway Velocity 3,Wp Kuala Lumpur,Kuala Lumpur,1604,"2, 3, 4, 23","2, 3, 4",,2024-04-19,2027-04-18
30685-2,30685,SUNWAY VELOCITY THREE  SDN. BHD.,Sunway Velocity Three,Wp Kuala Lumpur,Kuala Lumpur,701,"2, 3, 4","2, 3",,2026-08-20,2029-08-19
30687-1,30687,QUBIX LAND SDN. BHD.,Taman Gelong Indah,Kedah,Kubang Pasu,29,4,3,,2024-08-19,2026-08-18
30688-1,30688,MB WORLD PROPERTIES SDN. BHD.,Vista Tiara,Johor,Johor Bahru,1299,"1, 2, 3, 4","1, 2, 3, 4",,2024-06-04,2027-06-03
30690-1,30690,TUAH MUHIBBAH GROUP  SDN. BHD.,Taman Desa Tuah Putra,Terengganu,Besut,12,4,2,,2026-04-29,2027-04-28
30691-1,30691,GOLDEN VISION POWER SDN. BHD.,Taman Gunung Tahan,Kedah,Kota Setar,20,"4, 6","4, 5, 8",,2024-04-23,2026-04-22
30692-1,30692,SURIA KAPITAL DEVELOPMENT SDN. BHD.,Aman @ Sierramas,Selangor,Gombak,540,"2, 3, 5","2, 4, 5, 6",,2024-05-28,2027-05-27
30693-1,30693,TAPAK MANIS SDN. BHD.,Taman Sepakat Indah,Selangor,Kuala Selangor,30,"3, 4",2,,2024-12-26,2026-12-25
30695-1,30695,GOLDMARK DEVELOPMENT SDN. BHD.,Taman Pelangi Baru,Perak,Manjung,55,4,4,,2026-05-16,2027-05-15
30696-1,30696,KC BIZ SDN. BHD.,"Taman Sentosa Perdana, Sungai Siput, Perak",Perak,Kuala Kangsar,50,4,3,,2024-12-24,2026-12-23
30696-2,30696,KC BIZ SDN. BHD.,Taman Sentosa Perdana,Perak,Kuala Kangsar,38,4,4,,2025-08-26,2027-08-25
30696-3,30696,KC BIZ SDN. BHD.,Taman Sentosa Perdana,Perak,Kuala Kangsar,22,4,3,,2026-08-12,2028-08-11
30698-1,30698,GREAT DEVELOPER SDN. BHD.,Taman Nusa Impian,Johor,Muar,117,"4, 5",4,,2025-06-06,2027-06-05
30699-1,30699,JAYAMAS HERITAGE SDN. BHD.,Taman Merbau Indah,Pulau Pinang,Seberang Perai Utara,39,4,3,,2025-11-24,2027-11-23
30700-1,30700,PARKCITY BOTANIKA  SDN. BHD.,Adiva Residensi,Selangor,Sepang,147,"4, 5","4, 5",,2025-07-24,2028-07-23
30701-1,30701,KLANG BAIDURI SDN. BHD.,Impiana 52,Selangor,Klang,52,"3, 4",2,,2024-09-26,2027-09-25
30704-1,30704,LINARI DAMANSARA SDN. BHD.,Kondominium Linari,Selangor,Petaling ,496,4,"4, 5",,2024-10-24,2027-10-23
30705-1,30705,USAHA MULIA SDN. BHD.,Harmoni Indah,Selangor,Klang,40,3,2,,2024-11-04,2026-11-03
30705-2,30705,USAHA MULIA SDN. BHD.,Harmoni Indah,Selangor,Klang,44,3,2,,2024-12-06,2026-12-05
30706-1,30706,RESTU JAYA  SDN. BHD.,Taman Dato Hormat 7,Selangor,Klang,43,4,2,,2024-11-04,2026-11-03
30708-1,30708,ECO EARTH RESOURCE SDN. BHD.,Taman Parit Hulu Sari,Johor,Muar,11,4,4,,2024-05-29,2026-05-28
30709-1,30709,ASDAMAI SDN. BHD.,Desa Bukit Nilam,Selangor,Klang,24,4,3,,2026-06-07,2027-06-06
30710-1,30710,PRINSIP DAMAI SDN. BHD.,Taman Simfoni Iskandar - Prinsip Damai,Perak,-,91,4,2,,2025-02-25,2027-02-24
30710-2,30710,PRINSIP DAMAI SDN. BHD.,Taman Simfoni Iskandar,Perak,Kinta,83,4,2,,2025-08-11,2027-08-10
30710-3,30710,PRINSIP DAMAI SDN. BHD.,Taman Simfoni Iskandar,Perak,-,77,4,2,,2026-03-25,2028-03-24
30711-1,30711,SRI ANIKA CAPITAL SDN. BHD.,Taman Chandan Putri 2,Perak,Kuala Kangsar,20,0,0,,2026-05-08,2027-05-07
30713-1,30713,PH RESIDENTIAL SDN. BHD.,Taman Saujana Harmoni,Kelantan,Kota Bharu,8,3,2,,2024-04-30,2026-04-29
30713-2,30713,PH RESIDENTIAL SDN. BHD.,Taman Permai Harmoni,Kelantan,Tumpat,11,3,2,,2024-10-20,2026-10-19
30713-3,30713,PH RESIDENTIAL SDN. BHD.,Taman Dahlia,Kelantan,Pasir Puteh,15,3,2,,2025-08-20,2027-08-19
30713-4,30713,PH RESIDENTIAL SDN. BHD.,Taman Saujana Harmoni 2,Kelantan,Kota Bharu,9,3,2,,2025-11-05,2027-11-04
30713-5,30713,PH RESIDENTIAL SDN. BHD.,Taman Astana Harmoni,Kelantan,Kota Bharu,8,3,3,,2025-12-30,2027-12-29
30714-1,30714,SCIENTEX JENJAROM SDN. BHD.,Scientex Jenjarom,Selangor,Kuala Langat,224,"3, 4","3, 4, 5",,2024-05-20,2026-05-19
30714-2,30714,SCIENTEX JENJAROM SDN. BHD.,Scientex Jenjarom,Selangor,Kuala Langat,224,4,3,,2024-06-14,2026-06-13
30714-3,30714,SCIENTEX JENJAROM SDN. BHD.,Scientex Jenjarom,Selangor,Kuala Langat,303,4,"2, 3",,2024-09-23,2026-09-22
30714-4,30714,SCIENTEX JENJAROM SDN. BHD.,Scientex Jenjarom,Selangor,Kuala Langat,263,4,3,,2025-02-28,2027-02-27
30714-5,30714,SCIENTEX JENJAROM SDN. BHD.,Scientex Jenjarom -  L'ena,Selangor,Kuala Langat,168,4,3,,2025-07-18,2027-07-17
30714-6,30714,SCIENTEX JENJAROM SDN. BHD.,Scientex Jenjarom - Jasmine,Selangor,Kuala Langat,322,4,3,,2025-08-13,2027-08-12
30716-1,30716,CAPITAL BUILDER CONSORTIUM SDN. BHD.,Taman Dahlia,Kedah,Pendang,30,0,0,,2024-09-01,2026-08-31
30717-1,30717,UNICORN SALUTE SDN. BHD.,Lumina Residence,Pulau Pinang,Daerah Timor Laut,596,3,2,,2024-10-25,2027-10-24
30718-1,30718,GATEWAY PARADE SDN. BHD.,Jaluran Lakeview,Selangor,Petaling ,10,5,4,,2026-04-24,2028-04-23
30720-1,30720,MHL DEVELOPMENT SDN. BHD.,Residensi Harmoni Indah,Pulau Pinang,Seberang Perai Tengah,204,3,2,,2025-11-04,2028-11-03
30722-1,30722,SCOTT EMAS  SDN. BHD.,Taman Lavender,Pahang,Bentong,73,3,2,,2026-09-06,2027-09-05
30722-2,30722,SCOTT EMAS  SDN. BHD.,Taman Lavender,Pahang,Bentong,61,3,2,,2025-04-23,2027-04-22
30722-3,30722,SCOTT EMAS  SDN. BHD.,Taman Lavender,Pahang,Bentong,57,3,2,,2025-09-24,2027-09-23
30723-1,30723,KIARA SUSILA SDN. BHD.,Maple Hills,Selangor,Hulu Langat,36,"4, 5","4, 5",,2024-12-19,2026-12-18
30723-2,30723,KIARA SUSILA SDN. BHD.,Maple Hills,Selangor,Hulu Langat,36,"4, 5","4, 5",,2024-12-20,2026-12-19
30723-3,30723,KIARA SUSILA SDN. BHD.,Maple Hills,Selangor,Hulu Langat,26,"5, 7","6, 7",,2024-12-31,2026-12-30
30724-1,30724,KOBAY DEVELOPMENT SDN. BHD.,Blossom,Pulau Pinang,-,412,"1, 2, 3","1, 2, 3, 4",,2025-08-20,2028-08-19
30725-1,30725,JSC INFRABINA SDN. BHD.,Residensi Rambai Indah,Pulau Pinang,Seberang Perai Tengah,396,"2, 3",2,,2024-07-20,2027-07-19
30726-1,30726,VIRGO ZONE REALTY SDN. BHD.,Taman Perkasa,Terengganu,Hulu Terengganu,53,3,2,,2024-11-29,2026-11-28
30727-1,30727,ARMANI KPF2 DEVELOPMENT SDN. BHD.,Residensi Armani Setia Alam 1,Selangor,Petaling ,648,"1, 3","1, 3",,2024-09-26,2027-09-25
30727-2,30727,ARMANI KPF2 DEVELOPMENT SDN. BHD.,Residensi Armani Setia Alam 2,Selangor,Petaling ,998,"1, 3, 4","1, 2, 3",,2026-05-20,2029-05-19
30728-1,30728,DE ONE DEVELOPMENT SDN. BHD.,Taman Jenderam Damai,Selangor,Sepang,68,3,2,,2024-09-05,2027-09-04
30729-1,30729,FUZE DEVELOPMENT ZK SDN. BHD.,Taman Lapangan Irama,Perak,Kinta,72,5,6,,2024-09-24,2026-09-23
30730-1,30730,KOPERASI SAHABAT AMANAH IKHTIAR MALAYSIA (KOOP SAHABAT) BERHAD,Shorea Garden,Selangor,Sepang,230,3,2,,2025-02-04,2028-02-03
30730-2,30730,KOPERASI SAHABAT AMANAH IKHTIAR MALAYSIA (KOOP SAHABAT) BERHAD,Residensi Madani Serunai,Wp Putrajaya,Putrajaya,587,3,2,,2026-05-13,2029-05-12
30731-1,30731,PADU INTAN SDN.BHD.,Taman Pelangi,Selangor,Kuala Langat,7,5,3,,2024-06-05,2026-06-04
30732-1,30732,AGROTAGE PROPERTIES  SDN. BHD.,Taman Harapan Bayu,Negeri Sembilan,Seremban,137,3,2,,2024-12-09,2026-12-08
30732-2,30732,AGROTAGE PROPERTIES  SDN. BHD.,Taman Harapan Bayu,Negeri Sembilan,-,126,3,2,,2025-02-20,2027-02-19
30732-3,30732,AGROTAGE PROPERTIES  SDN. BHD.,Taman Harapan Bayu,Negeri Sembilan,-,57,3,2,,2026-05-13,2028-05-12
30732-4,30732,AGROTAGE PROPERTIES  SDN. BHD.,Taman Harapan Bayu,Negeri Sembilan,-,58,3,2,,2026-07-23,2028-07-22
30734-1,30734,CITY AVENUE PROPERTY SDN. BHD.,City Avenue,Perak,Kinta,155,4,"2, 4",,2026-06-25,2027-06-24
30735-1,30735,MLCL CONSTRUCTION SDN. BHD.,Taman Merbok,Melaka,Melaka Tengah,11,5,6,,2025-02-10,2027-02-09
30735-2,30735,MLCL CONSTRUCTION SDN. BHD.,Taman Merbok,Melaka,Melaka Tengah,7,5,6,,2025-06-23,2027-06-22
30737-1,30737,MUTIARA BIOPOLIS DEVELOPMENTS  SDN. BHD.,Bayan Suite,Pulau Pinang,Daerah Timor Laut,326,"2, 3","2, 3",,2024-10-22,2027-10-21
30740-1,30740,ARMADA WARAK SDN. BHD.,Taman Merlimau Mutiara,Melaka,Jasin,183,4,3,,2026-08-02,2027-08-01
30740-2,30740,ARMADA WARAK SDN. BHD.,Taman Merlimau Mutiara,Melaka,Jasin,154,4,3,,2024-10-29,2026-10-28
30740-3,30740,ARMADA WARAK SDN. BHD.,Taman Merlimau Mutiara,Melaka,Jasin,108,4,2,,2025-05-02,2027-05-01
30740-4,30740,ARMADA WARAK SDN. BHD.,Taman Merlimau Mutiara,Melaka,Jasin,98,3,2,,2025-12-24,2028-12-23
30741-1,30741,EXSIM JALIL LINK   SDN. BHD.,The Kingswoodz @ Bukit Jalil,Wp Kuala Lumpur,Kuala Lumpur,1558,"1, 2, 3, 12","1, 2, 3",,2024-08-12,2027-08-11
30741-2,30741,EXSIM JALIL LINK   SDN. BHD.,Residensi Mahkota Bukit Jalil,Wp Kuala Lumpur,Kuala Lumpur,1004,"2, 3, 4","2, 3",,2026-03-18,2029-03-17
30743-1,30743,MAKEWAY DEVELOPMENT SDN. BHD.,Taman Mutiara Naga,Kedah,Kubang Pasu,30,4,2,,2024-10-21,2026-10-20
30744-1,30744,STELLAR PLATINUM SDN. BHD.,The Crown,Pulau Pinang,Daerah Timor Laut,588,"1, 2, 3","1, 2, 3",,2024-07-30,2027-07-29
30746-1,30746,KT LEE PREMIUM SDN. BHD.,Taman Bandar Kuala Pilah 2,Negeri Sembilan,Kuala Pilah,275,4,2,,2024-12-24,2026-12-23
30747-1,30747,SUNWAY ISKANDAR DEVELOPMENT SDN. BHD.,Laman Sunway 6,Johor,Johor Bahru,156,4,4,,2024-09-06,2027-09-05
30748-1,30748,BRIGHT GRAVITY SDN. BHD.,Residensi Naluri Damai,Pulau Pinang,-,76,"2, 3, 4","3, 4",,2026-06-11,2029-06-10
30749-1,30749,GEMAS PENTAGON  SDN. BHD.,Taman Gemilang,Negeri Sembilan,Tampin,61,4,3,,2024-09-17,2026-09-16
30750-1,30750,DANAU SAUJANA SDN. BHD.,Residensi Naluri,Selangor,Hulu Langat,733,3,2,,2024-09-02,2027-09-01
30750-2,30750,DANAU SAUJANA SDN. BHD.,Residensi Naluri,Selangor,Hulu Langat,720,3,2,,2025-07-07,2028-07-06
30751-1,30751,ADVANCE GOLDEN PROPERTIES SDN. BHD.,Scott Logan,Pulau Pinang,Daerah Timor Laut,311,"1, 2",1,,2024-09-25,2027-09-24
30752-1,30752,MAHA HARAPAN SDN. BHD.,Estet Kindle,Selangor,Gombak,396,3,"2, 3",,2026-02-27,2029-02-26
30753-1,30753,CASSIA DEVELOPMENT SDN. BHD.,Taman Binjai,Negeri Sembilan,Jempol,6,4,3,,2024-06-24,2026-06-23
30755-1,30755,MULTIBAY DEVELOPMENT SDN. BHD.,Menara Golden Eagle,Wp Kuala Lumpur,Kuala Lumpur,490,"1, 2, 3","1, 2",,2025-10-16,2028-10-15
30756-1,30756,PRO PROPERTIES SDN. BHD.,The Grand 9,Perak,Kinta,8,4,4,,2025-02-10,2027-02-09
30757-1,30757,AVANTEX DEVELOPMENT SDN. BHD.,Akasia 2 @ Taman Manggis Jaya,Selangor,Kuala Langat,48,4,4,,2024-10-08,2026-10-07
30760-1,30760,TENAGA JAYA CONSTRUCTION DEVELOPMENT SDN. BHD.,Perumahan Cerating 5,Pahang,Kuantan,20,0,0,,2024-07-29,2026-07-28
30760-2,30760,TENAGA JAYA CONSTRUCTION DEVELOPMENT SDN. BHD.,Taman Kampung Kolam Utama,Pahang,-,30,"3, 4",2,,2026-04-09,2028-04-08
30761-1,30761,SWISS RELIANCE SDN. BHD.,Taman Rembia Indah,Melaka,Alor Gajah,391,"3, 4","2, 3",,2026-08-14,2027-08-13
30761-2,30761,SWISS RELIANCE SDN. BHD.,Taman Rembia Indah,Melaka,Alor Gajah,271,3,2,,2025-03-27,2027-03-26
30762-1,30762,GALAXY GRACE SDN. BHD.,Taman Tambun Perwira,Melaka,Alor Gajah,41,3,2,,2024-10-10,2026-10-09
30762-2,30762,GALAXY GRACE SDN. BHD.,Taman Tambun Perwira,Melaka,Alor Gajah,18,4,3,,2024-10-22,2026-10-21
30763-1,30763,ANGKASA BUMIJAYA SDN. BHD.,Taman Sentral Permai,Pahang,Bera,30,5,5,,2024-11-05,2026-11-04
30764-1,30764,PROJEK PERUMAHAN BERSAMA SDN. BHD.,Taman Bentara,Selangor,Kuala Langat,30,4,3,,2025-04-16,2027-04-15
30765-1,30765,SOH HONG BOON DEVELOPMENT SDN. BHD.,Taman Puteri Jaya,Johor,Batu Pahat,14,6,6,,2025-12-27,2027-12-26
30766-1,30766,ADENLAND (KUNDANG) SDN. BHD.,Taman Airria Kundang,Selangor,Gombak,297,4,3,,2025-04-09,2028-04-08
30766-2,30766,ADENLAND (KUNDANG) SDN. BHD.,Taman Airria Kundang,Selangor,Gombak,255,4,3,,2026-02-11,2029-02-10
30768-1,30768,OXFORD SHIELD SDN. BHD.,Taman Selayang Permata,Selangor,Gombak,21,6,6,,2024-08-08,2026-08-07
30768-2,30768,OXFORD SHIELD SDN. BHD.,Taman Selayang Permata,Selangor,Gombak,30,7,"6, 8",,2025-06-17,2027-06-16
30769-1,30769,TNJ DEVELOPMENT SDN. BHD.,Residensi Warisan Segambut,Wp Kuala Lumpur,Kuala Lumpur,1269,"2, 3","2, 3",,2024-08-27,2027-08-26
30770-1,30770,J.T.M. BINA SDN. BHD.,Taman Lavender,Kedah,Kota Setar,29,4,3,,2024-12-02,2026-12-01
30771-1,30771,PRO PAKATAN SDN. BHD.,Tanjung 2 Cities,Perak,Kinta,245,4,2,,2025-01-27,2027-01-26
30772-1,30772,LAKEWILL DEVELOPMENT SDN. BHD.,Meru Sentosa,Perak,Kinta,75,4,2,,2024-06-15,2026-06-14
30773-1,30773,TEMASEK PINTAR SDN. BHD.,Taman Desa Bukit Permata,Selangor,Klang,27,3,2,,2024-10-18,2026-10-17
30774-1,30774,PEMBINAAN KEJAYAAN CHUAN SDN. BHD.,Taman Melati,Selangor,Kuala Langat,26,4,4,,2024-10-18,2026-10-17
30775-1,30775,LUSTER ARA  SDN. BHD.,Amara Residences,Selangor,Petaling ,412,"1, 2, 3, 4","1, 2, 3",,2025-03-04,2028-03-03
30776-1,30776,PDG CORPORATION SDN. BHD.,Taman Ozana Residen,Melaka,Melaka Tengah,114,4,4,,2024-08-26,2026-08-25
30777-1,30777,AK SP SDN. BHD.,Residensi Asa,Wp Kuala Lumpur,-,324,"3, 4, 5, 6","4, 5, 6, 7",,2024-09-06,2027-09-05
30778-1,30778,STERLING UTAMA SDN. BHD.,Residensi Ayu,Selangor,Hulu Langat,495,"3, 4","2, 3, 4",,2025-07-16,2028-07-15
30779-1,30779,EFFECTIVE VENTURE DEVELOPMENT SDN. BHD.,Repulse Bay Residence - Fasa 1,Pahang,Kuantan,56,"6, 7",7,,2026-08-22,2027-08-21
30780-1,30780,KARISMA PERWIRA SDN. BHD.,Arena Seremban,Negeri Sembilan,Seremban,195,"1, 2, 3","1, 2",,2024-09-04,2027-09-03
30781-1,30781,LAGENDA ARMADA SDN. BHD.,Taman Cinta Lagenda,Kelantan,Pasir Mas,124,3,2,,2024-11-12,2026-11-11
30783-1,30783,NUSA MURNI SDN. BHD.,Taman Sutera Wangi,Melaka,Melaka Tengah,256,3,2,,2024-10-02,2026-10-01
30783-2,30783,NUSA MURNI SDN. BHD.,Taman Sutera Wangi,Melaka,-,97,3,2,,2026-07-03,2028-07-02
30784-1,30784,LEMBARAN BERUNTUNG SDN. BHD.,Branniganz Suites @ Bukit Bintang,Wp Kuala Lumpur,Kuala Lumpur,269,"1, 2","1, 2",,2024-08-14,2027-08-13
30786-1,30786,IRAMA SANUBARI SDN. BHD.,Residensi Kuarza 22,Selangor,-,326,"3, 5","3, 5, 43",,2024-07-29,2027-07-28
30788-1,30788,PLASMA BAKTI SDN. BHD.,Desa Murni,Terengganu,-,24,4,4,,2024-08-13,2026-08-12
30788-2,30788,PLASMA BAKTI SDN. BHD.,Desa Budiman,Terengganu,-,14,4,3,,2025-07-22,2027-07-21
30789-1,30789,EXSIM AVENUE SDN. BHD.,Kyliez Suites @ Kl City Centre,Wp Kuala Lumpur,Kuala Lumpur,126,"1, 2","1, 2",,2024-08-07,2027-08-06
30790-1,30790,TAIPANIKA DEVELOPMENT SDN. BHD.,Pangsapuri Nadayu 801,Selangor,Petaling ,288,"3, 4","2, 3",,2024-09-04,2027-09-03
30791-1,30791,NILAM ERAMAS SDN. BHD.,Taman Saga,Negeri Sembilan,Jempol,13,5,5,,2026-05-25,2028-05-24
30792-1,30792,ANDACT ENGINEERING SDN. BHD.,Garden Heights Residence,Selangor,Petaling ,42,5,"5, 6",,2025-11-11,2028-11-10
30793-1,30793,HARMONI MAKMUR  SDN. BHD.,Taman Pd Amanria,Negeri Sembilan,Port Dickson,112,"3, 4",2,,2024-12-04,2026-12-03
30795-1,30795,SKYWIZ GROUP  SDN. BHD.,Taman Gangsa Residen,Melaka,Alor Gajah,92,4,3,,2024-12-13,2027-12-12
30796-1,30796,RENTAS DEVELOPMENT SDN. BHD.,Taman Persiaran Masjid Sultan 5,Selangor,Klang,30,4,2,,2024-11-25,2026-11-24
30797-1,30797,CRESCENDO LANDMARK SDN. BHD.,Residensi Senyum,Johor,Johor Bahru,1257,3,"1, 2, 3",,2025-01-23,2028-01-22
30798-1,30798,JEJAK MUHIBAH SDN. BHD.,Taman Seri Changgang 1,Selangor,Kuala Langat,30,4,2,,2024-09-23,2026-09-22
30799-1,30799,GOLDEN CHAIN DEVELOPMENT SDN. BHD.,Residensi Armani Putra,Selangor,Sepang,984,"1, 3","1, 2",,2026-06-10,2029-06-09
30800-1,30800,SUPERIOR PROPERTY DEVELOPMENT SDN. BHD.,Taman Mekar Emas,Johor,Batu Pahat,168,5,7,,2025-04-29,2027-04-28
30800-2,30800,SUPERIOR PROPERTY DEVELOPMENT SDN. BHD.,Taman Indah Jaya,Johor,-,84,6,6,,2025-09-17,2027-09-16
30801-1,30801,ANJURAN CITY  SDN. BHD.,Taman Paya Rumput Gemilang,Melaka,Melaka Tengah,239,4,"2, 3",,2024-08-28,2026-08-27
30801-2,30801,ANJURAN CITY  SDN. BHD.,Taman Paya Rumput Gemilang,Melaka,-,57,3,2,,2025-10-03,2027-10-02
30801-3,30801,ANJURAN CITY  SDN. BHD.,Taman Paya Rumput Gemilang,Melaka,-,84,3,2,,2026-03-25,2029-03-24
30803-1,30803,BANGSA BINA SDN. BHD.,Taman Bina Lestari,Perak,Selama,76,4,3,,2024-12-05,2026-12-04
30804-1,30804,JJRSB PROPERTIES SDN. BHD.,Gong Balai Marang,Terengganu,Marang,21,3,2,,2024-09-22,2026-09-21
30804-2,30804,JJRSB PROPERTIES SDN. BHD.,Tok Muchong Marang,Terengganu,-,20,3,2,,2025-10-15,2027-10-14
30805-1,30805,SUPREME SPRINGS SDN. BHD.,Residensi M Terra,Selangor,Petaling ,999,"2, 3, 4",2,,2024-07-25,2027-07-24
30807-1,30807,WORLD CORPORATE CONSTRUCTION SDN. BHD.,Pangsapuri Seri Juru Indah,Pulau Pinang,Seberang Perai Tengah,148,3,2,,2025-06-11,2028-06-10
30808-1,30808,DAIE DEVELOPMENT (CENTRAL) SDN. BHD.,Taman Malawati,Selangor,Kuala Selangor,15,4,3,,2026-06-26,2028-06-25
30809-1,30809,RASMAJATI SDN. BHD.,Ilham Residensi @ Selangorku,Selangor,Sepang,1193,3,2,,2025-07-14,2028-07-13
30810-1,30810,K TEK DEVELOPMENT SDN. BHD.,Taman Pantai Saujana,Perak,Manjung,24,3,2,,2024-10-08,2026-10-07
30811-1,30811,DINASTI GEMILANG SDN. BHD.,Taman Bertam Setia,Melaka,Melaka Tengah,26,4,3,,2025-06-12,2027-06-11
30812-1,30812,TOUCHSTONE LAND SDN. BHD.,Dua Meranti Residensi,Selangor,Sepang,750,3,2,,2024-11-29,2027-11-28
30813-1,30813,MACROVEST SDN. BHD.,Westin Residences Penang,Pulau Pinang,Daerah Timor Laut,498,"2, 3, 4, 5, 6, 9","2, 3, 4, 5, 6, 7, 9",,2025-02-12,2028-02-11
30814-1,30814,URBANLINK DEVELOPMENT SDN. BHD.,Taman Dato Hormat 2,Selangor,Klang,30,4,2,,2026-07-15,2028-07-14
30816-1,30816,GEMLAND DEVELOPMENT SDN. BHD.,Taman Bentara,Selangor,Kuala Langat,26,3,2,,2025-06-04,2027-06-03
30818-1,30818,HARTA NUSAJAYA SDN. BHD.,Perumahan Iskandar Puteri Bangsa Johor,Johor,Johor Bahru,951,3,2,,2026-09-25,2027-09-24
30818-2,30818,HARTA NUSAJAYA SDN. BHD.,Perumahan Iskandar Puteri Bangsa Johor,Johor,Johor Bahru,571,3,2,,2025-03-27,2027-03-26
30818-3,30818,HARTA NUSAJAYA SDN. BHD.,Perumahan Iskandar Puteri Bangsa Johor,Johor,Johor Bahru,1038,3,2,,2025-07-21,2027-07-20
30819-1,30819,TEMASEK TEKUN SDN. BHD.,The Hill@alam Heights,Johor,Johor Bahru,78,4,4,,2024-09-27,2026-09-26
30819-2,30819,TEMASEK TEKUN SDN. BHD.,The Hill@alam Heights,Johor,Johor Bahru,51,4,4,,2024-11-29,2026-11-28
30819-3,30819,TEMASEK TEKUN SDN. BHD.,The Hill@alam Heights,Johor,Johor Bahru,62,4,4,,2025-04-24,2027-04-23
30820-1,30820,TANAH DATAI  SDN. BHD.,Taman Kosas,Selangor,Hulu Langat,64,3,3,,2026-05-26,2028-05-25
30821-1,30821,RADIUM GLOBAL SDN. BHD.,Residensi Radium,Wp Kuala Lumpur,Kuala Lumpur,988,"2, 3",2,,2024-10-25,2027-10-24
30823-1,30823,LUXE VISTA SDN. BHD.,Eastern Garden,Perak,Hilir Perak,43,5,5,,2025-07-25,2027-07-24
30825-1,30825,MUTIARA LAFAZ SDN. BHD.,Taman Tampoi Damai,Melaka,Melaka Tengah,27,4,3,,2024-11-25,2026-11-24
30825-2,30825,MUTIARA LAFAZ SDN. BHD.,Taman Selandar Perdana,Melaka,Jasin,164,4,2,,2025-11-04,2027-11-03
30826-1,30826,KERJAYA PANCAR SDN. BHD.,Taman Merak Merbok,Melaka,Melaka Tengah,25,4,3,,2025-08-05,2027-08-04
30827-1,30827,KENCANA BUANA SDN. BHD.,Taman Seri Puteri,Pulau Pinang,Seberang Perai Tengah,168,3,2,,2024-11-04,2026-11-03
30827-2,30827,KENCANA BUANA SDN. BHD.,Taman Seri Puteri,Pulau Pinang,-,56,3,2,,2026-07-24,2028-07-23
30828-1,30828,MAJESTIC GEN  SDN. BHD.,Residensi Gen Bintang,Wp Kuala Lumpur,Kuala Lumpur,360,"2, 3","1, 2",,2024-10-04,2027-10-03
30828-2,30828,MAJESTIC GEN  SDN. BHD.,Residensi Gen,Johor,Johor Bahru,732,"1, 3, 4, 6","1, 2, 4, 6",,2024-12-05,2027-12-04
30828-3,30828,MAJESTIC GEN  SDN. BHD.,Residensi Gen Sfera,Johor,Johor Bahru,996,"1, 2, 3",2,,2025-05-27,2028-05-26
30829-1,30829,LIK TIAN DEVELOPMENT SDN. BHD.,Taman Silibin Tropika,Perak,Kinta,35,4,"2, 3",,2024-10-16,2026-10-15
30830-1,30830,KUANTAN WATERFRONT RESORT CITY SDN. BHD.,Sea Crestz @ Kuantan Waterfront Resort City,Pahang,Kuantan,456,"1, 3, 4","1, 2, 3, 4, 5",,2025-03-20,2028-03-19
30831-1,30831,BESTARI DEVELOPMENT SDN. BHD.,Taman Desa Bukit Permata,Selangor,Klang,26,4,3,,2024-11-07,2026-11-06
30832-1,30832,MAPAHILL DEVELOPMENT SDN. BHD.,Taman Bistari Jaya,Pulau Pinang,Seberang Perai Selatan,54,5,4,,2024-11-20,2026-11-19
30833-1,30833,INTAN SEKITAR SDN. BHD.,Latitud8,Wp Kuala Lumpur,Kuala Lumpur,857,"1, 2, 3","1, 2",,2026-01-17,2029-01-16
30834-1,30834,M AZURA  SDN. BHD.,Residensi M Azura,Wp Kuala Lumpur,Kuala Lumpur,1140,"1, 2, 3, 4","1, 2, 3",,2024-08-27,2027-08-26
30836-1,30836,CMC PREMIER LAND SDN. BHD.,Taman Alma Permai,Pulau Pinang,Seberang Perai Tengah,101,4,5,,2024-11-21,2027-11-20
30837-1,30837,AROOF DEVELOPMENT  SDN. BHD.,Taman Damar Fasa 2,Kedah,Kubang Pasu,30,3,3,,2024-10-08,2026-10-07
30838-1,30838,GERGASI VENTURES SDN. BHD.,Taman Muhibbah,Perak,Hilir Perak,64,4,2,,2024-09-24,2026-09-23
30839-1,30839,BROADWISE CORPORATION SDN. BHD.,Residensi Vista Amverton,Selangor,Klang,630,3,"2, 4, 5",,2026-02-23,2029-02-22
30840-1,30840,VISTA MERCU SDN. BHD.,Residensi Vista Angsana,Selangor,Hulu Langat,243,3,2,,2025-06-09,2028-06-08
30841-1,30841,IMC LAND SDN. BHD.,Halaman Meru Permai,Perak,Kinta,77,4,2,,2024-11-11,2026-11-10
30843-1,30843,ECO KARISMA DEVELOPMENT SDN. BHD.,Taman Raja Muda Musa 2,Perak,Manjung,28,5,4,,2024-10-01,2026-09-30
30843-2,30843,ECO KARISMA DEVELOPMENT SDN. BHD.,Taman Mas 2,Perak,Manjung,8,5,4,,2026-04-27,2028-04-26
30843-3,30843,ECO KARISMA DEVELOPMENT SDN. BHD.,Taman Mercu Karisma,Perak,-,147,4,3,,2026-06-05,2028-06-04
30844-1,30844,ADDA MEGAH SDN. BHD.,Taman Pulai Raya,Perak,Kinta,61,4,4,,2025-01-31,2027-01-30
30844-2,30844,ADDA MEGAH SDN. BHD.,Taman Pulai Raya,Perak,Kinta,69,"4, 5","3, 4",,2025-02-25,2027-02-24
30845-1,30845,SANGBUMI JAYA SDN. BHD.,Taman Desa Idaman,Selangor,Kuala Langat,28,4,2,,2024-11-08,2026-11-07
30846-1,30846,UNIQ GREENHOME SDN. BHD.,Taman Langat Impian,Selangor,Kuala Langat,30,4,2,,2024-11-07,2026-11-06
30847-1,30847,KUALA NILAM DEVELOPMENT SDN. BHD.,Eria Residences,Selangor,Sepang,104,3,2,,2025-08-04,2028-08-03
30848-1,30848,CAHAYA SERAYA SDN. BHD.,Taman Ixora,Negeri Sembilan,Rembau,104,"3, 4","2, 3",,2024-10-24,2026-10-23
30849-1,30849,GL BINAJAYA  SDN. BHD.,Taman Villamas,Perak,Bagan Datuk,28,4,3,,2025-02-06,2027-02-05
30851-1,30851,CJ INVESCO SDN. BHD.,Lestari Medini,Johor,Johor Bahru,1106,"1, 2, 3","1, 2",,2025-02-19,2028-02-18
30853-1,30853,GERAK SWASTA SDN. BHD.,Desa Tambun Jaya,Perak,Kinta,23,4,3,,2025-02-26,2027-02-25
30855-1,30855,T & A JAYA BERSAMA  SDN. BHD.,Taman Kijal Titian,Terengganu,Kemaman,27,4,2,,2025-06-25,2027-06-24
30857-1,30857,OLYMPIC BUILDERS SDN. BHD.,Pangsapuri Seri Aura,Selangor,Petaling ,714,"3, 4, 5","3, 5",,2025-06-05,2028-06-04
30859-1,30859,SUPER FANTASTIC SDN. BHD.,Prima Bukit Goh,Pahang,Kuantan,96,3,2,,2024-10-18,2026-10-17
30859-2,30859,SUPER FANTASTIC SDN. BHD.,Taman Beserah Aman,Pahang,-,8,4,2,,2025-11-24,2027-11-23
30860-1,30860,TREVI PROPERTIES SDN. BHD.,Residensi Desa Tiara,Selangor,Hulu Langat,350,"3, 4","2, 3",,2025-02-20,2028-02-19
30863-1,30863,PUNCAK BANDARAYA SDN. BHD.,"Pavonia Worldwide, Bukit Bandaraya, Shah Alam.",Selangor,Petaling ,126,4,4,,2024-11-19,2026-11-18
30864-1,30864,MISISAMA SDN. BHD.,Taman Pahlawan,Selangor,Kuala Langat,50,4,4,,2025-10-01,2027-09-30
30869-1,30869,LIM SEONG HAI HOLDINGS SDN. BHD.,Residensi Sentul Ria,Wp Kuala Lumpur,Kuala Lumpur,268,"2, 3","2, 3",,2024-12-24,2027-12-23
30871-1,30871,KEWS SENIBONG  SDN. BHD.,Hijauan Kews,Johor,Johor Bahru,171,4,6,,2024-12-05,2027-12-04
30871-2,30871,KEWS SENIBONG  SDN. BHD.,Hijauan Kews,Johor,Johor Bahru,160,6,8,,2025-10-08,2028-10-07
30871-3,30871,KEWS SENIBONG  SDN. BHD.,Rimbayu Kews,Johor,Johor Bahru,163,5,5,,2026-02-25,2029-02-24
30871-4,30871,KEWS SENIBONG  SDN. BHD.,Rimbayu Kews,Johor,Johor Bahru,97,5,7,,2026-06-03,2029-06-02
30873-1,30873,MMMK SDN. BHD.,Taman Pinggiran Deralik,Perak,Manjung,263,3,2,,2026-01-06,2028-01-05
30874-1,30874,SETIA MF SFH DEVELOPMENT  SDN. BHD.,Residensi Bukit Persekutuan 1,Wp Kuala Lumpur,-,693,"1, 2, 3","1, 2",,2024-12-17,2027-12-16
30875-1,30875,ETEAM TAPAH  SDN. BHD.,"Residensi Kawan, Tapah",Perak,Batang Padang,28,4,2,,2025-03-17,2027-03-16
30876-1,30876,PERUMAHAN MASTERON SDN. BHD.,Residensi Veridian,Selangor,-,551,"3, 4","2, 3",,2025-03-27,2028-03-26
30877-1,30877,BUMI HARTAWAN SDN. BHD.,Taman Gantang Permai,Perak,Larut & Matang,27,3,2,,2026-06-22,2028-06-21
30880-1,30880,FIRST HOME BUILDER (PAHANG) SDN. BHD.,Taman Idaman Cherating,Pahang,-,16,4,2,,2026-01-07,2028-01-06
30881-1,30881,GOLDEN RCH DEVELOPMENT  SDN. BHD.,Pangsapuri Sejahtera,Pulau Pinang,Seberang Perai Tengah,113,3,2,,2025-11-04,2028-11-03
30882-1,30882,CHARM PROPERTIES SDN. BHD.,Taman Pandan Perdana,Selangor,Hulu Langat,6,4,4,,2025-01-06,2027-01-05
30883-1,30883,SEKITAR SINARMAS SDN. BHD.,Vila Bachang,Melaka,Melaka Tengah,178,7,8,,2024-11-29,2027-11-28
30884-1,30884,SCIENTEX LESTARI SDN. BHD.,Taman Scientex Kulai 3,Johor,Kulai,263,4,3,,2025-01-02,2027-01-01
30884-2,30884,SCIENTEX LESTARI SDN. BHD.,Taman Scientex Kulai 3,Johor,-,182,4,3,,2025-02-05,2027-02-04
30884-3,30884,SCIENTEX LESTARI SDN. BHD.,Taman Scientex Kulai 3,Johor,Kulai,244,4,3,,2025-04-07,2027-04-06
30884-4,30884,SCIENTEX LESTARI SDN. BHD.,Pangsapuri Lestari 1,Johor,Kulai,382,3,2,,2025-06-11,2028-06-10
30884-5,30884,SCIENTEX LESTARI SDN. BHD.,Taman Scientex Kulai 3,Johor,-,169,4,3,,2025-07-31,2027-07-30
30884-6,30884,SCIENTEX LESTARI SDN. BHD.,Taman Scientex Kulai 3,Johor,Kulai,204,4,3,,2025-10-15,2027-10-14
30884-7,30884,SCIENTEX LESTARI SDN. BHD.,Taman Scientex Kulai 3,Johor,-,184,4,3,,2026-06-10,2028-06-09
30884-8,30884,SCIENTEX LESTARI SDN. BHD.,Taman Scientex Kulai 3,Johor,-,183,4,3,,2026-06-10,2028-06-09
30886-1,30886,MJ CAPITAL SDN. BHD.,Taman Gadong Jaya,Negeri Sembilan,Seremban,77,4,2,,2025-01-02,2027-01-01
30887-1,30887,NATURE CENTURY DEVELOPMENT SDN. BHD.,Taman Lestari Permai,Selangor,Sepang,115,4,3,,2025-06-04,2027-06-03
30887-2,30887,NATURE CENTURY DEVELOPMENT SDN. BHD.,Taman Sungai Agas,Selangor,Klang,37,4,4,,,
30889-1,30889,JRK LAND SDN. BHD.,Pangsapuri Celestia,Selangor,-,216,"3, 4",2,,2026-01-30,2029-01-29
30890-1,30890,MAJOR WINNER SDN. BHD.,Taman Temiang Emas,Johor,-,10,5,4,,2025-02-04,2027-02-03
30891-1,30891,TEMPOYANG DEVELOPER SDN. BHD.,Taman Gali Gelmilang,Pahang,-,18,4,4,,2025-04-24,2027-04-23
30892-1,30892,MUARICH PROPERTIES  SDN. BHD.,Taman Bukit Treh Indah,Johor,Muar,8,4,4,,2025-10-09,2027-10-08
30893-1,30893,MAJUJAYA (UTARA) SDN. BHD.,Taman Markisa 2,Kedah,Yan,26,4,2,,2025-11-05,2027-11-04
30894-1,30894,U SUN HOLDING SDN. BHD.,Taman Bentara,Selangor,Kuala Langat,33,4,2,,2025-04-07,2027-04-06
30895-1,30895,KK FRONTIERS DEVELOPMENT SDN. BHD.,Taman Cheng Setia,Melaka,-,86,4,3,,2025-10-09,2027-10-08
30895-2,30895,KK FRONTIERS DEVELOPMENT SDN. BHD.,Taman Cheng Setia,Melaka,Melaka Tengah,20,4,3,,2025-12-24,2027-12-23
30896-1,30896,BUKIT GEMILANG CAPITAL  SDN. BHD.,Taman Sira Kulim,Perak,-,21,3,2,,2025-01-02,2027-01-01
30897-1,30897,MESTIKA BISTARI SDN. BHD.,M Legasi,Selangor,Hulu Langat,330,4,3,,2025-04-07,2027-04-06
30897-2,30897,MESTIKA BISTARI SDN. BHD.,M Legasi,Selangor,Hulu Langat,256,4,3,,2025-08-22,2027-08-21
30897-3,30897,MESTIKA BISTARI SDN. BHD.,M Legasi,Selangor,Hulu Langat,231,4,3,,2025-09-02,2027-09-01
30898-1,30898,ISKANDAR DEVELOPMENT MANAGEMENT SERVICES SDN. BHD.,Residensi Rimba,Johor,Johor Bahru,250,3,2,,2025-09-18,2028-09-17
30899-1,30899,OSK AMANJAYA SDN. BHD.,Taman Lang Aman,Kedah,Kuala Muda,197,4,3,,2024-12-26,2026-12-25
30899-2,30899,OSK AMANJAYA SDN. BHD.,Taman Lang Aman,Kedah,-,233,4,3,,2026-06-25,2028-06-24
30901-1,30901,HARTANAH ANGGUN INOVASI  SDN. BHD.,Taman Putera Ria,Pulau Pinang,Seberang Perai Utara,35,3,2,,2026-06-30,2028-06-29
30902-1,30902,MEGAHOMES TEAM SDN. BHD.,Taman Idaman Murni,Selangor,Sepang,8,4,2,,2025-01-24,2027-01-23
30902-2,30902,MEGAHOMES TEAM SDN. BHD.,Taman Dataran Abadi,Selangor,Sepang,29,4,2,,2026-06-04,2028-06-03
30903-1,30903,BANJARAN BARAT SDN. BHD.,Taman Chepor Sentosa,Perak,-,47,4,2,,2026-07-23,2028-07-22
30904-1,30904,KHP DEVELOPMENT SDN. BHD.,Taman Peserai Ria,Johor,Batu Pahat,20,4,2,,2025-07-02,2027-07-01
30904-2,30904,KHP DEVELOPMENT SDN. BHD.,Taman Damai Mulia,Johor,-,16,5,4,,2025-10-27,2027-10-26
30906-1,30906,KC DAMAI REALTY SDN. BHD.,Taman Ihsan,Kedah,Kota Setar,88,3,2,,2025-05-01,2027-04-30
30907-1,30907,STELLAR TRINITY SDN. BHD.,Bukit Botanika,Selangor,Hulu Selangor,140,4,3,,2025-08-27,2027-08-26
30907-2,30907,STELLAR TRINITY SDN. BHD.,Bukit Botanika,Selangor,Hulu Selangor,91,4,3,,2025-09-01,2027-08-31
30908-1,30908,TIMELESS CENTURY SDN. BHD.,Taman Dahlia,Kedah,Pendang,30,4,2,,2025-03-18,2027-03-17
30909-1,30909,PRESTIGE ORIGIN SDN. BHD.,Waterstone,Pulau Pinang,Daerah Timor Laut,365,"3, 4","2, 3",,2025-03-17,2028-03-16
30910-1,30910,ALAWIYYIN BINA SDN. BHD.,Taman Seri Peragap,Pahang,Temerloh,12,4,2,,2026-02-05,2028-02-04
30911-1,30911,KK DEVELOPMENT SDN. BHD.,Taman Puncak Jelapang Maju,Perak,-,9,4,3,,2026-02-12,2028-02-11
30913-1,30913,WESMAH DEVELOPMENT SDN. BHD.,Taman Tok Muda Gemilang,Selangor,-,66,4,3,,2025-03-13,2027-03-12
30914-1,30914,EXSIM KG TIONG (KT)  SDN. BHD.,Menara Kubah (qubaz Suites @ Kuala Terengganu),Terengganu,Kuala Terengganu,759,"1, 2, 3","1, 2",,2025-02-28,2028-02-27
30915-1,30915,DINASTI SAKTI SDN. BHD.,Desa Pipit Harmoni,Terengganu,-,17,5,3,,2025-05-20,2027-05-19
30916-1,30916,EDARAN SINAR PROPERTIES SDN. BHD.,Taman Desa Tambun,Perak,Kinta,31,4,"2, 3",,2025-11-14,2027-11-13
30917-1,30917,PARAGON URBAN SDN. BHD.,Suite Premium Paragon,Johor,-,484,1,1,,2025-06-13,2028-06-12
30919-1,30919,TOPLITE DEVELOPMENT SDN. BHD.,Taman Kamunting Permaisuri,Perak,Larut & Matang,37,4,3,,2025-12-09,2027-12-08
30920-1,30920,LWT DEVELOPMENT SDN. BHD.,Taman Pulai Permai,Pahang,Temerloh,29,4,2,,2025-01-25,2027-01-24
30921-1,30921,OYL DEVELOPMENT SDN. BHD.,Cyber Avenue,Perak,Kinta,144,4,2,,2025-02-20,2027-02-19
30922-1,30922,TILAND DEVELOPMENT SDN. BHD.,Meadow Heights,Johor,Johor Bahru,97,4,3,,2026-03-03,2028-03-02
30924-1,30924,GOODWOOD ESTATES SDN. BHD.,Taman Tronoh Hijau,Perak,-,30,3,2,,2025-12-24,2027-12-23
30925-1,30925,HARTANAH AMANI SDN. BHD.,Desa Seri Setia,Selangor,Sepang,30,4,3,,2025-10-31,2027-10-30
30926-1,30926,MILENIUM BARU SDN. BHD.,Tuan Pavilion,Pulau Pinang,Daerah Timor Laut,280,"3, 4","2, 3",,2025-03-27,2028-03-26
30928-1,30928,FLORA HIJAUAN (MRR2) SDN. BHD.,Residensi Flora Hijauan,Selangor,Gombak,1677,"2, 3, 4","1, 2",,2025-06-04,2028-06-03
30929-1,30929,TLT LAND DEVELOPMENT SDN. BHD.,Taman Batu Putih Paya Dalam,Melaka,-,19,4,"2, 3",,2025-04-14,2027-04-13
30931-1,30931,OCR TEMPLER SDN. BHD.,D'templer,Selangor,Gombak,52,"5, 6",6,,2025-09-26,2027-09-25
30932-1,30932,VIVA HEIGHTS DEVELOPMENT SDN. BHD.,Taman Bentara,Selangor,Kuala Langat,16,4,2,,2025-09-02,2027-09-01
30937-1,30937,PV M6 SDN. BHD.,The Maison 23,Wp Kuala Lumpur,-,23,7,5,,2025-02-26,2027-02-25
30938-1,30938,ANGKASA VENTURE SDN. BHD.,Taman Banting Mewah,Selangor,-,17,6,8,,2026-04-01,2028-03-31
30939-1,30939,H&T LAND SDN. BHD.,Taman Desa,Johor,-,12,4,"3, 4",,2025-09-09,2027-09-08
30941-1,30941,ECO SUMMIT SDN. BHD.,Residensi Ria Sutera,Pulau Pinang,Seberang Perai Utara,148,3,2,,2025-09-30,2028-09-29
30942-1,30942,MENARA CENGAL RESOURCES SDN. BHD.,Taman Sri Cengal,Terengganu,-,26,3,2,,2025-09-07,2027-09-06
30944-1,30944,PIXEL VALLEY SDN. BHD.,Pangsapuri Servis Vista,Pulau Pinang,-,1406,"2, 3, 4","2, 3",,2026-03-18,2029-03-17
30945-1,30945,GREENCOVE SDN. BHD.,Residensi Sena,Selangor,-,780,"1, 2, 3","1, 2",,2026-01-06,2029-01-05
30946-1,30946,BLOOMING PROPERTIES SDN. BHD.,Residensi Senibong Mutiara,Johor,Johor Bahru,1950,"2, 3","2, 3",,2025-02-20,2028-02-19
30947-1,30947,SEPUTEH KUKUH SDN. BHD.,Residensi Seputeh 1,Wp Kuala Lumpur,-,383,"2, 3","2, 3, 4",,2025-10-21,2028-10-20
30948-1,30948,PARAMOUNT PROPERTY (PG) SDN. BHD.,Taman Bukit Embun,Pulau Pinang,-,201,4,4,,2025-07-15,2028-07-14
30949-1,30949,CREED PROPERTY MALAYSIA SDN. BHD.,Residensi Ion,Johor,Johor Bahru,405,"1, 2, 3","1, 2, 3",,2025-11-06,2028-11-05
30951-1,30951,RIMBUN PURNAMA SDN. BHD.,Perumahan Penjawat Awam Malaysia(ppam) Bandar Tun Razak,Wp Kuala Lumpur,Kuala Lumpur,500,3,2,,2025-06-25,2028-06-24
30953-1,30953,ASAS SAKSAMA SDN. BHD.,The Fringe @ Seri Alam,Johor,Johor Bahru,71,4,4,,2025-04-23,2027-04-22
30953-2,30953,ASAS SAKSAMA SDN. BHD.,The Fringe @ Seri Alam,Johor,Johor Bahru,75,4,4,,2025-11-20,2027-11-19
30954-1,30954,ANCUBIC VALLEY SDN. BHD.,Harmoni 8,Selangor,-,499,3,"1, 2",,2025-09-25,2028-09-24
30955-1,30955,HARTACOM PROPERTY SDN. BHD.,Pusat Komersial Aurum,Wp Kuala Lumpur,Kuala Lumpur,456,"1, 2","1, 2",,2025-09-25,2028-09-24
30956-1,30956,PEMBANGUNAN NUSA CINTA SDN. BHD.,Taman Keladi Indah,Pulau Pinang,Seberang Perai Utara,38,4,3,,2025-11-11,2027-11-10
30956-2,30956,PEMBANGUNAN NUSA CINTA SDN. BHD.,Taman Keladi Indah,Pulau Pinang,Seberang Perai Utara,20,4,3,,2025-11-11,2027-11-10
30957-1,30957,TENTU MESRA SDN. BHD.,Taman Sentosa,Kedah,Baling,32,3,2,,2025-04-23,2027-04-22
30960-1,30960,WAWASAN PROPERTY  SDN. BHD.,Taman Wawasan 3,Negeri Sembilan,Kuala Pilah,33,"4, 5","4, 5",,2025-05-08,2027-05-07
30961-1,30961,ABM BERKAT SDN. BHD.,Residensi Senja,Kelantan,-,26,3,2,,2025-08-09,2027-08-08
30962-1,30962,TOTAL MAJORITY SDN. BHD.,Alam Impian,Selangor,-,70,6,7,,2025-08-19,2027-08-18
30962-2,30962,TOTAL MAJORITY SDN. BHD.,Myra Tenuman,Selangor,-,46,"5, 6","6, 7",,2025-12-02,2027-12-01
30963-1,30963,HLK REALTY SDN. BHD.,Taman Singa Baru 2,Perak,-,30,"5, 6","5, 6",,2025-08-25,2027-08-24
30964-1,30964,TAHAP MENTARI DEVELOPMENT SDN. BHD.,Taman Dato Harun 5,Selangor,Klang,44,3,2,,2026-04-29,2028-04-28
30965-1,30965,CPI ASSET SDN. BHD.,Permata Gemma,Selangor,Gombak,60,7,7,,2025-11-11,2027-11-10
30966-1,30966,FAR EAST NUSAJAYA SDN. BHD.,Residensi Sari Hijau I,Johor,-,328,4,5,,2026-02-11,2029-02-10
30966-2,30966,FAR EAST NUSAJAYA SDN. BHD.,Residensi Sari Hijau Ii,Johor,-,120,4,3,,2026-02-12,2029-02-11
30967-1,30967,GROUNDCON SDN. BHD.,Zeya Residences,Selangor,Hulu Langat,150,"3, 5","2, 3, 5",,2026-05-28,2029-05-27
30968-1,30968,CITRA BINA SDN. BHD.,Taman Bayu Harmoni,Selangor,-,30,4,2,,2025-07-24,2027-07-23
30969-1,30969,ASTAKA KIMLUN SDN. BHD.,Residensi Arden,Johor,Johor Bahru,618,"2, 3, 4","2, 3",,2025-02-21,2028-02-20
30970-1,30970,GEMILANG MUHIBAH SDN. BHD.,Taman Belian,Negeri Sembilan,-,84,3,3,,2025-06-09,2027-06-08
30974-1,30974,WAYMONT DEVELOPMENT SDN. BHD.,Perumahan Makmur Suria Jaya,Pahang,-,340,4,2,,2025-05-13,2027-05-12
30975-1,30975,MENTAKAB JAYA SDN. BHD.,Taman Pulai Murni,Pahang,-,12,4,2,,2025-07-15,2027-07-14
30976-1,30976,SKYAMAN DEVELOPMENT SDN. BHD.,Residensi Skyaman 1,Wp Kuala Lumpur,Kuala Lumpur,510,"3, 4","2, 3, 5",,2025-06-11,2028-06-10
30980-1,30980,PACIFIC GEOLAND SDN. BHD.,Astoria Ceylon Hill,Wp Kuala Lumpur,Kuala Lumpur,528,"1, 2, 3","1, 2",,2026-04-13,2029-04-12
30981-1,30981,TIARA CEMERLANG SDN. BHD.,Residensi Tiara Cemerlang 1,Johor,Johor Bahru,945,"2, 3",2,,2025-06-25,2028-06-24
30981-2,30981,TIARA CEMERLANG SDN. BHD.,Residensi Tiara Cemerlang 2,Johor,Johor Bahru,1369,"2, 3",2,,2025-08-14,2028-08-13
30981-3,30981,TIARA CEMERLANG SDN. BHD.,Residensi Tiara Cemerlang 3,Johor,Johor Bahru,1360,"2, 3",2,,2025-11-13,2028-11-12
30983-1,30983,SEIRING HARUM SDN. BHD.,Taman Desa Bukit Delima,Selangor,Klang,45,3,2,,2025-10-01,2027-09-30
30985-1,30985,JELITA BINA SDN. BHD.,Taman Pelangi Indah,Perak,Kerian,18,3,2,,2025-07-25,2027-07-24
30985-2,30985,JELITA BINA SDN. BHD.,Taman Sinar Permata,Kedah,Bandar Baharu,19,3,2,,2025-09-11,2027-09-10
30987-1,30987,RUINENG INTERNATIONAL (M) SDN. BHD.,Taman Bukit Awana,Negeri Sembilan,Kuala Pilah,66,4,2,,2025-08-11,2027-08-10
30988-1,30988,TWSK DEVELOPMENT SDN. BHD. ,Taman Bidor Putera,Perak,-,22,4,2,,2025-05-08,2027-05-07
30989-1,30989,BREW VANTAGE SDN. BHD.,Taman Sungai Dua Utama,Pulau Pinang,Seberang Perai Utara,73,4,3,,2025-06-05,2027-06-04
30990-1,30990,MAJESTIC GEN (SOUTHERN) SDN. BHD.,Taman Yu,Negeri Sembilan,Seremban,106,4,4,,2025-06-23,2027-06-22
30992-1,30992,SA JADE DEVELOPMENT SDN. BHD.,Taman Perdana Putera,Pulau Pinang,Seberang Perai Selatan,63,4,4,,2025-07-18,2027-07-17
30992-2,30992,SA JADE DEVELOPMENT SDN. BHD.,Taman Perdana Putera,Pulau Pinang,-,56,4,4,,2026-08-13,2028-08-12
30993-1,30993,GREEN ACE HERITAGE SDN. BHD.,Taman Prima Emas,Pulau Pinang,Seberang Perai Tengah,9,6,6,,2026-06-12,2028-06-11
30994-1,30994,SIXTEEN RESIDENCES SDN. BHD.,Residensi Subang 16,Selangor,-,834,"2, 3, 4","1, 2, 4",,2026-03-03,2029-03-02
30995-1,30995,PAUTAN WARISAN SDN. BHD.,Taman Ampang,Perak,Kinta,18,4,3,,2025-06-04,2027-06-03
30996-1,30996,NIKMAT PROSPEK SDN. BHD.,Taman Sungai Rambai Setia,Melaka,-,18,4,2,,2025-07-23,2027-07-22
30997-1,30997,3PEAK CONSTRUCTION SDN BHD,Taman Anda,Perak,-,9,4,3,,2025-06-09,2027-06-08
30998-1,30998,MUZDALFA HOLDINGS SDN. BHD.,Taman Salak Megah,Selangor,Sepang,26,4,4,,2026-08-15,2028-08-14
31001-1,31001,TM JAYA RESOURCES SDN. BHD.,Taman Cheng Setia,Melaka,Melaka Tengah,24,4,3,,2026-03-13,2028-03-12
31004-1,31004,CHERAS TRADERS SQUARE SDN. BHD.,Residensi Damaisari,Selangor,Petaling ,924,"1, 2, 3, 4, 5","1, 2, 3",,2025-05-30,2028-05-29
31005-1,31005,SINARAN99 SDN. BHD.,Taman Tok Muda Jaya,Selangor,-,64,3,2,,2025-10-08,2027-10-07
31006-1,31006,TROPICANA MAKMUR CAHAYA SDN. BHD.,Breeze Hill,Pahang,-,861,"1, 2, 3","1, 2, 3",,,
31006-2,31006,TROPICANA MAKMUR CAHAYA SDN. BHD.,Breeze Hill,Pahang,-,861,"1, 2, 3","1, 2, 3",,2025-12-24,2028-12-23
31007-1,31007,EXSIM KEBUN TEH SDN. BHD.,Residensi Kebun Teh (the Asteriaz @ Kebun Teh),Johor,-,848,"1, 3","1, 2",,2025-07-18,2028-07-17
31008-1,31008,SMART ADVANCE RESOURCES SDN. BHD.,Residensi Platinum Melati,Wp Kuala Lumpur,-,794,"4, 5, 9","2, 5",,2025-06-19,2028-06-18
31010-1,31010,HARTA JAYA DEVELOPMENT SDN. BHD.,Chemor Avenue,Perak,Kinta,60,4,2,,2025-07-03,2027-07-02
31012-1,31012,MENAREZ DEVELOPMENT  SDN. BHD.,Residensi Jalinan Sentul,Wp Kuala Lumpur,-,322,3,2,,2026-02-12,2029-02-11
31014-1,31014,INTAN PRIMA TOWNSHIP DEVELOPMENT SDN. BHD.,Bandar Pr1ma Teluk Intan,Perak,Hilir Perak,86,3,2,,2025-08-05,2027-08-04
31014-2,31014,INTAN PRIMA TOWNSHIP DEVELOPMENT SDN. BHD.,Bandar Prima Teluk Intan,Perak,-,134,3,2,,2025-12-24,2027-12-23
31015-1,31015,CONNOISSEUR PROPERTIES SDN. BHD.,Residensi Bukit Meldrum,Johor,-,748,"1, 2, 3","2, 3",,2025-06-17,2028-06-16
31019-1,31019,DIAMOND GARDEN CITY SDN. BHD.,Diamond Garden City,Perak,-,50,4,4,,2025-10-26,2027-10-25
31020-1,31020,IDAMAN URBAN DEVELOPMENT  SDN. BHD.,Taman Tanjung Cahaya,Perak,Kinta,33,3,3,,2025-07-28,2027-07-27
31020-2,31020,IDAMAN URBAN DEVELOPMENT  SDN. BHD.,Taman Tanjung Cahaya,Perak,-,46,3,3,,2026-02-23,2028-02-22
31023-1,31023,RST DEVELOPMENT SDN. BHD.,"Taman Dato' Hormat 6, Kampung Sungai Kembong",Selangor,Klang,30,4,2,,2025-12-05,2027-12-04
31026-1,31026,EVERGREEN MANSION SDN. BHD.,Taman Fajar Permai,Pulau Pinang,-,137,4,3,,2026-03-10,2028-03-09
31027-1,31027,IQTISAD WORLD (M) SDN. BHD.,Taman Langat Utama 2,Selangor,-,30,4,3,,2026-07-29,2028-07-28
31028-1,31028,SETIA GARDENS DEVELOPMENT SDN. BHD.,Taman Inang Sari,Selangor,Klang,50,"3, 4","3, 4",,2026-07-27,2028-07-26
31028-2,31028,SETIA GARDENS DEVELOPMENT SDN. BHD.,Taman Inang Sari,Selangor,-,10,3,2,,2026-07-29,2028-07-28
31029-1,31029,RIO CHERAS SOUTH  SDN. BHD.,Residensi Rio Cheras Selatan,Selangor,Hulu Langat,823,"3, 4","2, 3",,2025-11-20,2028-11-19
31031-1,31031,PLAZA SENTOSA PROPERTIES SDN. BHD.,Skyline One Sentosa,Johor,Johor Bahru,1623,"1, 2, 3","1, 2",,2025-08-20,2028-08-19
31033-1,31033,BANTING PROPERTY DEVELOPMENT SDN. BHD.,Taman Kristal,Selangor,-,27,4,3,,2025-08-27,2027-08-26
31034-1,31034,SUNWAY MAJESTIC  SDN. BHD.,Soho Sunway Majestic,Johor,Johor Bahru,1012,"1, 2, 3","1, 2",,2025-10-06,2028-10-05
31035-1,31035,CLEMENTI LAND SDN. BHD.,Taman Sri Permai,Johor,-,19,4,4,,2025-07-21,2027-07-20
31036-1,31036,MESWARA REALTY HOLDINGS SDN. BHD.,Taman Masjid Tanah,Melaka,-,24,5,3,,2025-07-11,2027-07-10
31037-1,31037,NEXPIXEL SDN. BHD.,Taman Sentul,Negeri Sembilan,Seremban,62,4,4,,2025-08-06,2027-08-05
31038-1,31038,ELEGANCE SONATA SDN. BHD.,Laman Waringin,Selangor,-,398,4,4,,2026-06-04,2029-06-03
31039-1,31039,DASAR AFDAL (PK) SDN. BHD.,Taman Kurnia Berkat,Perak,-,26,4,2,,2026-03-27,2028-03-26
31040-1,31040,SUDI BARU REALTY  SDN. BHD.,Taman Suria Perdana,Kedah,-,15,5,5,,2025-08-06,2027-08-05
31041-1,31041,KSL BESTARI SDN. BHD.,Residensi Bestari,Selangor,-,733,"2, 3","1, 2",,2026-05-21,2029-05-20
31042-1,31042,LKNP DEVELOPMENT  SDN. BHD.,Ipil Permai 5,Pulau Pinang,-,5,4,3,,2025-10-03,2027-10-02
31046-1,31046,MIZUMI MAXIM SDN. BHD.,Residensi Maxim D'parc,Wp Kuala Lumpur,-,1116,"2, 3",2,,2026-02-04,2029-02-03
31047-1,31047,ECO GREEN PAVILION PROPERTIES  SDN. BHD.,Taman Sri Meranti,Selangor,-,52,4,3,,2025-10-09,2027-10-08
31049-1,31049,HAVERSE QUEST SDN. BHD.,Regent's Park,Johor,-,29,"6, 7",6,,2025-12-24,2027-12-23
31050-1,31050,CAHAYA TIMUR UTAMA SDN. BHD.,Taman Matrik,Kelantan,-,245,3,2,,2025-12-05,2027-12-04
31051-1,31051,ASPIRASI CEKAP SDN. BHD.,Residensi Awani Prima,Wp Kuala Lumpur,-,492,3,2,,2025-07-22,2028-07-21
31052-1,31052,MESMAJU DEVELOPMENT SDN. BHD.,Cassia Garden,Johor,Batu Pahat,24,4,4,,2026-01-21,2028-01-20
31053-1,31053,SKYWIZ REALTY SDN. BHD.,Taman Eco Seri,Melaka,Alor Gajah,130,4,3,,2026-07-21,2029-07-20
31053-2,31053,SKYWIZ REALTY SDN. BHD.,Taman Eco Seri,Melaka,Alor Gajah,48,4,2,,2026-08-13,2029-08-12
31054-1,31054,GREEN CAMOUR PROPERTY SDN. BHD.,Pangsapuri Servis Visi,Pulau Pinang,Seberang Perai Selatan,514,"3, 4","2, 3",,2026-06-04,2029-06-03
31056-1,31056,KUKUH BINA DEVELOPMENT SDN. BHD.,Taman Cheng Murni,Melaka,-,113,4,4,,2025-10-15,2027-10-14
31057-1,31057,VIP WAVES SDN. BHD.,Rimbayu Tanjung Rambutan,Perak,Kinta,22,4,2,,2025-09-09,2027-09-08
31057-2,31057,VIP WAVES SDN. BHD.,Rimbayu Tanjung Rambutan,Perak,Kinta,22,4,2,,2025-09-09,2027-09-08
31057-3,31057,VIP WAVES SDN. BHD.,Rimbayu Tanjung Rambutan,Perak,Kinta,18,4,2,,2026-01-15,2028-01-14
31058-1,31058,CHERITA DEVELOPMENT SDN. BHD.,Pangsapuri Servis Ceria,Selangor,-,286,1,1,,2025-10-15,2028-10-14
31059-1,31059,SINARAN KENCANA SDN. BHD.,Residensi Starlight,Pahang,-,270,"1, 3","2, 3",,2026-06-16,2029-06-15
31061-1,31061,PINNACLE BUKIT GAMBIER SDN. BHD.,Pinnacle Bukit Gambier,Pulau Pinang,Daerah Timor Laut,982,"3, 4","3, 4",,2025-09-23,2028-09-22
31063-1,31063,WAWARI SDN. BHD.,Bandar Wawari,Johor,-,230,4,4,,2026-03-06,2028-03-05
31063-2,31063,WAWARI SDN. BHD.,Bandar Wawari,Johor,Johor Bahru,265,4,4,,2026-03-06,2028-03-05
31063-3,31063,WAWARI SDN. BHD.,Bandar Wawari,Johor,Johor Bahru,265,4,4,,2026-03-06,2028-03-05
31063-4,31063,WAWARI SDN. BHD.,Residensi Komersial Pinggiran Sungai,Johor,Johor Bahru,1022,"2, 3","1, 2",,2026-07-09,2029-07-08
31063-5,31063,WAWARI SDN. BHD.,Residensi Komersial Pinggiran Sungai,Johor,Johor Bahru,1138,"2, 3","1, 2, 3",,2026-07-09,2029-07-08
31064-1,31064,EXSIM MX4 SDN. BHD.,D'evia Residences @ Kwasa Damansara,Selangor,-,440,"2, 3, 4",2,,2026-06-04,2029-06-03
31066-1,31066,SANJUNG BUDI SDN. BHD.,Taman Sb 1,Kelantan,Tumpat,6,3,2,,2025-08-09,2027-08-08
31066-2,31066,SANJUNG BUDI SDN. BHD.,Taman Sb 2,Kelantan,Bachok,15,3,2,,2026-08-05,2028-08-04
31068-1,31068,DAYANG GEMILANG SDN. BHD.,Taman La Casa Ara,Pulau Pinang,-,266,3,2,,2025-12-03,2028-12-02
31069-1,31069,CHESTWOOD PROPERTIES SDN. BHD.,Arena Perpaduan Utama,Perak,-,22,4,2,,2025-09-02,2027-09-01
31070-1,31070,STARHILL CENTURY SDN. BHD.,Residensi Sena,Selangor,Petaling ,2042,"3, 4",2,,2025-10-09,2028-10-08
31071-1,31071,ICG ADVISORY SDN. BHD.,Taman Berkat Makmur,Johor,Muar,8,3,2,,2026-03-03,2028-03-02
31072-1,31072,ECO KARISMA LAND SDN. BHD.,Taman Cempaka Karisma,Perak,-,116,4,3,,2025-08-05,2027-08-04
31074-1,31074,MAXIM PELANGI SDN. BHD.,Residensi Maxim Pelangi,Johor,Johor Bahru,2743,"1, 2, 3, 6","1, 2, 9",,2025-08-15,2028-08-14
31075-1,31075,SKYWORLD MUTIARA DEVELOPMENT SDN. BHD.,Skyawani Pearlmont Residences,Pulau Pinang,Seberang Perai Tengah,1846,3,2,,2025-07-17,2028-07-16
31075-2,31075,SKYWORLD MUTIARA DEVELOPMENT SDN. BHD.,Skyawani Pearlmont Residences,Pulau Pinang,Seberang Perai Tengah,2136,3,2,,2026-05-05,2029-05-04
31076-1,31076,AQUA LEGACY SDN. BHD.,Residensi Awani 6,Wp Kuala Lumpur,-,638,3,2,,2025-09-04,2028-09-03
31077-1,31077,PACIFIC SKYLINE SDN. BHD.,Residensi Kanopi (canopy Hills 2),Selangor,-,1796,3,2,,2026-08-10,2029-08-09
31078-1,31078,ARABAYU SEPAKAT SDN. BHD.,Vila Batai,Wp Kuala Lumpur,Kuala Lumpur,48,5,7,,2025-12-03,2028-12-02
31079-1,31079,SOON VILLE PROPERTY SDN. BHD.,Taman Kelemak Indah,Melaka,-,8,4,2,,2025-09-17,2027-09-16
31082-1,31082,TAT LIAN PROPERTY  SDN. BHD.,Taman Yayasan,Selangor,-,61,4,4,,2026-05-03,2028-05-02
31083-1,31083,SIN HUAT HIN LOGISTICS SDN. BHD.,Taman Desa Putera,Selangor,-,18,4,4,,2026-01-07,2028-01-06
31084-1,31084,LUX VERITAS (M) SDN. BHD.,Lot9276-the Lux @ Abadi Heights,Selangor,Sepang,40,5,4,,2025-09-17,2027-09-16
31087-1,31087,WINDSOR HOMES SDN. BHD.,Windsor Villa,Selangor,Sepang,209,"3, 4, 5","4, 5",,2026-07-01,2029-06-30
31088-1,31088,EXSIM WATERFRONT SDN. BHD.,The Lighthauz,Pulau Pinang,Daerah Timor Laut,671,"2, 3",2,,2025-10-22,2028-10-21
31088-2,31088,EXSIM WATERFRONT SDN. BHD.,Keeperz Suites,Pulau Pinang,Daerah Timor Laut,493,2,"1, 2",,2026-03-16,2029-03-15
31093-1,31093,SUNRICH CONQUEST SDN. BHD.,D'hazelton,Pulau Pinang,-,1670,3,2,,2025-11-11,2028-11-10
31095-1,31095,NILAI IMPIAN SDN. BHD.,45 Lumi @ Tambun,Perak,Kinta,45,4,4,,2025-11-26,2027-11-25
31096-1,31096,SINARAN URUSJUTA SDN. BHD.,Divine Klcc,Wp Kuala Lumpur,-,1033,"1, 2, 3","1, 2, 3",,2026-06-21,2029-06-20
31097-1,31097,VIP NATURE SDN. BHD.,Menglembu Avenue,Perak,Kinta,66,4,2,,2025-08-30,2027-08-29
31099-1,31099,JUBIMAS SDN. BHD.,"Perumahan Lot 52900, Taman Kijal Meraga 2",Terengganu,-,15,3,2,,2025-11-17,2027-11-16
31100-1,31100,EXSIM LUMBA KUDA SDN. BHD.,Residensi Dataran Selatan (dover Tower),Johor,-,1527,"1, 2, 3","1, 2",,2025-11-05,2028-11-04
31100-2,31100,EXSIM LUMBA KUDA SDN. BHD.,Residensi Dataran Selatan (brixton Tower),Johor,-,1257,"1, 2, 3","1, 2",,2025-11-05,2028-11-04
31100-3,31100,EXSIM LUMBA KUDA SDN. BHD.,Residensi Dataran Selatan (axis Tower),Johor,-,908,"1, 2","1, 2",,2025-11-05,2028-11-04
31100-4,31100,EXSIM LUMBA KUDA SDN. BHD.,Residensi Dataran Selatan (coven Tower),Johor,-,833,"1, 2, 3","1, 2",,2026-06-26,2029-06-25
31101-1,31101,KIRANAMAZ PROPERTY SDN. BHD.,Residensi Galaksi (aurum/andaman),Selangor,Petaling ,2446,"2, 3","2, 3",,2026-01-05,2029-01-04
31104-1,31104,TWL USJ HEIGHTS SDN. BHD.,Pangsapuri Gemilang Twl,Selangor,-,746,3,2,,2025-10-10,2028-10-09
31105-1,31105,ECOPARK PROPERTIES SDN. BHD.,Serene Park,Melaka,-,50,4,2,,2026-01-19,2028-01-18
31110-1,31110,PINTARAN MAJU DEVELOPMENT SDN. BHD.,Taman Andalas Jaya,Selangor,Klang,29,4,3,,2026-01-30,2028-01-29
31111-1,31111,GOLDEN PENINSULAR CAPITAL SDN. BHD.,Taman Bestari Jenjarom,Selangor,Kuala Langat,30,4,4,,2026-07-02,2028-07-01
31112-1,31112,GOLDEN ALDERWOOD PROPERTIES SDN. BHD.,Residensi Alderwood,Wp Kuala Lumpur,Kuala Lumpur,186,3,3,,2026-01-06,2029-01-05
31114-1,31114,BON ENCLAVE SDN. BHD.,Taman Nadayu,Selangor,-,10,6,8,,2026-02-10,2028-02-09
31116-1,31116,JAYAMAS HARMONY SDN. BHD.,Taman Gemilang 2,Kedah,Pendang,28,4,2,,2025-12-02,2027-12-01
31117-1,31117,SEVENTEEN DEVELOPMENT SDN. BHD.,Taman Enggang Indah,Selangor,-,22,4,2,,2026-06-18,2028-06-17
31119-1,31119,SERIBU JUTA PROPERTIES SDN. BHD.,Padang Kubang Siam,Terengganu,-,23,3,2,,2026-07-23,2028-07-22
31121-1,31121,SD ARA DAMANSARA DEVELOPMENT SDN. BHD.,Arra Residences,Selangor,-,500,"2, 3",2,,2026-04-03,2029-04-02
31121-2,31121,SD ARA DAMANSARA DEVELOPMENT SDN. BHD.,Arra Residences,Selangor,-,350,2,2,,2026-04-03,2029-04-02
31124-1,31124,SEVENCO PRESTIGE SDN. BHD.,Sevenco Prestige Sdn. Bhd.,Pulau Pinang,-,420,3,2,,2026-05-19,2029-05-18
31126-1,31126,EASTERN & ORIENTAL EXPRESS SDN. BHD.,Residensi Seri Embun,Selangor,-,360,5,4,,2026-01-06,2029-01-05
31129-1,31129,IKL HEIGHTS SDN. BHD.,Taman Abadi Heights,Selangor,Sepang,18,5,6,,2026-08-11,2028-08-10
31130-1,31130,STEADFAST CAPITAL GROUP SDN. BHD.,Taman Laguna,Johor,-,45,5,6,,2025-12-24,2027-12-23
31132-1,31132,ANCUBIC PJ SDN. BHD.,Residensi Ros Ria,Selangor,-,480,"1, 2, 3","1, 2",,2026-03-03,2029-03-02
31135-1,31135,ECO BOTANIC 3  SDN. BHD.,Presint Botani 1,Johor,Johor Bahru,721,4,"3, 4",,2025-08-29,2028-08-28
31135-2,31135,ECO BOTANIC 3  SDN. BHD.,Presint Botani 2,Johor,-,125,4,4,,2025-12-24,2028-12-23
31135-3,31135,ECO BOTANIC 3  SDN. BHD.,Presint Botani 2,Johor,-,100,4,4,,2025-12-24,2028-12-23
31135-4,31135,ECO BOTANIC 3  SDN. BHD.,Presint Botani 2,Johor,-,115,4,4,,2025-12-24,2028-12-23
31135-5,31135,ECO BOTANIC 3  SDN. BHD.,Presint Botani 2,Johor,-,182,4,4,,2025-12-24,2028-12-23
31135-6,31135,ECO BOTANIC 3  SDN. BHD.,Presint Botani 2,Johor,-,119,4,4,,2025-12-24,2028-12-23
31135-7,31135,ECO BOTANIC 3  SDN. BHD.,Presint Botani 2,Johor,-,125,4,4,,2025-12-24,2028-12-23
31139-1,31139,KHUAN CHOO SDN. BHD.,Mutiara Kempas,Johor,Johor Bahru,562,"2, 3","2, 3",,2026-04-09,2029-04-08
31141-1,31141,CTC SKYLINE DEVELOPMENT  SDN. BHD.,Residensi Skyone,Johor,Johor Bahru,1605,"1, 3, 8","2, 3, 5",,2025-12-24,2028-12-23
31148-1,31148,ALAM MAJU LAND SDN. BHD.,Taman Bunga Raya,Kedah,-,18,3,2,,2025-11-20,2027-11-19
31149-1,31149,PGB DESA HEIGHTS SDN. BHD.,Residensi Danga Paragon 1,Johor,-,1274,"1, 2, 3","1, 2, 3",,2025-12-24,2028-12-23
31154-1,31154,YASHI LAND  SDN. BHD.,Taman Bukit Skudai,Johor,-,120,4,4,,2026-04-14,2028-04-13
31157-1,31157,MIDTOWN SANCTUARY SDN. BHD.,Residensi Aethera,Johor,-,786,"1, 2, 3, 4","1, 2, 4",,2025-12-24,2028-12-23
31158-1,31158,KUKUH DINAMIK EKSPRES SDN. BHD.,Residensi Peel,Wp Kuala Lumpur,Kuala Lumpur,406,"2, 3, 4","2, 3, 4",,2026-02-09,2029-02-08
31159-1,31159,HARTAWAN DEVELOPMENT SDN. BHD.,Taman Hartawan Residen,Melaka,-,133,4,4,,2026-01-30,2029-01-29
31159-2,31159,HARTAWAN DEVELOPMENT SDN. BHD.,Taman Paya Rumput Mutiara,Melaka,-,296,3,2,,2026-06-26,2028-06-25
31169-1,31169,HW MURNI DEVELOPMENT SDN. BHD.,Taman Pd Murni,Negeri Sembilan,-,29,"3, 4",2,,2026-07-20,2028-07-19
31172-1,31172,SERI BUMI MAKMUR SDN. BHD.,Taman Perakku Impian,Perak,-,101,3,2,,2026-06-05,2028-06-04
31173-1,31173,FAIRVIEW CORPORATION SDN. BHD.,Keruing Bayu,Selangor,-,40,4,5,,2026-07-03,2028-07-02
31179-1,31179,ASTANA HARMONI   SDN. BHD.,Osk Areca,Negeri Sembilan,Seremban,944,"1, 2","1, 2",,2025-11-04,2028-11-03
31183-1,31183,JUBLI JELITA SDN. BHD.,Taman Oscar,Selangor,-,17,4,"4, 5",,2026-07-22,2028-07-21
31185-1,31185,DRAGON KNOWLEDGE SDN. BHD.,Perumahan Makmur Sepayang Jaya - Fasa 1,Pahang,Rompin,108,3,2,,2025-12-28,2027-12-27
31189-1,31189,TOUCHSTONE SETIA ALAM SDN. BHD.,Pangsapuri Angsana,Selangor,Petaling ,864,"3, 4","2, 3",,2026-06-19,2029-06-18
31192-1,31192,MAGMA KIARA SDN. BHD.,Menara Dutamas,Wp Kuala Lumpur,-,476,"1, 2, 3","1, 2, 3",,2026-07-07,2029-07-06
31193-1,31193,ASPIRA GARDENS SDN. BHD.,Cantonment Residence,Pulau Pinang,-,128,4,"3, 4, 5",,2026-07-01,2029-06-30
31197-1,31197,AMANSETIA  AGROTECH SDN. BHD.,Nadiman,Pahang,-,23,4,2,,2026-07-31,2028-07-30
31199-1,31199,MEGATECH PROPERTIES SDN. BHD.,Taman Bandar Baharu Kijal,Terengganu,-,30,3,2,,2025-12-07,2027-12-06
31202-1,31202,EC VANTAGE SDN. BHD.,Residensi Warisan Salak Selatan,Wp Kuala Lumpur,Kuala Lumpur,1310,3,2,,2026-06-18,2029-06-17
31205-1,31205,PANORAMA KREATIF  SDN. BHD.,Taman Klebang Emas,Perak,Kinta,79,4,2,,2026-02-10,2028-02-09
31206-1,31206,PEMAJU KELANG LAMA SDN. BHD.,Taman Himalaya,Pulau Pinang,-,30,3,4,,2026-05-19,2028-05-18
31210-1,31210,KENTING PAVILION DEVELOPMENT  SDN. BHD.,Taman Bentara,Selangor,-,64,4,3,,2026-01-02,2028-01-01
31212-1,31212,TRISTAR ACRES SDN. BHD.,Taman Senawang Perdana,Negeri Sembilan,-,151,4,2,,2026-01-19,2028-01-18
31218-1,31218,HARTA TEMASEK SDN. BHD.,Klebang Temasek,Perak,Kinta,53,4,2,,2026-03-25,2028-03-24
31219-1,31219,GD SMART TOWNSHIP SDN. BHD.,Menara Gd,Wp Kuala Lumpur,-,785,"1, 2, 3, 5","1, 2, 3, 5",,2026-04-03,2029-04-02
31220-1,31220,BETARA GEMALA SDN. BHD.,Taman Seri Bemban Baru,Perak,-,87,4,2,,2026-02-11,2028-02-10
31223-1,31223,MLK TEGUH  SDN. BHD.,Apartmen Botanika,Johor,-,304,5,"6, 7",,2026-03-11,2029-03-10
31230-1,31230,PARKCITY DAMANSARA SDN. BHD.,Zenia,Selangor,Petaling ,260,5,6,,2026-02-25,2029-02-24
31230-2,31230,PARKCITY DAMANSARA SDN. BHD.,Zenia,Selangor,Petaling ,182,5,6,,2026-02-25,2029-02-24
31230-3,31230,PARKCITY DAMANSARA SDN. BHD.,Zenia,Selangor,Petaling ,643,4,5,,2026-03-17,2029-03-16
31232-1,31232,MELISSA VALLEY SDN. BHD.,Taman Kejora 2,Kedah,-,29,5,5,,2026-03-06,2028-03-05
31235-1,31235,CONTINUM SG LONG  SDN. BHD.,Residensi Safron,Selangor,-,329,"4, 5","2, 3",,2026-05-18,2029-05-17
31243-1,31243,KEMAJUAN CEKAP CEMERLANG SDN. BHD.,Taman Rambai Idaman 1,Melaka,-,16,4,2,,2026-04-17,2028-04-16
31243-2,31243,KEMAJUAN CEKAP CEMERLANG SDN. BHD.,Taman Rambai Idaman,Melaka,-,7,4,3,,2026-04-17,2028-04-16
31247-1,31247,ASTANA SETIA & EURO SAGA  SDN. BHD.,Residensi Tepian Tasik,Wp Kuala Lumpur,Kuala Lumpur,1186,3,2,,2026-01-27,2029-01-26
31251-1,31251,M ARIA SDN. BHD.,Residensi M Aria,Wp Kuala Lumpur,-,606,"3, 4",2,,2026-01-14,2029-01-13
31252-1,31252,KEMAMAN BESTARI SDN. BHD.,Taman Bandar Baharu Kijal,Terengganu,-,29,3,2,,2026-03-31,2028-03-30
31254-1,31254,KNK LAND DEVELOPMENT SDN. BHD.,Taman Kristal Banting,Selangor,-,29,4,4,,2026-05-13,2028-05-12
31257-1,31257,HEKTAR GIAT SDN. BHD.,Residensi Dahlia,Selangor,-,356,"4, 5","2, 3, 6",,2026-08-04,2029-08-03
31260-1,31260,EIGHTLY DEVELOPMENT  SDN. BHD.,Taman Megah,Johor,-,10,4,3,,2026-06-20,2028-06-19
31261-1,31261,REDHILL FRONTIER SDN. BHD.,Redhill@seri Alam,Johor,-,113,4,4,,2026-03-02,2028-03-01
31261-2,31261,REDHILL FRONTIER SDN. BHD.,Redhill@seri Alam,Johor,-,118,4,4,,2026-06-04,2028-06-03
31263-1,31263,PARAMOUNT LIFESTYLE SDN. BHD.,Residensi Legasi Pinus,Johor,-,970,"1, 2, 3","2, 3",,2026-04-28,2029-04-27
31265-1,31265,SRI SEROM DEVELOPMENT SDN. BHD.,Lot 174,Johor,-,16,4,4,,2026-07-07,2028-07-06
31271-1,31271,MERANTI DEVELOPMENT SDN. BHD.,Meranti Avenue,Perak,-,16,"4, 5","2, 3",,2026-07-31,2028-07-30
31274-1,31274,MODERN PLUS  SDN. BHD.,Aosis Mont Kiara,Wp Kuala Lumpur,-,244,"3, 4, 5","4, 5, 6",,2026-04-10,2029-04-09
31276-1,31276,GAINLAND PROPERTIES SDN. BHD.,Taman Serom 7 Utama,Johor,-,12,3,2,,2026-06-08,2028-06-07
31278-1,31278,NILAI UNGGUL PROPERTIES SDN. BHD.,"Perumahan Lot 4329, Taman Kijal Kemuning 2",Terengganu,-,25,3,2,,2026-04-27,2028-04-26
31282-1,31282,SKYWORLD CASSIA DEVELOPMENT SDN. BHD.,Skyawani Cassia Residences 1,Pulau Pinang,-,3600,3,2,,2026-06-25,2029-06-24
31293-1,31293,SUNSURIA DAMANSARA SDN. BHD.,Residensi Ria,Selangor,-,520,5,5,,2026-08-07,2029-08-06
31303-1,31303,BINA SERI SUMBANG SDN. BHD.,Pusing Perdana,Perak,-,43,4,2,,2026-07-03,2028-07-02
31309-1,31309,GJH CHEMARA  SDN. BHD.,Taman Bukit Chemara,Negeri Sembilan,-,22,7,7,,2026-08-13,2028-08-12
31310-1,31310,RASA WANGI DEVELOPMENT SDN. BHD.,Residensi Radium Evara,Wp Kuala Lumpur,-,797,"3, 4","2, 3",,2026-07-24,2029-07-23
31312-1,31312,FUMA REALTY  SDN. BHD.,Taman Simpang Bekoh Impian,Melaka,-,21,4,2,,2026-07-07,2028-07-06
31316-1,31316,SETIA HARTAMAS LAND SDN. BHD.,Bandar Baru Kutan Perdana,Kelantan,Tumpat,173,3,2,,2026-08-14,2028-08-13
31318-1,31318,YTVS HOLDINGS SDN. BHD.,Casa Putri,Terengganu,Kemaman,14,4,2,,2026-08-04,2028-08-03
31329-1,31329,MENANG SEJAHTERA SDN. BHD.,Residensi Melati,Wp Kuala Lumpur,-,725,3,2,,2026-07-07,2029-07-06
31332-1,31332,BINASTRA SYNERGY SDN. BHD.,Binastra Cochrane,Wp Kuala Lumpur,Kuala Lumpur,830,"2, 3","2, 3",,2026-07-02,2029-07-01
31334-1,31334,KIARA SQUARE SDN. BHD.,Residensi Damaisari 2,Selangor,-,928,"1, 3, 4","1, 2, 3",,2026-07-02,2029-07-01
31348-1,31348,EKSTRA DEVELOPMENT SDN.BHD.,Rimbun Damai Residensi,Perak,-,32,4,3,,2026-07-02,2028-07-01
31349-1,31349,STC SUPERB DEVELOPMENT  SDN. BHD.,Taman Intan,Johor,-,17,4,3,,2026-06-21,2028-06-20
31353-1,31353,SINAJAYA KAPITAL SDN. BHD.,Impiana Residensi @ Klebang,Perak,-,39,4,2,,2026-07-21,2028-07-20
31367-1,31367,EOI SDN. BHD.,Residensi Komersial Atlas,Johor,-,734,3,"2, 3",,2026-07-20,2029-07-19
31374-1,31374,GRIPLAND DEVELOPMENT SDN. BHD.,Taman Malim Jaya,Perak,-,27,4,3,,2026-08-17,2028-08-16
31375-1,31375,FAITHVIEW HOLDING  SDN. BHD.,Ambience Residence,Melaka,Melaka Tengah,620,"2, 3",2,,2026-07-22,2029-07-21
31388-1,31388,STOCKLAND DEVELOPMENT SDN. BHD.,Taman Grandis Simpulai,Perak,-,99,4,2,,2026-07-07,2028-07-06
31400-1,31400,HONOR PROFILE SDN. BHD.,Taman Seremban Heights,Negeri Sembilan,-,94,5,5,,2026-08-05,2028-08-04
31410-1,31410,KEJORA BITARA SDN. BHD.,Taman Bakri Jaya,Johor,-,20,4,5,,,
31423-1,31423,MOUNTAIN BRIDGE (SP) SDN. BHD.,Desa Restu 4,Selangor,-,30,"4, 14","3, 10",,2026-08-10,2028-08-09
