week,project_key,tracker,project,unit_type,sold,seen
2026-08-12,straits-view-duo,johor,The Straits View Duo,A,128,378
2026-08-12,straits-view-duo,johor,The Straits View Duo,A1,4,8
2026-08-12,straits-view-duo,johor,The Straits View Duo,A2,1,2
2026-08-12,straits-view-duo,johor,The Straits View Duo,B,76,160
2026-08-12,straits-view-duo,johor,The Straits View Duo,B1,21,53
2026-08-12,straits-view-duo,johor,The Straits View Duo,B2,3,4
2026-08-12,straits-view-duo,johor,The Straits View Duo,C,61,108
2026-08-12,straits-view-duo,johor,The Straits View Duo,C1,2,2
2026-08-12,permas-heights,johor,Permas Heights,A,307,600
2026-08-12,permas-heights,johor,Permas Heights,B,329,600
2026-08-12,permas-heights,johor,Permas Heights,C,301,750
2026-08-12,parkland-phase-1,johor,Parkland by the River,A,129,180
2026-08-12,parkland-phase-1,johor,Parkland by the River,B,265,418
2026-08-12,parkland-phase-1,johor,Parkland by the River,C,272,480
2026-08-12,parkland-phase-2,johor,Parkland by the River,A,86,178
2026-08-12,parkland-phase-2,johor,Parkland by the River,B,177,420
2026-08-12,parkland-phase-2,johor,Parkland by the River,C,123,480
2026-08-13,straits-view-duo,johor,The Straits View Duo,A,128,378
2026-08-13,straits-view-duo,johor,The Straits View Duo,A1,4,8
2026-08-13,straits-view-duo,johor,The Straits View Duo,A2,1,2
2026-08-13,straits-view-duo,johor,The Straits View Duo,B,76,160
2026-08-13,straits-view-duo,johor,The Straits View Duo,B1,21,53
2026-08-13,straits-view-duo,johor,The Straits View Duo,B2,3,4
2026-08-13,straits-view-duo,johor,The Straits View Duo,C,61,108
2026-08-13,straits-view-duo,johor,The Straits View Duo,C1,2,2
2026-08-13,permas-heights,johor,Permas Heights,A,307,600
2026-08-13,permas-heights,johor,Permas Heights,B,330,600
2026-08-13,permas-heights,johor,Permas Heights,C,301,750
2026-08-13,parkland-phase-1,johor,Parkland by the River,A,129,180
2026-08-13,parkland-phase-1,johor,Parkland by the River,B,265,418
2026-08-13,parkland-phase-1,johor,Parkland by the River,C,272,480
2026-08-13,parkland-phase-2,johor,Parkland by the River,A,86,178
2026-08-13,parkland-phase-2,johor,Parkland by the River,B,177,420
2026-08-13,parkland-phase-2,johor,Parkland by the River,C,123,480
2026-08-14,straits-view-duo,johor,The Straits View Duo,A,129,378
2026-08-14,straits-view-duo,johor,The Straits View Duo,A1,4,8
2026-08-14,straits-view-duo,johor,The Straits View Duo,A2,1,2
2026-08-14,straits-view-duo,johor,The Straits View Duo,B,76,160
2026-08-14,straits-view-duo,johor,The Straits View Duo,B1,21,53
2026-08-14,straits-view-duo,johor,The Straits View Duo,B2,3,4
2026-08-14,straits-view-duo,johor,The Straits View Duo,C,61,108
2026-08-14,straits-view-duo,johor,The Straits View Duo,C1,2,2
2026-08-14,permas-heights,johor,Permas Heights,A,309,600
2026-08-14,permas-heights,johor,Permas Heights,B,331,600
2026-08-14,permas-heights,johor,Permas Heights,C,302,750
2026-08-14,parkland-phase-1,johor,Parkland by the River,A,129,180
2026-08-14,parkland-phase-1,johor,Parkland by the River,B,265,418
2026-08-14,parkland-phase-1,johor,Parkland by the River,C,272,480
2026-08-14,parkland-phase-2,johor,Parkland by the River,A,86,178
2026-08-14,parkland-phase-2,johor,Parkland by the River,B,177,420
2026-08-14,parkland-phase-2,johor,Parkland by the River,C,123,480
2026-08-15,straits-view-duo,johor,The Straits View Duo,A,130,378
2026-08-15,straits-view-duo,johor,The Straits View Duo,A1,4,8
2026-08-15,straits-view-duo,johor,The Straits View Duo,A2,1,2
2026-08-15,straits-view-duo,johor,The Straits View Duo,B,76,160
2026-08-15,straits-view-duo,johor,The Straits View Duo,B1,21,53
2026-08-15,straits-view-duo,johor,The Straits View Duo,B2,3,4
2026-08-15,straits-view-duo,johor,The Straits View Duo,C,61,108
2026-08-15,straits-view-duo,johor,The Straits View Duo,C1,2,2
2026-08-15,permas-heights,johor,Permas Heights,A,313,600
2026-08-15,permas-heights,johor,Permas Heights,B,332,600
2026-08-15,permas-heights,johor,Permas Heights,C,305,750
2026-08-15,parkland-phase-1,johor,Parkland by the River,A,129,180
2026-08-15,parkland-phase-1,johor,Parkland by the River,B,265,418
2026-08-15,parkland-phase-1,johor,Parkland by the River,C,272,480
2026-08-15,parkland-phase-2,johor,Parkland by the River,A,87,178
2026-08-15,parkland-phase-2,johor,Parkland by the River,B,178,420
2026-08-15,parkland-phase-2,johor,Parkland by the River,C,123,480
2026-08-16,straits-view-duo,johor,The Straits View Duo,A,130,378
2026-08-16,straits-view-duo,johor,The Straits View Duo,A1,4,8
2026-08-16,straits-view-duo,johor,The Straits View Duo,A2,1,2
2026-08-16,straits-view-duo,johor,The Straits View Duo,B,76,160
2026-08-16,straits-view-duo,johor,The Straits View Duo,B1,21,53
2026-08-16,straits-view-duo,johor,The Straits View Duo,B2,3,4
2026-08-16,straits-view-duo,johor,The Straits View Duo,C,61,108
2026-08-16,straits-view-duo,johor,The Straits View Duo,C1,2,2
2026-08-16,permas-heights,johor,Permas Heights,A,313,600
2026-08-16,permas-heights,johor,Permas Heights,B,332,600
2026-08-16,permas-heights,johor,Permas Heights,C,305,750
2026-08-16,parkland-phase-1,johor,Parkland by the River,A,129,180
2026-08-16,parkland-phase-1,johor,Parkland by the River,B,265,418
2026-08-16,parkland-phase-1,johor,Parkland by the River,C,272,480
2026-08-16,parkland-phase-2,johor,Parkland by the River,A,87,178
2026-08-16,parkland-phase-2,johor,Parkland by the River,B,178,420
2026-08-16,parkland-phase-2,johor,Parkland by the River,C,123,480
2026-08-17,straits-view-duo,johor,The Straits View Duo,A,130,378
2026-08-17,straits-view-duo,johor,The Straits View Duo,A1,4,8
2026-08-17,straits-view-duo,johor,The Straits View Duo,A2,1,2
2026-08-17,straits-view-duo,johor,The Straits View Duo,B,76,160
2026-08-17,straits-view-duo,johor,The Straits View Duo,B1,21,53
2026-08-17,straits-view-duo,johor,The Straits View Duo,B2,3,4
2026-08-17,straits-view-duo,johor,The Straits View Duo,C,61,108
2026-08-17,straits-view-duo,johor,The Straits View Duo,C1,2,2
2026-08-17,permas-heights,johor,Permas Heights,A,313,600
2026-08-17,permas-heights,johor,Permas Heights,B,332,600
2026-08-17,permas-heights,johor,Permas Heights,C,305,750
2026-08-17,parkland-phase-1,johor,Parkland by the River,A,129,180
2026-08-17,parkland-phase-1,johor,Parkland by the River,B,265,418
2026-08-17,parkland-phase-1,johor,Parkland by the River,C,272,480
2026-08-17,parkland-phase-2,johor,Parkland by the River,A,87,178
2026-08-17,parkland-phase-2,johor,Parkland by the River,B,178,420
2026-08-17,parkland-phase-2,johor,Parkland by the River,C,123,480
2026-08-18,straits-view-duo,johor,The Straits View Duo,A,130,378
2026-08-18,straits-view-duo,johor,The Straits View Duo,A1,4,8
2026-08-18,straits-view-duo,johor,The Straits View Duo,A2,1,2
2026-08-18,straits-view-duo,johor,The Straits View Duo,B,76,160
2026-08-18,straits-view-duo,johor,The Straits View Duo,B1,21,53
2026-08-18,straits-view-duo,johor,The Straits View Duo,B2,3,4
2026-08-18,straits-view-duo,johor,The Straits View Duo,C,61,108
2026-08-18,straits-view-duo,johor,The Straits View Duo,C1,2,2
2026-08-18,permas-heights,johor,Permas Heights,A,313,600
2026-08-18,permas-heights,johor,Permas Heights,B,333,600
2026-08-18,permas-heights,johor,Permas Heights,C,305,750
2026-08-18,parkland-phase-1,johor,Parkland by the River,A,129,180
2026-08-18,parkland-phase-1,johor,Parkland by the River,B,265,418
2026-08-18,parkland-phase-1,johor,Parkland by the River,C,272,480
2026-08-18,parkland-phase-2,johor,Parkland by the River,A,87,178
2026-08-18,parkland-phase-2,johor,Parkland by the River,B,178,420
2026-08-18,parkland-phase-2,johor,Parkland by the River,C,123,480
2026-08-19,straits-view-duo,johor,The Straits View Duo,A,131,378
2026-08-19,straits-view-duo,johor,The Straits View Duo,A1,4,8
2026-08-19,straits-view-duo,johor,The Straits View Duo,A2,1,2
2026-08-19,straits-view-duo,johor,The Straits View Duo,B,77,160
2026-08-19,straits-view-duo,johor,The Straits View Duo,B1,21,53
2026-08-19,straits-view-duo,johor,The Straits View Duo,B2,3,4
2026-08-19,straits-view-duo,johor,The Straits View Duo,C,63,108
2026-08-19,straits-view-duo,johor,The Straits View Duo,C1,2,2
2026-08-19,permas-heights,johor,Permas Heights,A,315,600
2026-08-19,permas-heights,johor,Permas Heights,B,333,600
2026-08-19,permas-heights,johor,Permas Heights,C,305,750
2026-08-19,parkland-phase-1,johor,Parkland by the River,A,130,180
2026-08-19,parkland-phase-1,johor,Parkland by the River,B,265,418
2026-08-19,parkland-phase-1,johor,Parkland by the River,C,272,480
2026-08-19,parkland-phase-2,johor,Parkland by the River,A,87,178
2026-08-19,parkland-phase-2,johor,Parkland by the River,B,179,420
2026-08-19,parkland-phase-2,johor,Parkland by the River,C,123,480
2026-08-20,straits-view-duo,johor,The Straits View Duo,A,131,378
2026-08-20,straits-view-duo,johor,The Straits View Duo,A1,4,8
2026-08-20,straits-view-duo,johor,The Straits View Duo,A2,1,2
2026-08-20,straits-view-duo,johor,The Straits View Duo,B,77,160
2026-08-20,straits-view-duo,johor,The Straits View Duo,B1,21,53
2026-08-20,straits-view-duo,johor,The Straits View Duo,B2,3,4
2026-08-20,straits-view-duo,johor,The Straits View Duo,C,63,108
2026-08-20,straits-view-duo,johor,The Straits View Duo,C1,2,2
2026-08-20,permas-heights,johor,Permas Heights,A,315,600
2026-08-20,permas-heights,johor,Permas Heights,B,333,600
2026-08-20,permas-heights,johor,Permas Heights,C,305,750
2026-08-20,parkland-phase-1,johor,Parkland by the River,A,130,180
2026-08-20,parkland-phase-1,johor,Parkland by the River,B,265,418
2026-08-20,parkland-phase-1,johor,Parkland by the River,C,272,480
2026-08-20,parkland-phase-2,johor,Parkland by the River,A,87,178
2026-08-20,parkland-phase-2,johor,Parkland by the River,B,179,420
2026-08-20,parkland-phase-2,johor,Parkland by the River,C,123,480
2026-08-21,straits-view-duo,johor,The Straits View Duo,A,131,378
2026-08-21,straits-view-duo,johor,The Straits View Duo,A1,4,8
2026-08-21,straits-view-duo,johor,The Straits View Duo,A2,1,2
2026-08-21,straits-view-duo,johor,The Straits View Duo,B,77,160
2026-08-21,straits-view-duo,johor,The Straits View Duo,B1,21,53
2026-08-21,straits-view-duo,johor,The Straits View Duo,B2,3,4
2026-08-21,straits-view-duo,johor,The Straits View Duo,C,63,108
2026-08-21,straits-view-duo,johor,The Straits View Duo,C1,2,2
2026-08-21,permas-heights,johor,Permas Heights,A,315,600
2026-08-21,permas-heights,johor,Permas Heights,B,334,600
2026-08-21,permas-heights,johor,Permas Heights,C,305,750
2026-08-21,parkland-phase-1,johor,Parkland by the River,A,130,180
2026-08-21,parkland-phase-1,johor,Parkland by the River,B,265,418
2026-08-21,parkland-phase-1,johor,Parkland by the River,C,272,480
2026-08-21,parkland-phase-2,johor,Parkland by the River,A,87,178
2026-08-21,parkland-phase-2,johor,Parkland by the River,B,181,420
2026-08-21,parkland-phase-2,johor,Parkland by the River,C,123,480
2026-08-22,straits-view-duo,johor,The Straits View Duo,A,131,378
2026-08-22,straits-view-duo,johor,The Straits View Duo,A1,4,8
2026-08-22,straits-view-duo,johor,The Straits View Duo,A2,1,2
2026-08-22,straits-view-duo,johor,The Straits View Duo,B,77,160
2026-08-22,straits-view-duo,johor,The Straits View Duo,B1,21,53
2026-08-22,straits-view-duo,johor,The Straits View Duo,B2,3,4
2026-08-22,straits-view-duo,johor,The Straits View Duo,C,63,108
2026-08-22,straits-view-duo,johor,The Straits View Duo,C1,2,2
2026-08-22,permas-heights,johor,Permas Heights,A,315,600
2026-08-22,permas-heights,johor,Permas Heights,B,334,600
2026-08-22,permas-heights,johor,Permas Heights,C,305,750
2026-08-22,parkland-phase-1,johor,Parkland by the River,A,130,180
2026-08-22,parkland-phase-1,johor,Parkland by the River,B,265,418
2026-08-22,parkland-phase-1,johor,Parkland by the River,C,272,480
2026-08-22,parkland-phase-2,johor,Parkland by the River,A,87,178
2026-08-22,parkland-phase-2,johor,Parkland by the River,B,181,420
2026-08-22,parkland-phase-2,johor,Parkland by the River,C,123,480
2026-08-23,straits-view-duo,johor,The Straits View Duo,A,132,378
2026-08-23,straits-view-duo,johor,The Straits View Duo,A1,4,8
2026-08-23,straits-view-duo,johor,The Straits View Duo,A2,1,2
2026-08-23,straits-view-duo,johor,The Straits View Duo,B,77,160
2026-08-23,straits-view-duo,johor,The Straits View Duo,B1,21,53
2026-08-23,straits-view-duo,johor,The Straits View Duo,B2,3,4
2026-08-23,straits-view-duo,johor,The Straits View Duo,C,63,108
2026-08-23,straits-view-duo,johor,The Straits View Duo,C1,2,2
2026-08-23,permas-heights,johor,Permas Heights,A,317,600
2026-08-23,permas-heights,johor,Permas Heights,B,335,600
2026-08-23,permas-heights,johor,Permas Heights,C,307,750
2026-08-23,parkland-phase-1,johor,Parkland by the River,A,130,180
2026-08-23,parkland-phase-1,johor,Parkland by the River,B,265,418
2026-08-23,parkland-phase-1,johor,Parkland by the River,C,272,480
2026-08-23,parkland-phase-2,johor,Parkland by the River,A,87,178
2026-08-23,parkland-phase-2,johor,Parkland by the River,B,181,420
2026-08-23,parkland-phase-2,johor,Parkland by the River,C,124,480
2026-08-24,straits-view-duo,johor,The Straits View Duo,A,132,378
2026-08-24,straits-view-duo,johor,The Straits View Duo,A1,4,8
2026-08-24,straits-view-duo,johor,The Straits View Duo,A2,1,2
2026-08-24,straits-view-duo,johor,The Straits View Duo,B,77,160
2026-08-24,straits-view-duo,johor,The Straits View Duo,B1,21,53
2026-08-24,straits-view-duo,johor,The Straits View Duo,B2,3,4
2026-08-24,straits-view-duo,johor,The Straits View Duo,C,63,108
2026-08-24,straits-view-duo,johor,The Straits View Duo,C1,2,2
2026-08-24,permas-heights,johor,Permas Heights,A,317,600
2026-08-24,permas-heights,johor,Permas Heights,B,335,600
2026-08-24,permas-heights,johor,Permas Heights,C,307,750
2026-08-24,parkland-phase-1,johor,Parkland by the River,A,130,180
2026-08-24,parkland-phase-1,johor,Parkland by the River,B,265,418
2026-08-24,parkland-phase-1,johor,Parkland by the River,C,272,480
2026-08-24,parkland-phase-2,johor,Parkland by the River,A,87,178
2026-08-24,parkland-phase-2,johor,Parkland by the River,B,181,420
2026-08-24,parkland-phase-2,johor,Parkland by the River,C,124,480
2026-08-25,straits-view-duo,johor,The Straits View Duo,A,132,378
2026-08-25,straits-view-duo,johor,The Straits View Duo,A1,4,8
2026-08-25,straits-view-duo,johor,The Straits View Duo,A2,1,2
2026-08-25,straits-view-duo,johor,The Straits View Duo,B,78,160
2026-08-25,straits-view-duo,johor,The Straits View Duo,B1,21,53
2026-08-25,straits-view-duo,johor,The Straits View Duo,B2,3,4
2026-08-25,straits-view-duo,johor,The Straits View Duo,C,63,108
2026-08-25,straits-view-duo,johor,The Straits View Duo,C1,2,2
2026-08-25,permas-heights,johor,Permas Heights,A,317,600
2026-08-25,permas-heights,johor,Permas Heights,B,335,600
2026-08-25,permas-heights,johor,Permas Heights,C,307,750
2026-08-25,parkland-phase-1,johor,Parkland by the River,A,130,180
2026-08-25,parkland-phase-1,johor,Parkland by the River,B,265,418
2026-08-25,parkland-phase-1,johor,Parkland by the River,C,272,480
2026-08-25,parkland-phase-2,johor,Parkland by the River,A,88,178
2026-08-25,parkland-phase-2,johor,Parkland by the River,B,181,420
2026-08-25,parkland-phase-2,johor,Parkland by the River,C,125,480
2026-08-26,straits-view-duo,johor,The Straits View Duo,A,132,378
2026-08-26,straits-view-duo,johor,The Straits View Duo,A1,4,8
2026-08-26,straits-view-duo,johor,The Straits View Duo,A2,1,2
2026-08-26,straits-view-duo,johor,The Straits View Duo,B,78,160
2026-08-26,straits-view-duo,johor,The Straits View Duo,B1,21,53
2026-08-26,straits-view-duo,johor,The Straits View Duo,B2,3,4
2026-08-26,straits-view-duo,johor,The Straits View Duo,C,63,108
2026-08-26,straits-view-duo,johor,The Straits View Duo,C1,2,2
2026-08-26,permas-heights,johor,Permas Heights,A,317,600
2026-08-26,permas-heights,johor,Permas Heights,B,336,600
2026-08-26,permas-heights,johor,Permas Heights,C,308,750
2026-08-26,parkland-phase-1,johor,Parkland by the River,A,130,180
2026-08-26,parkland-phase-1,johor,Parkland by the River,B,265,418
2026-08-26,parkland-phase-1,johor,Parkland by the River,C,272,480
2026-08-26,parkland-phase-2,johor,Parkland by the River,A,88,178
2026-08-26,parkland-phase-2,johor,Parkland by the River,B,181,420
2026-08-26,parkland-phase-2,johor,Parkland by the River,C,125,480
2026-08-27,straits-view-duo,johor,The Straits View Duo,A,132,378
2026-08-27,straits-view-duo,johor,The Straits View Duo,A1,4,8
2026-08-27,straits-view-duo,johor,The Straits View Duo,A2,1,2
2026-08-27,straits-view-duo,johor,The Straits View Duo,B,78,160
2026-08-27,straits-view-duo,johor,The Straits View Duo,B1,21,53
2026-08-27,straits-view-duo,johor,The Straits View Duo,B2,3,4
2026-08-27,straits-view-duo,johor,The Straits View Duo,C,63,108
2026-08-27,straits-view-duo,johor,The Straits View Duo,C1,2,2
2026-08-27,permas-heights,johor,Permas Heights,A,318,600
2026-08-27,permas-heights,johor,Permas Heights,B,336,600
2026-08-27,permas-heights,johor,Permas Heights,C,308,750
2026-08-27,parkland-phase-1,johor,Parkland by the River,A,130,180
2026-08-27,parkland-phase-1,johor,Parkland by the River,B,265,418
2026-08-27,parkland-phase-1,johor,Parkland by the River,C,272,480
2026-08-27,parkland-phase-2,johor,Parkland by the River,A,88,178
2026-08-27,parkland-phase-2,johor,Parkland by the River,B,182,420
2026-08-27,parkland-phase-2,johor,Parkland by the River,C,125,480
2026-08-28,straits-view-duo,johor,The Straits View Duo,A,133,378
2026-08-28,straits-view-duo,johor,The Straits View Duo,A1,4,8
2026-08-28,straits-view-duo,johor,The Straits View Duo,A2,1,2
2026-08-28,straits-view-duo,johor,The Straits View Duo,B,79,160
2026-08-28,straits-view-duo,johor,The Straits View Duo,B1,22,53
2026-08-28,straits-view-duo,johor,The Straits View Duo,B2,3,4
2026-08-28,straits-view-duo,johor,The Straits View Duo,C,63,108
2026-08-28,straits-view-duo,johor,The Straits View Duo,C1,2,2
2026-08-28,permas-heights,johor,Permas Heights,A,324,600
2026-08-28,permas-heights,johor,Permas Heights,B,339,600
2026-08-28,permas-heights,johor,Permas Heights,C,309,750
2026-08-28,parkland-phase-1,johor,Parkland by the River,A,130,180
2026-08-28,parkland-phase-1,johor,Parkland by the River,B,265,418
2026-08-28,parkland-phase-1,johor,Parkland by the River,C,272,480
2026-08-28,parkland-phase-2,johor,Parkland by the River,A,88,178
2026-08-28,parkland-phase-2,johor,Parkland by the River,B,182,420
2026-08-28,parkland-phase-2,johor,Parkland by the River,C,125,480
2026-08-29,straits-view-duo,johor,The Straits View Duo,A,133,378
2026-08-29,straits-view-duo,johor,The Straits View Duo,A1,4,8
2026-08-29,straits-view-duo,johor,The Straits View Duo,A2,1,2
2026-08-29,straits-view-duo,johor,The Straits View Duo,B,79,160
2026-08-29,straits-view-duo,johor,The Straits View Duo,B1,22,53
2026-08-29,straits-view-duo,johor,The Straits View Duo,B2,3,4
2026-08-29,straits-view-duo,johor,The Straits View Duo,C,63,108
2026-08-29,straits-view-duo,johor,The Straits View Duo,C1,2,2
2026-08-29,permas-heights,johor,Permas Heights,A,324,600
2026-08-29,permas-heights,johor,Permas Heights,B,339,600
2026-08-29,permas-heights,johor,Permas Heights,C,309,750
2026-08-29,parkland-phase-1,johor,Parkland by the River,A,130,180
2026-08-29,parkland-phase-1,johor,Parkland by the River,B,265,418
2026-08-29,parkland-phase-1,johor,Parkland by the River,C,272,480
2026-08-29,parkland-phase-2,johor,Parkland by the River,A,89,178
2026-08-29,parkland-phase-2,johor,Parkland by the River,B,183,420
2026-08-29,parkland-phase-2,johor,Parkland by the River,C,125,480
2026-08-30,straits-view-duo,johor,The Straits View Duo,A,133,378
2026-08-30,straits-view-duo,johor,The Straits View Duo,A1,4,8
2026-08-30,straits-view-duo,johor,The Straits View Duo,A2,1,2
2026-08-30,straits-view-duo,johor,The Straits View Duo,B,79,160
2026-08-30,straits-view-duo,johor,The Straits View Duo,B1,22,53
2026-08-30,straits-view-duo,johor,The Straits View Duo,B2,3,4
2026-08-30,straits-view-duo,johor,The Straits View Duo,C,63,108
2026-08-30,straits-view-duo,johor,The Straits View Duo,C1,2,2
2026-08-30,permas-heights,johor,Permas Heights,A,324,600
2026-08-30,permas-heights,johor,Permas Heights,B,339,600
2026-08-30,permas-heights,johor,Permas Heights,C,309,750
2026-08-30,parkland-phase-1,johor,Parkland by the River,A,130,180
2026-08-30,parkland-phase-1,johor,Parkland by the River,B,265,418
2026-08-30,parkland-phase-1,johor,Parkland by the River,C,272,480
2026-08-30,parkland-phase-2,johor,Parkland by the River,A,89,178
2026-08-30,parkland-phase-2,johor,Parkland by the River,B,183,420
2026-08-30,parkland-phase-2,johor,Parkland by the River,C,125,480
2026-08-31,straits-view-duo,johor,The Straits View Duo,A,133,378
2026-08-31,straits-view-duo,johor,The Straits View Duo,A1,4,8
2026-08-31,straits-view-duo,johor,The Straits View Duo,A2,1,2
2026-08-31,straits-view-duo,johor,The Straits View Duo,B,79,160
2026-08-31,straits-view-duo,johor,The Straits View Duo,B1,22,53
2026-08-31,straits-view-duo,johor,The Straits View Duo,B2,3,4
2026-08-31,straits-view-duo,johor,The Straits View Duo,C,63,108
2026-08-31,straits-view-duo,johor,The Straits View Duo,C1,2,2
2026-08-31,permas-heights,johor,Permas Heights,A,324,600
2026-08-31,permas-heights,johor,Permas Heights,B,339,600
2026-08-31,permas-heights,johor,Permas Heights,C,309,750
2026-08-31,parkland-phase-1,johor,Parkland by the River,A,130,180
2026-08-31,parkland-phase-1,johor,Parkland by the River,B,265,418
2026-08-31,parkland-phase-1,johor,Parkland by the River,C,272,480
2026-08-31,parkland-phase-2,johor,Parkland by the River,A,89,178
2026-08-31,parkland-phase-2,johor,Parkland by the River,B,183,420
2026-08-31,parkland-phase-2,johor,Parkland by the River,C,125,480
2026-09-01,straits-view-duo,johor,The Straits View Duo,A,133,378
2026-09-01,straits-view-duo,johor,The Straits View Duo,A1,4,8
2026-09-01,straits-view-duo,johor,The Straits View Duo,A2,1,2
2026-09-01,straits-view-duo,johor,The Straits View Duo,B,79,160
2026-09-01,straits-view-duo,johor,The Straits View Duo,B1,22,53
2026-09-01,straits-view-duo,johor,The Straits View Duo,B2,3,4
2026-09-01,straits-view-duo,johor,The Straits View Duo,C,63,108
2026-09-01,straits-view-duo,johor,The Straits View Duo,C1,2,2
2026-09-01,permas-heights,johor,Permas Heights,A,324,600
2026-09-01,permas-heights,johor,Permas Heights,B,339,600
2026-09-01,permas-heights,johor,Permas Heights,C,309,750
2026-09-01,hillview-senibong,johor,HillView Senibong Cove,A1,20,111
2026-09-01,hillview-senibong,johor,HillView Senibong Cove,A1a,1,4
2026-09-01,hillview-senibong,johor,HillView Senibong Cove,B1,15,125
2026-09-01,hillview-senibong,johor,HillView Senibong Cove,B1a,0,5
2026-09-01,hillview-senibong,johor,HillView Senibong Cove,B2,4,40
2026-09-01,hillview-senibong,johor,HillView Senibong Cove,C1,11,94
2026-09-01,hillview-senibong,johor,HillView Senibong Cove,C1a,0,2
2026-09-01,hillview-senibong,johor,HillView Senibong Cove,C1b,0,28
2026-09-01,hillview-senibong,johor,HillView Senibong Cove,C1c,0,1
2026-09-01,hillview-senibong,johor,HillView Senibong Cove,D1,0,2
2026-09-01,hillview-senibong,johor,HillView Senibong Cove,D2,0,2
2026-09-01,hillview-senibong,johor,HillView Senibong Cove,D2a,0,1
2026-09-01,parkland-phase-1,johor,Parkland by the River,A,130,180
2026-09-01,parkland-phase-1,johor,Parkland by the River,B,265,418
2026-09-01,parkland-phase-1,johor,Parkland by the River,C,272,480
2026-09-01,parkland-phase-2,johor,Parkland by the River,A,89,178
2026-09-01,parkland-phase-2,johor,Parkland by the River,B,184,420
2026-09-01,parkland-phase-2,johor,Parkland by the River,C,125,480
2026-09-02,straits-view-duo,johor,The Straits View Duo,A,133,378
2026-09-02,straits-view-duo,johor,The Straits View Duo,A1,4,8
2026-09-02,straits-view-duo,johor,The Straits View Duo,A2,1,2
2026-09-02,straits-view-duo,johor,The Straits View Duo,B,79,160
2026-09-02,straits-view-duo,johor,The Straits View Duo,B1,22,53
2026-09-02,straits-view-duo,johor,The Straits View Duo,B2,3,4
2026-09-02,straits-view-duo,johor,The Straits View Duo,C,63,108
2026-09-02,straits-view-duo,johor,The Straits View Duo,C1,2,2
2026-09-02,permas-heights,johor,Permas Heights,A,324,600
2026-09-02,permas-heights,johor,Permas Heights,B,341,600
2026-09-02,permas-heights,johor,Permas Heights,C,309,750
2026-09-02,hillview-senibong,johor,HillView Senibong Cove,A1,20,111
2026-09-02,hillview-senibong,johor,HillView Senibong Cove,A1a,1,4
2026-09-02,hillview-senibong,johor,HillView Senibong Cove,B1,15,125
2026-09-02,hillview-senibong,johor,HillView Senibong Cove,B1a,0,5
2026-09-02,hillview-senibong,johor,HillView Senibong Cove,B2,4,40
2026-09-02,hillview-senibong,johor,HillView Senibong Cove,C1,11,94
2026-09-02,hillview-senibong,johor,HillView Senibong Cove,C1a,0,2
2026-09-02,hillview-senibong,johor,HillView Senibong Cove,C1b,0,28
2026-09-02,hillview-senibong,johor,HillView Senibong Cove,C1c,0,1
2026-09-02,hillview-senibong,johor,HillView Senibong Cove,D1,0,2
2026-09-02,hillview-senibong,johor,HillView Senibong Cove,D2,0,2
2026-09-02,hillview-senibong,johor,HillView Senibong Cove,D2a,0,1
2026-09-02,parkland-phase-1,johor,Parkland by the River,A,130,180
2026-09-02,parkland-phase-1,johor,Parkland by the River,B,265,418
2026-09-02,parkland-phase-1,johor,Parkland by the River,C,272,480
2026-09-02,parkland-phase-2,johor,Parkland by the River,A,89,178
2026-09-02,parkland-phase-2,johor,Parkland by the River,B,185,420
2026-09-02,parkland-phase-2,johor,Parkland by the River,C,125,480
2026-09-03,straits-view-duo,johor,The Straits View Duo,A,133,378
2026-09-03,straits-view-duo,johor,The Straits View Duo,A1,4,8
2026-09-03,straits-view-duo,johor,The Straits View Duo,A2,1,2
2026-09-03,straits-view-duo,johor,The Straits View Duo,B,79,160
2026-09-03,straits-view-duo,johor,The Straits View Duo,B1,22,53
2026-09-03,straits-view-duo,johor,The Straits View Duo,B2,3,4
2026-09-03,straits-view-duo,johor,The Straits View Duo,C,63,108
2026-09-03,straits-view-duo,johor,The Straits View Duo,C1,2,2
2026-09-03,permas-heights,johor,Permas Heights,A,324,600
2026-09-03,permas-heights,johor,Permas Heights,B,341,600
2026-09-03,permas-heights,johor,Permas Heights,C,309,750
2026-09-03,hillview-senibong,johor,HillView Senibong Cove,A1,20,111
2026-09-03,hillview-senibong,johor,HillView Senibong Cove,A1a,1,4
2026-09-03,hillview-senibong,johor,HillView Senibong Cove,B1,15,125
2026-09-03,hillview-senibong,johor,HillView Senibong Cove,B1a,0,5
2026-09-03,hillview-senibong,johor,HillView Senibong Cove,B2,4,40
2026-09-03,hillview-senibong,johor,HillView Senibong Cove,C1,11,94
2026-09-03,hillview-senibong,johor,HillView Senibong Cove,C1a,0,2
2026-09-03,hillview-senibong,johor,HillView Senibong Cove,C1b,0,28
2026-09-03,hillview-senibong,johor,HillView Senibong Cove,C1c,0,1
2026-09-03,hillview-senibong,johor,HillView Senibong Cove,D1,0,2
2026-09-03,hillview-senibong,johor,HillView Senibong Cove,D2,0,2
2026-09-03,hillview-senibong,johor,HillView Senibong Cove,D2a,0,1
2026-09-03,parkland-phase-1,johor,Parkland by the River,A,130,180
2026-09-03,parkland-phase-1,johor,Parkland by the River,B,265,418
2026-09-03,parkland-phase-1,johor,Parkland by the River,C,272,480
2026-09-03,parkland-phase-2,johor,Parkland by the River,A,89,178
2026-09-03,parkland-phase-2,johor,Parkland by the River,B,185,420
2026-09-03,parkland-phase-2,johor,Parkland by the River,C,125,480
2026-09-04,straits-view-duo,johor,The Straits View Duo,A,136,378
2026-09-04,straits-view-duo,johor,The Straits View Duo,A1,4,8
2026-09-04,straits-view-duo,johor,The Straits View Duo,A2,1,2
2026-09-04,straits-view-duo,johor,The Straits View Duo,B,79,160
2026-09-04,straits-view-duo,johor,The Straits View Duo,B1,22,53
2026-09-04,straits-view-duo,johor,The Straits View Duo,B2,3,4
2026-09-04,straits-view-duo,johor,The Straits View Duo,C,63,108
2026-09-04,straits-view-duo,johor,The Straits View Duo,C1,2,2
2026-09-04,permas-heights,johor,Permas Heights,A,325,600
2026-09-04,permas-heights,johor,Permas Heights,B,341,600
2026-09-04,permas-heights,johor,Permas Heights,C,309,750
2026-09-04,hillview-senibong,johor,HillView Senibong Cove,A1,20,111
2026-09-04,hillview-senibong,johor,HillView Senibong Cove,A1a,1,4
2026-09-04,hillview-senibong,johor,HillView Senibong Cove,B1,15,125
2026-09-04,hillview-senibong,johor,HillView Senibong Cove,B1a,0,5
2026-09-04,hillview-senibong,johor,HillView Senibong Cove,B2,4,40
2026-09-04,hillview-senibong,johor,HillView Senibong Cove,C1,12,94
2026-09-04,hillview-senibong,johor,HillView Senibong Cove,C1a,0,2
2026-09-04,hillview-senibong,johor,HillView Senibong Cove,C1b,0,28
2026-09-04,hillview-senibong,johor,HillView Senibong Cove,C1c,0,1
2026-09-04,hillview-senibong,johor,HillView Senibong Cove,D1,0,2
2026-09-04,hillview-senibong,johor,HillView Senibong Cove,D2,0,2
2026-09-04,hillview-senibong,johor,HillView Senibong Cove,D2a,0,1
2026-09-04,parkland-phase-1,johor,Parkland by the River,A,130,180
2026-09-04,parkland-phase-1,johor,Parkland by the River,B,266,418
2026-09-04,parkland-phase-1,johor,Parkland by the River,C,272,480
2026-09-04,parkland-phase-2,johor,Parkland by the River,A,89,178
2026-09-04,parkland-phase-2,johor,Parkland by the River,B,185,420
2026-09-04,parkland-phase-2,johor,Parkland by the River,C,126,480
2026-09-05,straits-view-duo,johor,The Straits View Duo,A,136,378
2026-09-05,straits-view-duo,johor,The Straits View Duo,A1,4,8
2026-09-05,straits-view-duo,johor,The Straits View Duo,A2,1,2
2026-09-05,straits-view-duo,johor,The Straits View Duo,B,79,160
2026-09-05,straits-view-duo,johor,The Straits View Duo,B1,22,53
2026-09-05,straits-view-duo,johor,The Straits View Duo,B2,3,4
2026-09-05,straits-view-duo,johor,The Straits View Duo,C,63,108
2026-09-05,straits-view-duo,johor,The Straits View Duo,C1,2,2
2026-09-05,permas-heights,johor,Permas Heights,A,326,600
2026-09-05,permas-heights,johor,Permas Heights,B,343,600
2026-09-05,permas-heights,johor,Permas Heights,C,311,750
2026-09-05,hillview-senibong,johor,HillView Senibong Cove,A1,20,111
2026-09-05,hillview-senibong,johor,HillView Senibong Cove,A1a,1,4
2026-09-05,hillview-senibong,johor,HillView Senibong Cove,B1,15,125
2026-09-05,hillview-senibong,johor,HillView Senibong Cove,B1a,0,5
2026-09-05,hillview-senibong,johor,HillView Senibong Cove,B2,4,40
2026-09-05,hillview-senibong,johor,HillView Senibong Cove,C1,12,94
2026-09-05,hillview-senibong,johor,HillView Senibong Cove,C1a,0,2
2026-09-05,hillview-senibong,johor,HillView Senibong Cove,C1b,0,28
2026-09-05,hillview-senibong,johor,HillView Senibong Cove,C1c,0,1
2026-09-05,hillview-senibong,johor,HillView Senibong Cove,D1,0,2
2026-09-05,hillview-senibong,johor,HillView Senibong Cove,D2,0,2
2026-09-05,hillview-senibong,johor,HillView Senibong Cove,D2a,0,1
2026-09-05,parkland-phase-1,johor,Parkland by the River,A,130,180
2026-09-05,parkland-phase-1,johor,Parkland by the River,B,266,418
2026-09-05,parkland-phase-1,johor,Parkland by the River,C,273,480
2026-09-05,parkland-phase-2,johor,Parkland by the River,A,89,178
2026-09-05,parkland-phase-2,johor,Parkland by the River,B,185,420
2026-09-05,parkland-phase-2,johor,Parkland by the River,C,126,480
2026-09-06,straits-view-duo,johor,The Straits View Duo,A,136,378
2026-09-06,straits-view-duo,johor,The Straits View Duo,A1,4,8
2026-09-06,straits-view-duo,johor,The Straits View Duo,A2,1,2
2026-09-06,straits-view-duo,johor,The Straits View Duo,B,79,160
2026-09-06,straits-view-duo,johor,The Straits View Duo,B1,22,53
2026-09-06,straits-view-duo,johor,The Straits View Duo,B2,3,4
2026-09-06,straits-view-duo,johor,The Straits View Duo,C,63,108
2026-09-06,straits-view-duo,johor,The Straits View Duo,C1,2,2
2026-09-06,permas-heights,johor,Permas Heights,A,326,600
2026-09-06,permas-heights,johor,Permas Heights,B,343,600
2026-09-06,permas-heights,johor,Permas Heights,C,311,750
2026-09-06,hillview-senibong,johor,HillView Senibong Cove,A1,20,111
2026-09-06,hillview-senibong,johor,HillView Senibong Cove,A1a,1,4
2026-09-06,hillview-senibong,johor,HillView Senibong Cove,B1,15,125
2026-09-06,hillview-senibong,johor,HillView Senibong Cove,B1a,0,5
2026-09-06,hillview-senibong,johor,HillView Senibong Cove,B2,4,40
2026-09-06,hillview-senibong,johor,HillView Senibong Cove,C1,12,94
2026-09-06,hillview-senibong,johor,HillView Senibong Cove,C1a,0,2
2026-09-06,hillview-senibong,johor,HillView Senibong Cove,C1b,0,28
2026-09-06,hillview-senibong,johor,HillView Senibong Cove,C1c,0,1
2026-09-06,hillview-senibong,johor,HillView Senibong Cove,D1,0,2
2026-09-06,hillview-senibong,johor,HillView Senibong Cove,D2,0,2
2026-09-06,hillview-senibong,johor,HillView Senibong Cove,D2a,0,1
2026-09-06,parkland-phase-1,johor,Parkland by the River,A,130,180
2026-09-06,parkland-phase-1,johor,Parkland by the River,B,266,418
2026-09-06,parkland-phase-1,johor,Parkland by the River,C,273,480
2026-09-06,parkland-phase-2,johor,Parkland by the River,A,89,178
2026-09-06,parkland-phase-2,johor,Parkland by the River,B,185,420
2026-09-06,parkland-phase-2,johor,Parkland by the River,C,126,480
2026-09-07,straits-view-duo,johor,The Straits View Duo,A,136,378
2026-09-07,straits-view-duo,johor,The Straits View Duo,A1,4,8
2026-09-07,straits-view-duo,johor,The Straits View Duo,A2,1,2
2026-09-07,straits-view-duo,johor,The Straits View Duo,B,79,160
2026-09-07,straits-view-duo,johor,The Straits View Duo,B1,22,53
2026-09-07,straits-view-duo,johor,The Straits View Duo,B2,3,4
2026-09-07,straits-view-duo,johor,The Straits View Duo,C,63,108
2026-09-07,straits-view-duo,johor,The Straits View Duo,C1,2,2
2026-09-07,permas-heights,johor,Permas Heights,A,326,600
2026-09-07,permas-heights,johor,Permas Heights,B,343,600
2026-09-07,permas-heights,johor,Permas Heights,C,311,750
2026-09-07,hillview-senibong,johor,HillView Senibong Cove,A1,20,111
2026-09-07,hillview-senibong,johor,HillView Senibong Cove,A1a,1,4
2026-09-07,hillview-senibong,johor,HillView Senibong Cove,B1,15,125
2026-09-07,hillview-senibong,johor,HillView Senibong Cove,B1a,0,5
2026-09-07,hillview-senibong,johor,HillView Senibong Cove,B2,4,40
2026-09-07,hillview-senibong,johor,HillView Senibong Cove,C1,12,94
2026-09-07,hillview-senibong,johor,HillView Senibong Cove,C1a,0,2
2026-09-07,hillview-senibong,johor,HillView Senibong Cove,C1b,0,28
2026-09-07,hillview-senibong,johor,HillView Senibong Cove,C1c,0,1
2026-09-07,hillview-senibong,johor,HillView Senibong Cove,D1,0,2
2026-09-07,hillview-senibong,johor,HillView Senibong Cove,D2,0,2
2026-09-07,hillview-senibong,johor,HillView Senibong Cove,D2a,0,1
2026-09-07,parkland-phase-1,johor,Parkland by the River,A,130,180
2026-09-07,parkland-phase-1,johor,Parkland by the River,B,266,418
2026-09-07,parkland-phase-1,johor,Parkland by the River,C,273,480
2026-09-07,parkland-phase-2,johor,Parkland by the River,A,89,178
2026-09-07,parkland-phase-2,johor,Parkland by the River,B,185,420
2026-09-07,parkland-phase-2,johor,Parkland by the River,C,126,480
2026-09-08,straits-view-duo,johor,The Straits View Duo,A,136,378
2026-09-08,straits-view-duo,johor,The Straits View Duo,A1,4,8
2026-09-08,straits-view-duo,johor,The Straits View Duo,A2,1,2
2026-09-08,straits-view-duo,johor,The Straits View Duo,B,80,160
2026-09-08,straits-view-duo,johor,The Straits View Duo,B1,22,53
2026-09-08,straits-view-duo,johor,The Straits View Duo,B2,3,4
2026-09-08,straits-view-duo,johor,The Straits View Duo,C,63,108
2026-09-08,straits-view-duo,johor,The Straits View Duo,C1,2,2
2026-09-08,permas-heights,johor,Permas Heights,A,326,600
2026-09-08,permas-heights,johor,Permas Heights,B,343,600
2026-09-08,permas-heights,johor,Permas Heights,C,312,750
2026-09-08,hillview-senibong,johor,HillView Senibong Cove,A1,20,111
2026-09-08,hillview-senibong,johor,HillView Senibong Cove,A1a,1,4
2026-09-08,hillview-senibong,johor,HillView Senibong Cove,B1,15,125
2026-09-08,hillview-senibong,johor,HillView Senibong Cove,B1a,0,5
2026-09-08,hillview-senibong,johor,HillView Senibong Cove,B2,5,40
2026-09-08,hillview-senibong,johor,HillView Senibong Cove,C1,12,94
2026-09-08,hillview-senibong,johor,HillView Senibong Cove,C1a,0,2
2026-09-08,hillview-senibong,johor,HillView Senibong Cove,C1b,0,28
2026-09-08,hillview-senibong,johor,HillView Senibong Cove,C1c,0,1
2026-09-08,hillview-senibong,johor,HillView Senibong Cove,D1,0,2
2026-09-08,hillview-senibong,johor,HillView Senibong Cove,D2,0,2
2026-09-08,hillview-senibong,johor,HillView Senibong Cove,D2a,0,1
2026-09-08,parkland-phase-1,johor,Parkland by the River,A,130,180
2026-09-08,parkland-phase-1,johor,Parkland by the River,B,266,418
2026-09-08,parkland-phase-1,johor,Parkland by the River,C,274,480
2026-09-08,parkland-phase-2,johor,Parkland by the River,A,89,178
2026-09-08,parkland-phase-2,johor,Parkland by the River,B,185,420
2026-09-08,parkland-phase-2,johor,Parkland by the River,C,126,480
2026-09-09,straits-view-duo,johor,The Straits View Duo,A,137,378
2026-09-09,straits-view-duo,johor,The Straits View Duo,A1,4,8
2026-09-09,straits-view-duo,johor,The Straits View Duo,A2,1,2
2026-09-09,straits-view-duo,johor,The Straits View Duo,B,80,160
2026-09-09,straits-view-duo,johor,The Straits View Duo,B1,22,53
2026-09-09,straits-view-duo,johor,The Straits View Duo,B2,3,4
2026-09-09,straits-view-duo,johor,The Straits View Duo,C,63,108
2026-09-09,straits-view-duo,johor,The Straits View Duo,C1,2,2
2026-09-09,permas-heights,johor,Permas Heights,A,326,600
2026-09-09,permas-heights,johor,Permas Heights,B,343,600
2026-09-09,permas-heights,johor,Permas Heights,C,312,750
2026-09-09,hillview-senibong,johor,HillView Senibong Cove,A1,20,111
2026-09-09,hillview-senibong,johor,HillView Senibong Cove,A1a,1,4
2026-09-09,hillview-senibong,johor,HillView Senibong Cove,B1,15,125
2026-09-09,hillview-senibong,johor,HillView Senibong Cove,B1a,0,5
2026-09-09,hillview-senibong,johor,HillView Senibong Cove,B2,5,40
2026-09-09,hillview-senibong,johor,HillView Senibong Cove,C1,12,94
2026-09-09,hillview-senibong,johor,HillView Senibong Cove,C1a,0,2
2026-09-09,hillview-senibong,johor,HillView Senibong Cove,C1b,0,28
2026-09-09,hillview-senibong,johor,HillView Senibong Cove,C1c,0,1
2026-09-09,hillview-senibong,johor,HillView Senibong Cove,D1,0,2
2026-09-09,hillview-senibong,johor,HillView Senibong Cove,D2,0,2
2026-09-09,hillview-senibong,johor,HillView Senibong Cove,D2a,0,1
2026-09-09,parkland-phase-1,johor,Parkland by the River,A,130,180
2026-09-09,parkland-phase-1,johor,Parkland by the River,B,266,418
2026-09-09,parkland-phase-1,johor,Parkland by the River,C,274,480
2026-09-09,parkland-phase-2,johor,Parkland by the River,A,89,178
2026-09-09,parkland-phase-2,johor,Parkland by the River,B,186,420
2026-09-09,parkland-phase-2,johor,Parkland by the River,C,126,480
2026-09-10,straits-view-duo,johor,The Straits View Duo,A,137,378
2026-09-10,straits-view-duo,johor,The Straits View Duo,A1,4,8
2026-09-10,straits-view-duo,johor,The Straits View Duo,A2,1,2
2026-09-10,straits-view-duo,johor,The Straits View Duo,B,80,160
2026-09-10,straits-view-duo,johor,The Straits View Duo,B1,22,53
2026-09-10,straits-view-duo,johor,The Straits View Duo,B2,3,4
2026-09-10,straits-view-duo,johor,The Straits View Duo,C,64,108
2026-09-10,straits-view-duo,johor,The Straits View Duo,C1,2,2
2026-09-10,permas-heights,johor,Permas Heights,A,326,600
2026-09-10,permas-heights,johor,Permas Heights,B,343,600
2026-09-10,permas-heights,johor,Permas Heights,C,312,750
2026-09-10,hillview-senibong,johor,HillView Senibong Cove,A1,20,111
2026-09-10,hillview-senibong,johor,HillView Senibong Cove,A1a,1,4
2026-09-10,hillview-senibong,johor,HillView Senibong Cove,B1,15,125
2026-09-10,hillview-senibong,johor,HillView Senibong Cove,B1a,0,5
2026-09-10,hillview-senibong,johor,HillView Senibong Cove,B2,5,40
2026-09-10,hillview-senibong,johor,HillView Senibong Cove,C1,12,94
2026-09-10,hillview-senibong,johor,HillView Senibong Cove,C1a,0,2
2026-09-10,hillview-senibong,johor,HillView Senibong Cove,C1b,0,28
2026-09-10,hillview-senibong,johor,HillView Senibong Cove,C1c,0,1
2026-09-10,hillview-senibong,johor,HillView Senibong Cove,D1,0,2
2026-09-10,hillview-senibong,johor,HillView Senibong Cove,D2,0,2
2026-09-10,hillview-senibong,johor,HillView Senibong Cove,D2a,0,1
2026-09-10,parkland-phase-1,johor,Parkland by the River,A,130,180
2026-09-10,parkland-phase-1,johor,Parkland by the River,B,266,418
2026-09-10,parkland-phase-1,johor,Parkland by the River,C,274,480
2026-09-10,parkland-phase-2,johor,Parkland by the River,A,89,178
2026-09-10,parkland-phase-2,johor,Parkland by the River,B,186,420
2026-09-10,parkland-phase-2,johor,Parkland by the River,C,126,480
2026-09-11,straits-view-duo,johor,The Straits View Duo,A,137,378
2026-09-11,straits-view-duo,johor,The Straits View Duo,A1,4,8
2026-09-11,straits-view-duo,johor,The Straits View Duo,A2,1,2
2026-09-11,straits-view-duo,johor,The Straits View Duo,B,80,160
2026-09-11,straits-view-duo,johor,The Straits View Duo,B1,23,53
2026-09-11,straits-view-duo,johor,The Straits View Duo,B2,3,4
2026-09-11,straits-view-duo,johor,The Straits View Duo,C,64,108
2026-09-11,straits-view-duo,johor,The Straits View Duo,C1,2,2
2026-09-11,permas-heights,johor,Permas Heights,A,326,600
2026-09-11,permas-heights,johor,Permas Heights,B,344,600
2026-09-11,permas-heights,johor,Permas Heights,C,312,750
2026-09-11,hillview-senibong,johor,HillView Senibong Cove,A1,20,111
2026-09-11,hillview-senibong,johor,HillView Senibong Cove,A1a,1,4
2026-09-11,hillview-senibong,johor,HillView Senibong Cove,B1,15,125
2026-09-11,hillview-senibong,johor,HillView Senibong Cove,B1a,0,5
2026-09-11,hillview-senibong,johor,HillView Senibong Cove,B2,5,40
2026-09-11,hillview-senibong,johor,HillView Senibong Cove,C1,12,94
2026-09-11,hillview-senibong,johor,HillView Senibong Cove,C1a,0,2
2026-09-11,hillview-senibong,johor,HillView Senibong Cove,C1b,0,28
2026-09-11,hillview-senibong,johor,HillView Senibong Cove,C1c,0,1
2026-09-11,hillview-senibong,johor,HillView Senibong Cove,D1,0,2
2026-09-11,hillview-senibong,johor,HillView Senibong Cove,D2,0,2
2026-09-11,hillview-senibong,johor,HillView Senibong Cove,D2a,0,1
2026-09-11,parkland-phase-1,johor,Parkland by the River,A,130,180
2026-09-11,parkland-phase-1,johor,Parkland by the River,B,266,418
2026-09-11,parkland-phase-1,johor,Parkland by the River,C,274,480
2026-09-11,parkland-phase-2,johor,Parkland by the River,A,89,178
2026-09-11,parkland-phase-2,johor,Parkland by the River,B,186,420
2026-09-11,parkland-phase-2,johor,Parkland by the River,C,127,480
2026-09-12,straits-view-duo,johor,The Straits View Duo,A,138,378
2026-09-12,straits-view-duo,johor,The Straits View Duo,A1,4,8
2026-09-12,straits-view-duo,johor,The Straits View Duo,A2,1,2
2026-09-12,straits-view-duo,johor,The Straits View Duo,B,80,160
2026-09-12,straits-view-duo,johor,The Straits View Duo,B1,23,53
2026-09-12,straits-view-duo,johor,The Straits View Duo,B2,3,4
2026-09-12,straits-view-duo,johor,The Straits View Duo,C,65,108
2026-09-12,straits-view-duo,johor,The Straits View Duo,C1,2,2
2026-09-12,permas-heights,johor,Permas Heights,A,328,600
2026-09-12,permas-heights,johor,Permas Heights,B,344,600
2026-09-12,permas-heights,johor,Permas Heights,C,316,750
2026-09-12,hillview-senibong,johor,HillView Senibong Cove,A1,20,111
2026-09-12,hillview-senibong,johor,HillView Senibong Cove,A1a,1,4
2026-09-12,hillview-senibong,johor,HillView Senibong Cove,B1,15,125
2026-09-12,hillview-senibong,johor,HillView Senibong Cove,B1a,0,5
2026-09-12,hillview-senibong,johor,HillView Senibong Cove,B2,5,40
2026-09-12,hillview-senibong,johor,HillView Senibong Cove,C1,12,94
2026-09-12,hillview-senibong,johor,HillView Senibong Cove,C1a,0,2
2026-09-12,hillview-senibong,johor,HillView Senibong Cove,C1b,0,28
2026-09-12,hillview-senibong,johor,HillView Senibong Cove,C1c,0,1
2026-09-12,hillview-senibong,johor,HillView Senibong Cove,D1,0,2
2026-09-12,hillview-senibong,johor,HillView Senibong Cove,D2,0,2
2026-09-12,hillview-senibong,johor,HillView Senibong Cove,D2a,0,1
2026-09-12,parkland-phase-1,johor,Parkland by the River,A,130,180
2026-09-12,parkland-phase-1,johor,Parkland by the River,B,266,418
2026-09-12,parkland-phase-1,johor,Parkland by the River,C,274,480
2026-09-12,parkland-phase-2,johor,Parkland by the River,A,89,178
2026-09-12,parkland-phase-2,johor,Parkland by the River,B,186,420
2026-09-12,parkland-phase-2,johor,Parkland by the River,C,128,480
2026-09-13,straits-view-duo,johor,The Straits View Duo,A,138,378
2026-09-13,straits-view-duo,johor,The Straits View Duo,A1,4,8
2026-09-13,straits-view-duo,johor,The Straits View Duo,A2,1,2
2026-09-13,straits-view-duo,johor,The Straits View Duo,B,80,160
2026-09-13,straits-view-duo,johor,The Straits View Duo,B1,23,53
2026-09-13,straits-view-duo,johor,The Straits View Duo,B2,3,4
2026-09-13,straits-view-duo,johor,The Straits View Duo,C,65,108
2026-09-13,straits-view-duo,johor,The Straits View Duo,C1,2,2
2026-09-13,permas-heights,johor,Permas Heights,A,328,600
2026-09-13,permas-heights,johor,Permas Heights,B,344,600
2026-09-13,permas-heights,johor,Permas Heights,C,316,750
2026-09-13,hillview-senibong,johor,HillView Senibong Cove,A1,20,111
2026-09-13,hillview-senibong,johor,HillView Senibong Cove,A1a,1,4
2026-09-13,hillview-senibong,johor,HillView Senibong Cove,B1,15,125
2026-09-13,hillview-senibong,johor,HillView Senibong Cove,B1a,0,5
2026-09-13,hillview-senibong,johor,HillView Senibong Cove,B2,5,40
2026-09-13,hillview-senibong,johor,HillView Senibong Cove,C1,12,94
2026-09-13,hillview-senibong,johor,HillView Senibong Cove,C1a,0,2
2026-09-13,hillview-senibong,johor,HillView Senibong Cove,C1b,0,28
2026-09-13,hillview-senibong,johor,HillView Senibong Cove,C1c,0,1
2026-09-13,hillview-senibong,johor,HillView Senibong Cove,D1,0,2
2026-09-13,hillview-senibong,johor,HillView Senibong Cove,D2,0,2
2026-09-13,hillview-senibong,johor,HillView Senibong Cove,D2a,0,1
2026-09-13,parkland-phase-1,johor,Parkland by the River,A,130,180
2026-09-13,parkland-phase-1,johor,Parkland by the River,B,266,418
2026-09-13,parkland-phase-1,johor,Parkland by the River,C,274,480
2026-09-13,parkland-phase-2,johor,Parkland by the River,A,89,178
2026-09-13,parkland-phase-2,johor,Parkland by the River,B,186,420
2026-09-13,parkland-phase-2,johor,Parkland by the River,C,128,480
2026-09-14,straits-view-duo,johor,The Straits View Duo,A,138,378
2026-09-14,straits-view-duo,johor,The Straits View Duo,A1,4,8
2026-09-14,straits-view-duo,johor,The Straits View Duo,A2,1,2
2026-09-14,straits-view-duo,johor,The Straits View Duo,B,80,160
2026-09-14,straits-view-duo,johor,The Straits View Duo,B1,23,53
2026-09-14,straits-view-duo,johor,The Straits View Duo,B2,3,4
2026-09-14,straits-view-duo,johor,The Straits View Duo,C,65,108
2026-09-14,straits-view-duo,johor,The Straits View Duo,C1,2,2
2026-09-14,permas-heights,johor,Permas Heights,A,328,600
2026-09-14,permas-heights,johor,Permas Heights,B,344,600
2026-09-14,permas-heights,johor,Permas Heights,C,316,750
2026-09-14,hillview-senibong,johor,HillView Senibong Cove,A1,20,111
2026-09-14,hillview-senibong,johor,HillView Senibong Cove,A1a,1,4
2026-09-14,hillview-senibong,johor,HillView Senibong Cove,B1,15,125
2026-09-14,hillview-senibong,johor,HillView Senibong Cove,B1a,0,5
2026-09-14,hillview-senibong,johor,HillView Senibong Cove,B2,5,40
2026-09-14,hillview-senibong,johor,HillView Senibong Cove,C1,12,94
2026-09-14,hillview-senibong,johor,HillView Senibong Cove,C1a,0,2
2026-09-14,hillview-senibong,johor,HillView Senibong Cove,C1b,0,28
2026-09-14,hillview-senibong,johor,HillView Senibong Cove,C1c,0,1
2026-09-14,hillview-senibong,johor,HillView Senibong Cove,D1,0,2
2026-09-14,hillview-senibong,johor,HillView Senibong Cove,D2,0,2
2026-09-14,hillview-senibong,johor,HillView Senibong Cove,D2a,0,1
2026-09-14,parkland-phase-1,johor,Parkland by the River,A,130,180
2026-09-14,parkland-phase-1,johor,Parkland by the River,B,266,418
2026-09-14,parkland-phase-1,johor,Parkland by the River,C,274,480
2026-09-14,parkland-phase-2,johor,Parkland by the River,A,89,178
2026-09-14,parkland-phase-2,johor,Parkland by the River,B,186,420
2026-09-14,parkland-phase-2,johor,Parkland by the River,C,128,480
2026-09-15,straits-view-duo,johor,The Straits View Duo,A,138,378
2026-09-15,straits-view-duo,johor,The Straits View Duo,A1,4,8
2026-09-15,straits-view-duo,johor,The Straits View Duo,A2,1,2
2026-09-15,straits-view-duo,johor,The Straits View Duo,B,81,160
2026-09-15,straits-view-duo,johor,The Straits View Duo,B1,23,53
2026-09-15,straits-view-duo,johor,The Straits View Duo,B2,3,4
2026-09-15,straits-view-duo,johor,The Straits View Duo,C,65,108
2026-09-15,straits-view-duo,johor,The Straits View Duo,C1,2,2
2026-09-15,permas-heights,johor,Permas Heights,A,328,600
2026-09-15,permas-heights,johor,Permas Heights,B,344,600
2026-09-15,permas-heights,johor,Permas Heights,C,316,750
2026-09-15,hillview-senibong,johor,HillView Senibong Cove,A1,20,111
2026-09-15,hillview-senibong,johor,HillView Senibong Cove,A1a,1,4
2026-09-15,hillview-senibong,johor,HillView Senibong Cove,B1,15,125
2026-09-15,hillview-senibong,johor,HillView Senibong Cove,B1a,0,5
2026-09-15,hillview-senibong,johor,HillView Senibong Cove,B2,5,40
2026-09-15,hillview-senibong,johor,HillView Senibong Cove,C1,12,94
2026-09-15,hillview-senibong,johor,HillView Senibong Cove,C1a,0,2
2026-09-15,hillview-senibong,johor,HillView Senibong Cove,C1b,0,28
2026-09-15,hillview-senibong,johor,HillView Senibong Cove,C1c,0,1
2026-09-15,hillview-senibong,johor,HillView Senibong Cove,D1,0,2
2026-09-15,hillview-senibong,johor,HillView Senibong Cove,D2,0,2
2026-09-15,hillview-senibong,johor,HillView Senibong Cove,D2a,0,1
2026-09-15,parkland-phase-1,johor,Parkland by the River,A,130,180
2026-09-15,parkland-phase-1,johor,Parkland by the River,B,266,418
2026-09-15,parkland-phase-1,johor,Parkland by the River,C,274,480
2026-09-15,parkland-phase-2,johor,Parkland by the River,A,89,178
2026-09-15,parkland-phase-2,johor,Parkland by the River,B,187,420
2026-09-15,parkland-phase-2,johor,Parkland by the River,C,128,480
2026-09-16,straits-view-duo,johor,The Straits View Duo,A,138,378
2026-09-16,straits-view-duo,johor,The Straits View Duo,A1,4,8
2026-09-16,straits-view-duo,johor,The Straits View Duo,A2,1,2
2026-09-16,straits-view-duo,johor,The Straits View Duo,B,81,160
2026-09-16,straits-view-duo,johor,The Straits View Duo,B1,23,53
2026-09-16,straits-view-duo,johor,The Straits View Duo,B2,3,4
2026-09-16,straits-view-duo,johor,The Straits View Duo,C,65,108
2026-09-16,straits-view-duo,johor,The Straits View Duo,C1,2,2
2026-09-16,permas-heights,johor,Permas Heights,A,328,600
2026-09-16,permas-heights,johor,Permas Heights,B,344,600
2026-09-16,permas-heights,johor,Permas Heights,C,316,750
2026-09-16,hillview-senibong,johor,HillView Senibong Cove,A1,20,111
2026-09-16,hillview-senibong,johor,HillView Senibong Cove,A1a,1,4
2026-09-16,hillview-senibong,johor,HillView Senibong Cove,B1,15,125
2026-09-16,hillview-senibong,johor,HillView Senibong Cove,B1a,0,5
2026-09-16,hillview-senibong,johor,HillView Senibong Cove,B2,5,40
2026-09-16,hillview-senibong,johor,HillView Senibong Cove,C1,12,94
2026-09-16,hillview-senibong,johor,HillView Senibong Cove,C1a,0,2
2026-09-16,hillview-senibong,johor,HillView Senibong Cove,C1b,0,28
2026-09-16,hillview-senibong,johor,HillView Senibong Cove,C1c,0,1
2026-09-16,hillview-senibong,johor,HillView Senibong Cove,D1,0,2
2026-09-16,hillview-senibong,johor,HillView Senibong Cove,D2,0,2
2026-09-16,hillview-senibong,johor,HillView Senibong Cove,D2a,0,1
2026-09-16,parkland-phase-1,johor,Parkland by the River,A,130,180
2026-09-16,parkland-phase-1,johor,Parkland by the River,B,266,418
2026-09-16,parkland-phase-1,johor,Parkland by the River,C,274,480
2026-09-16,parkland-phase-2,johor,Parkland by the River,A,89,178
2026-09-16,parkland-phase-2,johor,Parkland by the River,B,187,420
2026-09-16,parkland-phase-2,johor,Parkland by the River,C,128,480
2026-09-17,straits-view-duo,johor,The Straits View Duo,A,138,378
2026-09-17,straits-view-duo,johor,The Straits View Duo,A1,4,8
2026-09-17,straits-view-duo,johor,The Straits View Duo,A2,1,2
2026-09-17,straits-view-duo,johor,The Straits View Duo,B,81,160
2026-09-17,straits-view-duo,johor,The Straits View Duo,B1,23,53
2026-09-17,straits-view-duo,johor,The Straits View Duo,B2,3,4
2026-09-17,straits-view-duo,johor,The Straits View Duo,C,65,108
2026-09-17,straits-view-duo,johor,The Straits View Duo,C1,2,2
2026-09-17,permas-heights,johor,Permas Heights,A,328,600
2026-09-17,permas-heights,johor,Permas Heights,B,344,600
2026-09-17,permas-heights,johor,Permas Heights,C,316,750
2026-09-17,hillview-senibong,johor,HillView Senibong Cove,A1,20,111
2026-09-17,hillview-senibong,johor,HillView Senibong Cove,A1a,1,4
2026-09-17,hillview-senibong,johor,HillView Senibong Cove,B1,15,125
2026-09-17,hillview-senibong,johor,HillView Senibong Cove,B1a,0,5
2026-09-17,hillview-senibong,johor,HillView Senibong Cove,B2,5,40
2026-09-17,hillview-senibong,johor,HillView Senibong Cove,C1,12,94
2026-09-17,hillview-senibong,johor,HillView Senibong Cove,C1a,0,2
2026-09-17,hillview-senibong,johor,HillView Senibong Cove,C1b,0,28
2026-09-17,hillview-senibong,johor,HillView Senibong Cove,C1c,0,1
2026-09-17,hillview-senibong,johor,HillView Senibong Cove,D1,0,2
2026-09-17,hillview-senibong,johor,HillView Senibong Cove,D2,0,2
2026-09-17,hillview-senibong,johor,HillView Senibong Cove,D2a,0,1
2026-09-17,parkland-phase-1,johor,Parkland by the River,A,130,180
2026-09-17,parkland-phase-1,johor,Parkland by the River,B,266,418
2026-09-17,parkland-phase-1,johor,Parkland by the River,C,274,480
2026-09-17,parkland-phase-2,johor,Parkland by the River,A,89,178
2026-09-17,parkland-phase-2,johor,Parkland by the River,B,187,420
2026-09-17,parkland-phase-2,johor,Parkland by the River,C,128,480
2026-09-17,ceros-residences,ksl,Ceros Residence @ Skudai/Mutiara Rini,A,178,206
2026-09-17,ceros-residences,ksl,Ceros Residence @ Skudai/Mutiara Rini,B1,245,335
2026-09-17,ceros-residences,ksl,Ceros Residence @ Skudai/Mutiara Rini,B2,163,247
2026-09-17,ceros-residences,ksl,Ceros Residence @ Skudai/Mutiara Rini,B3,9,9
2026-09-17,ceros-residences,ksl,Ceros Residence @ Skudai/Mutiara Rini,B4,0,3
2026-09-17,ceros-residences,ksl,Ceros Residence @ Skudai/Mutiara Rini,B5,0,1
2026-09-17,ceros-residences,ksl,Ceros Residence @ Skudai/Mutiara Rini,B6,0,1
2026-09-17,ceros-residences,ksl,Ceros Residence @ Skudai/Mutiara Rini,B7,0,1
2026-09-17,ceros-residences,ksl,Ceros Residence @ Skudai/Mutiara Rini,C1,204,300
2026-09-17,ceros-residences,ksl,Ceros Residence @ Skudai/Mutiara Rini,C2,5,23
2026-09-17,ceros-residences,ksl,Ceros Residence @ Skudai/Mutiara Rini,C3,20,22
2026-09-18,straits-view-duo,johor,The Straits View Duo,A,138,378
2026-09-18,straits-view-duo,johor,The Straits View Duo,A1,4,8
2026-09-18,straits-view-duo,johor,The Straits View Duo,A2,1,2
2026-09-18,straits-view-duo,johor,The Straits View Duo,B,81,160
2026-09-18,straits-view-duo,johor,The Straits View Duo,B1,23,53
2026-09-18,straits-view-duo,johor,The Straits View Duo,B2,3,4
2026-09-18,straits-view-duo,johor,The Straits View Duo,C,65,108
2026-09-18,straits-view-duo,johor,The Straits View Duo,C1,2,2
2026-09-18,permas-heights,johor,Permas Heights,A,331,600
2026-09-18,permas-heights,johor,Permas Heights,B,346,600
2026-09-18,permas-heights,johor,Permas Heights,C,316,750
2026-09-18,hillview-senibong,johor,HillView Senibong Cove,A1,20,111
2026-09-18,hillview-senibong,johor,HillView Senibong Cove,A1a,1,4
2026-09-18,hillview-senibong,johor,HillView Senibong Cove,B1,15,125
2026-09-18,hillview-senibong,johor,HillView Senibong Cove,B1a,0,5
2026-09-18,hillview-senibong,johor,HillView Senibong Cove,B2,5,40
2026-09-18,hillview-senibong,johor,HillView Senibong Cove,C1,12,94
2026-09-18,hillview-senibong,johor,HillView Senibong Cove,C1a,0,2
2026-09-18,hillview-senibong,johor,HillView Senibong Cove,C1b,0,28
2026-09-18,hillview-senibong,johor,HillView Senibong Cove,C1c,0,1
2026-09-18,hillview-senibong,johor,HillView Senibong Cove,D1,0,2
2026-09-18,hillview-senibong,johor,HillView Senibong Cove,D2,0,2
2026-09-18,hillview-senibong,johor,HillView Senibong Cove,D2a,0,1
2026-09-18,parkland-phase-1,johor,Parkland by the River,A,130,180
2026-09-18,parkland-phase-1,johor,Parkland by the River,B,266,418
2026-09-18,parkland-phase-1,johor,Parkland by the River,C,274,480
2026-09-18,parkland-phase-2,johor,Parkland by the River,A,89,178
2026-09-18,parkland-phase-2,johor,Parkland by the River,B,188,420
2026-09-18,parkland-phase-2,johor,Parkland by the River,C,129,480
2026-09-18,ceros-residences,ksl,Ceros Residence @ Skudai/Mutiara Rini,A,179,206
2026-09-18,ceros-residences,ksl,Ceros Residence @ Skudai/Mutiara Rini,B1,246,335
2026-09-18,ceros-residences,ksl,Ceros Residence @ Skudai/Mutiara Rini,B2,165,247
2026-09-18,ceros-residences,ksl,Ceros Residence @ Skudai/Mutiara Rini,B3,9,9
2026-09-18,ceros-residences,ksl,Ceros Residence @ Skudai/Mutiara Rini,B4,0,3
2026-09-18,ceros-residences,ksl,Ceros Residence @ Skudai/Mutiara Rini,B5,0,1
2026-09-18,ceros-residences,ksl,Ceros Residence @ Skudai/Mutiara Rini,B6,0,1
2026-09-18,ceros-residences,ksl,Ceros Residence @ Skudai/Mutiara Rini,B7,0,1
2026-09-18,ceros-residences,ksl,Ceros Residence @ Skudai/Mutiara Rini,C1,205,300
2026-09-18,ceros-residences,ksl,Ceros Residence @ Skudai/Mutiara Rini,C2,5,23
2026-09-18,ceros-residences,ksl,Ceros Residence @ Skudai/Mutiara Rini,C3,20,22
2026-09-19,straits-view-duo,johor,The Straits View Duo,A,138,378
2026-09-19,straits-view-duo,johor,The Straits View Duo,A1,4,8
2026-09-19,straits-view-duo,johor,The Straits View Duo,A2,1,2
2026-09-19,straits-view-duo,johor,The Straits View Duo,B,81,160
2026-09-19,straits-view-duo,johor,The Straits View Duo,B1,23,53
2026-09-19,straits-view-duo,johor,The Straits View Duo,B2,3,4
2026-09-19,straits-view-duo,johor,The Straits View Duo,C,65,108
2026-09-19,straits-view-duo,johor,The Straits View Duo,C1,2,2
2026-09-19,permas-heights,johor,Permas Heights,A,332,600
2026-09-19,permas-heights,johor,Permas Heights,B,347,600
2026-09-19,permas-heights,johor,Permas Heights,C,316,750
2026-09-19,hillview-senibong,johor,HillView Senibong Cove,A1,20,111
2026-09-19,hillview-senibong,johor,HillView Senibong Cove,A1a,1,4
2026-09-19,hillview-senibong,johor,HillView Senibong Cove,B1,15,125
2026-09-19,hillview-senibong,johor,HillView Senibong Cove,B1a,0,5
2026-09-19,hillview-senibong,johor,HillView Senibong Cove,B2,5,40
2026-09-19,hillview-senibong,johor,HillView Senibong Cove,C1,12,94
2026-09-19,hillview-senibong,johor,HillView Senibong Cove,C1a,0,2
2026-09-19,hillview-senibong,johor,HillView Senibong Cove,C1b,0,28
2026-09-19,hillview-senibong,johor,HillView Senibong Cove,C1c,0,1
2026-09-19,hillview-senibong,johor,HillView Senibong Cove,D1,0,2
2026-09-19,hillview-senibong,johor,HillView Senibong Cove,D2,0,2
2026-09-19,hillview-senibong,johor,HillView Senibong Cove,D2a,0,1
2026-09-19,parkland-phase-1,johor,Parkland by the River,A,130,180
2026-09-19,parkland-phase-1,johor,Parkland by the River,B,266,418
2026-09-19,parkland-phase-1,johor,Parkland by the River,C,274,480
2026-09-19,parkland-phase-2,johor,Parkland by the River,A,89,178
2026-09-19,parkland-phase-2,johor,Parkland by the River,B,191,420
2026-09-19,parkland-phase-2,johor,Parkland by the River,C,130,480
2026-09-19,ceros-residences,ksl,Ceros Residence @ Skudai/Mutiara Rini,A,179,206
2026-09-19,ceros-residences,ksl,Ceros Residence @ Skudai/Mutiara Rini,B1,246,335
2026-09-19,ceros-residences,ksl,Ceros Residence @ Skudai/Mutiara Rini,B2,166,247
2026-09-19,ceros-residences,ksl,Ceros Residence @ Skudai/Mutiara Rini,B3,9,9
2026-09-19,ceros-residences,ksl,Ceros Residence @ Skudai/Mutiara Rini,B4,0,3
2026-09-19,ceros-residences,ksl,Ceros Residence @ Skudai/Mutiara Rini,B5,0,1
2026-09-19,ceros-residences,ksl,Ceros Residence @ Skudai/Mutiara Rini,B6,0,1
2026-09-19,ceros-residences,ksl,Ceros Residence @ Skudai/Mutiara Rini,B7,0,1
2026-09-19,ceros-residences,ksl,Ceros Residence @ Skudai/Mutiara Rini,C1,205,300
2026-09-19,ceros-residences,ksl,Ceros Residence @ Skudai/Mutiara Rini,C2,5,23
2026-09-19,ceros-residences,ksl,Ceros Residence @ Skudai/Mutiara Rini,C3,20,22
2026-09-20,straits-view-duo,johor,The Straits View Duo,A,138,378
2026-09-20,straits-view-duo,johor,The Straits View Duo,A1,4,8
2026-09-20,straits-view-duo,johor,The Straits View Duo,A2,1,2
2026-09-20,straits-view-duo,johor,The Straits View Duo,B,81,160
2026-09-20,straits-view-duo,johor,The Straits View Duo,B1,23,53
2026-09-20,straits-view-duo,johor,The Straits View Duo,B2,3,4
2026-09-20,straits-view-duo,johor,The Straits View Duo,C,65,108
2026-09-20,straits-view-duo,johor,The Straits View Duo,C1,2,2
2026-09-20,permas-heights,johor,Permas Heights,A,332,600
2026-09-20,permas-heights,johor,Permas Heights,B,347,600
2026-09-20,permas-heights,johor,Permas Heights,C,316,750
2026-09-20,hillview-senibong,johor,HillView Senibong Cove,A1,20,111
2026-09-20,hillview-senibong,johor,HillView Senibong Cove,A1a,1,4
2026-09-20,hillview-senibong,johor,HillView Senibong Cove,B1,15,125
2026-09-20,hillview-senibong,johor,HillView Senibong Cove,B1a,0,5
2026-09-20,hillview-senibong,johor,HillView Senibong Cove,B2,5,40
2026-09-20,hillview-senibong,johor,HillView Senibong Cove,C1,12,94
2026-09-20,hillview-senibong,johor,HillView Senibong Cove,C1a,0,2
2026-09-20,hillview-senibong,johor,HillView Senibong Cove,C1b,0,28
2026-09-20,hillview-senibong,johor,HillView Senibong Cove,C1c,0,1
2026-09-20,hillview-senibong,johor,HillView Senibong Cove,D1,0,2
2026-09-20,hillview-senibong,johor,HillView Senibong Cove,D2,0,2
2026-09-20,hillview-senibong,johor,HillView Senibong Cove,D2a,0,1
2026-09-20,parkland-phase-1,johor,Parkland by the River,A,130,180
2026-09-20,parkland-phase-1,johor,Parkland by the River,B,266,418
2026-09-20,parkland-phase-1,johor,Parkland by the River,C,274,480
2026-09-20,parkland-phase-2,johor,Parkland by the River,A,89,178
2026-09-20,parkland-phase-2,johor,Parkland by the River,B,191,420
2026-09-20,parkland-phase-2,johor,Parkland by the River,C,131,480
2026-09-20,ceros-residences,ksl,Ceros Residence @ Skudai/Mutiara Rini,A,179,206
2026-09-20,ceros-residences,ksl,Ceros Residence @ Skudai/Mutiara Rini,B1,246,335
2026-09-20,ceros-residences,ksl,Ceros Residence @ Skudai/Mutiara Rini,B2,166,247
2026-09-20,ceros-residences,ksl,Ceros Residence @ Skudai/Mutiara Rini,B3,9,9
2026-09-20,ceros-residences,ksl,Ceros Residence @ Skudai/Mutiara Rini,B4,0,3
2026-09-20,ceros-residences,ksl,Ceros Residence @ Skudai/Mutiara Rini,B5,0,1
2026-09-20,ceros-residences,ksl,Ceros Residence @ Skudai/Mutiara Rini,B6,0,1
2026-09-20,ceros-residences,ksl,Ceros Residence @ Skudai/Mutiara Rini,B7,0,1
2026-09-20,ceros-residences,ksl,Ceros Residence @ Skudai/Mutiara Rini,C1,205,300
2026-09-20,ceros-residences,ksl,Ceros Residence @ Skudai/Mutiara Rini,C2,5,23
2026-09-20,ceros-residences,ksl,Ceros Residence @ Skudai/Mutiara Rini,C3,20,22
2026-09-21,straits-view-duo,johor,The Straits View Duo,A,138,378
2026-09-21,straits-view-duo,johor,The Straits View Duo,A1,4,8
2026-09-21,straits-view-duo,johor,The Straits View Duo,A2,1,2
2026-09-21,straits-view-duo,johor,The Straits View Duo,B,81,160
2026-09-21,straits-view-duo,johor,The Straits View Duo,B1,23,53
2026-09-21,straits-view-duo,johor,The Straits View Duo,B2,3,4
2026-09-21,straits-view-duo,johor,The Straits View Duo,C,65,108
2026-09-21,straits-view-duo,johor,The Straits View Duo,C1,2,2
2026-09-21,permas-heights,johor,Permas Heights,A,332,600
2026-09-21,permas-heights,johor,Permas Heights,B,347,600
2026-09-21,permas-heights,johor,Permas Heights,C,316,750
2026-09-21,hillview-senibong,johor,HillView Senibong Cove,A1,20,111
2026-09-21,hillview-senibong,johor,HillView Senibong Cove,A1a,1,4
2026-09-21,hillview-senibong,johor,HillView Senibong Cove,B1,15,125
2026-09-21,hillview-senibong,johor,HillView Senibong Cove,B1a,0,5
2026-09-21,hillview-senibong,johor,HillView Senibong Cove,B2,5,40
2026-09-21,hillview-senibong,johor,HillView Senibong Cove,C1,12,94
2026-09-21,hillview-senibong,johor,HillView Senibong Cove,C1a,0,2
2026-09-21,hillview-senibong,johor,HillView Senibong Cove,C1b,0,28
2026-09-21,hillview-senibong,johor,HillView Senibong Cove,C1c,0,1
2026-09-21,hillview-senibong,johor,HillView Senibong Cove,D1,0,2
2026-09-21,hillview-senibong,johor,HillView Senibong Cove,D2,0,2
2026-09-21,hillview-senibong,johor,HillView Senibong Cove,D2a,0,1
2026-09-21,parkland-phase-1,johor,Parkland by the River,A,130,180
2026-09-21,parkland-phase-1,johor,Parkland by the River,B,266,418
2026-09-21,parkland-phase-1,johor,Parkland by the River,C,274,480
2026-09-21,parkland-phase-2,johor,Parkland by the River,A,89,178
2026-09-21,parkland-phase-2,johor,Parkland by the River,B,191,420
2026-09-21,parkland-phase-2,johor,Parkland by the River,C,131,480
2026-09-21,ceros-residences,ksl,Ceros Residence @ Skudai/Mutiara Rini,A,179,206
2026-09-21,ceros-residences,ksl,Ceros Residence @ Skudai/Mutiara Rini,B1,246,335
2026-09-21,ceros-residences,ksl,Ceros Residence @ Skudai/Mutiara Rini,B2,166,247
2026-09-21,ceros-residences,ksl,Ceros Residence @ Skudai/Mutiara Rini,B3,9,9
2026-09-21,ceros-residences,ksl,Ceros Residence @ Skudai/Mutiara Rini,B4,0,3
2026-09-21,ceros-residences,ksl,Ceros Residence @ Skudai/Mutiara Rini,B5,0,1
2026-09-21,ceros-residences,ksl,Ceros Residence @ Skudai/Mutiara Rini,B6,0,1
2026-09-21,ceros-residences,ksl,Ceros Residence @ Skudai/Mutiara Rini,B7,0,1
2026-09-21,ceros-residences,ksl,Ceros Residence @ Skudai/Mutiara Rini,C1,205,300
2026-09-21,ceros-residences,ksl,Ceros Residence @ Skudai/Mutiara Rini,C2,5,23
2026-09-21,ceros-residences,ksl,Ceros Residence @ Skudai/Mutiara Rini,C3,20,22
2026-09-22,straits-view-duo,johor,The Straits View Duo,A,138,378
2026-09-22,straits-view-duo,johor,The Straits View Duo,A1,4,8
2026-09-22,straits-view-duo,johor,The Straits View Duo,A2,1,2
2026-09-22,straits-view-duo,johor,The Straits View Duo,B,81,160
2026-09-22,straits-view-duo,johor,The Straits View Duo,B1,23,53
2026-09-22,straits-view-duo,johor,The Straits View Duo,B2,3,4
2026-09-22,straits-view-duo,johor,The Straits View Duo,C,65,108
2026-09-22,straits-view-duo,johor,The Straits View Duo,C1,2,2
2026-09-22,permas-heights,johor,Permas Heights,A,332,600
2026-09-22,permas-heights,johor,Permas Heights,B,347,600
2026-09-22,permas-heights,johor,Permas Heights,C,317,750
2026-09-22,hillview-senibong,johor,HillView Senibong Cove,A1,20,111
2026-09-22,hillview-senibong,johor,HillView Senibong Cove,A1a,1,4
2026-09-22,hillview-senibong,johor,HillView Senibong Cove,B1,15,125
2026-09-22,hillview-senibong,johor,HillView Senibong Cove,B1a,0,5
2026-09-22,hillview-senibong,johor,HillView Senibong Cove,B2,5,40
2026-09-22,hillview-senibong,johor,HillView Senibong Cove,C1,13,94
2026-09-22,hillview-senibong,johor,HillView Senibong Cove,C1a,0,2
2026-09-22,hillview-senibong,johor,HillView Senibong Cove,C1b,0,28
2026-09-22,hillview-senibong,johor,HillView Senibong Cove,C1c,0,1
2026-09-22,hillview-senibong,johor,HillView Senibong Cove,D1,0,2
2026-09-22,hillview-senibong,johor,HillView Senibong Cove,D2,0,2
2026-09-22,hillview-senibong,johor,HillView Senibong Cove,D2a,0,1
2026-09-22,parkland-phase-1,johor,Parkland by the River,A,130,180
2026-09-22,parkland-phase-1,johor,Parkland by the River,B,266,418
2026-09-22,parkland-phase-1,johor,Parkland by the River,C,274,480
2026-09-22,parkland-phase-2,johor,Parkland by the River,A,89,178
2026-09-22,parkland-phase-2,johor,Parkland by the River,B,191,420
2026-09-22,parkland-phase-2,johor,Parkland by the River,C,131,480
2026-09-22,ceros-residences,ksl,Ceros Residence @ Skudai/Mutiara Rini,A,179,206
2026-09-22,ceros-residences,ksl,Ceros Residence @ Skudai/Mutiara Rini,B1,247,335
2026-09-22,ceros-residences,ksl,Ceros Residence @ Skudai/Mutiara Rini,B2,167,247
2026-09-22,ceros-residences,ksl,Ceros Residence @ Skudai/Mutiara Rini,B3,9,9
2026-09-22,ceros-residences,ksl,Ceros Residence @ Skudai/Mutiara Rini,B4,0,3
2026-09-22,ceros-residences,ksl,Ceros Residence @ Skudai/Mutiara Rini,B5,0,1
2026-09-22,ceros-residences,ksl,Ceros Residence @ Skudai/Mutiara Rini,B6,0,1
2026-09-22,ceros-residences,ksl,Ceros Residence @ Skudai/Mutiara Rini,B7,0,1
2026-09-22,ceros-residences,ksl,Ceros Residence @ Skudai/Mutiara Rini,C1,205,300
2026-09-22,ceros-residences,ksl,Ceros Residence @ Skudai/Mutiara Rini,C2,5,23
2026-09-22,ceros-residences,ksl,Ceros Residence @ Skudai/Mutiara Rini,C3,20,22
2026-09-23,straits-view-duo,johor,The Straits View Duo,A,138,378
2026-09-23,straits-view-duo,johor,The Straits View Duo,A1,4,8
2026-09-23,straits-view-duo,johor,The Straits View Duo,A2,1,2
2026-09-23,straits-view-duo,johor,The Straits View Duo,B,81,160
2026-09-23,straits-view-duo,johor,The Straits View Duo,B1,24,53
2026-09-23,straits-view-duo,johor,The Straits View Duo,B2,3,4
2026-09-23,straits-view-duo,johor,The Straits View Duo,C,65,108
2026-09-23,straits-view-duo,johor,The Straits View Duo,C1,2,2
2026-09-23,permas-heights,johor,Permas Heights,A,333,600
2026-09-23,permas-heights,johor,Permas Heights,B,349,600
2026-09-23,permas-heights,johor,Permas Heights,C,317,750
2026-09-23,hillview-senibong,johor,HillView Senibong Cove,A1,20,111
2026-09-23,hillview-senibong,johor,HillView Senibong Cove,A1a,1,4
2026-09-23,hillview-senibong,johor,HillView Senibong Cove,B1,15,125
2026-09-23,hillview-senibong,johor,HillView Senibong Cove,B1a,0,5
2026-09-23,hillview-senibong,johor,HillView Senibong Cove,B2,5,40
2026-09-23,hillview-senibong,johor,HillView Senibong Cove,C1,13,94
2026-09-23,hillview-senibong,johor,HillView Senibong Cove,C1a,0,2
2026-09-23,hillview-senibong,johor,HillView Senibong Cove,C1b,0,28
2026-09-23,hillview-senibong,johor,HillView Senibong Cove,C1c,0,1
2026-09-23,hillview-senibong,johor,HillView Senibong Cove,D1,0,2
2026-09-23,hillview-senibong,johor,HillView Senibong Cove,D2,0,2
2026-09-23,hillview-senibong,johor,HillView Senibong Cove,D2a,0,1
2026-09-23,parkland-phase-1,johor,Parkland by the River,A,130,180
2026-09-23,parkland-phase-1,johor,Parkland by the River,B,266,418
2026-09-23,parkland-phase-1,johor,Parkland by the River,C,274,480
2026-09-23,parkland-phase-2,johor,Parkland by the River,A,89,178
2026-09-23,parkland-phase-2,johor,Parkland by the River,B,192,420
2026-09-23,parkland-phase-2,johor,Parkland by the River,C,131,480
2026-09-23,ceros-residences,ksl,Ceros Residence @ Skudai/Mutiara Rini,A,179,206
2026-09-23,ceros-residences,ksl,Ceros Residence @ Skudai/Mutiara Rini,B1,249,335
2026-09-23,ceros-residences,ksl,Ceros Residence @ Skudai/Mutiara Rini,B2,167,247
2026-09-23,ceros-residences,ksl,Ceros Residence @ Skudai/Mutiara Rini,B3,9,9
2026-09-23,ceros-residences,ksl,Ceros Residence @ Skudai/Mutiara Rini,B4,0,3
2026-09-23,ceros-residences,ksl,Ceros Residence @ Skudai/Mutiara Rini,B5,0,1
2026-09-23,ceros-residences,ksl,Ceros Residence @ Skudai/Mutiara Rini,B6,0,1
2026-09-23,ceros-residences,ksl,Ceros Residence @ Skudai/Mutiara Rini,B7,0,1
2026-09-23,ceros-residences,ksl,Ceros Residence @ Skudai/Mutiara Rini,C1,205,300
2026-09-23,ceros-residences,ksl,Ceros Residence @ Skudai/Mutiara Rini,C2,5,23
2026-09-23,ceros-residences,ksl,Ceros Residence @ Skudai/Mutiara Rini,C3,20,22
2026-09-24,straits-view-duo,johor,The Straits View Duo,A,139,378
2026-09-24,straits-view-duo,johor,The Straits View Duo,A1,4,8
2026-09-24,straits-view-duo,johor,The Straits View Duo,A2,1,2
2026-09-24,straits-view-duo,johor,The Straits View Duo,B,81,160
2026-09-24,straits-view-duo,johor,The Straits View Duo,B1,25,53
2026-09-24,straits-view-duo,johor,The Straits View Duo,B2,3,4
2026-09-24,straits-view-duo,johor,The Straits View Duo,C,66,108
2026-09-24,straits-view-duo,johor,The Straits View Duo,C1,2,2
2026-09-24,permas-heights,johor,Permas Heights,A,333,600
2026-09-24,permas-heights,johor,Permas Heights,B,349,600
2026-09-24,permas-heights,johor,Permas Heights,C,317,750
2026-09-24,hillview-senibong,johor,HillView Senibong Cove,A1,20,111
2026-09-24,hillview-senibong,johor,HillView Senibong Cove,A1a,1,4
2026-09-24,hillview-senibong,johor,HillView Senibong Cove,B1,15,125
2026-09-24,hillview-senibong,johor,HillView Senibong Cove,B1a,0,5
2026-09-24,hillview-senibong,johor,HillView Senibong Cove,B2,5,40
2026-09-24,hillview-senibong,johor,HillView Senibong Cove,C1,13,94
2026-09-24,hillview-senibong,johor,HillView Senibong Cove,C1a,0,2
2026-09-24,hillview-senibong,johor,HillView Senibong Cove,C1b,0,28
2026-09-24,hillview-senibong,johor,HillView Senibong Cove,C1c,0,1
2026-09-24,hillview-senibong,johor,HillView Senibong Cove,D1,0,2
2026-09-24,hillview-senibong,johor,HillView Senibong Cove,D2,0,2
2026-09-24,hillview-senibong,johor,HillView Senibong Cove,D2a,0,1
2026-09-24,parkland-phase-1,johor,Parkland by the River,A,130,180
2026-09-24,parkland-phase-1,johor,Parkland by the River,B,266,418
2026-09-24,parkland-phase-1,johor,Parkland by the River,C,275,480
2026-09-24,parkland-phase-2,johor,Parkland by the River,A,90,178
2026-09-24,parkland-phase-2,johor,Parkland by the River,B,192,420
2026-09-24,parkland-phase-2,johor,Parkland by the River,C,132,480
2026-09-24,ceros-residences,ksl,Ceros Residence @ Skudai/Mutiara Rini,A,179,206
2026-09-24,ceros-residences,ksl,Ceros Residence @ Skudai/Mutiara Rini,B1,253,335
2026-09-24,ceros-residences,ksl,Ceros Residence @ Skudai/Mutiara Rini,B2,167,247
2026-09-24,ceros-residences,ksl,Ceros Residence @ Skudai/Mutiara Rini,B3,9,9
2026-09-24,ceros-residences,ksl,Ceros Residence @ Skudai/Mutiara Rini,B4,0,3
2026-09-24,ceros-residences,ksl,Ceros Residence @ Skudai/Mutiara Rini,B5,0,1
2026-09-24,ceros-residences,ksl,Ceros Residence @ Skudai/Mutiara Rini,B6,0,1
2026-09-24,ceros-residences,ksl,Ceros Residence @ Skudai/Mutiara Rini,B7,0,1
2026-09-24,ceros-residences,ksl,Ceros Residence @ Skudai/Mutiara Rini,C1,207,300
2026-09-24,ceros-residences,ksl,Ceros Residence @ Skudai/Mutiara Rini,C2,5,23
2026-09-24,ceros-residences,ksl,Ceros Residence @ Skudai/Mutiara Rini,C3,20,22
2026-09-25,straits-view-duo,johor,The Straits View Duo,A,139,378
2026-09-25,straits-view-duo,johor,The Straits View Duo,A1,4,8
2026-09-25,straits-view-duo,johor,The Straits View Duo,A2,1,2
2026-09-25,straits-view-duo,johor,The Straits View Duo,B,81,160
2026-09-25,straits-view-duo,johor,The Straits View Duo,B1,25,53
2026-09-25,straits-view-duo,johor,The Straits View Duo,B2,3,4
2026-09-25,straits-view-duo,johor,The Straits View Duo,C,66,108
2026-09-25,straits-view-duo,johor,The Straits View Duo,C1,2,2
2026-09-25,permas-heights,johor,Permas Heights,A,335,600
2026-09-25,permas-heights,johor,Permas Heights,B,353,600
2026-09-25,permas-heights,johor,Permas Heights,C,319,750
2026-09-25,hillview-senibong,johor,HillView Senibong Cove,A1,20,111
2026-09-25,hillview-senibong,johor,HillView Senibong Cove,A1a,1,4
2026-09-25,hillview-senibong,johor,HillView Senibong Cove,B1,15,125
2026-09-25,hillview-senibong,johor,HillView Senibong Cove,B1a,0,5
2026-09-25,hillview-senibong,johor,HillView Senibong Cove,B2,5,40
2026-09-25,hillview-senibong,johor,HillView Senibong Cove,C1,13,94
2026-09-25,hillview-senibong,johor,HillView Senibong Cove,C1a,0,2
2026-09-25,hillview-senibong,johor,HillView Senibong Cove,C1b,0,28
2026-09-25,hillview-senibong,johor,HillView Senibong Cove,C1c,0,1
2026-09-25,hillview-senibong,johor,HillView Senibong Cove,D1,0,2
2026-09-25,hillview-senibong,johor,HillView Senibong Cove,D2,0,2
2026-09-25,hillview-senibong,johor,HillView Senibong Cove,D2a,0,1
2026-09-25,parkland-phase-1,johor,Parkland by the River,A,130,180
2026-09-25,parkland-phase-1,johor,Parkland by the River,B,266,418
2026-09-25,parkland-phase-1,johor,Parkland by the River,C,275,480
2026-09-25,parkland-phase-2,johor,Parkland by the River,A,90,178
2026-09-25,parkland-phase-2,johor,Parkland by the River,B,193,420
2026-09-25,parkland-phase-2,johor,Parkland by the River,C,132,480
2026-09-25,ceros-residences,ksl,Ceros Residence @ Skudai/Mutiara Rini,A,179,206
2026-09-25,ceros-residences,ksl,Ceros Residence @ Skudai/Mutiara Rini,B1,253,335
2026-09-25,ceros-residences,ksl,Ceros Residence @ Skudai/Mutiara Rini,B2,167,247
2026-09-25,ceros-residences,ksl,Ceros Residence @ Skudai/Mutiara Rini,B3,9,9
2026-09-25,ceros-residences,ksl,Ceros Residence @ Skudai/Mutiara Rini,B4,0,3
2026-09-25,ceros-residences,ksl,Ceros Residence @ Skudai/Mutiara Rini,B5,0,1
2026-09-25,ceros-residences,ksl,Ceros Residence @ Skudai/Mutiara Rini,B6,0,1
2026-09-25,ceros-residences,ksl,Ceros Residence @ Skudai/Mutiara Rini,B7,0,1
2026-09-25,ceros-residences,ksl,Ceros Residence @ Skudai/Mutiara Rini,C1,210,300
2026-09-25,ceros-residences,ksl,Ceros Residence @ Skudai/Mutiara Rini,C2,5,23
2026-09-25,ceros-residences,ksl,Ceros Residence @ Skudai/Mutiara Rini,C3,20,22
2026-09-26,straits-view-duo,johor,The Straits View Duo,A,140,378
2026-09-26,straits-view-duo,johor,The Straits View Duo,A1,4,8
2026-09-26,straits-view-duo,johor,The Straits View Duo,A2,1,2
2026-09-26,straits-view-duo,johor,The Straits View Duo,B,82,160
2026-09-26,straits-view-duo,johor,The Straits View Duo,B1,25,53
2026-09-26,straits-view-duo,johor,The Straits View Duo,B2,3,4
2026-09-26,straits-view-duo,johor,The Straits View Duo,C,66,108
2026-09-26,straits-view-duo,johor,The Straits View Duo,C1,2,2
2026-09-26,permas-heights,johor,Permas Heights,A,336,600
2026-09-26,permas-heights,johor,Permas Heights,B,354,600
2026-09-26,permas-heights,johor,Permas Heights,C,319,750
2026-09-26,hillview-senibong,johor,HillView Senibong Cove,A1,20,111
2026-09-26,hillview-senibong,johor,HillView Senibong Cove,A1a,1,4
2026-09-26,hillview-senibong,johor,HillView Senibong Cove,B1,15,125
2026-09-26,hillview-senibong,johor,HillView Senibong Cove,B1a,0,5
2026-09-26,hillview-senibong,johor,HillView Senibong Cove,B2,5,40
2026-09-26,hillview-senibong,johor,HillView Senibong Cove,C1,13,94
2026-09-26,hillview-senibong,johor,HillView Senibong Cove,C1a,0,2
2026-09-26,hillview-senibong,johor,HillView Senibong Cove,C1b,0,28
2026-09-26,hillview-senibong,johor,HillView Senibong Cove,C1c,0,1
2026-09-26,hillview-senibong,johor,HillView Senibong Cove,D1,0,2
2026-09-26,hillview-senibong,johor,HillView Senibong Cove,D2,0,2
2026-09-26,hillview-senibong,johor,HillView Senibong Cove,D2a,0,1
2026-09-26,parkland-phase-1,johor,Parkland by the River,A,130,180
2026-09-26,parkland-phase-1,johor,Parkland by the River,B,266,418
2026-09-26,parkland-phase-1,johor,Parkland by the River,C,275,480
2026-09-26,parkland-phase-2,johor,Parkland by the River,A,90,178
2026-09-26,parkland-phase-2,johor,Parkland by the River,B,194,420
2026-09-26,parkland-phase-2,johor,Parkland by the River,C,133,480
2026-09-26,ceros-residences,ksl,Ceros Residence @ Skudai/Mutiara Rini,A,179,206
2026-09-26,ceros-residences,ksl,Ceros Residence @ Skudai/Mutiara Rini,B1,255,335
2026-09-26,ceros-residences,ksl,Ceros Residence @ Skudai/Mutiara Rini,B2,169,247
2026-09-26,ceros-residences,ksl,Ceros Residence @ Skudai/Mutiara Rini,B3,9,9
2026-09-26,ceros-residences,ksl,Ceros Residence @ Skudai/Mutiara Rini,B4,0,3
2026-09-26,ceros-residences,ksl,Ceros Residence @ Skudai/Mutiara Rini,B5,0,1
2026-09-26,ceros-residences,ksl,Ceros Residence @ Skudai/Mutiara Rini,B6,0,1
2026-09-26,ceros-residences,ksl,Ceros Residence @ Skudai/Mutiara Rini,B7,0,1
2026-09-26,ceros-residences,ksl,Ceros Residence @ Skudai/Mutiara Rini,C1,209,300
2026-09-26,ceros-residences,ksl,Ceros Residence @ Skudai/Mutiara Rini,C2,5,23
2026-09-26,ceros-residences,ksl,Ceros Residence @ Skudai/Mutiara Rini,C3,20,22
2026-09-27,straits-view-duo,johor,The Straits View Duo,A,140,378
2026-09-27,straits-view-duo,johor,The Straits View Duo,A1,4,8
2026-09-27,straits-view-duo,johor,The Straits View Duo,A2,1,2
2026-09-27,straits-view-duo,johor,The Straits View Duo,B,82,160
2026-09-27,straits-view-duo,johor,The Straits View Duo,B1,25,53
2026-09-27,straits-view-duo,johor,The Straits View Duo,B2,3,4
2026-09-27,straits-view-duo,johor,The Straits View Duo,C,66,108
2026-09-27,straits-view-duo,johor,The Straits View Duo,C1,2,2
2026-09-27,permas-heights,johor,Permas Heights,A,336,600
2026-09-27,permas-heights,johor,Permas Heights,B,354,600
2026-09-27,permas-heights,johor,Permas Heights,C,319,750
2026-09-27,hillview-senibong,johor,HillView Senibong Cove,A1,20,111
2026-09-27,hillview-senibong,johor,HillView Senibong Cove,A1a,1,4
2026-09-27,hillview-senibong,johor,HillView Senibong Cove,B1,15,125
2026-09-27,hillview-senibong,johor,HillView Senibong Cove,B1a,0,5
2026-09-27,hillview-senibong,johor,HillView Senibong Cove,B2,5,40
2026-09-27,hillview-senibong,johor,HillView Senibong Cove,C1,13,94
2026-09-27,hillview-senibong,johor,HillView Senibong Cove,C1a,0,2
2026-09-27,hillview-senibong,johor,HillView Senibong Cove,C1b,0,28
2026-09-27,hillview-senibong,johor,HillView Senibong Cove,C1c,0,1
2026-09-27,hillview-senibong,johor,HillView Senibong Cove,D1,0,2
2026-09-27,hillview-senibong,johor,HillView Senibong Cove,D2,0,2
2026-09-27,hillview-senibong,johor,HillView Senibong Cove,D2a,0,1
2026-09-27,parkland-phase-1,johor,Parkland by the River,A,130,180
2026-09-27,parkland-phase-1,johor,Parkland by the River,B,266,418
2026-09-27,parkland-phase-1,johor,Parkland by the River,C,275,480
2026-09-27,parkland-phase-2,johor,Parkland by the River,A,90,178
2026-09-27,parkland-phase-2,johor,Parkland by the River,B,194,420
2026-09-27,parkland-phase-2,johor,Parkland by the River,C,133,480
2026-09-27,ceros-residences,ksl,Ceros Residence @ Skudai/Mutiara Rini,A,179,206
2026-09-27,ceros-residences,ksl,Ceros Residence @ Skudai/Mutiara Rini,B1,255,335
2026-09-27,ceros-residences,ksl,Ceros Residence @ Skudai/Mutiara Rini,B2,169,247
2026-09-27,ceros-residences,ksl,Ceros Residence @ Skudai/Mutiara Rini,B3,9,9
2026-09-27,ceros-residences,ksl,Ceros Residence @ Skudai/Mutiara Rini,B4,0,3
2026-09-27,ceros-residences,ksl,Ceros Residence @ Skudai/Mutiara Rini,B5,0,1
2026-09-27,ceros-residences,ksl,Ceros Residence @ Skudai/Mutiara Rini,B6,0,1
2026-09-27,ceros-residences,ksl,Ceros Residence @ Skudai/Mutiara Rini,B7,0,1
2026-09-27,ceros-residences,ksl,Ceros Residence @ Skudai/Mutiara Rini,C1,209,300
2026-09-27,ceros-residences,ksl,Ceros Residence @ Skudai/Mutiara Rini,C2,5,23
2026-09-27,ceros-residences,ksl,Ceros Residence @ Skudai/Mutiara Rini,C3,20,22
2026-09-28,straits-view-duo,johor,The Straits View Duo,A,140,378
2026-09-28,straits-view-duo,johor,The Straits View Duo,A1,4,8
2026-09-28,straits-view-duo,johor,The Straits View Duo,A2,1,2
2026-09-28,straits-view-duo,johor,The Straits View Duo,B,82,160
2026-09-28,straits-view-duo,johor,The Straits View Duo,B1,25,53
2026-09-28,straits-view-duo,johor,The Straits View Duo,B2,3,4
2026-09-28,straits-view-duo,johor,The Straits View Duo,C,66,108
2026-09-28,straits-view-duo,johor,The Straits View Duo,C1,2,2
2026-09-28,permas-heights,johor,Permas Heights,A,336,600
2026-09-28,permas-heights,johor,Permas Heights,B,354,600
2026-09-28,permas-heights,johor,Permas Heights,C,319,750
2026-09-28,hillview-senibong,johor,HillView Senibong Cove,A1,20,111
2026-09-28,hillview-senibong,johor,HillView Senibong Cove,A1a,1,4
2026-09-28,hillview-senibong,johor,HillView Senibong Cove,B1,15,125
2026-09-28,hillview-senibong,johor,HillView Senibong Cove,B1a,0,5
2026-09-28,hillview-senibong,johor,HillView Senibong Cove,B2,5,40
2026-09-28,hillview-senibong,johor,HillView Senibong Cove,C1,13,94
2026-09-28,hillview-senibong,johor,HillView Senibong Cove,C1a,0,2
2026-09-28,hillview-senibong,johor,HillView Senibong Cove,C1b,0,28
2026-09-28,hillview-senibong,johor,HillView Senibong Cove,C1c,0,1
2026-09-28,hillview-senibong,johor,HillView Senibong Cove,D1,0,2
2026-09-28,hillview-senibong,johor,HillView Senibong Cove,D2,0,2
2026-09-28,hillview-senibong,johor,HillView Senibong Cove,D2a,0,1
2026-09-28,parkland-phase-1,johor,Parkland by the River,A,130,180
2026-09-28,parkland-phase-1,johor,Parkland by the River,B,266,418
2026-09-28,parkland-phase-1,johor,Parkland by the River,C,275,480
2026-09-28,parkland-phase-2,johor,Parkland by the River,A,90,178
2026-09-28,parkland-phase-2,johor,Parkland by the River,B,194,420
2026-09-28,parkland-phase-2,johor,Parkland by the River,C,133,480
2026-09-28,ceros-residences,ksl,Ceros Residence @ Skudai/Mutiara Rini,A,178,206
2026-09-28,ceros-residences,ksl,Ceros Residence @ Skudai/Mutiara Rini,B1,255,335
2026-09-28,ceros-residences,ksl,Ceros Residence @ Skudai/Mutiara Rini,B2,169,247
2026-09-28,ceros-residences,ksl,Ceros Residence @ Skudai/Mutiara Rini,B3,9,9
2026-09-28,ceros-residences,ksl,Ceros Residence @ Skudai/Mutiara Rini,B4,0,3
2026-09-28,ceros-residences,ksl,Ceros Residence @ Skudai/Mutiara Rini,B5,0,1
2026-09-28,ceros-residences,ksl,Ceros Residence @ Skudai/Mutiara Rini,B6,0,1
2026-09-28,ceros-residences,ksl,Ceros Residence @ Skudai/Mutiara Rini,B7,0,1
2026-09-28,ceros-residences,ksl,Ceros Residence @ Skudai/Mutiara Rini,C1,209,300
2026-09-28,ceros-residences,ksl,Ceros Residence @ Skudai/Mutiara Rini,C2,5,23
2026-09-28,ceros-residences,ksl,Ceros Residence @ Skudai/Mutiara Rini,C3,20,22
2026-09-29,straits-view-duo,johor,The Straits View Duo,A,141,378
2026-09-29,straits-view-duo,johor,The Straits View Duo,A1,4,8
2026-09-29,straits-view-duo,johor,The Straits View Duo,A2,1,2
2026-09-29,straits-view-duo,johor,The Straits View Duo,B,83,160
2026-09-29,straits-view-duo,johor,The Straits View Duo,B1,25,53
2026-09-29,straits-view-duo,johor,The Straits View Duo,B2,3,4
2026-09-29,straits-view-duo,johor,The Straits View Duo,C,66,108
2026-09-29,straits-view-duo,johor,The Straits View Duo,C1,2,2
2026-09-29,permas-heights,johor,Permas Heights,A,337,600
2026-09-29,permas-heights,johor,Permas Heights,B,355,600
2026-09-29,permas-heights,johor,Permas Heights,C,320,750
2026-09-29,hillview-senibong,johor,HillView Senibong Cove,A1,20,111
2026-09-29,hillview-senibong,johor,HillView Senibong Cove,A1a,1,4
2026-09-29,hillview-senibong,johor,HillView Senibong Cove,B1,15,125
2026-09-29,hillview-senibong,johor,HillView Senibong Cove,B1a,0,5
2026-09-29,hillview-senibong,johor,HillView Senibong Cove,B2,5,40
2026-09-29,hillview-senibong,johor,HillView Senibong Cove,C1,13,94
2026-09-29,hillview-senibong,johor,HillView Senibong Cove,C1a,0,2
2026-09-29,hillview-senibong,johor,HillView Senibong Cove,C1b,0,28
2026-09-29,hillview-senibong,johor,HillView Senibong Cove,C1c,0,1
2026-09-29,hillview-senibong,johor,HillView Senibong Cove,D1,0,2
2026-09-29,hillview-senibong,johor,HillView Senibong Cove,D2,0,2
2026-09-29,hillview-senibong,johor,HillView Senibong Cove,D2a,0,1
2026-09-29,parkland-phase-1,johor,Parkland by the River,A,130,180
2026-09-29,parkland-phase-1,johor,Parkland by the River,B,266,418
2026-09-29,parkland-phase-1,johor,Parkland by the River,C,275,480
2026-09-29,parkland-phase-2,johor,Parkland by the River,A,90,178
2026-09-29,parkland-phase-2,johor,Parkland by the River,B,194,420
2026-09-29,parkland-phase-2,johor,Parkland by the River,C,133,480
2026-09-29,ceros-residences,ksl,Ceros Residence @ Skudai/Mutiara Rini,A,179,206
2026-09-29,ceros-residences,ksl,Ceros Residence @ Skudai/Mutiara Rini,B1,256,335
2026-09-29,ceros-residences,ksl,Ceros Residence @ Skudai/Mutiara Rini,B2,169,247
2026-09-29,ceros-residences,ksl,Ceros Residence @ Skudai/Mutiara Rini,B3,9,9
2026-09-29,ceros-residences,ksl,Ceros Residence @ Skudai/Mutiara Rini,B4,0,3
2026-09-29,ceros-residences,ksl,Ceros Residence @ Skudai/Mutiara Rini,B5,0,1
2026-09-29,ceros-residences,ksl,Ceros Residence @ Skudai/Mutiara Rini,B6,0,1
2026-09-29,ceros-residences,ksl,Ceros Residence @ Skudai/Mutiara Rini,B7,0,1
2026-09-29,ceros-residences,ksl,Ceros Residence @ Skudai/Mutiara Rini,C1,209,300
2026-09-29,ceros-residences,ksl,Ceros Residence @ Skudai/Mutiara Rini,C2,5,23
2026-09-29,ceros-residences,ksl,Ceros Residence @ Skudai/Mutiara Rini,C3,20,22
2026-09-30,straits-view-duo,johor,The Straits View Duo,A,141,378
2026-09-30,straits-view-duo,johor,The Straits View Duo,A1,4,8
2026-09-30,straits-view-duo,johor,The Straits View Duo,A2,1,2
2026-09-30,straits-view-duo,johor,The Straits View Duo,B,84,160
2026-09-30,straits-view-duo,johor,The Straits View Duo,B1,25,53
2026-09-30,straits-view-duo,johor,The Straits View Duo,B2,3,4
2026-09-30,straits-view-duo,johor,The Straits View Duo,C,66,108
2026-09-30,straits-view-duo,johor,The Straits View Duo,C1,2,2
2026-09-30,permas-heights,johor,Permas Heights,A,337,600
2026-09-30,permas-heights,johor,Permas Heights,B,355,600
2026-09-30,permas-heights,johor,Permas Heights,C,320,750
2026-09-30,hillview-senibong,johor,HillView Senibong Cove,A1,20,111
2026-09-30,hillview-senibong,johor,HillView Senibong Cove,A1a,1,4
2026-09-30,hillview-senibong,johor,HillView Senibong Cove,B1,15,125
2026-09-30,hillview-senibong,johor,HillView Senibong Cove,B1a,0,5
2026-09-30,hillview-senibong,johor,HillView Senibong Cove,B2,5,40
2026-09-30,hillview-senibong,johor,HillView Senibong Cove,C1,13,94
2026-09-30,hillview-senibong,johor,HillView Senibong Cove,C1a,0,2
2026-09-30,hillview-senibong,johor,HillView Senibong Cove,C1b,0,28
2026-09-30,hillview-senibong,johor,HillView Senibong Cove,C1c,0,1
2026-09-30,hillview-senibong,johor,HillView Senibong Cove,D1,0,2
2026-09-30,hillview-senibong,johor,HillView Senibong Cove,D2,0,2
2026-09-30,hillview-senibong,johor,HillView Senibong Cove,D2a,0,1
2026-09-30,parkland-phase-1,johor,Parkland by the River,A,130,180
2026-09-30,parkland-phase-1,johor,Parkland by the River,B,266,418
2026-09-30,parkland-phase-1,johor,Parkland by the River,C,275,480
2026-09-30,parkland-phase-2,johor,Parkland by the River,A,90,178
2026-09-30,parkland-phase-2,johor,Parkland by the River,B,194,420
2026-09-30,parkland-phase-2,johor,Parkland by the River,C,134,480
2026-09-30,ceros-residences,ksl,Ceros Residence @ Skudai/Mutiara Rini,A,179,206
2026-09-30,ceros-residences,ksl,Ceros Residence @ Skudai/Mutiara Rini,B1,256,335
2026-09-30,ceros-residences,ksl,Ceros Residence @ Skudai/Mutiara Rini,B2,168,247
2026-09-30,ceros-residences,ksl,Ceros Residence @ Skudai/Mutiara Rini,B3,9,9
2026-09-30,ceros-residences,ksl,Ceros Residence @ Skudai/Mutiara Rini,B4,0,3
2026-09-30,ceros-residences,ksl,Ceros Residence @ Skudai/Mutiara Rini,B5,0,1
2026-09-30,ceros-residences,ksl,Ceros Residence @ Skudai/Mutiara Rini,B6,0,1
2026-09-30,ceros-residences,ksl,Ceros Residence @ Skudai/Mutiara Rini,B7,0,1
2026-09-30,ceros-residences,ksl,Ceros Residence @ Skudai/Mutiara Rini,C1,209,300
2026-09-30,ceros-residences,ksl,Ceros Residence @ Skudai/Mutiara Rini,C2,5,23
2026-09-30,ceros-residences,ksl,Ceros Residence @ Skudai/Mutiara Rini,C3,21,22
2026-10-01,straits-view-duo,johor,The Straits View Duo,A,142,378
2026-10-01,straits-view-duo,johor,The Straits View Duo,A1,4,8
2026-10-01,straits-view-duo,johor,The Straits View Duo,A2,1,2
2026-10-01,straits-view-duo,johor,The Straits View Duo,B,84,160
2026-10-01,straits-view-duo,johor,The Straits View Duo,B1,25,53
2026-10-01,straits-view-duo,johor,The Straits View Duo,B2,3,4
2026-10-01,straits-view-duo,johor,The Straits View Duo,C,66,108
2026-10-01,straits-view-duo,johor,The Straits View Duo,C1,2,2
2026-10-01,permas-heights,johor,Permas Heights,A,337,600
2026-10-01,permas-heights,johor,Permas Heights,B,355,600
2026-10-01,permas-heights,johor,Permas Heights,C,322,750
2026-10-01,hillview-senibong,johor,HillView Senibong Cove,A1,20,111
2026-10-01,hillview-senibong,johor,HillView Senibong Cove,A1a,1,4
2026-10-01,hillview-senibong,johor,HillView Senibong Cove,B1,15,125
2026-10-01,hillview-senibong,johor,HillView Senibong Cove,B1a,0,5
2026-10-01,hillview-senibong,johor,HillView Senibong Cove,B2,5,40
2026-10-01,hillview-senibong,johor,HillView Senibong Cove,C1,14,94
2026-10-01,hillview-senibong,johor,HillView Senibong Cove,C1a,0,2
2026-10-01,hillview-senibong,johor,HillView Senibong Cove,C1b,0,28
2026-10-01,hillview-senibong,johor,HillView Senibong Cove,C1c,0,1
2026-10-01,hillview-senibong,johor,HillView Senibong Cove,D1,0,2
2026-10-01,hillview-senibong,johor,HillView Senibong Cove,D2,0,2
2026-10-01,hillview-senibong,johor,HillView Senibong Cove,D2a,0,1
2026-10-01,parkland-phase-1,johor,Parkland by the River,A,130,180
2026-10-01,parkland-phase-1,johor,Parkland by the River,B,266,418
2026-10-01,parkland-phase-1,johor,Parkland by the River,C,275,480
2026-10-01,parkland-phase-2,johor,Parkland by the River,A,90,178
2026-10-01,parkland-phase-2,johor,Parkland by the River,B,195,420
2026-10-01,parkland-phase-2,johor,Parkland by the River,C,134,480
2026-10-01,ceros-residences,ksl,Ceros Residence @ Skudai/Mutiara Rini,A,179,206
2026-10-01,ceros-residences,ksl,Ceros Residence @ Skudai/Mutiara Rini,B1,257,335
2026-10-01,ceros-residences,ksl,Ceros Residence @ Skudai/Mutiara Rini,B2,169,247
2026-10-01,ceros-residences,ksl,Ceros Residence @ Skudai/Mutiara Rini,B3,9,9
2026-10-01,ceros-residences,ksl,Ceros Residence @ Skudai/Mutiara Rini,B4,0,3
2026-10-01,ceros-residences,ksl,Ceros Residence @ Skudai/Mutiara Rini,B5,0,1
2026-10-01,ceros-residences,ksl,Ceros Residence @ Skudai/Mutiara Rini,B6,0,1
2026-10-01,ceros-residences,ksl,Ceros Residence @ Skudai/Mutiara Rini,B7,0,1
2026-10-01,ceros-residences,ksl,Ceros Residence @ Skudai/Mutiara Rini,C1,211,300
2026-10-01,ceros-residences,ksl,Ceros Residence @ Skudai/Mutiara Rini,C2,5,23
2026-10-01,ceros-residences,ksl,Ceros Residence @ Skudai/Mutiara Rini,C3,21,22
2026-10-02,straits-view-duo,johor,The Straits View Duo,A,143,378
2026-10-02,straits-view-duo,johor,The Straits View Duo,A1,4,8
2026-10-02,straits-view-duo,johor,The Straits View Duo,A2,1,2
2026-10-02,straits-view-duo,johor,The Straits View Duo,B,84,160
2026-10-02,straits-view-duo,johor,The Straits View Duo,B1,25,53
2026-10-02,straits-view-duo,johor,The Straits View Duo,B2,3,4
2026-10-02,straits-view-duo,johor,The Straits View Duo,C,66,108
2026-10-02,straits-view-duo,johor,The Straits View Duo,C1,2,2
2026-10-02,permas-heights,johor,Permas Heights,A,339,600
2026-10-02,permas-heights,johor,Permas Heights,B,356,600
2026-10-02,permas-heights,johor,Permas Heights,C,322,750
2026-10-02,hillview-senibong,johor,HillView Senibong Cove,A1,20,111
2026-10-02,hillview-senibong,johor,HillView Senibong Cove,A1a,1,4
2026-10-02,hillview-senibong,johor,HillView Senibong Cove,B1,15,125
2026-10-02,hillview-senibong,johor,HillView Senibong Cove,B1a,0,5
2026-10-02,hillview-senibong,johor,HillView Senibong Cove,B2,5,40
2026-10-02,hillview-senibong,johor,HillView Senibong Cove,C1,14,94
2026-10-02,hillview-senibong,johor,HillView Senibong Cove,C1a,0,2
2026-10-02,hillview-senibong,johor,HillView Senibong Cove,C1b,0,28
2026-10-02,hillview-senibong,johor,HillView Senibong Cove,C1c,0,1
2026-10-02,hillview-senibong,johor,HillView Senibong Cove,D1,0,2
2026-10-02,hillview-senibong,johor,HillView Senibong Cove,D2,0,2
2026-10-02,hillview-senibong,johor,HillView Senibong Cove,D2a,0,1
2026-10-02,parkland-phase-1,johor,Parkland by the River,A,130,180
2026-10-02,parkland-phase-1,johor,Parkland by the River,B,266,418
2026-10-02,parkland-phase-1,johor,Parkland by the River,C,275,480
2026-10-02,parkland-phase-2,johor,Parkland by the River,A,90,178
2026-10-02,parkland-phase-2,johor,Parkland by the River,B,196,420
2026-10-02,parkland-phase-2,johor,Parkland by the River,C,134,480
2026-10-02,ceros-residences,ksl,Ceros Residence @ Skudai/Mutiara Rini,A,179,206
2026-10-02,ceros-residences,ksl,Ceros Residence @ Skudai/Mutiara Rini,B1,257,335
2026-10-02,ceros-residences,ksl,Ceros Residence @ Skudai/Mutiara Rini,B2,169,247
2026-10-02,ceros-residences,ksl,Ceros Residence @ Skudai/Mutiara Rini,B3,9,9
2026-10-02,ceros-residences,ksl,Ceros Residence @ Skudai/Mutiara Rini,B4,0,3
2026-10-02,ceros-residences,ksl,Ceros Residence @ Skudai/Mutiara Rini,B5,0,1
2026-10-02,ceros-residences,ksl,Ceros Residence @ Skudai/Mutiara Rini,B6,0,1
2026-10-02,ceros-residences,ksl,Ceros Residence @ Skudai/Mutiara Rini,B7,0,1
2026-10-02,ceros-residences,ksl,Ceros Residence @ Skudai/Mutiara Rini,C1,213,300
2026-10-02,ceros-residences,ksl,Ceros Residence @ Skudai/Mutiara Rini,C2,5,23
2026-10-02,ceros-residences,ksl,Ceros Residence @ Skudai/Mutiara Rini,C3,21,22
2026-10-03,straits-view-duo,johor,The Straits View Duo,A,143,378
2026-10-03,straits-view-duo,johor,The Straits View Duo,A1,4,8
2026-10-03,straits-view-duo,johor,The Straits View Duo,A2,1,2
2026-10-03,straits-view-duo,johor,The Straits View Duo,B,85,160
2026-10-03,straits-view-duo,johor,The Straits View Duo,B1,26,53
2026-10-03,straits-view-duo,johor,The Straits View Duo,B2,3,4
2026-10-03,straits-view-duo,johor,The Straits View Duo,C,66,108
2026-10-03,straits-view-duo,johor,The Straits View Duo,C1,2,2
2026-10-03,permas-heights,johor,Permas Heights,A,339,600
2026-10-03,permas-heights,johor,Permas Heights,B,356,600
2026-10-03,permas-heights,johor,Permas Heights,C,322,750
2026-10-03,hillview-senibong,johor,HillView Senibong Cove,A1,20,111
2026-10-03,hillview-senibong,johor,HillView Senibong Cove,A1a,1,4
2026-10-03,hillview-senibong,johor,HillView Senibong Cove,B1,15,125
2026-10-03,hillview-senibong,johor,HillView Senibong Cove,B1a,0,5
2026-10-03,hillview-senibong,johor,HillView Senibong Cove,B2,5,40
2026-10-03,hillview-senibong,johor,HillView Senibong Cove,C1,14,94
2026-10-03,hillview-senibong,johor,HillView Senibong Cove,C1a,0,2
2026-10-03,hillview-senibong,johor,HillView Senibong Cove,C1b,0,28
2026-10-03,hillview-senibong,johor,HillView Senibong Cove,C1c,0,1
2026-10-03,hillview-senibong,johor,HillView Senibong Cove,D1,0,2
2026-10-03,hillview-senibong,johor,HillView Senibong Cove,D2,0,2
2026-10-03,hillview-senibong,johor,HillView Senibong Cove,D2a,0,1
2026-10-03,parkland-phase-1,johor,Parkland by the River,A,130,180
2026-10-03,parkland-phase-1,johor,Parkland by the River,B,266,418
2026-10-03,parkland-phase-1,johor,Parkland by the River,C,275,480
2026-10-03,parkland-phase-2,johor,Parkland by the River,A,90,178
2026-10-03,parkland-phase-2,johor,Parkland by the River,B,196,420
2026-10-03,parkland-phase-2,johor,Parkland by the River,C,134,480
2026-10-03,ceros-residences,ksl,Ceros Residence @ Skudai/Mutiara Rini,A,179,206
2026-10-03,ceros-residences,ksl,Ceros Residence @ Skudai/Mutiara Rini,B1,257,335
2026-10-03,ceros-residences,ksl,Ceros Residence @ Skudai/Mutiara Rini,B2,169,247
2026-10-03,ceros-residences,ksl,Ceros Residence @ Skudai/Mutiara Rini,B3,9,9
2026-10-03,ceros-residences,ksl,Ceros Residence @ Skudai/Mutiara Rini,B4,0,3
2026-10-03,ceros-residences,ksl,Ceros Residence @ Skudai/Mutiara Rini,B5,0,1
2026-10-03,ceros-residences,ksl,Ceros Residence @ Skudai/Mutiara Rini,B6,0,1
2026-10-03,ceros-residences,ksl,Ceros Residence @ Skudai/Mutiara Rini,B7,0,1
2026-10-03,ceros-residences,ksl,Ceros Residence @ Skudai/Mutiara Rini,C1,213,300
2026-10-03,ceros-residences,ksl,Ceros Residence @ Skudai/Mutiara Rini,C2,5,23
2026-10-03,ceros-residences,ksl,Ceros Residence @ Skudai/Mutiara Rini,C3,21,22
2026-10-04,straits-view-duo,johor,The Straits View Duo,A,143,378
2026-10-04,straits-view-duo,johor,The Straits View Duo,A1,4,8
2026-10-04,straits-view-duo,johor,The Straits View Duo,A2,1,2
2026-10-04,straits-view-duo,johor,The Straits View Duo,B,85,160
2026-10-04,straits-view-duo,johor,The Straits View Duo,B1,26,53
2026-10-04,straits-view-duo,johor,The Straits View Duo,B2,3,4
2026-10-04,straits-view-duo,johor,The Straits View Duo,C,66,108
2026-10-04,straits-view-duo,johor,The Straits View Duo,C1,2,2
2026-10-04,permas-heights,johor,Permas Heights,A,339,600
2026-10-04,permas-heights,johor,Permas Heights,B,356,600
2026-10-04,permas-heights,johor,Permas Heights,C,322,750
2026-10-04,hillview-senibong,johor,HillView Senibong Cove,A1,20,111
2026-10-04,hillview-senibong,johor,HillView Senibong Cove,A1a,1,4
2026-10-04,hillview-senibong,johor,HillView Senibong Cove,B1,15,125
2026-10-04,hillview-senibong,johor,HillView Senibong Cove,B1a,0,5
2026-10-04,hillview-senibong,johor,HillView Senibong Cove,B2,5,40
2026-10-04,hillview-senibong,johor,HillView Senibong Cove,C1,14,94
2026-10-04,hillview-senibong,johor,HillView Senibong Cove,C1a,0,2
2026-10-04,hillview-senibong,johor,HillView Senibong Cove,C1b,0,28
2026-10-04,hillview-senibong,johor,HillView Senibong Cove,C1c,0,1
2026-10-04,hillview-senibong,johor,HillView Senibong Cove,D1,0,2
2026-10-04,hillview-senibong,johor,HillView Senibong Cove,D2,0,2
2026-10-04,hillview-senibong,johor,HillView Senibong Cove,D2a,0,1
2026-10-04,parkland-phase-1,johor,Parkland by the River,A,130,180
2026-10-04,parkland-phase-1,johor,Parkland by the River,B,266,418
2026-10-04,parkland-phase-1,johor,Parkland by the River,C,275,480
2026-10-04,parkland-phase-2,johor,Parkland by the River,A,90,178
2026-10-04,parkland-phase-2,johor,Parkland by the River,B,196,420
2026-10-04,parkland-phase-2,johor,Parkland by the River,C,134,480
2026-10-04,ceros-residences,ksl,Ceros Residence @ Skudai/Mutiara Rini,A,179,206
2026-10-04,ceros-residences,ksl,Ceros Residence @ Skudai/Mutiara Rini,B1,257,335
2026-10-04,ceros-residences,ksl,Ceros Residence @ Skudai/Mutiara Rini,B2,169,247
2026-10-04,ceros-residences,ksl,Ceros Residence @ Skudai/Mutiara Rini,B3,9,9
2026-10-04,ceros-residences,ksl,Ceros Residence @ Skudai/Mutiara Rini,B4,0,3
2026-10-04,ceros-residences,ksl,Ceros Residence @ Skudai/Mutiara Rini,B5,0,1
2026-10-04,ceros-residences,ksl,Ceros Residence @ Skudai/Mutiara Rini,B6,0,1
2026-10-04,ceros-residences,ksl,Ceros Residence @ Skudai/Mutiara Rini,B7,0,1
2026-10-04,ceros-residences,ksl,Ceros Residence @ Skudai/Mutiara Rini,C1,213,300
2026-10-04,ceros-residences,ksl,Ceros Residence @ Skudai/Mutiara Rini,C2,5,23
2026-10-04,ceros-residences,ksl,Ceros Residence @ Skudai/Mutiara Rini,C3,21,22
2026-10-05,straits-view-duo,johor,The Straits View Duo,A,143,378
2026-10-05,straits-view-duo,johor,The Straits View Duo,A1,4,8
2026-10-05,straits-view-duo,johor,The Straits View Duo,A2,1,2
2026-10-05,straits-view-duo,johor,The Straits View Duo,B,85,160
2026-10-05,straits-view-duo,johor,The Straits View Duo,B1,26,53
2026-10-05,straits-view-duo,johor,The Straits View Duo,B2,3,4
2026-10-05,straits-view-duo,johor,The Straits View Duo,C,66,108
2026-10-05,straits-view-duo,johor,The Straits View Duo,C1,2,2
2026-10-05,permas-heights,johor,Permas Heights,A,339,600
2026-10-05,permas-heights,johor,Permas Heights,B,356,600
2026-10-05,permas-heights,johor,Permas Heights,C,322,750
2026-10-05,hillview-senibong,johor,HillView Senibong Cove,A1,20,111
2026-10-05,hillview-senibong,johor,HillView Senibong Cove,A1a,1,4
2026-10-05,hillview-senibong,johor,HillView Senibong Cove,B1,15,125
2026-10-05,hillview-senibong,johor,HillView Senibong Cove,B1a,0,5
2026-10-05,hillview-senibong,johor,HillView Senibong Cove,B2,5,40
2026-10-05,hillview-senibong,johor,HillView Senibong Cove,C1,14,94
2026-10-05,hillview-senibong,johor,HillView Senibong Cove,C1a,0,2
2026-10-05,hillview-senibong,johor,HillView Senibong Cove,C1b,0,28
2026-10-05,hillview-senibong,johor,HillView Senibong Cove,C1c,0,1
2026-10-05,hillview-senibong,johor,HillView Senibong Cove,D1,0,2
2026-10-05,hillview-senibong,johor,HillView Senibong Cove,D2,0,2
2026-10-05,hillview-senibong,johor,HillView Senibong Cove,D2a,0,1
2026-10-05,parkland-phase-1,johor,Parkland by the River,A,130,180
2026-10-05,parkland-phase-1,johor,Parkland by the River,B,266,418
2026-10-05,parkland-phase-1,johor,Parkland by the River,C,275,480
2026-10-05,parkland-phase-2,johor,Parkland by the River,A,90,178
2026-10-05,parkland-phase-2,johor,Parkland by the River,B,197,420
2026-10-05,parkland-phase-2,johor,Parkland by the River,C,135,480
2026-10-05,ceros-residences,ksl,Ceros Residence @ Skudai/Mutiara Rini,A,179,206
2026-10-05,ceros-residences,ksl,Ceros Residence @ Skudai/Mutiara Rini,B1,257,335
2026-10-05,ceros-residences,ksl,Ceros Residence @ Skudai/Mutiara Rini,B2,169,247
2026-10-05,ceros-residences,ksl,Ceros Residence @ Skudai/Mutiara Rini,B3,9,9
2026-10-05,ceros-residences,ksl,Ceros Residence @ Skudai/Mutiara Rini,B4,0,3
2026-10-05,ceros-residences,ksl,Ceros Residence @ Skudai/Mutiara Rini,B5,0,1
2026-10-05,ceros-residences,ksl,Ceros Residence @ Skudai/Mutiara Rini,B6,0,1
2026-10-05,ceros-residences,ksl,Ceros Residence @ Skudai/Mutiara Rini,B7,0,1
2026-10-05,ceros-residences,ksl,Ceros Residence @ Skudai/Mutiara Rini,C1,213,300
2026-10-05,ceros-residences,ksl,Ceros Residence @ Skudai/Mutiara Rini,C2,5,23
2026-10-05,ceros-residences,ksl,Ceros Residence @ Skudai/Mutiara Rini,C3,21,22
2026-10-06,straits-view-duo,johor,The Straits View Duo,A,144,378
2026-10-06,straits-view-duo,johor,The Straits View Duo,A1,4,8
2026-10-06,straits-view-duo,johor,The Straits View Duo,A2,1,2
2026-10-06,straits-view-duo,johor,The Straits View Duo,B,85,160
2026-10-06,straits-view-duo,johor,The Straits View Duo,B1,26,53
2026-10-06,straits-view-duo,johor,The Straits View Duo,B2,3,4
2026-10-06,straits-view-duo,johor,The Straits View Duo,C,66,108
2026-10-06,straits-view-duo,johor,The Straits View Duo,C1,2,2
2026-10-06,permas-heights,johor,Permas Heights,A,339,600
2026-10-06,permas-heights,johor,Permas Heights,B,356,600
2026-10-06,permas-heights,johor,Permas Heights,C,323,750
2026-10-06,hillview-senibong,johor,HillView Senibong Cove,A1,20,111
2026-10-06,hillview-senibong,johor,HillView Senibong Cove,A1a,1,4
2026-10-06,hillview-senibong,johor,HillView Senibong Cove,B1,15,125
2026-10-06,hillview-senibong,johor,HillView Senibong Cove,B1a,0,5
2026-10-06,hillview-senibong,johor,HillView Senibong Cove,B2,5,40
2026-10-06,hillview-senibong,johor,HillView Senibong Cove,C1,14,94
2026-10-06,hillview-senibong,johor,HillView Senibong Cove,C1a,0,2
2026-10-06,hillview-senibong,johor,HillView Senibong Cove,C1b,0,28
2026-10-06,hillview-senibong,johor,HillView Senibong Cove,C1c,0,1
2026-10-06,hillview-senibong,johor,HillView Senibong Cove,D1,0,2
2026-10-06,hillview-senibong,johor,HillView Senibong Cove,D2,0,2
2026-10-06,hillview-senibong,johor,HillView Senibong Cove,D2a,0,1
2026-10-06,parkland-phase-1,johor,Parkland by the River,A,130,180
2026-10-06,parkland-phase-1,johor,Parkland by the River,B,266,418
2026-10-06,parkland-phase-1,johor,Parkland by the River,C,275,480
2026-10-06,parkland-phase-2,johor,Parkland by the River,A,90,178
2026-10-06,parkland-phase-2,johor,Parkland by the River,B,197,420
2026-10-06,parkland-phase-2,johor,Parkland by the River,C,135,480
2026-10-06,ceros-residences,ksl,Ceros Residence @ Skudai/Mutiara Rini,A,179,206
2026-10-06,ceros-residences,ksl,Ceros Residence @ Skudai/Mutiara Rini,B1,258,335
2026-10-06,ceros-residences,ksl,Ceros Residence @ Skudai/Mutiara Rini,B2,171,247
2026-10-06,ceros-residences,ksl,Ceros Residence @ Skudai/Mutiara Rini,B3,9,9
2026-10-06,ceros-residences,ksl,Ceros Residence @ Skudai/Mutiara Rini,B4,0,3
2026-10-06,ceros-residences,ksl,Ceros Residence @ Skudai/Mutiara Rini,B5,0,1
2026-10-06,ceros-residences,ksl,Ceros Residence @ Skudai/Mutiara Rini,B6,0,1
2026-10-06,ceros-residences,ksl,Ceros Residence @ Skudai/Mutiara Rini,B7,0,1
2026-10-06,ceros-residences,ksl,Ceros Residence @ Skudai/Mutiara Rini,C1,213,300
2026-10-06,ceros-residences,ksl,Ceros Residence @ Skudai/Mutiara Rini,C2,5,23
2026-10-06,ceros-residences,ksl,Ceros Residence @ Skudai/Mutiara Rini,C3,21,22
2026-10-07,straits-view-duo,johor,The Straits View Duo,A,144,378
2026-10-07,straits-view-duo,johor,The Straits View Duo,A1,4,8
2026-10-07,straits-view-duo,johor,The Straits View Duo,A2,1,2
2026-10-07,straits-view-duo,johor,The Straits View Duo,B,85,160
2026-10-07,straits-view-duo,johor,The Straits View Duo,B1,26,53
2026-10-07,straits-view-duo,johor,The Straits View Duo,B2,3,4
2026-10-07,straits-view-duo,johor,The Straits View Duo,C,67,108
2026-10-07,straits-view-duo,johor,The Straits View Duo,C1,2,2
2026-10-07,permas-heights,johor,Permas Heights,A,339,600
2026-10-07,permas-heights,johor,Permas Heights,B,356,600
2026-10-07,permas-heights,johor,Permas Heights,C,323,750
2026-10-07,hillview-senibong,johor,HillView Senibong Cove,A1,20,111
2026-10-07,hillview-senibong,johor,HillView Senibong Cove,A1a,1,4
2026-10-07,hillview-senibong,johor,HillView Senibong Cove,B1,15,125
2026-10-07,hillview-senibong,johor,HillView Senibong Cove,B1a,0,5
2026-10-07,hillview-senibong,johor,HillView Senibong Cove,B2,5,40
2026-10-07,hillview-senibong,johor,HillView Senibong Cove,C1,14,94
2026-10-07,hillview-senibong,johor,HillView Senibong Cove,C1a,0,2
2026-10-07,hillview-senibong,johor,HillView Senibong Cove,C1b,0,28
2026-10-07,hillview-senibong,johor,HillView Senibong Cove,C1c,0,1
2026-10-07,hillview-senibong,johor,HillView Senibong Cove,D1,0,2
2026-10-07,hillview-senibong,johor,HillView Senibong Cove,D2,0,2
2026-10-07,hillview-senibong,johor,HillView Senibong Cove,D2a,0,1
2026-10-07,parkland-phase-1,johor,Parkland by the River,A,130,180
2026-10-07,parkland-phase-1,johor,Parkland by the River,B,266,418
2026-10-07,parkland-phase-1,johor,Parkland by the River,C,275,480
2026-10-07,parkland-phase-2,johor,Parkland by the River,A,90,178
2026-10-07,parkland-phase-2,johor,Parkland by the River,B,197,420
2026-10-07,parkland-phase-2,johor,Parkland by the River,C,135,480
2026-10-07,ceros-residences,ksl,Ceros Residence @ Skudai/Mutiara Rini,A,179,206
2026-10-07,ceros-residences,ksl,Ceros Residence @ Skudai/Mutiara Rini,B1,260,335
2026-10-07,ceros-residences,ksl,Ceros Residence @ Skudai/Mutiara Rini,B2,171,247
2026-10-07,ceros-residences,ksl,Ceros Residence @ Skudai/Mutiara Rini,B3,9,9
2026-10-07,ceros-residences,ksl,Ceros Residence @ Skudai/Mutiara Rini,B4,0,3
2026-10-07,ceros-residences,ksl,Ceros Residence @ Skudai/Mutiara Rini,B5,0,1
2026-10-07,ceros-residences,ksl,Ceros Residence @ Skudai/Mutiara Rini,B6,0,1
2026-10-07,ceros-residences,ksl,Ceros Residence @ Skudai/Mutiara Rini,B7,0,1
2026-10-07,ceros-residences,ksl,Ceros Residence @ Skudai/Mutiara Rini,C1,214,300
2026-10-07,ceros-residences,ksl,Ceros Residence @ Skudai/Mutiara Rini,C2,5,23
2026-10-07,ceros-residences,ksl,Ceros Residence @ Skudai/Mutiara Rini,C3,21,22
2026-10-08,straits-view-duo,johor,The Straits View Duo,A,145,378
2026-10-08,straits-view-duo,johor,The Straits View Duo,A1,4,8
2026-10-08,straits-view-duo,johor,The Straits View Duo,A2,1,2
2026-10-08,straits-view-duo,johor,The Straits View Duo,B,85,160
2026-10-08,straits-view-duo,johor,The Straits View Duo,B1,27,53
2026-10-08,straits-view-duo,johor,The Straits View Duo,B2,3,4
2026-10-08,straits-view-duo,johor,The Straits View Duo,C,67,108
2026-10-08,straits-view-duo,johor,The Straits View Duo,C1,2,2
2026-10-08,permas-heights,johor,Permas Heights,A,340,600
2026-10-08,permas-heights,johor,Permas Heights,B,357,600
2026-10-08,permas-heights,johor,Permas Heights,C,323,750
2026-10-08,hillview-senibong,johor,HillView Senibong Cove,A1,20,111
2026-10-08,hillview-senibong,johor,HillView Senibong Cove,A1a,1,4
2026-10-08,hillview-senibong,johor,HillView Senibong Cove,B1,15,125
2026-10-08,hillview-senibong,johor,HillView Senibong Cove,B1a,0,5
2026-10-08,hillview-senibong,johor,HillView Senibong Cove,B2,5,40
2026-10-08,hillview-senibong,johor,HillView Senibong Cove,C1,14,94
2026-10-08,hillview-senibong,johor,HillView Senibong Cove,C1a,0,2
2026-10-08,hillview-senibong,johor,HillView Senibong Cove,C1b,0,28
2026-10-08,hillview-senibong,johor,HillView Senibong Cove,C1c,0,1
2026-10-08,hillview-senibong,johor,HillView Senibong Cove,D1,0,2
2026-10-08,hillview-senibong,johor,HillView Senibong Cove,D2,0,2
2026-10-08,hillview-senibong,johor,HillView Senibong Cove,D2a,0,1
2026-10-08,parkland-phase-1,johor,Parkland by the River,A,130,180
2026-10-08,parkland-phase-1,johor,Parkland by the River,B,266,418
2026-10-08,parkland-phase-1,johor,Parkland by the River,C,275,480
2026-10-08,parkland-phase-2,johor,Parkland by the River,A,90,178
2026-10-08,parkland-phase-2,johor,Parkland by the River,B,197,420
2026-10-08,parkland-phase-2,johor,Parkland by the River,C,135,480
2026-10-08,ceros-residences,ksl,Ceros Residence @ Skudai/Mutiara Rini,A,179,206
2026-10-08,ceros-residences,ksl,Ceros Residence @ Skudai/Mutiara Rini,B1,260,335
2026-10-08,ceros-residences,ksl,Ceros Residence @ Skudai/Mutiara Rini,B2,171,247
2026-10-08,ceros-residences,ksl,Ceros Residence @ Skudai/Mutiara Rini,B3,9,9
2026-10-08,ceros-residences,ksl,Ceros Residence @ Skudai/Mutiara Rini,B4,0,3
2026-10-08,ceros-residences,ksl,Ceros Residence @ Skudai/Mutiara Rini,B5,0,1
2026-10-08,ceros-residences,ksl,Ceros Residence @ Skudai/Mutiara Rini,B6,0,1
2026-10-08,ceros-residences,ksl,Ceros Residence @ Skudai/Mutiara Rini,B7,0,1
2026-10-08,ceros-residences,ksl,Ceros Residence @ Skudai/Mutiara Rini,C1,214,300
2026-10-08,ceros-residences,ksl,Ceros Residence @ Skudai/Mutiara Rini,C2,5,23
2026-10-08,ceros-residences,ksl,Ceros Residence @ Skudai/Mutiara Rini,C3,21,22
2026-10-09,straits-view-duo,johor,The Straits View Duo,A,146,378
2026-10-09,straits-view-duo,johor,The Straits View Duo,A1,4,8
2026-10-09,straits-view-duo,johor,The Straits View Duo,A2,1,2
2026-10-09,straits-view-duo,johor,The Straits View Duo,B,85,160
2026-10-09,straits-view-duo,johor,The Straits View Duo,B1,27,53
2026-10-09,straits-view-duo,johor,The Straits View Duo,B2,3,4
2026-10-09,straits-view-duo,johor,The Straits View Duo,C,67,108
2026-10-09,straits-view-duo,johor,The Straits View Duo,C1,2,2
2026-10-09,permas-heights,johor,Permas Heights,A,341,600
2026-10-09,permas-heights,johor,Permas Heights,B,358,600
2026-10-09,permas-heights,johor,Permas Heights,C,326,750
2026-10-09,hillview-senibong,johor,HillView Senibong Cove,A1,20,111
2026-10-09,hillview-senibong,johor,HillView Senibong Cove,A1a,1,4
2026-10-09,hillview-senibong,johor,HillView Senibong Cove,B1,15,125
2026-10-09,hillview-senibong,johor,HillView Senibong Cove,B1a,0,5
2026-10-09,hillview-senibong,johor,HillView Senibong Cove,B2,5,40
2026-10-09,hillview-senibong,johor,HillView Senibong Cove,C1,14,94
2026-10-09,hillview-senibong,johor,HillView Senibong Cove,C1a,0,2
2026-10-09,hillview-senibong,johor,HillView Senibong Cove,C1b,0,28
2026-10-09,hillview-senibong,johor,HillView Senibong Cove,C1c,0,1
2026-10-09,hillview-senibong,johor,HillView Senibong Cove,D1,0,2
2026-10-09,hillview-senibong,johor,HillView Senibong Cove,D2,0,2
2026-10-09,hillview-senibong,johor,HillView Senibong Cove,D2a,0,1
2026-10-09,parkland-phase-1,johor,Parkland by the River,A,130,180
2026-10-09,parkland-phase-1,johor,Parkland by the River,B,266,418
2026-10-09,parkland-phase-1,johor,Parkland by the River,C,275,480
2026-10-09,parkland-phase-2,johor,Parkland by the River,A,91,178
2026-10-09,parkland-phase-2,johor,Parkland by the River,B,198,420
2026-10-09,parkland-phase-2,johor,Parkland by the River,C,136,480
2026-10-09,ceros-residences,ksl,Ceros Residence @ Skudai/Mutiara Rini,A,180,206
2026-10-09,ceros-residences,ksl,Ceros Residence @ Skudai/Mutiara Rini,B1,262,335
2026-10-09,ceros-residences,ksl,Ceros Residence @ Skudai/Mutiara Rini,B2,171,247
2026-10-09,ceros-residences,ksl,Ceros Residence @ Skudai/Mutiara Rini,B3,9,9
2026-10-09,ceros-residences,ksl,Ceros Residence @ Skudai/Mutiara Rini,B4,0,3
2026-10-09,ceros-residences,ksl,Ceros Residence @ Skudai/Mutiara Rini,B5,0,1
2026-10-09,ceros-residences,ksl,Ceros Residence @ Skudai/Mutiara Rini,B6,0,1
2026-10-09,ceros-residences,ksl,Ceros Residence @ Skudai/Mutiara Rini,B7,0,1
2026-10-09,ceros-residences,ksl,Ceros Residence @ Skudai/Mutiara Rini,C1,216,300
2026-10-09,ceros-residences,ksl,Ceros Residence @ Skudai/Mutiara Rini,C2,5,23
2026-10-09,ceros-residences,ksl,Ceros Residence @ Skudai/Mutiara Rini,C3,21,22
2026-10-10,straits-view-duo,johor,The Straits View Duo,A,148,378
2026-10-10,straits-view-duo,johor,The Straits View Duo,A1,4,8
2026-10-10,straits-view-duo,johor,The Straits View Duo,A2,1,2
2026-10-10,straits-view-duo,johor,The Straits View Duo,B,85,160
2026-10-10,straits-view-duo,johor,The Straits View Duo,B1,27,53
2026-10-10,straits-view-duo,johor,The Straits View Duo,B2,3,4
2026-10-10,straits-view-duo,johor,The Straits View Duo,C,67,108
2026-10-10,straits-view-duo,johor,The Straits View Duo,C1,2,2
2026-10-10,permas-heights,johor,Permas Heights,A,341,600
2026-10-10,permas-heights,johor,Permas Heights,B,359,600
2026-10-10,permas-heights,johor,Permas Heights,C,326,750
2026-10-10,hillview-senibong,johor,HillView Senibong Cove,A1,20,111
2026-10-10,hillview-senibong,johor,HillView Senibong Cove,A1a,1,4
2026-10-10,hillview-senibong,johor,HillView Senibong Cove,B1,15,125
2026-10-10,hillview-senibong,johor,HillView Senibong Cove,B1a,0,5
2026-10-10,hillview-senibong,johor,HillView Senibong Cove,B2,5,40
2026-10-10,hillview-senibong,johor,HillView Senibong Cove,C1,14,94
2026-10-10,hillview-senibong,johor,HillView Senibong Cove,C1a,0,2
2026-10-10,hillview-senibong,johor,HillView Senibong Cove,C1b,0,28
2026-10-10,hillview-senibong,johor,HillView Senibong Cove,C1c,0,1
2026-10-10,hillview-senibong,johor,HillView Senibong Cove,D1,0,2
2026-10-10,hillview-senibong,johor,HillView Senibong Cove,D2,0,2
2026-10-10,hillview-senibong,johor,HillView Senibong Cove,D2a,0,1
2026-10-10,parkland-phase-1,johor,Parkland by the River,A,130,180
2026-10-10,parkland-phase-1,johor,Parkland by the River,B,266,418
2026-10-10,parkland-phase-1,johor,Parkland by the River,C,275,480
2026-10-10,parkland-phase-2,johor,Parkland by the River,A,91,178
2026-10-10,parkland-phase-2,johor,Parkland by the River,B,199,420
2026-10-10,parkland-phase-2,johor,Parkland by the River,C,136,480
2026-10-10,ceros-residences,ksl,Ceros Residence @ Skudai/Mutiara Rini,A,180,206
2026-10-10,ceros-residences,ksl,Ceros Residence @ Skudai/Mutiara Rini,B1,263,335
2026-10-10,ceros-residences,ksl,Ceros Residence @ Skudai/Mutiara Rini,B2,171,247
2026-10-10,ceros-residences,ksl,Ceros Residence @ Skudai/Mutiara Rini,B3,9,9
2026-10-10,ceros-residences,ksl,Ceros Residence @ Skudai/Mutiara Rini,B4,0,3
2026-10-10,ceros-residences,ksl,Ceros Residence @ Skudai/Mutiara Rini,B5,0,1
2026-10-10,ceros-residences,ksl,Ceros Residence @ Skudai/Mutiara Rini,B6,0,1
2026-10-10,ceros-residences,ksl,Ceros Residence @ Skudai/Mutiara Rini,B7,0,1
2026-10-10,ceros-residences,ksl,Ceros Residence @ Skudai/Mutiara Rini,C1,217,300
2026-10-10,ceros-residences,ksl,Ceros Residence @ Skudai/Mutiara Rini,C2,5,23
2026-10-10,ceros-residences,ksl,Ceros Residence @ Skudai/Mutiara Rini,C3,21,22
