tracker,seq,week,code,total_sold,total_units,teduh_name,note,block_note
seputeh,1,2026-07-10,32-16,30,,,seeded from existing tracker,
seputeh,1,2026-07-10,30216-1,32,,,seeded from existing tracker,
seputeh,1,2026-07-10,30216-2,29,,,seeded from existing tracker,
seputeh,1,2026-07-10,31078-1,45,,,seeded from existing tracker,
seputeh,1,2026-07-10,31274-1,0,,,seeded from existing tracker,
seputeh,1,2026-07-10,2463-23,,,,seeded from existing tracker,
seputeh,2,2026-07-17,32-16,34,,,seeded from existing tracker,
seputeh,2,2026-07-17,30216-1,33,,,seeded from existing tracker,
seputeh,2,2026-07-17,30216-2,31,,,seeded from existing tracker,
seputeh,2,2026-07-17,31078-1,45,,,seeded from existing tracker,
seputeh,2,2026-07-17,31274-1,0,,,seeded from existing tracker,
seputeh,2,2026-07-17,2463-23,32,,,seeded from existing tracker,
seputeh,3,2026-07-31,32-16,40,,,seeded from existing tracker,
seputeh,3,2026-07-31,30216-1,33,,,seeded from existing tracker,
seputeh,3,2026-07-31,30216-2,37,,,seeded from existing tracker,
seputeh,3,2026-07-31,31078-1,45,,,seeded from existing tracker,
seputeh,3,2026-07-31,31274-1,1,,,seeded from existing tracker,
seputeh,3,2026-07-31,2463-23,214,,,seeded from existing tracker,
seputeh,4,2026-08-07,32-16,41,,,seeded from existing tracker,
seputeh,4,2026-08-07,30216-1,33,,,seeded from existing tracker,
seputeh,4,2026-08-07,30216-2,42,,,seeded from existing tracker,
seputeh,4,2026-08-07,31078-1,45,,,seeded from existing tracker,
seputeh,4,2026-08-07,31274-1,1,,,seeded from existing tracker,
seputeh,4,2026-08-07,2463-23,262,,,seeded from existing tracker,
seputeh,5,2026-08-08,32-16,42,,,seeded from existing tracker,
seputeh,5,2026-08-08,30216-1,33,,,seeded from existing tracker,
seputeh,5,2026-08-08,30216-2,44,,,seeded from existing tracker,
seputeh,5,2026-08-08,31078-1,45,,,seeded from existing tracker,
seputeh,5,2026-08-08,31274-1,1,,,seeded from existing tracker,
seputeh,5,2026-08-08,2463-23,271,,,seeded from existing tracker,
status13,1,2026-04-23,13262-2,85,,,seeded from existing tracker,
status13,1,2026-04-23,30590-2,46,,,seeded from existing tracker,
status13,1,2026-04-23,5911-33,792,,,seeded from existing tracker,
status13,1,2026-04-23,30363-2,1091,,,seeded from existing tracker,
status13,1,2026-04-23,30821-1,446,,,seeded from existing tracker,
status13,1,2026-04-23,30366-1,452,,,seeded from existing tracker,
status13,1,2026-04-23,13074-4,234,,,seeded from existing tracker,
status13,1,2026-04-23,8824-5,379,,,seeded from existing tracker,
status13,1,2026-04-23,20253-3,0,,,seeded from existing tracker,
status13,1,2026-04-23,30876-1,0,,,seeded from existing tracker,
status13,1,2026-04-23,30250-2,0,,,seeded from existing tracker,
status13,1,2026-04-23,NOCODE-R16,0,,,seeded from existing tracker,
status13,2,2026-04-30,13262-2,109,,,seeded from existing tracker,
status13,2,2026-04-30,30590-2,52,,,seeded from existing tracker,
status13,2,2026-04-30,5911-33,808,,,seeded from existing tracker,
status13,2,2026-04-30,30363-2,0,,,seeded from existing tracker,
status13,2,2026-04-30,30821-1,0,,,seeded from existing tracker,
status13,2,2026-04-30,30366-1,454,,,seeded from existing tracker,
status13,2,2026-04-30,13074-4,0,,,seeded from existing tracker,
status13,2,2026-04-30,8824-5,0,,,seeded from existing tracker,
status13,2,2026-04-30,20253-3,0,,,seeded from existing tracker,
status13,2,2026-04-30,30876-1,0,,,seeded from existing tracker,
status13,2,2026-04-30,30250-2,,,,seeded from existing tracker,
status13,2,2026-04-30,NOCODE-R16,0,,,seeded from existing tracker,
status13,3,2026-05-07,13262-2,123,,,seeded from existing tracker,
status13,3,2026-05-07,30590-2,54,,,seeded from existing tracker,
status13,3,2026-05-07,5911-33,818,,,seeded from existing tracker,
status13,3,2026-05-07,30363-2,1093,,,seeded from existing tracker,
status13,3,2026-05-07,30821-1,447,,,seeded from existing tracker,
status13,3,2026-05-07,30366-1,456,,,seeded from existing tracker,
status13,3,2026-05-07,13074-4,235,,,seeded from existing tracker,
status13,3,2026-05-07,8824-5,381,,,seeded from existing tracker,
status13,3,2026-05-07,20253-3,0,,,seeded from existing tracker,
status13,3,2026-05-07,30876-1,0,,,seeded from existing tracker,
status13,3,2026-05-07,30250-2,,,,seeded from existing tracker,
status13,3,2026-05-07,NOCODE-R16,0,,,seeded from existing tracker,
status13,4,2026-05-14,13262-2,138,,,seeded from existing tracker,
status13,4,2026-05-14,30590-2,58,,,seeded from existing tracker,
status13,4,2026-05-14,5911-33,837,,,seeded from existing tracker,
status13,4,2026-05-14,30363-2,1095,,,seeded from existing tracker,
status13,4,2026-05-14,30821-1,457,,,seeded from existing tracker,
status13,4,2026-05-14,30366-1,457,,,seeded from existing tracker,
status13,4,2026-05-14,13074-4,236,,,seeded from existing tracker,
status13,4,2026-05-14,8824-5,385,,,seeded from existing tracker,
status13,4,2026-05-14,20253-3,0,,,seeded from existing tracker,
status13,4,2026-05-14,30876-1,0,,,seeded from existing tracker,
status13,4,2026-05-14,30250-2,,,,seeded from existing tracker,
status13,4,2026-05-14,NOCODE-R16,0,,,seeded from existing tracker,
status13,5,2026-05-21,13262-2,170,,,seeded from existing tracker,
status13,5,2026-05-21,30590-2,61,,,seeded from existing tracker,
status13,5,2026-05-21,5911-33,854,,,seeded from existing tracker,
status13,5,2026-05-21,30363-2,1096,,,seeded from existing tracker,
status13,5,2026-05-21,30821-1,458,,,seeded from existing tracker,
status13,5,2026-05-21,30366-1,459,,,seeded from existing tracker,
status13,5,2026-05-21,13074-4,236,,,seeded from existing tracker,
status13,5,2026-05-21,8824-5,389,,,seeded from existing tracker,
status13,5,2026-05-21,20253-3,0,,,seeded from existing tracker,
status13,5,2026-05-21,30876-1,76,,,seeded from existing tracker,
status13,5,2026-05-21,30250-2,,,,seeded from existing tracker,
status13,5,2026-05-21,NOCODE-R16,0,,,seeded from existing tracker,
status13,6,2026-05-28,13262-2,191,,,seeded from existing tracker,
status13,6,2026-05-28,30590-2,67,,,seeded from existing tracker,
status13,6,2026-05-28,5911-33,874,,,seeded from existing tracker,
status13,6,2026-05-28,30363-2,1100,,,seeded from existing tracker,
status13,6,2026-05-28,30821-1,460,,,seeded from existing tracker,
status13,6,2026-05-28,30366-1,461,,,seeded from existing tracker,
status13,6,2026-05-28,13074-4,236,,,seeded from existing tracker,
status13,6,2026-05-28,8824-5,397,,,seeded from existing tracker,
status13,6,2026-05-28,20253-3,0,,,seeded from existing tracker,
status13,6,2026-05-28,30876-1,77,,,seeded from existing tracker,
status13,6,2026-05-28,30250-2,,,,seeded from existing tracker,
status13,6,2026-05-28,NOCODE-R16,0,,,seeded from existing tracker,
status13,7,2026-05-28,13262-2,213,,,seeded from existing tracker,
status13,7,2026-05-28,30590-2,67,,,seeded from existing tracker,
status13,7,2026-05-28,5911-33,878,,,seeded from existing tracker,
status13,7,2026-05-28,30363-2,1102,,,seeded from existing tracker,
status13,7,2026-05-28,30821-1,460,,,seeded from existing tracker,
status13,7,2026-05-28,30366-1,462,,,seeded from existing tracker,
status13,7,2026-05-28,13074-4,236,,,seeded from existing tracker,
status13,7,2026-05-28,8824-5,401,,,seeded from existing tracker,
status13,7,2026-05-28,20253-3,1086,,,seeded from existing tracker,
status13,7,2026-05-28,30876-1,76,,,seeded from existing tracker,
status13,7,2026-05-28,30250-2,,,,seeded from existing tracker,
status13,7,2026-05-28,NOCODE-R16,0,,,seeded from existing tracker,
status13,8,2026-06-11,13262-2,220,,,seeded from existing tracker,
status13,8,2026-06-11,30590-2,73,,,seeded from existing tracker,
status13,8,2026-06-11,5911-33,885,,,seeded from existing tracker,
status13,8,2026-06-11,30363-2,1106,,,seeded from existing tracker,
status13,8,2026-06-11,30821-1,462,,,seeded from existing tracker,
status13,8,2026-06-11,30366-1,463,,,seeded from existing tracker,
status13,8,2026-06-11,13074-4,236,,,seeded from existing tracker,
status13,8,2026-06-11,8824-5,412,,,seeded from existing tracker,
status13,8,2026-06-11,20253-3,1096,,,seeded from existing tracker,
status13,8,2026-06-11,30876-1,79,,,seeded from existing tracker,
status13,8,2026-06-11,30250-2,,,,seeded from existing tracker,
status13,8,2026-06-11,NOCODE-R16,0,,,seeded from existing tracker,
status13,9,2026-06-19,13262-2,231,,,seeded from existing tracker,
status13,9,2026-06-19,30590-2,74,,,seeded from existing tracker,
status13,9,2026-06-19,5911-33,892,,,seeded from existing tracker,
status13,9,2026-06-19,30363-2,1107,,,seeded from existing tracker,
status13,9,2026-06-19,30821-1,462,,,seeded from existing tracker,
status13,9,2026-06-19,30366-1,463,,,seeded from existing tracker,
status13,9,2026-06-19,13074-4,236,,,seeded from existing tracker,
status13,9,2026-06-19,8824-5,421,,,seeded from existing tracker,
status13,9,2026-06-19,20253-3,1100,,,seeded from existing tracker,
status13,9,2026-06-19,30876-1,82,,,seeded from existing tracker,
status13,9,2026-06-19,30250-2,,,,seeded from existing tracker,
status13,9,2026-06-19,NOCODE-R16,0,,,seeded from existing tracker,
status13,10,2026-06-25,13262-2,241,,,seeded from existing tracker,
status13,10,2026-06-25,30590-2,78,,,seeded from existing tracker,
status13,10,2026-06-25,5911-33,907,,,seeded from existing tracker,
status13,10,2026-06-25,30363-2,1109,,,seeded from existing tracker,
status13,10,2026-06-25,30821-1,463,,,seeded from existing tracker,
status13,10,2026-06-25,30366-1,464,,,seeded from existing tracker,
status13,10,2026-06-25,13074-4,236,,,seeded from existing tracker,
status13,10,2026-06-25,8824-5,433,,,seeded from existing tracker,
status13,10,2026-06-25,20253-3,1110,,,seeded from existing tracker,
status13,10,2026-06-25,30876-1,86,,,seeded from existing tracker,
status13,10,2026-06-25,30250-2,659,,,seeded from existing tracker,
status13,10,2026-06-25,NOCODE-R16,0,,,seeded from existing tracker,
status13,11,2026-07-02,13262-2,247,,,seeded from existing tracker,
status13,11,2026-07-02,30590-2,81,,,seeded from existing tracker,
status13,11,2026-07-02,5911-33,922,,,seeded from existing tracker,
status13,11,2026-07-02,30363-2,1111,,,seeded from existing tracker,
status13,11,2026-07-02,30821-1,464,,,seeded from existing tracker,
status13,11,2026-07-02,30366-1,464,,,seeded from existing tracker,
status13,11,2026-07-02,13074-4,236,,,seeded from existing tracker,
status13,11,2026-07-02,8824-5,460,,,seeded from existing tracker,
status13,11,2026-07-02,20253-3,1115,,,seeded from existing tracker,
status13,11,2026-07-02,30876-1,96,,,seeded from existing tracker,
status13,11,2026-07-02,30250-2,659,,,seeded from existing tracker,
status13,11,2026-07-02,NOCODE-R16,0,,,seeded from existing tracker,
status13,12,2026-07-16,13262-2,269,,,seeded from existing tracker,
status13,12,2026-07-16,30590-2,94,,,seeded from existing tracker,
status13,12,2026-07-16,5911-33,951,,,seeded from existing tracker,
status13,12,2026-07-16,30363-2,1116,,,seeded from existing tracker,
status13,12,2026-07-16,30821-1,472,,,seeded from existing tracker,
status13,12,2026-07-16,30366-1,465,,,seeded from existing tracker,
status13,12,2026-07-16,13074-4,234,,,seeded from existing tracker,
status13,12,2026-07-16,8824-5,544,,,seeded from existing tracker,
status13,12,2026-07-16,20253-3,1126,,,seeded from existing tracker,
status13,12,2026-07-16,30876-1,118,,,seeded from existing tracker,
status13,12,2026-07-16,30250-2,659,,,seeded from existing tracker,
status13,12,2026-07-16,NOCODE-R16,0,,,seeded from existing tracker,
status13,13,2026-07-24,13262-2,285,,,seeded from existing tracker,
status13,13,2026-07-24,30590-2,102,,,seeded from existing tracker,
status13,13,2026-07-24,5911-33,965,,,seeded from existing tracker,
status13,13,2026-07-24,30363-2,1117,,,seeded from existing tracker,
status13,13,2026-07-24,30821-1,475,,,seeded from existing tracker,
status13,13,2026-07-24,30366-1,465,,,seeded from existing tracker,
status13,13,2026-07-24,13074-4,234,,,seeded from existing tracker,
status13,13,2026-07-24,8824-5,573,,,seeded from existing tracker,
status13,13,2026-07-24,20253-3,1129,,,seeded from existing tracker,
status13,13,2026-07-24,30876-1,121,,,seeded from existing tracker,
status13,13,2026-07-24,30250-2,659,,,seeded from existing tracker,
status13,13,2026-07-24,NOCODE-R16,0,,,seeded from existing tracker,
status13,14,2026-07-31,13262-2,306,,,seeded from existing tracker,
status13,14,2026-07-31,30590-2,106,,,seeded from existing tracker,
status13,14,2026-07-31,5911-33,976,,,seeded from existing tracker,
status13,14,2026-07-31,30363-2,1117,,,seeded from existing tracker,
status13,14,2026-07-31,30821-1,485,,,seeded from existing tracker,
status13,14,2026-07-31,30366-1,465,,,seeded from existing tracker,
status13,14,2026-07-31,13074-4,234,,,seeded from existing tracker,
status13,14,2026-07-31,8824-5,591,,,seeded from existing tracker,
status13,14,2026-07-31,20253-3,1135,,,seeded from existing tracker,
status13,14,2026-07-31,30876-1,121,,,seeded from existing tracker,
status13,14,2026-07-31,30250-2,659,,,seeded from existing tracker,
status13,14,2026-07-31,NOCODE-R16,0,,,seeded from existing tracker,
status13,15,2026-08-07,13262-2,319,,,seeded from existing tracker,
status13,15,2026-08-07,30590-2,112,,,seeded from existing tracker,
status13,15,2026-08-07,5911-33,985,,,seeded from existing tracker,
status13,15,2026-08-07,30363-2,1119,,,seeded from existing tracker,
status13,15,2026-08-07,30821-1,491,,,seeded from existing tracker,
status13,15,2026-08-07,30366-1,465,,,seeded from existing tracker,
status13,15,2026-08-07,13074-4,235,,,seeded from existing tracker,
status13,15,2026-08-07,8824-5,608,,,seeded from existing tracker,
status13,15,2026-08-07,20253-3,1139,,,seeded from existing tracker,
status13,15,2026-08-07,30876-1,124,,,seeded from existing tracker,
status13,15,2026-08-07,30250-2,659,,,seeded from existing tracker,
status13,15,2026-08-07,NOCODE-R16,0,,,seeded from existing tracker,
status13,16,2026-08-08,13262-2,321,,,seeded from existing tracker,
status13,16,2026-08-08,30590-2,113,,,seeded from existing tracker,
status13,16,2026-08-08,5911-33,986,,,seeded from existing tracker,
status13,16,2026-08-08,30363-2,1119,,,seeded from existing tracker,
status13,16,2026-08-08,30821-1,491,,,seeded from existing tracker,
status13,16,2026-08-08,30366-1,466,,,seeded from existing tracker,
status13,16,2026-08-08,13074-4,235,,,seeded from existing tracker,
status13,16,2026-08-08,8824-5,609,,,seeded from existing tracker,
status13,16,2026-08-08,20253-3,1140,,,seeded from existing tracker,
status13,16,2026-08-08,30876-1,124,,,seeded from existing tracker,
status13,16,2026-08-08,30250-2,659,,,seeded from existing tracker,
status13,16,2026-08-08,NOCODE-R16,0,,,seeded from existing tracker,
johor,,2026-06-19,835-14,275,,,seeded from your report,"Latets sales - Block A: 187 units, Block B: 106 units"
johor,,2026-06-26,835-14,286,,,seeded from your report,"Latets sales - Block A: 187 units, Block B: 106 units"
johor,,2026-07-03,835-14,283,,,seeded from your report,"Latets sales - Block A: 187 units, Block B: 106 units"
johor,,2026-07-10,835-14,285,,,seeded from your report,"Latets sales - Block A: 187 units, Block B: 106 units"
johor,,2026-07-17,835-14,283,,,seeded from your report,"Latets sales - Block A: 187 units, Block B: 106 units"
johor,,2026-07-24,835-14,285,,,seeded from your report,"Latets sales - Block A: 187 units, Block B: 106 units"
johor,,2026-07-31,835-14,291,,,seeded from your report,"Latets sales - Block A: 187 units, Block B: 106 units"
johor,,2026-08-07,835-14,293,,,seeded from your report,"Latets sales - Block A: 187 units, Block B: 106 units"
johor,,2026-06-19,30946-1,842,,,seeded from your report,"Latest sales - Block A: 379 units, Block B: 363 units, Blok C: 86 units,  Block D: 107 units"
johor,,2026-06-26,30946-1,843,,,seeded from your report,"Latest sales - Block A: 379 units, Block B: 363 units, Blok C: 86 units,  Block D: 107 units"
johor,,2026-07-03,30946-1,853,,,seeded from your report,"Latest sales - Block A: 379 units, Block B: 363 units, Blok C: 86 units,  Block D: 107 units"
johor,,2026-07-10,30946-1,901,,,seeded from your report,"Latest sales - Block A: 379 units, Block B: 363 units, Blok C: 86 units,  Block D: 107 units"
johor,,2026-07-17,30946-1,905,,,seeded from your report,"Latest sales - Block A: 379 units, Block B: 363 units, Blok C: 86 units,  Block D: 107 units"
johor,,2026-07-24,30946-1,916,,,seeded from your report,"Latest sales - Block A: 379 units, Block B: 363 units, Blok C: 86 units,  Block D: 107 units"
johor,,2026-07-31,30946-1,925,,,seeded from your report,"Latest sales - Block A: 379 units, Block B: 363 units, Blok C: 86 units,  Block D: 107 units"
johor,,2026-08-07,30946-1,935,,,seeded from your report,"Latest sales - Block A: 379 units, Block B: 363 units, Blok C: 86 units,  Block D: 107 units"
johor,,2026-06-19,14523-4,34,,,seeded from your report,Open Sale for Block A (416 units) only.
johor,,2026-06-26,14523-4,38,,,seeded from your report,Open Sale for Block A (416 units) only.
johor,,2026-07-03,14523-4,39,,,seeded from your report,Open Sale for Block A (416 units) only.
johor,,2026-07-10,14523-4,42,,,seeded from your report,Open Sale for Block A (416 units) only.
johor,,2026-07-17,14523-4,45,,,seeded from your report,Open Sale for Block A (416 units) only.
johor,,2026-07-24,14523-4,46,,,seeded from your report,Open Sale for Block A (416 units) only.
johor,,2026-07-31,14523-4,48,,,seeded from your report,Open Sale for Block A (416 units) only.
johor,,2026-08-07,14523-4,47,,,seeded from your report,Open Sale for Block A (416 units) only.
johor,,2026-06-19,30635-1,1010,,,seeded from your report,"Latest sales - Phase 1: 666 units, Phase 2: 385 units"
johor,,2026-06-26,30635-1,1012,,,seeded from your report,"Latest sales - Phase 1: 666 units, Phase 2: 385 units"
johor,,2026-07-03,30635-1,1018,,,seeded from your report,"Latest sales - Phase 1: 666 units, Phase 2: 385 units"
johor,,2026-07-10,30635-1,1033,,,seeded from your report,"Latest sales - Phase 1: 666 units, Phase 2: 385 units"
johor,,2026-07-17,30635-1,1037,,,seeded from your report,"Latest sales - Phase 1: 666 units, Phase 2: 385 units"
johor,,2026-07-24,30635-1,1045,,,seeded from your report,"Latest sales - Phase 1: 666 units, Phase 2: 385 units"
johor,,2026-07-31,30635-1,1050,,,seeded from your report,"Latest sales - Phase 1: 666 units, Phase 2: 385 units"
johor,,2026-08-07,30635-1,1051,,,seeded from your report,"Latest sales - Phase 1: 666 units, Phase 2: 385 units"
johor,,2026-06-19,31007-1,843,,,seeded from your report,-
johor,,2026-06-26,31007-1,843,,,seeded from your report,-
johor,,2026-07-03,31007-1,843,,,seeded from your report,-
johor,,2026-07-10,31007-1,843,,,seeded from your report,-
johor,,2026-07-17,31007-1,843,,,seeded from your report,-
johor,,2026-07-24,31007-1,845,,,seeded from your report,-
johor,,2026-07-31,31007-1,845,,,seeded from your report,-
johor,,2026-08-07,31007-1,845,,,seeded from your report,-
johor,,2026-06-19,31100-1,1334,,,seeded from your report,"Open sale for Block A, B & D only. Block C (833 units) is not opened yet. Latest Sales - Block A: 439 units, Block B: 513 units, Block D: 454 units"
johor,,2026-06-26,31100-1,1341,,,seeded from your report,"Open sale for Block A, B & D only. Block C (833 units) is not opened yet. Latest Sales - Block A: 439 units, Block B: 513 units, Block D: 454 units"
johor,,2026-07-03,31100-1,1348,,,seeded from your report,"Open sale for Block A, B & D only. Block C (833 units) is not opened yet. Latest Sales - Block A: 439 units, Block B: 513 units, Block D: 454 units"
johor,,2026-07-10,31100-1,1364,,,seeded from your report,"Open sale for Block A, B & D only. Block C (833 units) is not opened yet. Latest Sales - Block A: 439 units, Block B: 513 units, Block D: 454 units"
johor,,2026-07-17,31100-1,1372,,,seeded from your report,"Open sale for Block A, B & D only. Block C (833 units) is not opened yet. Latest Sales - Block A: 439 units, Block B: 513 units, Block D: 454 units"
johor,,2026-07-24,31100-1,1391,,,seeded from your report,"Open sale for Block A, B & D only. Block C (833 units) is not opened yet. Latest Sales - Block A: 439 units, Block B: 513 units, Block D: 454 units"
johor,,2026-07-31,31100-1,1403,,,seeded from your report,"Open sale for Block A, B & D only. Block C (833 units) is not opened yet. Latest Sales - Block A: 439 units, Block B: 513 units, Block D: 454 units"
johor,,2026-08-07,31100-1,1406,,,seeded from your report,"Open sale for Block A, B & D only. Block C (833 units) is not opened yet. Latest Sales - Block A: 439 units, Block B: 513 units, Block D: 454 units"
johor,,2026-06-19,31074-1,936,,,seeded from your report,"Latest sale - Block A: 401 units, Block B: 365 units, Block C - 224 units"
johor,,2026-06-26,31074-1,943,,,seeded from your report,"Latest sale - Block A: 401 units, Block B: 365 units, Block C - 224 units"
johor,,2026-07-03,31074-1,949,,,seeded from your report,"Latest sale - Block A: 401 units, Block B: 365 units, Block C - 224 units"
johor,,2026-07-10,31074-1,963,,,seeded from your report,"Latest sale - Block A: 401 units, Block B: 365 units, Block C - 224 units"
johor,,2026-07-17,31074-1,968,,,seeded from your report,"Latest sale - Block A: 401 units, Block B: 365 units, Block C - 224 units"
johor,,2026-07-24,31074-1,976,,,seeded from your report,"Latest sale - Block A: 401 units, Block B: 365 units, Block C - 224 units"
johor,,2026-07-31,31074-1,989,,,seeded from your report,"Latest sale - Block A: 401 units, Block B: 365 units, Block C - 224 units"
johor,,2026-08-07,31074-1,990,,,seeded from your report,"Latest sale - Block A: 401 units, Block B: 365 units, Block C - 224 units"
johor,,2026-06-19,9600-6,610,,,seeded from your report,"Latest sale - Block A: 483 units, Block B: 241 units"
johor,,2026-06-26,9600-6,616,,,seeded from your report,"Latest sale - Block A: 483 units, Block B: 241 units"
johor,,2026-07-03,9600-6,637,,,seeded from your report,"Latest sale - Block A: 483 units, Block B: 241 units"
johor,,2026-07-10,9600-6,665,,,seeded from your report,"Latest sale - Block A: 483 units, Block B: 241 units"
johor,,2026-07-17,9600-6,676,,,seeded from your report,"Latest sale - Block A: 483 units, Block B: 241 units"
johor,,2026-07-24,9600-6,692,,,seeded from your report,"Latest sale - Block A: 483 units, Block B: 241 units"
johor,,2026-07-31,9600-6,714,,,seeded from your report,"Latest sale - Block A: 483 units, Block B: 241 units"
johor,,2026-08-07,9600-6,724,,,seeded from your report,"Latest sale - Block A: 483 units, Block B: 241 units"
johor,,2026-06-19,31031-1,1351,,,seeded from your report,"Latest sale - Block A: 723 units, Block B: 666 units"
johor,,2026-06-26,31031-1,1354,,,seeded from your report,"Latest sale - Block A: 723 units, Block B: 666 units"
johor,,2026-07-03,31031-1,1356,,,seeded from your report,"Latest sale - Block A: 723 units, Block B: 666 units"
johor,,2026-07-10,31031-1,1372,,,seeded from your report,"Latest sale - Block A: 723 units, Block B: 666 units"
johor,,2026-07-17,31031-1,1376,,,seeded from your report,"Latest sale - Block A: 723 units, Block B: 666 units"
johor,,2026-07-24,31031-1,1381,,,seeded from your report,"Latest sale - Block A: 723 units, Block B: 666 units"
johor,,2026-07-31,31031-1,1387,,,seeded from your report,"Latest sale - Block A: 723 units, Block B: 666 units"
johor,,2026-08-07,31031-1,1389,,,seeded from your report,"Latest sale - Block A: 723 units, Block B: 666 units"
johor,,2026-06-19,30828-3,873,,,seeded from your report,-
johor,,2026-06-26,30828-3,877,,,seeded from your report,-
johor,,2026-07-03,30828-3,881,,,seeded from your report,-
johor,,2026-07-10,30828-3,887,,,seeded from your report,-
johor,,2026-07-17,30828-3,888,,,seeded from your report,-
johor,,2026-07-24,30828-3,890,,,seeded from your report,-
johor,,2026-07-31,30828-3,898,,,seeded from your report,-
johor,,2026-08-07,30828-3,898,,,seeded from your report,-
johor,,2026-06-19,NOCODE-The Eclipse,0,,,seeded from your report,"*No info on Teduh, Not obtained AP."
johor,,2026-06-26,NOCODE-The Eclipse,0,,,seeded from your report,"*No info on Teduh, Not obtained AP."
johor,,2026-07-03,NOCODE-The Eclipse,0,,,seeded from your report,"*No info on Teduh, Not obtained AP."
johor,,2026-07-10,NOCODE-The Eclipse,0,,,seeded from your report,"*No info on Teduh, Not obtained AP."
johor,,2026-07-17,NOCODE-The Eclipse,0,,,seeded from your report,"*No info on Teduh, Not obtained AP."
johor,,2026-07-24,NOCODE-The Eclipse,0,,,seeded from your report,"*No info on Teduh, Not obtained AP."
johor,,2026-07-31,NOCODE-The Eclipse,0,,,seeded from your report,"*No info on Teduh, Not obtained AP."
johor,,2026-08-07,NOCODE-The Eclipse,0,,,seeded from your report,"*No info on Teduh, Not obtained AP."
johor,,2026-06-19,13531-2,684,,,seeded from your report,"Latest sale - Block A: 432 units, Block B: 278 units"
johor,,2026-06-26,13531-2,682,,,seeded from your report,"Latest sale - Block A: 432 units, Block B: 278 units"
johor,,2026-07-03,13531-2,685,,,seeded from your report,"Latest sale - Block A: 432 units, Block B: 278 units"
johor,,2026-07-10,13531-2,692,,,seeded from your report,"Latest sale - Block A: 432 units, Block B: 278 units"
johor,,2026-07-17,13531-2,698,,,seeded from your report,"Latest sale - Block A: 432 units, Block B: 278 units"
johor,,2026-07-24,13531-2,700,,,seeded from your report,"Latest sale - Block A: 432 units, Block B: 278 units"
johor,,2026-07-31,13531-2,707,,,seeded from your report,"Latest sale - Block A: 432 units, Block B: 278 units"
johor,,2026-08-07,13531-2,710,,,seeded from your report,"Latest sale - Block A: 432 units, Block B: 278 units"
johor,,2026-06-19,31034-1,358,,,seeded from your report,"Latest sale - Block A: 293 units, Block B: 89 units"
johor,,2026-06-26,31034-1,365,,,seeded from your report,"Latest sale - Block A: 293 units, Block B: 89 units"
johor,,2026-07-03,31034-1,365,,,seeded from your report,"Latest sale - Block A: 293 units, Block B: 89 units"
johor,,2026-07-10,31034-1,370,,,seeded from your report,"Latest sale - Block A: 293 units, Block B: 89 units"
johor,,2026-07-17,31034-1,370,,,seeded from your report,"Latest sale - Block A: 293 units, Block B: 89 units"
johor,,2026-07-24,31034-1,373,,,seeded from your report,"Latest sale - Block A: 293 units, Block B: 89 units"
johor,,2026-07-31,31034-1,380,,,seeded from your report,"Latest sale - Block A: 293 units, Block B: 89 units"
johor,,2026-08-07,31034-1,382,,,seeded from your report,"Latest sale - Block A: 293 units, Block B: 89 units"
johor,,2026-06-19,31149-1,249,,,seeded from your report,"Latest sale - Block A: 207 units, Block B: 77 units"
johor,,2026-06-26,31149-1,251,,,seeded from your report,"Latest sale - Block A: 207 units, Block B: 77 units"
johor,,2026-07-03,31149-1,251,,,seeded from your report,"Latest sale - Block A: 207 units, Block B: 77 units"
johor,,2026-07-10,31149-1,266,,,seeded from your report,"Latest sale - Block A: 207 units, Block B: 77 units"
johor,,2026-07-17,31149-1,270,,,seeded from your report,"Latest sale - Block A: 207 units, Block B: 77 units"
johor,,2026-07-24,31149-1,275,,,seeded from your report,"Latest sale - Block A: 207 units, Block B: 77 units"
johor,,2026-07-31,31149-1,281,,,seeded from your report (Calia corrected),"Latest sale - Block A: 207 units, Block B: 77 units"
johor,,2026-08-07,31149-1,284,,,seeded from your report (Calia corrected),"Latest sale - Block A: 207 units, Block B: 77 units"
seputeh,,2026-08-13,32-16,42,146,RESIDENSI EDEN,,"Latest sales - Block A: 2, Block B: 5, Block C: 3, Block D: 8, Block E: 2, Block F: 2, Block G: 6, Block H: 5"
seputeh,,2026-08-13,30216-1,33,154,PAVILION DAMANSARA HEIGHTS PHASE 2,,"Latest sales - Block RA/N: 28, Block RA/S: 2"
seputeh,,2026-08-13,30216-2,45,490,PAVILION DAMANSARA HEIGHTS PHASE 2,,"Latest sales - Block RC/N: 8, Block RC/S: 27"
seputeh,,2026-08-13,31078-1,45,48,VILA BATAI,,
seputeh,,2026-08-13,31274-1,1,244,AOSIS MONT KIARA,,
seputeh,,2026-08-13,2463-23,293,433,PARKCITY RESIDENCES,,
status13,,2026-08-13,31202-1,175,1310,RESIDENSI WARISAN SALAK SELATAN,,"Latest sales - Block A: 90, Block B: 74"
status13,,2026-08-13,13262-2,328,1544,RESIDENSI M AURORA,,"Latest sales - Block A: 34, Block B: 252"
status13,,2026-08-13,30590-2,116,996,ARTE STAR,,Latest sales - Block B: 102
status13,,2026-08-13,5911-33,993,1618,RESIDENSI M ASPIRA,,"Latest sales - Block A: 392, Block B: 434"
status13,,2026-08-13,30363-2,1123,1218,RESIDENSI DESA TIMUR,,"Latest sales - Block A: 125, Block B: 470, Block C: 289"
status13,,2026-08-13,30821-1,498,988,RESIDENSI RADIUM,,"Latest sales - Block A: 202, Block B: 207"
status13,,2026-08-13,30366-1,467,482,RESIDENSI AMBIEN,,Latest sales - Block A: 386
status13,,2026-08-13,13074-4,236,299,RESIDENSI HANA,,
status13,,2026-08-13,8824-5,614,1296,RESIDENSI SUNWAY COCHRANE,,"Latest sales - Block A: 144, Block B: 378"
status13,,2026-08-13,20253-3,1142,1500,RESIDENSI PLATINUM SAUJANA VIOLET 2 (PSV2),,"Latest sales - Block W: 481, Block X: 461"
status13,,2026-08-13,30876-1,124,551,RESIDENSI VERIDIAN,,Latest sales - Block A: 104
status13,,2026-08-13,30250-2,659,661,RESIDENSI AURUM,,"Latest sales - Block A: 263, Block B: 259"
johor,,2026-08-13,835-14,296,715,RESIDENSI DWI PESONA,,"Latest sales - Block A: 188, Block B: 108"
johor,,2026-08-13,30946-1,938,1950,RESIDENSI SENIBONG MUTIARA,,"Latest sales - Block A: 381, Block B: 364, Block C: 86, Block D: 107"
johor,,2026-08-13,14523-4,47,416,RESIDENSI PANORAMA SENIBONG,"unit count on TEDUH is 416, tracker says 1500",Latest sales - Block A: 47
johor,,2026-08-13,30635-1,1052,2156,RESIDENSI PARKLAND PERMAS,,"Latest sales - Block 1A: 326, Block 1B: 340, Block 2A: 212, Block 2B: 174"
johor,,2026-08-13,31007-1,845,848,RESIDENSI KEBUN TEH (THE ASTERIAZ @ KEBUN TEH),,
johor,,2026-08-13,31100-1,1413,4525,RESIDENSI DATARAN SELATAN (DOVER TOWER),"unit count on TEDUH is 4525, tracker says 3692","Latest sales - Block A: 443, Block B1: 231, Block B2: 284, Block D1: 167, Block D2: 288"
johor,,2026-08-13,31074-1,990,2743,RESIDENSI MAXIM PELANGI,,"Latest sales - Block A: 401, Block B: 365, Block C: 224"
johor,,2026-08-13,9600-6,728,1733,RESIDENSI ANGGUN MEWAH,,"Latest sales - Block A: 486, Block B: 242"
johor,,2026-08-13,31031-1,1391,1623,SKYLINE ONE SENTOSA,,"Latest sales - Block A: 725, Block B: 666"
johor,,2026-08-13,30828-3,902,996,RESIDENSI GEN SFERA,,
johor,,2026-08-13,13531-2,711,824,RESIDENSI AMBAR RIMBA,,"Latest sales - Block A: 432, Block B: 279"
johor,,2026-08-13,31034-1,384,1012,SOHO SUNWAY MAJESTIC,,"Latest sales - Block A: 294, Block B: 90"
johor,,2026-08-13,31149-1,288,1274,RESIDENSI DANGA PARAGON 1,,"Latest sales - Block A: 209, Block B: 79"
seputeh,,2026-08-14,32-16,43,146,RESIDENSI EDEN,,"Latest sales - Block A: 2, Block B: 6, Block C: 3, Block D: 8, Block E: 2, Block F: 2, Block G: 6, Block H: 5"
seputeh,,2026-08-14,30216-1,33,154,PAVILION DAMANSARA HEIGHTS PHASE 2,,"Latest sales - Block RA/N: 28, Block RA/S: 2"
seputeh,,2026-08-14,30216-2,45,490,PAVILION DAMANSARA HEIGHTS PHASE 2,,"Latest sales - Block RC/N: 8, Block RC/S: 27"
seputeh,,2026-08-14,31078-1,45,48,VILA BATAI,,
seputeh,,2026-08-14,31274-1,1,244,AOSIS MONT KIARA,,
seputeh,,2026-08-14,2463-23,306,433,PARKCITY RESIDENCES,,
status13,,2026-08-14,31202-1,177,1310,RESIDENSI WARISAN SALAK SELATAN,,"Latest sales - Block A: 91, Block B: 75"
status13,,2026-08-14,13262-2,334,1544,RESIDENSI M AURORA,,"Latest sales - Block A: 36, Block B: 253"
status13,,2026-08-14,30590-2,119,996,ARTE STAR,,Latest sales - Block B: 105
status13,,2026-08-14,5911-33,996,1618,RESIDENSI M ASPIRA,,"Latest sales - Block A: 394, Block B: 434"
status13,,2026-08-14,30363-2,1125,1218,RESIDENSI DESA TIMUR,,"Latest sales - Block A: 125, Block B: 471, Block C: 290"
status13,,2026-08-14,30821-1,499,988,RESIDENSI RADIUM,,"Latest sales - Block A: 203, Block B: 207"
status13,,2026-08-14,30366-1,467,482,RESIDENSI AMBIEN,,Latest sales - Block A: 386
status13,,2026-08-14,13074-4,236,299,RESIDENSI HANA,,
status13,,2026-08-14,8824-5,618,1296,RESIDENSI SUNWAY COCHRANE,,"Latest sales - Block A: 147, Block B: 378"
status13,,2026-08-14,20253-3,1142,1500,RESIDENSI PLATINUM SAUJANA VIOLET 2 (PSV2),,"Latest sales - Block W: 481, Block X: 461"
status13,,2026-08-14,30876-1,125,551,RESIDENSI VERIDIAN,,Latest sales - Block A: 105
status13,,2026-08-14,30250-2,659,661,RESIDENSI AURUM,,"Latest sales - Block A: 263, Block B: 259"
johor,,2026-08-14,835-14,297,715,RESIDENSI DWI PESONA,,"Latest sales - Block A: 188, Block B: 109"
johor,,2026-08-14,30946-1,942,1950,RESIDENSI SENIBONG MUTIARA,,"Latest sales - Block A: 382, Block B: 367, Block C: 86, Block D: 107"
johor,,2026-08-14,14523-4,47,416,RESIDENSI PANORAMA SENIBONG,"unit count on TEDUH is 416, tracker says 1500",Latest sales - Block A: 47
johor,,2026-08-14,30635-1,1052,2156,RESIDENSI PARKLAND PERMAS,,"Latest sales - Block 1A: 326, Block 1B: 340, Block 2A: 212, Block 2B: 174"
johor,,2026-08-14,31007-1,845,848,RESIDENSI KEBUN TEH (THE ASTERIAZ @ KEBUN TEH),,
johor,,2026-08-14,31100-1,1417,4525,RESIDENSI DATARAN SELATAN (DOVER TOWER),"unit count on TEDUH is 4525, tracker says 3692","Latest sales - Block A: 446, Block B1: 231, Block B2: 284, Block D1: 168, Block D2: 288"
johor,,2026-08-14,31074-1,990,2743,RESIDENSI MAXIM PELANGI,,"Latest sales - Block A: 401, Block B: 365, Block C: 224"
johor,,2026-08-14,9600-6,731,1733,RESIDENSI ANGGUN MEWAH,,"Latest sales - Block A: 488, Block B: 243"
johor,,2026-08-14,31031-1,1391,1623,SKYLINE ONE SENTOSA,,"Latest sales - Block A: 725, Block B: 666"
johor,,2026-08-14,30828-3,902,996,RESIDENSI GEN SFERA,,
johor,,2026-08-14,13531-2,714,824,RESIDENSI AMBAR RIMBA,,"Latest sales - Block A: 432, Block B: 282"
johor,,2026-08-14,31034-1,385,1012,SOHO SUNWAY MAJESTIC,,"Latest sales - Block A: 294, Block B: 91"
johor,,2026-08-14,31149-1,291,1274,RESIDENSI DANGA PARAGON 1,,"Latest sales - Block A: 209, Block B: 82"
seputeh,,2026-08-15,32-16,43,146,RESIDENSI EDEN,,"Latest sales - Block A: 2, Block B: 6, Block C: 3, Block D: 8, Block E: 2, Block F: 2, Block G: 6, Block H: 5"
seputeh,,2026-08-15,30216-1,33,154,PAVILION DAMANSARA HEIGHTS PHASE 2,,"Latest sales - Block RA/N: 28, Block RA/S: 2"
seputeh,,2026-08-15,30216-2,45,490,PAVILION DAMANSARA HEIGHTS PHASE 2,,"Latest sales - Block RC/N: 8, Block RC/S: 27"
seputeh,,2026-08-15,31078-1,45,48,VILA BATAI,,
seputeh,,2026-08-15,31274-1,1,244,AOSIS MONT KIARA,,
seputeh,,2026-08-15,2463-23,311,433,PARKCITY RESIDENCES,,
status13,,2026-08-15,31202-1,177,1310,RESIDENSI WARISAN SALAK SELATAN,,"Latest sales - Block A: 91, Block B: 75"
status13,,2026-08-15,13262-2,335,1544,RESIDENSI M AURORA,,"Latest sales - Block A: 37, Block B: 253"
status13,,2026-08-15,30590-2,119,996,ARTE STAR,,Latest sales - Block B: 105
status13,,2026-08-15,5911-33,998,1618,RESIDENSI M ASPIRA,,"Latest sales - Block A: 394, Block B: 435"
status13,,2026-08-15,30363-2,1125,1218,RESIDENSI DESA TIMUR,,"Latest sales - Block A: 125, Block B: 471, Block C: 290"
status13,,2026-08-15,30821-1,502,988,RESIDENSI RADIUM,,"Latest sales - Block A: 204, Block B: 208"
status13,,2026-08-15,30366-1,467,482,RESIDENSI AMBIEN,,Latest sales - Block A: 386
status13,,2026-08-15,13074-4,236,299,RESIDENSI HANA,,
status13,,2026-08-15,8824-5,621,1296,RESIDENSI SUNWAY COCHRANE,,"Latest sales - Block A: 149, Block B: 378"
status13,,2026-08-15,20253-3,1145,1500,RESIDENSI PLATINUM SAUJANA VIOLET 2 (PSV2),,"Latest sales - Block W: 482, Block X: 463"
status13,,2026-08-15,30876-1,126,551,RESIDENSI VERIDIAN,,Latest sales - Block A: 106
status13,,2026-08-15,30250-2,659,661,RESIDENSI AURUM,,"Latest sales - Block A: 263, Block B: 259"
johor,,2026-08-15,835-14,298,715,RESIDENSI DWI PESONA,,"Latest sales - Block A: 188, Block B: 110"
johor,,2026-08-15,30946-1,950,1950,RESIDENSI SENIBONG MUTIARA,,"Latest sales - Block A: 387, Block B: 369, Block C: 86, Block D: 108"
johor,,2026-08-15,14523-4,47,416,RESIDENSI PANORAMA SENIBONG,"unit count on TEDUH is 416, tracker says 1500",Latest sales - Block A: 47
johor,,2026-08-15,30635-1,1054,2156,RESIDENSI PARKLAND PERMAS,,"Latest sales - Block 1A: 326, Block 1B: 340, Block 2A: 213, Block 2B: 175"
johor,,2026-08-15,31007-1,845,848,RESIDENSI KEBUN TEH (THE ASTERIAZ @ KEBUN TEH),,
johor,,2026-08-15,31100-1,1418,4525,RESIDENSI DATARAN SELATAN (DOVER TOWER),"unit count on TEDUH is 4525, tracker says 3692","Latest sales - Block A: 447, Block B1: 231, Block B2: 284, Block D1: 168, Block D2: 288"
johor,,2026-08-15,31074-1,992,2743,RESIDENSI MAXIM PELANGI,,"Latest sales - Block A: 401, Block B: 365, Block C: 226"
johor,,2026-08-15,9600-6,737,1733,RESIDENSI ANGGUN MEWAH,,"Latest sales - Block A: 491, Block B: 246"
johor,,2026-08-15,31031-1,1391,1623,SKYLINE ONE SENTOSA,,"Latest sales - Block A: 725, Block B: 666"
johor,,2026-08-15,30828-3,902,996,RESIDENSI GEN SFERA,,
johor,,2026-08-15,13531-2,715,824,RESIDENSI AMBAR RIMBA,,"Latest sales - Block A: 432, Block B: 283"
johor,,2026-08-15,31034-1,385,1012,SOHO SUNWAY MAJESTIC,,"Latest sales - Block A: 294, Block B: 91"
johor,,2026-08-15,31149-1,292,1274,RESIDENSI DANGA PARAGON 1,,"Latest sales - Block A: 210, Block B: 82"
seputeh,,2026-08-16,32-16,43,146,RESIDENSI EDEN,,"Latest sales - Block A: 2, Block B: 6, Block C: 3, Block D: 8, Block E: 2, Block F: 2, Block G: 6, Block H: 5"
seputeh,,2026-08-16,30216-1,33,154,PAVILION DAMANSARA HEIGHTS PHASE 2,,"Latest sales - Block RA/N: 28, Block RA/S: 2"
seputeh,,2026-08-16,30216-2,45,490,PAVILION DAMANSARA HEIGHTS PHASE 2,,"Latest sales - Block RC/N: 8, Block RC/S: 27"
seputeh,,2026-08-16,31078-1,45,48,VILA BATAI,,
seputeh,,2026-08-16,31274-1,1,244,AOSIS MONT KIARA,,
seputeh,,2026-08-16,2463-23,311,433,PARKCITY RESIDENCES,,
status13,,2026-08-16,31202-1,177,1310,RESIDENSI WARISAN SALAK SELATAN,,"Latest sales - Block A: 91, Block B: 75"
status13,,2026-08-16,13262-2,335,1544,RESIDENSI M AURORA,,"Latest sales - Block A: 37, Block B: 253"
status13,,2026-08-16,30590-2,119,996,ARTE STAR,,Latest sales - Block B: 105
status13,,2026-08-16,5911-33,998,1618,RESIDENSI M ASPIRA,,"Latest sales - Block A: 394, Block B: 435"
status13,,2026-08-16,30363-2,1125,1218,RESIDENSI DESA TIMUR,,"Latest sales - Block A: 125, Block B: 471, Block C: 290"
status13,,2026-08-16,30821-1,502,988,RESIDENSI RADIUM,,"Latest sales - Block A: 204, Block B: 208"
status13,,2026-08-16,30366-1,467,482,RESIDENSI AMBIEN,,Latest sales - Block A: 386
status13,,2026-08-16,13074-4,236,299,RESIDENSI HANA,,
status13,,2026-08-16,8824-5,621,1296,RESIDENSI SUNWAY COCHRANE,,"Latest sales - Block A: 149, Block B: 378"
status13,,2026-08-16,20253-3,1145,1500,RESIDENSI PLATINUM SAUJANA VIOLET 2 (PSV2),,"Latest sales - Block W: 482, Block X: 463"
status13,,2026-08-16,30876-1,126,551,RESIDENSI VERIDIAN,,Latest sales - Block A: 106
status13,,2026-08-16,30250-2,659,661,RESIDENSI AURUM,,"Latest sales - Block A: 263, Block B: 259"
status13,,2026-08-16,31332-1,139,830,BINASTRA COCHRANE,,"Latest sales - Block A: 77, Block B: 51"
johor,,2026-08-16,835-14,298,715,RESIDENSI DWI PESONA,,"Latest sales - Block A: 188, Block B: 110"
johor,,2026-08-16,30946-1,950,1950,RESIDENSI SENIBONG MUTIARA,,"Latest sales - Block A: 387, Block B: 369, Block C: 86, Block D: 108"
johor,,2026-08-16,14523-4,47,416,RESIDENSI PANORAMA SENIBONG,"unit count on TEDUH is 416, tracker says 1500",Latest sales - Block A: 47
johor,,2026-08-16,30635-1,1054,2156,RESIDENSI PARKLAND PERMAS,,"Latest sales - Block 1A: 326, Block 1B: 340, Block 2A: 213, Block 2B: 175"
johor,,2026-08-16,31007-1,845,848,RESIDENSI KEBUN TEH (THE ASTERIAZ @ KEBUN TEH),,
johor,,2026-08-16,31100-1,1418,4525,RESIDENSI DATARAN SELATAN (DOVER TOWER),"unit count on TEDUH is 4525, tracker says 3692","Latest sales - Block A: 447, Block B1: 231, Block B2: 284, Block D1: 168, Block D2: 288"
johor,,2026-08-16,31074-1,992,2743,RESIDENSI MAXIM PELANGI,,"Latest sales - Block A: 401, Block B: 365, Block C: 226"
johor,,2026-08-16,9600-6,737,1733,RESIDENSI ANGGUN MEWAH,,"Latest sales - Block A: 491, Block B: 246"
johor,,2026-08-16,31031-1,1391,1623,SKYLINE ONE SENTOSA,,"Latest sales - Block A: 725, Block B: 666"
johor,,2026-08-16,30828-3,902,996,RESIDENSI GEN SFERA,,
johor,,2026-08-16,13531-2,715,824,RESIDENSI AMBAR RIMBA,,"Latest sales - Block A: 432, Block B: 283"
johor,,2026-08-16,31034-1,385,1012,SOHO SUNWAY MAJESTIC,,"Latest sales - Block A: 294, Block B: 91"
johor,,2026-08-16,31149-1,292,1274,RESIDENSI DANGA PARAGON 1,,"Latest sales - Block A: 210, Block B: 82"
seputeh,,2026-08-17,32-16,43,146,RESIDENSI EDEN,,"Latest sales - Block A: 2, Block B: 6, Block C: 4, Block D: 10, Block E: 2, Block F: 2, Block G: 10, Block H: 7"
seputeh,,2026-08-17,30216-1,33,154,PAVILION DAMANSARA HEIGHTS PHASE 2,,"Latest sales - Block RA/N: 31, Block RA/S: 2"
seputeh,,2026-08-17,30216-2,45,490,PAVILION DAMANSARA HEIGHTS PHASE 2,,"Latest sales - Block RC/N: 11, Block RC/S: 34"
seputeh,,2026-08-17,31078-1,45,48,VILA BATAI,,
seputeh,,2026-08-17,31274-1,1,244,AOSIS MONT KIARA,,
seputeh,,2026-08-17,2463-23,312,433,PARKCITY RESIDENCES,,
status13,,2026-08-17,31202-1,177,1310,RESIDENSI WARISAN SALAK SELATAN,,"Latest sales - Block A: 96, Block B: 81"
status13,,2026-08-17,13262-2,335,1544,RESIDENSI M AURORA,,"Latest sales - Block A: 40, Block B: 295"
status13,,2026-08-17,30590-2,120,996,ARTE STAR,,Latest sales - Block B: 120
status13,,2026-08-17,5911-33,998,1618,RESIDENSI M ASPIRA,,"Latest sales - Block A: 460, Block B: 538"
status13,,2026-08-17,30363-2,1125,1218,RESIDENSI DESA TIMUR,,"Latest sales - Block A: 181, Block B: 581, Block C: 362"
status13,,2026-08-17,30821-1,502,988,RESIDENSI RADIUM,,"Latest sales - Block A: 248, Block B: 254"
status13,,2026-08-17,30366-1,467,482,RESIDENSI AMBIEN,,Latest sales - Block A: 467
status13,,2026-08-17,13074-4,236,299,RESIDENSI HANA,,
status13,,2026-08-17,8824-5,621,1296,RESIDENSI SUNWAY COCHRANE,,"Latest sales - Block A: 167, Block B: 454"
status13,,2026-08-17,20253-3,1145,1500,RESIDENSI PLATINUM SAUJANA VIOLET 2 (PSV2),,"Latest sales - Block W: 591, Block X: 554"
status13,,2026-08-17,30876-1,126,551,RESIDENSI VERIDIAN,,Latest sales - Block A: 126
status13,,2026-08-17,30250-2,659,661,RESIDENSI AURUM,,"Latest sales - Block A: 333, Block B: 326"
status13,,2026-08-17,31332-1,139,830,BINASTRA COCHRANE,,"Latest sales - Block A: 88, Block B: 51"
johor,,2026-08-17,835-14,298,715,RESIDENSI DWI PESONA,,"Latest sales - Block A: 188, Block B: 110"
johor,,2026-08-17,30946-1,950,1950,RESIDENSI SENIBONG MUTIARA,,"Latest sales - Block A: 387, Block B: 369, Block C: 86, Block D: 108"
johor,,2026-08-17,14523-4,47,416,RESIDENSI PANORAMA SENIBONG,"unit count on TEDUH is 416, tracker says 1500",Latest sales - Block A: 47
johor,,2026-08-17,30635-1,1054,2156,RESIDENSI PARKLAND PERMAS,,"Latest sales - Block 1A: 326, Block 1B: 340, Block 2A: 213, Block 2B: 175"
johor,,2026-08-17,31007-1,845,848,RESIDENSI KEBUN TEH (THE ASTERIAZ @ KEBUN TEH),,
johor,,2026-08-17,31100-1,1418,4525,RESIDENSI DATARAN SELATAN (DOVER TOWER),"unit count on TEDUH is 4525, tracker says 3692","Latest sales - Block A: 447, Block B1: 231, Block B2: 284, Block D1: 168, Block D2: 288"
johor,,2026-08-17,31074-1,992,2743,RESIDENSI MAXIM PELANGI,,"Latest sales - Block A: 401, Block B: 365, Block C: 226"
johor,,2026-08-17,9600-6,737,1733,RESIDENSI ANGGUN MEWAH,,"Latest sales - Block A: 491, Block B: 246"
johor,,2026-08-17,31031-1,1391,1623,SKYLINE ONE SENTOSA,,"Latest sales - Block A: 725, Block B: 666"
johor,,2026-08-17,30828-3,902,996,RESIDENSI GEN SFERA,,
johor,,2026-08-17,13531-2,715,824,RESIDENSI AMBAR RIMBA,,"Latest sales - Block A: 432, Block B: 283"
johor,,2026-08-17,31034-1,386,1012,SOHO SUNWAY MAJESTIC,,"Latest sales - Block A: 294, Block B: 92"
johor,,2026-08-17,31149-1,292,1274,RESIDENSI DANGA PARAGON 1,,"Latest sales - Block A: 210, Block B: 82"
seputeh,,2026-08-18,32-16,43,146,RESIDENSI EDEN,,"Latest sales - Block A: 2, Block B: 6, Block C: 4, Block D: 10, Block E: 2, Block F: 2, Block G: 10, Block H: 7"
seputeh,,2026-08-18,30216-1,34,154,PAVILION DAMANSARA HEIGHTS PHASE 2,,"Latest sales - Block RA/N: 32, Block RA/S: 2"
seputeh,,2026-08-18,30216-2,46,490,PAVILION DAMANSARA HEIGHTS PHASE 2,,"Latest sales - Block RC/N: 11, Block RC/S: 35"
seputeh,,2026-08-18,31078-1,45,48,VILA BATAI,,
seputeh,,2026-08-18,31274-1,1,244,AOSIS MONT KIARA,,
seputeh,,2026-08-18,2463-23,316,433,PARKCITY RESIDENCES,,
status13,,2026-08-18,31202-1,178,1310,RESIDENSI WARISAN SALAK SELATAN,,"Latest sales - Block A: 97, Block B: 81"
status13,,2026-08-18,13262-2,337,1544,RESIDENSI M AURORA,,"Latest sales - Block A: 41, Block B: 296"
status13,,2026-08-18,30590-2,120,996,ARTE STAR,,Latest sales - Block B: 120
status13,,2026-08-18,5911-33,998,1618,RESIDENSI M ASPIRA,,"Latest sales - Block A: 460, Block B: 538"
status13,,2026-08-18,30363-2,1125,1218,RESIDENSI DESA TIMUR,,"Latest sales - Block A: 181, Block B: 581, Block C: 362"
status13,,2026-08-18,30821-1,504,988,RESIDENSI RADIUM,,"Latest sales - Block A: 250, Block B: 254"
status13,,2026-08-18,30366-1,467,482,RESIDENSI AMBIEN,,Latest sales - Block A: 467
status13,,2026-08-18,13074-4,236,299,RESIDENSI HANA,,
status13,,2026-08-18,8824-5,622,1296,RESIDENSI SUNWAY COCHRANE,,"Latest sales - Block A: 168, Block B: 454"
status13,,2026-08-18,20253-3,1146,1500,RESIDENSI PLATINUM SAUJANA VIOLET 2 (PSV2),,"Latest sales - Block W: 592, Block X: 554"
status13,,2026-08-18,30876-1,126,551,RESIDENSI VERIDIAN,,Latest sales - Block A: 126
status13,,2026-08-18,30250-2,659,661,RESIDENSI AURUM,,"Latest sales - Block A: 333, Block B: 326"
status13,,2026-08-18,31332-1,145,830,BINASTRA COCHRANE,,"Latest sales - Block A: 92, Block B: 53"
johor,,2026-08-18,835-14,298,715,RESIDENSI DWI PESONA,,"Latest sales - Block A: 188, Block B: 110"
johor,,2026-08-18,30946-1,951,1950,RESIDENSI SENIBONG MUTIARA,,"Latest sales - Block A: 387, Block B: 370, Block C: 86, Block D: 108"
johor,,2026-08-18,14523-4,47,416,RESIDENSI PANORAMA SENIBONG,"unit count on TEDUH is 416, tracker says 1500",Latest sales - Block A: 47
johor,,2026-08-18,30635-1,1054,2156,RESIDENSI PARKLAND PERMAS,,"Latest sales - Block 1A: 326, Block 1B: 340, Block 2A: 213, Block 2B: 175"
johor,,2026-08-18,31007-1,845,848,RESIDENSI KEBUN TEH (THE ASTERIAZ @ KEBUN TEH),,
johor,,2026-08-18,31100-1,1418,4525,RESIDENSI DATARAN SELATAN (DOVER TOWER),"unit count on TEDUH is 4525, tracker says 3692","Latest sales - Block A: 447, Block B1: 231, Block B2: 284, Block D1: 168, Block D2: 288"
johor,,2026-08-18,31074-1,993,2743,RESIDENSI MAXIM PELANGI,,"Latest sales - Block A: 401, Block B: 366, Block C: 226"
johor,,2026-08-18,9600-6,737,1733,RESIDENSI ANGGUN MEWAH,,"Latest sales - Block A: 491, Block B: 246"
johor,,2026-08-18,31031-1,1393,1623,SKYLINE ONE SENTOSA,,"Latest sales - Block A: 726, Block B: 667"
johor,,2026-08-18,30828-3,904,996,RESIDENSI GEN SFERA,,
johor,,2026-08-18,13531-2,717,824,RESIDENSI AMBAR RIMBA,,"Latest sales - Block A: 433, Block B: 284"
johor,,2026-08-18,31034-1,388,1012,SOHO SUNWAY MAJESTIC,,"Latest sales - Block A: 295, Block B: 93"
johor,,2026-08-18,31149-1,292,1274,RESIDENSI DANGA PARAGON 1,,"Latest sales - Block A: 210, Block B: 82"
seputeh,,2026-08-19,32-16,43,146,RESIDENSI EDEN,,"Latest sales - Block A: 2, Block B: 6, Block C: 4, Block D: 10, Block E: 2, Block F: 2, Block G: 10, Block H: 7"
seputeh,,2026-08-19,30216-1,34,154,PAVILION DAMANSARA HEIGHTS PHASE 2,,"Latest sales - Block RA/N: 32, Block RA/S: 2"
seputeh,,2026-08-19,30216-2,47,490,PAVILION DAMANSARA HEIGHTS PHASE 2,,"Latest sales - Block RC/N: 11, Block RC/S: 36"
seputeh,,2026-08-19,31078-1,45,48,VILA BATAI,,
seputeh,,2026-08-19,31274-1,1,244,AOSIS MONT KIARA,,
seputeh,,2026-08-19,2463-23,319,433,PARKCITY RESIDENCES,,
status13,,2026-08-19,31202-1,178,1310,RESIDENSI WARISAN SALAK SELATAN,,"Latest sales - Block A: 97, Block B: 81"
status13,,2026-08-19,13262-2,340,1544,RESIDENSI M AURORA,,"Latest sales - Block A: 44, Block B: 296"
status13,,2026-08-19,30590-2,120,996,ARTE STAR,,Latest sales - Block B: 120
status13,,2026-08-19,5911-33,1000,1618,RESIDENSI M ASPIRA,,"Latest sales - Block A: 460, Block B: 540"
status13,,2026-08-19,30363-2,1125,1218,RESIDENSI DESA TIMUR,,"Latest sales - Block A: 181, Block B: 581, Block C: 362"
status13,,2026-08-19,30821-1,504,988,RESIDENSI RADIUM,,"Latest sales - Block A: 250, Block B: 254"
status13,,2026-08-19,30366-1,467,482,RESIDENSI AMBIEN,,Latest sales - Block A: 467
status13,,2026-08-19,13074-4,236,299,RESIDENSI HANA,,
status13,,2026-08-19,8824-5,622,1296,RESIDENSI SUNWAY COCHRANE,,"Latest sales - Block A: 170, Block B: 452"
status13,,2026-08-19,20253-3,1146,1500,RESIDENSI PLATINUM SAUJANA VIOLET 2 (PSV2),,"Latest sales - Block W: 592, Block X: 554"
status13,,2026-08-19,30876-1,126,551,RESIDENSI VERIDIAN,,Latest sales - Block A: 126
status13,,2026-08-19,30250-2,659,661,RESIDENSI AURUM,,"Latest sales - Block A: 333, Block B: 326"
status13,,2026-08-19,31332-1,160,830,BINASTRA COCHRANE,,"Latest sales - Block A: 101, Block B: 59"
johor,,2026-08-19,835-14,302,715,RESIDENSI DWI PESONA,,"Latest sales - Block A: 189, Block B: 113"
johor,,2026-08-19,30946-1,953,1950,RESIDENSI SENIBONG MUTIARA,,"Latest sales - Block A: 388, Block B: 371, Block C: 86, Block D: 108"
johor,,2026-08-19,14523-4,47,416,RESIDENSI PANORAMA SENIBONG,"unit count on TEDUH is 416, tracker says 1500",Latest sales - Block A: 47
johor,,2026-08-19,30635-1,1056,2156,RESIDENSI PARKLAND PERMAS,,"Latest sales - Block 1A: 327, Block 1B: 340, Block 2A: 213, Block 2B: 176"
johor,,2026-08-19,31007-1,845,848,RESIDENSI KEBUN TEH (THE ASTERIAZ @ KEBUN TEH),,
johor,,2026-08-19,31100-1,1419,4525,RESIDENSI DATARAN SELATAN (DOVER TOWER),"unit count on TEDUH is 4525, tracker says 3692","Latest sales - Block A: 447, Block B1: 231, Block B2: 285, Block D1: 168, Block D2: 288"
johor,,2026-08-19,31074-1,996,2743,RESIDENSI MAXIM PELANGI,,"Latest sales - Block A: 401, Block B: 367, Block C: 228"
johor,,2026-08-19,9600-6,738,1733,RESIDENSI ANGGUN MEWAH,,"Latest sales - Block A: 493, Block B: 245"
johor,,2026-08-19,31031-1,1394,1623,SKYLINE ONE SENTOSA,,"Latest sales - Block A: 727, Block B: 667"
johor,,2026-08-19,30828-3,904,996,RESIDENSI GEN SFERA,,
johor,,2026-08-19,13531-2,717,824,RESIDENSI AMBAR RIMBA,,"Latest sales - Block A: 433, Block B: 284"
johor,,2026-08-19,31034-1,388,1012,SOHO SUNWAY MAJESTIC,,"Latest sales - Block A: 295, Block B: 93"
johor,,2026-08-19,31149-1,292,1274,RESIDENSI DANGA PARAGON 1,,"Latest sales - Block A: 210, Block B: 82"
seputeh,,2026-08-20,32-16,43,146,RESIDENSI EDEN,,"Latest sales - Block A: 2, Block B: 6, Block C: 4, Block D: 10, Block E: 2, Block F: 2, Block G: 10, Block H: 7"
seputeh,,2026-08-20,30216-1,35,154,PAVILION DAMANSARA HEIGHTS PHASE 2,,"Latest sales - Block RA/N: 33, Block RA/S: 2"
seputeh,,2026-08-20,30216-2,48,490,PAVILION DAMANSARA HEIGHTS PHASE 2,,"Latest sales - Block RC/N: 12, Block RC/S: 36"
seputeh,,2026-08-20,31078-1,45,48,VILA BATAI,,
seputeh,,2026-08-20,31274-1,1,244,AOSIS MONT KIARA,,
seputeh,,2026-08-20,2463-23,327,433,PARKCITY RESIDENCES,,
status13,,2026-08-20,31202-1,180,1310,RESIDENSI WARISAN SALAK SELATAN,,"Latest sales - Block A: 99, Block B: 81"
status13,,2026-08-20,13262-2,341,1544,RESIDENSI M AURORA,,"Latest sales - Block A: 45, Block B: 296"
status13,,2026-08-20,30590-2,120,996,ARTE STAR,,Latest sales - Block B: 120
status13,,2026-08-20,5911-33,1000,1618,RESIDENSI M ASPIRA,,"Latest sales - Block A: 460, Block B: 540"
status13,,2026-08-20,30363-2,1125,1218,RESIDENSI DESA TIMUR,,"Latest sales - Block A: 181, Block B: 581, Block C: 362"
status13,,2026-08-20,30821-1,506,988,RESIDENSI RADIUM,,"Latest sales - Block A: 251, Block B: 255"
status13,,2026-08-20,30366-1,467,482,RESIDENSI AMBIEN,,Latest sales - Block A: 467
status13,,2026-08-20,13074-4,236,299,RESIDENSI HANA,,
status13,,2026-08-20,8824-5,623,1296,RESIDENSI SUNWAY COCHRANE,,"Latest sales - Block A: 171, Block B: 452"
status13,,2026-08-20,20253-3,1148,1500,RESIDENSI PLATINUM SAUJANA VIOLET 2 (PSV2),,"Latest sales - Block W: 594, Block X: 554"
status13,,2026-08-20,30876-1,126,551,RESIDENSI VERIDIAN,,Latest sales - Block A: 126
status13,,2026-08-20,30250-2,659,661,RESIDENSI AURUM,,"Latest sales - Block A: 333, Block B: 326"
status13,,2026-08-20,31332-1,174,830,BINASTRA COCHRANE,,"Latest sales - Block A: 113, Block B: 61"
johor,,2026-08-20,835-14,302,715,RESIDENSI DWI PESONA,,"Latest sales - Block A: 189, Block B: 113"
johor,,2026-08-20,30946-1,953,1950,RESIDENSI SENIBONG MUTIARA,,"Latest sales - Block A: 388, Block B: 371, Block C: 86, Block D: 108"
johor,,2026-08-20,14523-4,48,416,RESIDENSI PANORAMA SENIBONG,"unit count on TEDUH is 416, tracker says 1500",Latest sales - Block A: 48
johor,,2026-08-20,30635-1,1056,2156,RESIDENSI PARKLAND PERMAS,,"Latest sales - Block 1A: 327, Block 1B: 340, Block 2A: 213, Block 2B: 176"
johor,,2026-08-20,31007-1,845,848,RESIDENSI KEBUN TEH (THE ASTERIAZ @ KEBUN TEH),,
johor,,2026-08-20,31100-1,1420,4525,RESIDENSI DATARAN SELATAN (DOVER TOWER),"unit count on TEDUH is 4525, tracker says 3692","Latest sales - Block A: 448, Block B1: 231, Block B2: 285, Block D1: 168, Block D2: 288"
johor,,2026-08-20,31074-1,999,2743,RESIDENSI MAXIM PELANGI,,"Latest sales - Block A: 402, Block B: 368, Block C: 229"
johor,,2026-08-20,9600-6,739,1733,RESIDENSI ANGGUN MEWAH,,"Latest sales - Block A: 493, Block B: 246"
johor,,2026-08-20,31031-1,1394,1623,SKYLINE ONE SENTOSA,,"Latest sales - Block A: 727, Block B: 667"
johor,,2026-08-20,30828-3,905,996,RESIDENSI GEN SFERA,,
johor,,2026-08-20,13531-2,719,824,RESIDENSI AMBAR RIMBA,,"Latest sales - Block A: 435, Block B: 284"
johor,,2026-08-20,31034-1,389,1012,SOHO SUNWAY MAJESTIC,,"Latest sales - Block A: 296, Block B: 93"
johor,,2026-08-20,31149-1,293,1274,RESIDENSI DANGA PARAGON 1,,"Latest sales - Block A: 211, Block B: 82"
seputeh,,2026-08-21,32-16,43,146,RESIDENSI EDEN,,"Latest sales - Block A: 2, Block B: 6, Block C: 4, Block D: 10, Block E: 2, Block F: 2, Block G: 10, Block H: 7"
seputeh,,2026-08-21,30216-1,35,154,PAVILION DAMANSARA HEIGHTS PHASE 2,,"Latest sales - Block RA/N: 33, Block RA/S: 2"
seputeh,,2026-08-21,30216-2,48,490,PAVILION DAMANSARA HEIGHTS PHASE 2,,"Latest sales - Block RC/N: 12, Block RC/S: 36"
seputeh,,2026-08-21,31078-1,45,48,VILA BATAI,,
seputeh,,2026-08-21,31274-1,1,244,AOSIS MONT KIARA,,
seputeh,,2026-08-21,2463-23,335,433,PARKCITY RESIDENCES,,
status13,,2026-08-21,31202-1,183,1310,RESIDENSI WARISAN SALAK SELATAN,,"Latest sales - Block A: 100, Block B: 83"
status13,,2026-08-21,13262-2,344,1544,RESIDENSI M AURORA,,"Latest sales - Block A: 47, Block B: 297"
status13,,2026-08-21,30590-2,123,996,ARTE STAR,,Latest sales - Block B: 123
status13,,2026-08-21,5911-33,1003,1618,RESIDENSI M ASPIRA,,"Latest sales - Block A: 460, Block B: 543"
status13,,2026-08-21,30363-2,1125,1218,RESIDENSI DESA TIMUR,,"Latest sales - Block A: 181, Block B: 581, Block C: 362"
status13,,2026-08-21,30821-1,509,988,RESIDENSI RADIUM,,"Latest sales - Block A: 252, Block B: 257"
status13,,2026-08-21,30366-1,467,482,RESIDENSI AMBIEN,,Latest sales - Block A: 467
status13,,2026-08-21,13074-4,236,299,RESIDENSI HANA,,
status13,,2026-08-21,8824-5,626,1296,RESIDENSI SUNWAY COCHRANE,,"Latest sales - Block A: 174, Block B: 452"
status13,,2026-08-21,20253-3,1151,1500,RESIDENSI PLATINUM SAUJANA VIOLET 2 (PSV2),,"Latest sales - Block W: 595, Block X: 556"
status13,,2026-08-21,30876-1,127,551,RESIDENSI VERIDIAN,,Latest sales - Block A: 127
status13,,2026-08-21,30250-2,659,661,RESIDENSI AURUM,,"Latest sales - Block A: 333, Block B: 326"
status13,,2026-08-21,31332-1,191,830,BINASTRA COCHRANE,,"Latest sales - Block A: 124, Block B: 67"
johor,,2026-08-21,835-14,302,715,RESIDENSI DWI PESONA,,"Latest sales - Block A: 189, Block B: 113"
johor,,2026-08-21,30946-1,954,1950,RESIDENSI SENIBONG MUTIARA,,"Latest sales - Block A: 389, Block B: 371, Block C: 86, Block D: 108"
johor,,2026-08-21,14523-4,48,416,RESIDENSI PANORAMA SENIBONG,"unit count on TEDUH is 416, tracker says 1500",Latest sales - Block A: 48
johor,,2026-08-21,30635-1,1058,2156,RESIDENSI PARKLAND PERMAS,,"Latest sales - Block 1A: 327, Block 1B: 340, Block 2A: 215, Block 2B: 176"
johor,,2026-08-21,31007-1,845,848,RESIDENSI KEBUN TEH (THE ASTERIAZ @ KEBUN TEH),,
johor,,2026-08-21,31100-1,1421,4525,RESIDENSI DATARAN SELATAN (DOVER TOWER),"unit count on TEDUH is 4525, tracker says 3692","Latest sales - Block A: 449, Block B1: 231, Block B2: 285, Block D1: 168, Block D2: 288"
johor,,2026-08-21,31074-1,1001,2743,RESIDENSI MAXIM PELANGI,,"Latest sales - Block A: 403, Block B: 369, Block C: 229"
johor,,2026-08-21,9600-6,741,1733,RESIDENSI ANGGUN MEWAH,,"Latest sales - Block A: 494, Block B: 247"
johor,,2026-08-21,31031-1,1394,1623,SKYLINE ONE SENTOSA,,"Latest sales - Block A: 727, Block B: 667"
johor,,2026-08-21,30828-3,906,996,RESIDENSI GEN SFERA,,
johor,,2026-08-21,13531-2,720,824,RESIDENSI AMBAR RIMBA,,"Latest sales - Block A: 436, Block B: 284"
johor,,2026-08-21,31034-1,390,1012,SOHO SUNWAY MAJESTIC,,"Latest sales - Block A: 297, Block B: 93"
johor,,2026-08-21,31149-1,296,1274,RESIDENSI DANGA PARAGON 1,,"Latest sales - Block A: 212, Block B: 84"
seputeh,,2026-08-22,32-16,43,146,RESIDENSI EDEN,,"Latest sales - Block A: 2, Block B: 6, Block C: 4, Block D: 10, Block E: 2, Block F: 2, Block G: 10, Block H: 7"
seputeh,,2026-08-22,30216-1,35,154,PAVILION DAMANSARA HEIGHTS PHASE 2,,"Latest sales - Block RA/N: 33, Block RA/S: 2"
seputeh,,2026-08-22,30216-2,48,490,PAVILION DAMANSARA HEIGHTS PHASE 2,,"Latest sales - Block RC/N: 12, Block RC/S: 36"
seputeh,,2026-08-22,31078-1,45,48,VILA BATAI,,
seputeh,,2026-08-22,31274-1,1,244,AOSIS MONT KIARA,,
seputeh,,2026-08-22,2463-23,335,433,PARKCITY RESIDENCES,,
status13,,2026-08-22,31202-1,183,1310,RESIDENSI WARISAN SALAK SELATAN,,"Latest sales - Block A: 100, Block B: 83"
status13,,2026-08-22,13262-2,344,1544,RESIDENSI M AURORA,,"Latest sales - Block A: 47, Block B: 297"
status13,,2026-08-22,30590-2,123,996,ARTE STAR,,Latest sales - Block B: 123
status13,,2026-08-22,5911-33,1003,1618,RESIDENSI M ASPIRA,,"Latest sales - Block A: 460, Block B: 543"
status13,,2026-08-22,30363-2,1125,1218,RESIDENSI DESA TIMUR,,"Latest sales - Block A: 181, Block B: 581, Block C: 362"
status13,,2026-08-22,30821-1,509,988,RESIDENSI RADIUM,,"Latest sales - Block A: 252, Block B: 257"
status13,,2026-08-22,30366-1,467,482,RESIDENSI AMBIEN,,Latest sales - Block A: 467
status13,,2026-08-22,13074-4,236,299,RESIDENSI HANA,,
status13,,2026-08-22,8824-5,626,1296,RESIDENSI SUNWAY COCHRANE,,"Latest sales - Block A: 174, Block B: 452"
status13,,2026-08-22,20253-3,1151,1500,RESIDENSI PLATINUM SAUJANA VIOLET 2 (PSV2),,"Latest sales - Block W: 595, Block X: 556"
status13,,2026-08-22,30876-1,127,551,RESIDENSI VERIDIAN,,Latest sales - Block A: 127
status13,,2026-08-22,30250-2,659,661,RESIDENSI AURUM,,"Latest sales - Block A: 333, Block B: 326"
status13,,2026-08-22,31332-1,191,830,BINASTRA COCHRANE,,"Latest sales - Block A: 124, Block B: 67"
johor,,2026-08-22,835-14,302,715,RESIDENSI DWI PESONA,,"Latest sales - Block A: 189, Block B: 113"
johor,,2026-08-22,30946-1,954,1950,RESIDENSI SENIBONG MUTIARA,,"Latest sales - Block A: 389, Block B: 371, Block C: 86, Block D: 108"
johor,,2026-08-22,14523-4,48,416,RESIDENSI PANORAMA SENIBONG,"unit count on TEDUH is 416, tracker says 1500",Latest sales - Block A: 48
johor,,2026-08-22,30635-1,1058,2156,RESIDENSI PARKLAND PERMAS,,"Latest sales - Block 1A: 327, Block 1B: 340, Block 2A: 215, Block 2B: 176"
johor,,2026-08-22,31007-1,845,848,RESIDENSI KEBUN TEH (THE ASTERIAZ @ KEBUN TEH),,
johor,,2026-08-22,31100-1,1421,4525,RESIDENSI DATARAN SELATAN (DOVER TOWER),"unit count on TEDUH is 4525, tracker says 3692","Latest sales - Block A: 449, Block B1: 231, Block B2: 285, Block D1: 168, Block D2: 288"
johor,,2026-08-22,31074-1,1001,2743,RESIDENSI MAXIM PELANGI,,"Latest sales - Block A: 403, Block B: 369, Block C: 229"
johor,,2026-08-22,9600-6,741,1733,RESIDENSI ANGGUN MEWAH,,"Latest sales - Block A: 494, Block B: 247"
johor,,2026-08-22,31031-1,1394,1623,SKYLINE ONE SENTOSA,,"Latest sales - Block A: 727, Block B: 667"
johor,,2026-08-22,30828-3,906,996,RESIDENSI GEN SFERA,,
johor,,2026-08-22,13531-2,720,824,RESIDENSI AMBAR RIMBA,,"Latest sales - Block A: 436, Block B: 284"
johor,,2026-08-22,31034-1,390,1012,SOHO SUNWAY MAJESTIC,,"Latest sales - Block A: 297, Block B: 93"
johor,,2026-08-22,31149-1,296,1274,RESIDENSI DANGA PARAGON 1,,"Latest sales - Block A: 212, Block B: 84"
seputeh,,2026-08-23,32-16,42,146,RESIDENSI EDEN,,"Latest sales - Block A: 2, Block B: 6, Block C: 4, Block D: 9, Block E: 2, Block F: 2, Block G: 10, Block H: 7"
seputeh,,2026-08-23,30216-1,35,154,PAVILION DAMANSARA HEIGHTS PHASE 2,,"Latest sales - Block RA/N: 33, Block RA/S: 2"
seputeh,,2026-08-23,30216-2,48,490,PAVILION DAMANSARA HEIGHTS PHASE 2,,"Latest sales - Block RC/N: 12, Block RC/S: 36"
seputeh,,2026-08-23,31078-1,45,48,VILA BATAI,,
seputeh,,2026-08-23,31274-1,1,244,AOSIS MONT KIARA,,
seputeh,,2026-08-23,2463-23,338,433,PARKCITY RESIDENCES,,
status13,,2026-08-23,31202-1,184,1310,RESIDENSI WARISAN SALAK SELATAN,,"Latest sales - Block A: 101, Block B: 83"
status13,,2026-08-23,13262-2,347,1544,RESIDENSI M AURORA,,"Latest sales - Block A: 48, Block B: 299"
status13,,2026-08-23,30590-2,123,996,ARTE STAR,,Latest sales - Block B: 123
status13,,2026-08-23,5911-33,1005,1618,RESIDENSI M ASPIRA,,"Latest sales - Block A: 460, Block B: 545"
status13,,2026-08-23,30363-2,1125,1218,RESIDENSI DESA TIMUR,,"Latest sales - Block A: 181, Block B: 581, Block C: 362"
status13,,2026-08-23,30821-1,513,988,RESIDENSI RADIUM,,"Latest sales - Block A: 255, Block B: 258"
status13,,2026-08-23,30366-1,467,482,RESIDENSI AMBIEN,,Latest sales - Block A: 467
status13,,2026-08-23,13074-4,236,299,RESIDENSI HANA,,
status13,,2026-08-23,8824-5,640,1296,RESIDENSI SUNWAY COCHRANE,,"Latest sales - Block A: 184, Block B: 456"
status13,,2026-08-23,20253-3,1152,1500,RESIDENSI PLATINUM SAUJANA VIOLET 2 (PSV2),,"Latest sales - Block W: 595, Block X: 557"
status13,,2026-08-23,30876-1,127,551,RESIDENSI VERIDIAN,,Latest sales - Block A: 127
status13,,2026-08-23,30250-2,659,661,RESIDENSI AURUM,,"Latest sales - Block A: 333, Block B: 326"
status13,,2026-08-23,31332-1,202,830,BINASTRA COCHRANE,,"Latest sales - Block A: 130, Block B: 72"
johor,,2026-08-23,835-14,303,715,RESIDENSI DWI PESONA,,"Latest sales - Block A: 189, Block B: 114"
johor,,2026-08-23,30946-1,959,1950,RESIDENSI SENIBONG MUTIARA,,"Latest sales - Block A: 392, Block B: 373, Block C: 86, Block D: 108"
johor,,2026-08-23,14523-4,48,416,RESIDENSI PANORAMA SENIBONG,"unit count on TEDUH is 416, tracker says 1500",Latest sales - Block A: 48
johor,,2026-08-23,30635-1,1059,2156,RESIDENSI PARKLAND PERMAS,,"Latest sales - Block 1A: 327, Block 1B: 340, Block 2A: 216, Block 2B: 176"
johor,,2026-08-23,31007-1,845,848,RESIDENSI KEBUN TEH (THE ASTERIAZ @ KEBUN TEH),,
johor,,2026-08-23,31100-1,1421,4525,RESIDENSI DATARAN SELATAN (DOVER TOWER),"unit count on TEDUH is 4525, tracker says 3692","Latest sales - Block A: 449, Block B1: 231, Block B2: 285, Block D1: 168, Block D2: 288"
johor,,2026-08-23,31074-1,1004,2743,RESIDENSI MAXIM PELANGI,,"Latest sales - Block A: 403, Block B: 369, Block C: 232"
johor,,2026-08-23,9600-6,747,1733,RESIDENSI ANGGUN MEWAH,,"Latest sales - Block A: 494, Block B: 253"
johor,,2026-08-23,31031-1,1395,1623,SKYLINE ONE SENTOSA,,"Latest sales - Block A: 727, Block B: 668"
johor,,2026-08-23,30828-3,906,996,RESIDENSI GEN SFERA,,
johor,,2026-08-23,13531-2,720,824,RESIDENSI AMBAR RIMBA,,"Latest sales - Block A: 436, Block B: 284"
johor,,2026-08-23,31034-1,390,1012,SOHO SUNWAY MAJESTIC,,"Latest sales - Block A: 297, Block B: 93"
johor,,2026-08-23,31149-1,298,1274,RESIDENSI DANGA PARAGON 1,,"Latest sales - Block A: 212, Block B: 86"
seputeh,,2026-08-24,32-16,42,146,RESIDENSI EDEN,,"Latest sales - Block A: 2 units, Block B: 6 units, Block C: 4 units, Block D: 9 units, Block E: 2 units, Block F: 2 units, Block G: 10 units, Block H: 7 units"
seputeh,,2026-08-24,30216-1,35,154,PAVILION DAMANSARA HEIGHTS PHASE 2,,"Latest sales - Block RA/N: 33 units, Block RA/S: 2 units"
seputeh,,2026-08-24,30216-2,48,490,PAVILION DAMANSARA HEIGHTS PHASE 2,,"Latest sales - Block RC/N: 12 units, Block RC/S: 36 units"
seputeh,,2026-08-24,31078-1,45,48,VILA BATAI,,
seputeh,,2026-08-24,31274-1,1,244,AOSIS MONT KIARA,,
seputeh,,2026-08-24,2463-23,338,433,PARKCITY RESIDENCES,,
status13,,2026-08-24,31202-1,184,1310,RESIDENSI WARISAN SALAK SELATAN,,"Latest sales - Block A: 101 units, Block B: 83 units"
status13,,2026-08-24,13262-2,347,1544,RESIDENSI M AURORA,,"Latest sales - Block A: 48 units, Block B: 299 units"
status13,,2026-08-24,30590-2,123,996,ARTE STAR,,Latest sales - Block B: 123 units
status13,,2026-08-24,5911-33,1005,1618,RESIDENSI M ASPIRA,,"Latest sales - Block A: 460 units, Block B: 545 units"
status13,,2026-08-24,30363-2,1125,1218,RESIDENSI DESA TIMUR,,"Latest sales - Block A: 181 units, Block B: 581 units, Block C: 362 units"
status13,,2026-08-24,30821-1,513,988,RESIDENSI RADIUM,,"Latest sales - Block A: 255 units, Block B: 258 units"
status13,,2026-08-24,30366-1,467,482,RESIDENSI AMBIEN,,Latest sales - Block A: 467 units
status13,,2026-08-24,13074-4,236,299,RESIDENSI HANA,,
status13,,2026-08-24,8824-5,640,1296,RESIDENSI SUNWAY COCHRANE,,"Latest sales - Block A: 184 units, Block B: 456 units"
status13,,2026-08-24,20253-3,1152,1500,RESIDENSI PLATINUM SAUJANA VIOLET 2 (PSV2),,"Latest sales - Block W: 595 units, Block X: 557 units"
status13,,2026-08-24,30876-1,127,551,RESIDENSI VERIDIAN,,Latest sales - Block A: 127 units
status13,,2026-08-24,30250-2,659,661,RESIDENSI AURUM,,"Latest sales - Block A: 333 units, Block B: 326 units"
status13,,2026-08-24,31332-1,202,830,BINASTRA COCHRANE,,"Latest sales - Block A: 130 units, Block B: 72 units"
johor,,2026-08-24,835-14,303,715,RESIDENSI DWI PESONA,,"Latest sales - Block A: 189 units, Block B: 114 units"
johor,,2026-08-24,30946-1,959,1950,RESIDENSI SENIBONG MUTIARA,,"Latest sales - Block A: 392 units, Block B: 373 units, Block C: 86 units, Block D: 108 units"
johor,,2026-08-24,14523-4,48,416,RESIDENSI PANORAMA SENIBONG,"unit count on TEDUH is 416, tracker says 1500",Latest sales - Block A: 48 units
johor,,2026-08-24,30635-1,1059,2156,RESIDENSI PARKLAND PERMAS,,"Latest sales - Phase 1: 667 units, Phase 2: 392 units"
johor,,2026-08-24,31007-1,845,848,RESIDENSI KEBUN TEH (THE ASTERIAZ @ KEBUN TEH),,
johor,,2026-08-24,31100-1,1421,4525,RESIDENSI DATARAN SELATAN (DOVER TOWER),"unit count on TEDUH is 4525, tracker says 3692","Latest sales - Block A: 449 units, Block B: 516 units, Block D: 456 units"
johor,,2026-08-24,31074-1,1004,2743,RESIDENSI MAXIM PELANGI,,"Latest sales - Block A: 403 units, Block B: 369 units, Block C: 232 units"
johor,,2026-08-24,9600-6,747,1733,RESIDENSI ANGGUN MEWAH,,"Latest sales - Block A: 494 units, Block B: 253 units"
johor,,2026-08-24,31031-1,1395,1623,SKYLINE ONE SENTOSA,,"Latest sales - Block A: 727 units, Block B: 668 units"
johor,,2026-08-24,30828-3,906,996,RESIDENSI GEN SFERA,,
johor,,2026-08-24,13531-2,720,824,RESIDENSI AMBAR RIMBA,,"Latest sales - Block A: 436 units, Block B: 284 units"
johor,,2026-08-24,31034-1,390,1012,SOHO SUNWAY MAJESTIC,,"Latest sales - Block A: 297 units, Block B: 93 units"
johor,,2026-08-24,31149-1,298,1274,RESIDENSI DANGA PARAGON 1,,"Latest sales - Block A: 212 units, Block B: 86 units"
seputeh,,2026-08-25,32-16,42,146,RESIDENSI EDEN,,"Latest sales - Block A: 2 units, Block B: 6 units, Block C: 4 units, Block D: 9 units, Block E: 2 units, Block F: 2 units, Block G: 10 units, Block H: 7 units"
seputeh,,2026-08-25,30216-1,36,154,PAVILION DAMANSARA HEIGHTS PHASE 2,,"Latest sales - Block RA/N: 34 units, Block RA/S: 2 units"
seputeh,,2026-08-25,30216-2,48,490,PAVILION DAMANSARA HEIGHTS PHASE 2,,"Latest sales - Block RC/N: 12 units, Block RC/S: 36 units"
seputeh,,2026-08-25,31078-1,45,48,VILA BATAI,,
seputeh,,2026-08-25,31274-1,1,244,AOSIS MONT KIARA,,
seputeh,,2026-08-25,2463-23,339,433,PARKCITY RESIDENCES,,
status13,,2026-08-25,31202-1,185,1310,RESIDENSI WARISAN SALAK SELATAN,,"Latest sales - Block A: 101 units, Block B: 84 units"
status13,,2026-08-25,13262-2,349,1544,RESIDENSI M AURORA,,"Latest sales - Block A: 49 units, Block B: 300 units"
status13,,2026-08-25,30590-2,124,996,ARTE STAR,,Latest sales - Block B: 124 units
status13,,2026-08-25,5911-33,1006,1618,RESIDENSI M ASPIRA,,"Latest sales - Block A: 460 units, Block B: 546 units"
status13,,2026-08-25,30363-2,1126,1218,RESIDENSI DESA TIMUR,,"Latest sales - Block A: 181 units, Block B: 582 units, Block C: 362 units"
status13,,2026-08-25,30821-1,515,988,RESIDENSI RADIUM,,"Latest sales - Block A: 256 units, Block B: 259 units"
status13,,2026-08-25,30366-1,467,482,RESIDENSI AMBIEN,,Latest sales - Block A: 467 units
status13,,2026-08-25,13074-4,236,299,RESIDENSI HANA,,
status13,,2026-08-25,8824-5,640,1296,RESIDENSI SUNWAY COCHRANE,,"Latest sales - Block A: 184 units, Block B: 456 units"
status13,,2026-08-25,20253-3,1153,1500,RESIDENSI PLATINUM SAUJANA VIOLET 2 (PSV2),,"Latest sales - Block W: 596 units, Block X: 557 units"
status13,,2026-08-25,30876-1,128,551,RESIDENSI VERIDIAN,,Latest sales - Block A: 128 units
status13,,2026-08-25,30250-2,659,661,RESIDENSI AURUM,,"Latest sales - Block A: 333 units, Block B: 326 units"
status13,,2026-08-25,31332-1,222,830,BINASTRA COCHRANE,,"Latest sales - Block A: 144 units, Block B: 78 units"
johor,,2026-08-25,835-14,304,715,RESIDENSI DWI PESONA,,"Latest sales - Block A: 190 units, Block B: 114 units"
johor,,2026-08-25,30946-1,959,1950,RESIDENSI SENIBONG MUTIARA,,"Latest sales - Block A: 392 units, Block B: 373 units, Block C: 86 units, Block D: 108 units"
johor,,2026-08-25,14523-4,48,416,RESIDENSI PANORAMA SENIBONG,"unit count on TEDUH is 416, tracker says 1500",Latest sales - Block A: 48 units
johor,,2026-08-25,30635-1,1061,2156,RESIDENSI PARKLAND PERMAS,,"Latest sales - Phase 1: 667 units, Phase 2: 394 units"
johor,,2026-08-25,31007-1,845,848,RESIDENSI KEBUN TEH (THE ASTERIAZ @ KEBUN TEH),,
johor,,2026-08-25,31100-1,1490,4525,RESIDENSI DATARAN SELATAN (DOVER TOWER),"unit count on TEDUH is 4525, tracker says 3692","Latest sales - Block A: 491 units, Block B: 528 units, Block D: 471 units"
johor,,2026-08-25,31074-1,1004,2743,RESIDENSI MAXIM PELANGI,,"Latest sales - Block A: 403 units, Block B: 369 units, Block C: 232 units"
johor,,2026-08-25,9600-6,749,1733,RESIDENSI ANGGUN MEWAH,,"Latest sales - Block A: 495 units, Block B: 254 units"
johor,,2026-08-25,31031-1,1395,1623,SKYLINE ONE SENTOSA,,"Latest sales - Block A: 727 units, Block B: 668 units"
johor,,2026-08-25,30828-3,906,996,RESIDENSI GEN SFERA,,
johor,,2026-08-25,13531-2,723,824,RESIDENSI AMBAR RIMBA,,"Latest sales - Block A: 438 units, Block B: 285 units"
johor,,2026-08-25,31034-1,390,1012,SOHO SUNWAY MAJESTIC,,"Latest sales - Block A: 297 units, Block B: 93 units"
johor,,2026-08-25,31149-1,299,1274,RESIDENSI DANGA PARAGON 1,,"Latest sales - Block A: 213 units, Block B: 86 units"
seputeh,,2026-08-26,32-16,43,146,RESIDENSI EDEN,,"Latest sales - Block A: 2 units, Block B: 6 units, Block C: 4 units, Block D: 10 units, Block E: 2 units, Block F: 2 units, Block G: 10 units, Block H: 7 units"
seputeh,,2026-08-26,30216-1,36,154,PAVILION DAMANSARA HEIGHTS PHASE 2,,"Latest sales - Block RA/N: 34 units, Block RA/S: 2 units"
seputeh,,2026-08-26,30216-2,48,490,PAVILION DAMANSARA HEIGHTS PHASE 2,,"Latest sales - Block RC/N: 12 units, Block RC/S: 36 units"
seputeh,,2026-08-26,31078-1,45,48,VILA BATAI,,
seputeh,,2026-08-26,31274-1,1,244,AOSIS MONT KIARA,,
seputeh,,2026-08-26,2463-23,340,433,PARKCITY RESIDENCES,,
status13,,2026-08-26,31202-1,186,1310,RESIDENSI WARISAN SALAK SELATAN,,"Latest sales - Block A: 101 units, Block B: 85 units"
status13,,2026-08-26,13262-2,349,1544,RESIDENSI M AURORA,,"Latest sales - Block A: 49 units, Block B: 300 units"
status13,,2026-08-26,30590-2,124,996,ARTE STAR,,Latest sales - Block B: 124 units
status13,,2026-08-26,5911-33,1006,1618,RESIDENSI M ASPIRA,,"Latest sales - Block A: 460 units, Block B: 546 units"
status13,,2026-08-26,30363-2,1126,1218,RESIDENSI DESA TIMUR,,"Latest sales - Block A: 181 units, Block B: 582 units, Block C: 362 units"
status13,,2026-08-26,30821-1,516,988,RESIDENSI RADIUM,,"Latest sales - Block A: 257 units, Block B: 259 units"
status13,,2026-08-26,30366-1,467,482,RESIDENSI AMBIEN,,Latest sales - Block A: 467 units
status13,,2026-08-26,13074-4,237,299,RESIDENSI HANA,,
status13,,2026-08-26,8824-5,640,1296,RESIDENSI SUNWAY COCHRANE,,"Latest sales - Block A: 184 units, Block B: 456 units"
status13,,2026-08-26,20253-3,1153,1500,RESIDENSI PLATINUM SAUJANA VIOLET 2 (PSV2),,"Latest sales - Block W: 596 units, Block X: 557 units"
status13,,2026-08-26,30876-1,128,551,RESIDENSI VERIDIAN,,Latest sales - Block A: 128 units
status13,,2026-08-26,30250-2,659,661,RESIDENSI AURUM,,"Latest sales - Block A: 333 units, Block B: 326 units"
status13,,2026-08-26,31332-1,230,830,BINASTRA COCHRANE,,"Latest sales - Block A: 150 units, Block B: 80 units"
johor,,2026-08-26,835-14,304,715,RESIDENSI DWI PESONA,,"Latest sales - Block A: 190 units, Block B: 114 units"
johor,,2026-08-26,30946-1,961,1950,RESIDENSI SENIBONG MUTIARA,,"Latest sales - Block A: 393 units, Block B: 373 units, Block C: 87 units, Block D: 108 units"
johor,,2026-08-26,14523-4,48,416,RESIDENSI PANORAMA SENIBONG,"unit count on TEDUH is 416, tracker says 1500",Latest sales - Block A: 48 units
johor,,2026-08-26,30635-1,1061,2156,RESIDENSI PARKLAND PERMAS,,"Latest sales - Phase 1: 667 units, Phase 2: 394 units"
johor,,2026-08-26,31007-1,845,848,RESIDENSI KEBUN TEH (THE ASTERIAZ @ KEBUN TEH),,
johor,,2026-08-26,31100-1,1492,4525,RESIDENSI DATARAN SELATAN (DOVER TOWER),"unit count on TEDUH is 4525, tracker says 3692","Latest sales - Block A: 491 units, Block B: 529 units, Block D: 472 units"
johor,,2026-08-26,31074-1,1004,2743,RESIDENSI MAXIM PELANGI,,"Latest sales - Block A: 403 units, Block B: 369 units, Block C: 232 units"
johor,,2026-08-26,9600-6,749,1733,RESIDENSI ANGGUN MEWAH,,"Latest sales - Block A: 495 units, Block B: 254 units"
johor,,2026-08-26,31031-1,1395,1623,SKYLINE ONE SENTOSA,,"Latest sales - Block A: 727 units, Block B: 668 units"
johor,,2026-08-26,30828-3,906,996,RESIDENSI GEN SFERA,,
johor,,2026-08-26,13531-2,723,824,RESIDENSI AMBAR RIMBA,,"Latest sales - Block A: 438 units, Block B: 285 units"
johor,,2026-08-26,31034-1,390,1012,SOHO SUNWAY MAJESTIC,,"Latest sales - Block A: 297 units, Block B: 93 units"
johor,,2026-08-26,31149-1,299,1274,RESIDENSI DANGA PARAGON 1,,"Latest sales - Block A: 213 units, Block B: 86 units"
ukay,,2026-08-26,9500-8,95,306,RESIDENSI DAMAI,,"Latest sales - Block A: 54 units, Block B: 41 units"
ukay,,2026-08-26,20140-2,343,737,BAYU CERIA,,"Latest sales - Block A1: 45 units, Block A2: 201 units, Block B: 97 units"
ukay,,2026-08-26,11519-3,343,344,LEA BY THE HILLS,,Latest sales - Block L: 343 units
ukay,,2026-08-26,597-13,228,234,RESIDENSI LAMAN SATU MELAWATI,,
ukay,,2026-08-26,10296-3,273,273,SIERRA HIJAUAN,"unit count on TEDUH is 273, tracker says 310",
ukay,,2026-08-26,12369-1,32,32,EMBUN,"unit count on TEDUH is 32, tracker says 51",
ukay,,2026-08-26,12166-1,74,74,KETAPANG REALTY SDN BHD,"unit count on TEDUH is 74, tracker says 118",
ukay,,2026-08-26,9500-7,222,222,19TREES,,
ukay,,2026-08-26,9500-2,0,0,"LOT 501, 502 & 503","unit count on TEDUH is 0, tracker says 201",
ukay,,2026-08-26,11078-3,197,296,NADAYU63 @ MELAWATI,,Latest sales - Block B: 197 units
ukay,,2026-08-26,12123-1,81,81,MITRALAND MELAWATI SDN BHD ,"unit count on TEDUH is 81, tracker says 117",
ukay,,2026-08-26,20140-1,456,463,TRINITY WELLNESSA,,"Latest sales - Block A1: 223 units, Block A2: 233 units"
ukay,,2026-08-26,12437-2,104,106,NASSIM HEIGHTS,,
ukay,,2026-08-26,11602-1,11,11,STRONG HERITAGE SDN. BHD.,"unit count on TEDUH is 11, tracker says 15",
seputeh,,2026-08-27,32-16,43,146,RESIDENSI EDEN,,"Latest sales - Block A: 2 units, Block B: 6 units, Block C: 4 units, Block D: 10 units, Block E: 2 units, Block F: 2 units, Block G: 10 units, Block H: 7 units"
seputeh,,2026-08-27,30216-1,36,154,PAVILION DAMANSARA HEIGHTS PHASE 2,,"Latest sales - Block RA/N: 34 units, Block RA/S: 2 units"
seputeh,,2026-08-27,30216-2,48,490,PAVILION DAMANSARA HEIGHTS PHASE 2,,"Latest sales - Block RC/N: 12 units, Block RC/S: 36 units"
seputeh,,2026-08-27,31078-1,45,48,VILA BATAI,,
seputeh,,2026-08-27,31274-1,1,244,AOSIS MONT KIARA,,
seputeh,,2026-08-27,2463-23,346,433,PARKCITY RESIDENCES,,
status13,,2026-08-27,31202-1,186,1310,RESIDENSI WARISAN SALAK SELATAN,,"Latest sales - Block A: 101 units, Block B: 85 units"
status13,,2026-08-27,13262-2,353,1544,RESIDENSI M AURORA,,"Latest sales - Block A: 50 units, Block B: 303 units"
status13,,2026-08-27,30590-2,127,996,ARTE STAR,,Latest sales - Block B: 127 units
status13,,2026-08-27,5911-33,1009,1618,RESIDENSI M ASPIRA,,"Latest sales - Block A: 460 units, Block B: 549 units"
status13,,2026-08-27,30363-2,1126,1218,RESIDENSI DESA TIMUR,,"Latest sales - Block A: 181 units, Block B: 582 units, Block C: 362 units"
status13,,2026-08-27,30821-1,517,988,RESIDENSI RADIUM,,"Latest sales - Block A: 258 units, Block B: 259 units"
status13,,2026-08-27,30366-1,467,482,RESIDENSI AMBIEN,,Latest sales - Block A: 467 units
status13,,2026-08-27,13074-4,237,299,RESIDENSI HANA,,
status13,,2026-08-27,8824-5,642,1296,RESIDENSI SUNWAY COCHRANE,,"Latest sales - Block A: 186 units, Block B: 456 units"
status13,,2026-08-27,20253-3,1155,1500,RESIDENSI PLATINUM SAUJANA VIOLET 2 (PSV2),,"Latest sales - Block W: 597 units, Block X: 558 units"
status13,,2026-08-27,30876-1,132,551,RESIDENSI VERIDIAN,,Latest sales - Block A: 132 units
status13,,2026-08-27,30250-2,659,661,RESIDENSI AURUM,,"Latest sales - Block A: 333 units, Block B: 326 units"
status13,,2026-08-27,31332-1,246,830,BINASTRA COCHRANE,,"Latest sales - Block A: 158 units, Block B: 88 units"
johor,,2026-08-27,835-14,304,715,RESIDENSI DWI PESONA,,"Latest sales - Block A: 190 units, Block B: 114 units"
johor,,2026-08-27,30946-1,962,1950,RESIDENSI SENIBONG MUTIARA,,"Latest sales - Block A: 394 units, Block B: 373 units, Block C: 87 units, Block D: 108 units"
johor,,2026-08-27,14523-4,48,416,RESIDENSI PANORAMA SENIBONG,"unit count on TEDUH is 416, tracker says 1500",Latest sales - Block A: 48 units
johor,,2026-08-27,30635-1,1062,2156,RESIDENSI PARKLAND PERMAS,,"Latest sales - Phase 1: 667 units, Phase 2: 395 units"
johor,,2026-08-27,31007-1,845,848,RESIDENSI KEBUN TEH (THE ASTERIAZ @ KEBUN TEH),,
johor,,2026-08-27,31100-1,1496,4525,RESIDENSI DATARAN SELATAN (DOVER TOWER),"unit count on TEDUH is 4525, tracker says 3692","Latest sales - Block A: 493 units, Block B: 530 units, Block D: 473 units"
johor,,2026-08-27,31074-1,1006,2743,RESIDENSI MAXIM PELANGI,,"Latest sales - Block A: 403 units, Block B: 369 units, Block C: 234 units"
johor,,2026-08-27,9600-6,752,1733,RESIDENSI ANGGUN MEWAH,,"Latest sales - Block A: 497 units, Block B: 255 units"
johor,,2026-08-27,31031-1,1396,1623,SKYLINE ONE SENTOSA,,"Latest sales - Block A: 728 units, Block B: 668 units"
johor,,2026-08-27,30828-3,908,996,RESIDENSI GEN SFERA,,
johor,,2026-08-27,13531-2,724,824,RESIDENSI AMBAR RIMBA,,"Latest sales - Block A: 438 units, Block B: 286 units"
johor,,2026-08-27,31034-1,390,1012,SOHO SUNWAY MAJESTIC,,"Latest sales - Block A: 297 units, Block B: 93 units"
johor,,2026-08-27,31149-1,302,1274,RESIDENSI DANGA PARAGON 1,,"Latest sales - Block A: 213 units, Block B: 89 units"
ukay,,2026-08-27,9500-8,95,306,RESIDENSI DAMAI,,"Latest sales - Block A: 54 units, Block B: 41 units"
ukay,,2026-08-27,20140-2,343,737,BAYU CERIA,,"Latest sales - Block A1: 45 units, Block A2: 201 units, Block B: 97 units"
ukay,,2026-08-27,11519-3,343,344,LEA BY THE HILLS,,Latest sales - Block L: 343 units
ukay,,2026-08-27,597-13,228,234,RESIDENSI LAMAN SATU MELAWATI,,
ukay,,2026-08-27,10296-3,273,273,SIERRA HIJAUAN,"unit count on TEDUH is 273, tracker says 310",
ukay,,2026-08-27,12369-1,32,32,EMBUN,"unit count on TEDUH is 32, tracker says 51",
ukay,,2026-08-27,12166-1,74,74,KETAPANG REALTY SDN BHD,"unit count on TEDUH is 74, tracker says 118",
ukay,,2026-08-27,9500-7,222,222,19TREES,,
ukay,,2026-08-27,9500-2,0,0,"LOT 501, 502 & 503","unit count on TEDUH is 0, tracker says 201",
ukay,,2026-08-27,11078-3,197,296,NADAYU63 @ MELAWATI,,Latest sales - Block B: 197 units
ukay,,2026-08-27,12123-1,81,81,MITRALAND MELAWATI SDN BHD ,"unit count on TEDUH is 81, tracker says 117",
ukay,,2026-08-27,20140-1,456,463,TRINITY WELLNESSA,,"Latest sales - Block A1: 223 units, Block A2: 233 units"
ukay,,2026-08-27,12437-2,104,106,NASSIM HEIGHTS,,
ukay,,2026-08-27,11602-1,11,11,STRONG HERITAGE SDN. BHD.,"unit count on TEDUH is 11, tracker says 15",
seputeh,,2026-08-27,30141-2,1,495,RESIDENSI MAHLIGAI ALAM INDAH (MAIA),,Latest sales - Block B: 1 units
seputeh,,2026-08-28,32-16,43,146,RESIDENSI EDEN,,"Latest sales - Block A: 2 units, Block B: 6 units, Block C: 4 units, Block D: 10 units, Block E: 2 units, Block F: 2 units, Block G: 10 units, Block H: 7 units"
seputeh,,2026-08-28,30216-1,36,154,PAVILION DAMANSARA HEIGHTS PHASE 2,,"Latest sales - Block RA/N: 34 units, Block RA/S: 2 units"
seputeh,,2026-08-28,30216-2,49,490,PAVILION DAMANSARA HEIGHTS PHASE 2,,"Latest sales - Block RC/N: 13 units, Block RC/S: 36 units"
seputeh,,2026-08-28,31078-1,45,48,VILA BATAI,,
seputeh,,2026-08-28,31274-1,1,244,AOSIS MONT KIARA,,
seputeh,,2026-08-28,2463-23,349,433,PARKCITY RESIDENCES,,
status13,,2026-08-28,31202-1,188,1310,RESIDENSI WARISAN SALAK SELATAN,,"Latest sales - Block A: 102 units, Block B: 86 units"
status13,,2026-08-28,13262-2,355,1544,RESIDENSI M AURORA,,"Latest sales - Block A: 51 units, Block B: 304 units"
status13,,2026-08-28,30590-2,128,996,ARTE STAR,,Latest sales - Block B: 128 units
status13,,2026-08-28,5911-33,1009,1618,RESIDENSI M ASPIRA,,"Latest sales - Block A: 460 units, Block B: 549 units"
status13,,2026-08-28,30363-2,1126,1218,RESIDENSI DESA TIMUR,,"Latest sales - Block A: 181 units, Block B: 582 units, Block C: 362 units"
status13,,2026-08-28,30821-1,519,988,RESIDENSI RADIUM,,"Latest sales - Block A: 259 units, Block B: 260 units"
status13,,2026-08-28,30366-1,467,482,RESIDENSI AMBIEN,,Latest sales - Block A: 467 units
status13,,2026-08-28,13074-4,237,299,RESIDENSI HANA,,
status13,,2026-08-28,8824-5,647,1296,RESIDENSI SUNWAY COCHRANE,,"Latest sales - Block A: 189 units, Block B: 458 units"
status13,,2026-08-28,20253-3,1157,1500,RESIDENSI PLATINUM SAUJANA VIOLET 2 (PSV2),,"Latest sales - Block W: 598 units, Block X: 559 units"
status13,,2026-08-28,30876-1,134,551,RESIDENSI VERIDIAN,,Latest sales - Block A: 134 units
status13,,2026-08-28,30250-2,659,661,RESIDENSI AURUM,,"Latest sales - Block A: 333 units, Block B: 326 units"
status13,,2026-08-28,31332-1,260,830,BINASTRA COCHRANE,,"Latest sales - Block A: 169 units, Block B: 91 units"
johor,,2026-08-28,835-14,307,715,RESIDENSI DWI PESONA,,"Latest sales - Block A: 191 units, Block B: 116 units"
johor,,2026-08-28,30946-1,972,1950,RESIDENSI SENIBONG MUTIARA,,"Latest sales - Block A: 400 units, Block B: 376 units, Block C: 87 units, Block D: 109 units"
johor,,2026-08-28,14523-4,49,416,RESIDENSI PANORAMA SENIBONG,"unit count on TEDUH is 416, tracker says 1500",Latest sales - Block A: 49 units
johor,,2026-08-28,30635-1,1062,2156,RESIDENSI PARKLAND PERMAS,,"Latest sales - Phase 1: 667 units, Phase 2: 395 units"
johor,,2026-08-28,31007-1,845,848,RESIDENSI KEBUN TEH (THE ASTERIAZ @ KEBUN TEH),,
johor,,2026-08-28,31100-1,1497,4525,RESIDENSI DATARAN SELATAN (DOVER TOWER),"unit count on TEDUH is 4525, tracker says 3692","Latest sales - Block A: 493 units, Block B: 531 units, Block D: 473 units"
johor,,2026-08-28,31074-1,1006,2743,RESIDENSI MAXIM PELANGI,,"Latest sales - Block A: 403 units, Block B: 369 units, Block C: 234 units"
johor,,2026-08-28,9600-6,756,1733,RESIDENSI ANGGUN MEWAH,,"Latest sales - Block A: 499 units, Block B: 257 units"
johor,,2026-08-28,31031-1,1396,1623,SKYLINE ONE SENTOSA,,"Latest sales - Block A: 728 units, Block B: 668 units"
johor,,2026-08-28,30828-3,908,996,RESIDENSI GEN SFERA,,
johor,,2026-08-28,13531-2,725,824,RESIDENSI AMBAR RIMBA,,"Latest sales - Block A: 439 units, Block B: 286 units"
johor,,2026-08-28,31034-1,390,1012,SOHO SUNWAY MAJESTIC,,"Latest sales - Block A: 297 units, Block B: 93 units"
johor,,2026-08-28,31149-1,306,1274,RESIDENSI DANGA PARAGON 1,,"Latest sales - Block A: 215 units, Block B: 91 units"
ukay,,2026-08-28,9500-8,94,306,RESIDENSI DAMAI,,"Latest sales - Block A: 54 units, Block B: 40 units"
ukay,,2026-08-28,20140-2,347,737,BAYU CERIA,,"Latest sales - Block A1: 45 units, Block A2: 202 units, Block B: 100 units"
ukay,,2026-08-28,11519-3,343,344,LEA BY THE HILLS,,Latest sales - Block L: 343 units
ukay,,2026-08-28,597-13,228,234,RESIDENSI LAMAN SATU MELAWATI,,
ukay,,2026-08-28,10296-3,273,273,SIERRA HIJAUAN,"unit count on TEDUH is 273, tracker says 310",
ukay,,2026-08-28,12369-1,32,32,EMBUN,"unit count on TEDUH is 32, tracker says 51",
ukay,,2026-08-28,12166-1,74,74,KETAPANG REALTY SDN BHD,"unit count on TEDUH is 74, tracker says 118",
ukay,,2026-08-28,9500-7,222,222,19TREES,,
ukay,,2026-08-28,9500-2,0,0,"LOT 501, 502 & 503","unit count on TEDUH is 0, tracker says 201",
ukay,,2026-08-28,11078-3,197,296,NADAYU63 @ MELAWATI,,Latest sales - Block B: 197 units
ukay,,2026-08-28,12123-1,81,81,MITRALAND MELAWATI SDN BHD ,"unit count on TEDUH is 81, tracker says 117",
ukay,,2026-08-28,20140-1,456,463,TRINITY WELLNESSA,,"Latest sales - Block A1: 223 units, Block A2: 233 units"
ukay,,2026-08-28,12437-2,104,106,NASSIM HEIGHTS,,
ukay,,2026-08-28,11602-1,11,11,STRONG HERITAGE SDN. BHD.,"unit count on TEDUH is 11, tracker says 15",
seputeh,,2026-08-28,30141-2,1,495,RESIDENSI MAHLIGAI ALAM INDAH (MAIA),,Latest sales - Block B: 1 units
seputeh,,2026-08-29,32-16,43,146,RESIDENSI EDEN,,"Latest sales - Block A: 2 units, Block B: 6 units, Block C: 4 units, Block D: 10 units, Block E: 2 units, Block F: 2 units, Block G: 10 units, Block H: 7 units"
seputeh,,2026-08-29,30216-1,36,154,PAVILION DAMANSARA HEIGHTS PHASE 2,,"Latest sales - Block RA/N: 34 units, Block RA/S: 2 units"
seputeh,,2026-08-29,30216-2,49,490,PAVILION DAMANSARA HEIGHTS PHASE 2,,"Latest sales - Block RC/N: 13 units, Block RC/S: 36 units"
seputeh,,2026-08-29,31078-1,45,48,VILA BATAI,,
seputeh,,2026-08-29,31274-1,1,244,AOSIS MONT KIARA,,
seputeh,,2026-08-29,2463-23,351,433,PARKCITY RESIDENCES,,
status13,,2026-08-29,31202-1,188,1310,RESIDENSI WARISAN SALAK SELATAN,,"Latest sales - Block A: 102 units, Block B: 86 units"
status13,,2026-08-29,13262-2,357,1544,RESIDENSI M AURORA,,"Latest sales - Block A: 52 units, Block B: 305 units"
status13,,2026-08-29,30590-2,128,996,ARTE STAR,,Latest sales - Block B: 128 units
status13,,2026-08-29,5911-33,1012,1618,RESIDENSI M ASPIRA,,"Latest sales - Block A: 461 units, Block B: 551 units"
status13,,2026-08-29,30363-2,1127,1218,RESIDENSI DESA TIMUR,,"Latest sales - Block A: 181 units, Block B: 583 units, Block C: 362 units"
status13,,2026-08-29,30821-1,520,988,RESIDENSI RADIUM,,"Latest sales - Block A: 259 units, Block B: 261 units"
status13,,2026-08-29,30366-1,467,482,RESIDENSI AMBIEN,,Latest sales - Block A: 467 units
status13,,2026-08-29,13074-4,238,299,RESIDENSI HANA,,
status13,,2026-08-29,8824-5,647,1296,RESIDENSI SUNWAY COCHRANE,,"Latest sales - Block A: 190 units, Block B: 457 units"
status13,,2026-08-29,20253-3,1160,1500,RESIDENSI PLATINUM SAUJANA VIOLET 2 (PSV2),,"Latest sales - Block W: 598 units, Block X: 562 units"
status13,,2026-08-29,30876-1,134,551,RESIDENSI VERIDIAN,,Latest sales - Block A: 134 units
status13,,2026-08-29,30250-2,659,661,RESIDENSI AURUM,,"Latest sales - Block A: 333 units, Block B: 326 units"
status13,,2026-08-29,31332-1,269,830,BINASTRA COCHRANE,,"Latest sales - Block A: 171 units, Block B: 98 units"
johor,,2026-08-29,835-14,307,715,RESIDENSI DWI PESONA,,"Latest sales - Block A: 191 units, Block B: 116 units"
johor,,2026-08-29,30946-1,972,1950,RESIDENSI SENIBONG MUTIARA,,"Latest sales - Block A: 400 units, Block B: 376 units, Block C: 87 units, Block D: 109 units"
johor,,2026-08-29,14523-4,51,416,RESIDENSI PANORAMA SENIBONG,"unit count on TEDUH is 416, tracker says 1500",Latest sales - Block A: 51 units
johor,,2026-08-29,30635-1,1064,2156,RESIDENSI PARKLAND PERMAS,,"Latest sales - Phase 1: 667 units, Phase 2: 397 units"
johor,,2026-08-29,31007-1,845,848,RESIDENSI KEBUN TEH (THE ASTERIAZ @ KEBUN TEH),,
johor,,2026-08-29,31100-1,1497,4525,RESIDENSI DATARAN SELATAN (DOVER TOWER),"unit count on TEDUH is 4525, tracker says 3692","Latest sales - Block A: 493 units, Block B: 531 units, Block D: 473 units"
johor,,2026-08-29,31074-1,1007,2743,RESIDENSI MAXIM PELANGI,,"Latest sales - Block A: 403 units, Block B: 370 units, Block C: 234 units"
johor,,2026-08-29,9600-6,758,1733,RESIDENSI ANGGUN MEWAH,,"Latest sales - Block A: 499 units, Block B: 259 units"
johor,,2026-08-29,31031-1,1397,1623,SKYLINE ONE SENTOSA,,"Latest sales - Block A: 728 units, Block B: 669 units"
johor,,2026-08-29,30828-3,908,996,RESIDENSI GEN SFERA,,
johor,,2026-08-29,13531-2,726,824,RESIDENSI AMBAR RIMBA,,"Latest sales - Block A: 439 units, Block B: 287 units"
johor,,2026-08-29,31034-1,390,1012,SOHO SUNWAY MAJESTIC,,"Latest sales - Block A: 297 units, Block B: 93 units"
johor,,2026-08-29,31149-1,307,1274,RESIDENSI DANGA PARAGON 1,,"Latest sales - Block A: 215 units, Block B: 92 units"
ukay,,2026-08-29,9500-8,94,306,RESIDENSI DAMAI,,"Latest sales - Block A: 54 units, Block B: 40 units"
ukay,,2026-08-29,20140-2,347,737,BAYU CERIA,,"Latest sales - Block A1: 45 units, Block A2: 202 units, Block B: 100 units"
ukay,,2026-08-29,11519-3,343,344,LEA BY THE HILLS,,Latest sales - Block L: 343 units
ukay,,2026-08-29,597-13,228,234,RESIDENSI LAMAN SATU MELAWATI,,
ukay,,2026-08-29,10296-3,273,273,SIERRA HIJAUAN,"unit count on TEDUH is 273, tracker says 310",
ukay,,2026-08-29,12369-1,32,32,EMBUN,"unit count on TEDUH is 32, tracker says 51",
ukay,,2026-08-29,12166-1,74,74,KETAPANG REALTY SDN BHD,"unit count on TEDUH is 74, tracker says 118",
ukay,,2026-08-29,9500-7,222,222,19TREES,,
ukay,,2026-08-29,9500-2,0,0,"LOT 501, 502 & 503","unit count on TEDUH is 0, tracker says 201",
ukay,,2026-08-29,11078-3,197,296,NADAYU63 @ MELAWATI,,Latest sales - Block B: 197 units
ukay,,2026-08-29,12123-1,81,81,MITRALAND MELAWATI SDN BHD ,"unit count on TEDUH is 81, tracker says 117",
ukay,,2026-08-29,20140-1,456,463,TRINITY WELLNESSA,,"Latest sales - Block A1: 223 units, Block A2: 233 units"
ukay,,2026-08-29,12437-2,104,106,NASSIM HEIGHTS,,
ukay,,2026-08-29,11602-1,11,11,STRONG HERITAGE SDN. BHD.,"unit count on TEDUH is 11, tracker says 15",
seputeh,,2026-08-29,30141-2,1,495,RESIDENSI MAHLIGAI ALAM INDAH (MAIA),,Latest sales - Block B: 1 units
seputeh,,2026-08-30,32-16,43,146,RESIDENSI EDEN,,"Latest sales - Block A: 2 units, Block B: 6 units, Block C: 4 units, Block D: 10 units, Block E: 2 units, Block F: 2 units, Block G: 10 units, Block H: 7 units"
seputeh,,2026-08-30,30216-1,36,154,PAVILION DAMANSARA HEIGHTS PHASE 2,,"Latest sales - Block RA/N: 34 units, Block RA/S: 2 units"
seputeh,,2026-08-30,30216-2,49,490,PAVILION DAMANSARA HEIGHTS PHASE 2,,"Latest sales - Block RC/N: 13 units, Block RC/S: 36 units"
seputeh,,2026-08-30,31078-1,45,48,VILA BATAI,,
seputeh,,2026-08-30,31274-1,1,244,AOSIS MONT KIARA,,
seputeh,,2026-08-30,2463-23,351,433,PARKCITY RESIDENCES,,
status13,,2026-08-30,31202-1,188,1310,RESIDENSI WARISAN SALAK SELATAN,,"Latest sales - Block A: 102 units, Block B: 86 units"
status13,,2026-08-30,13262-2,357,1544,RESIDENSI M AURORA,,"Latest sales - Block A: 52 units, Block B: 305 units"
status13,,2026-08-30,30590-2,128,996,ARTE STAR,,Latest sales - Block B: 128 units
status13,,2026-08-30,5911-33,1012,1618,RESIDENSI M ASPIRA,,"Latest sales - Block A: 461 units, Block B: 551 units"
status13,,2026-08-30,30363-2,1127,1218,RESIDENSI DESA TIMUR,,"Latest sales - Block A: 181 units, Block B: 583 units, Block C: 362 units"
status13,,2026-08-30,30821-1,520,988,RESIDENSI RADIUM,,"Latest sales - Block A: 259 units, Block B: 261 units"
status13,,2026-08-30,30366-1,467,482,RESIDENSI AMBIEN,,Latest sales - Block A: 467 units
status13,,2026-08-30,13074-4,238,299,RESIDENSI HANA,,
status13,,2026-08-30,8824-5,647,1296,RESIDENSI SUNWAY COCHRANE,,"Latest sales - Block A: 190 units, Block B: 457 units"
status13,,2026-08-30,20253-3,1160,1500,RESIDENSI PLATINUM SAUJANA VIOLET 2 (PSV2),,"Latest sales - Block W: 598 units, Block X: 562 units"
status13,,2026-08-30,30876-1,134,551,RESIDENSI VERIDIAN,,Latest sales - Block A: 134 units
status13,,2026-08-30,30250-2,659,661,RESIDENSI AURUM,,"Latest sales - Block A: 333 units, Block B: 326 units"
status13,,2026-08-30,31332-1,269,830,BINASTRA COCHRANE,,"Latest sales - Block A: 171 units, Block B: 98 units"
johor,,2026-08-30,835-14,307,715,RESIDENSI DWI PESONA,,"Latest sales - Block A: 191 units, Block B: 116 units"
johor,,2026-08-30,30946-1,972,1950,RESIDENSI SENIBONG MUTIARA,,"Latest sales - Block A: 400 units, Block B: 376 units, Block C: 87 units, Block D: 109 units"
johor,,2026-08-30,14523-4,51,416,RESIDENSI PANORAMA SENIBONG,"unit count on TEDUH is 416, tracker says 1500",Latest sales - Block A: 51 units
johor,,2026-08-30,30635-1,1064,2156,RESIDENSI PARKLAND PERMAS,,"Latest sales - Phase 1: 667 units, Phase 2: 397 units"
johor,,2026-08-30,31007-1,845,848,RESIDENSI KEBUN TEH (THE ASTERIAZ @ KEBUN TEH),,
johor,,2026-08-30,31100-1,1498,4525,RESIDENSI DATARAN SELATAN (DOVER TOWER),"unit count on TEDUH is 4525, tracker says 3692","Latest sales - Block A: 494 units, Block B: 531 units, Block D: 473 units"
johor,,2026-08-30,31074-1,1008,2743,RESIDENSI MAXIM PELANGI,,"Latest sales - Block A: 403 units, Block B: 370 units, Block C: 235 units"
johor,,2026-08-30,9600-6,758,1733,RESIDENSI ANGGUN MEWAH,,"Latest sales - Block A: 499 units, Block B: 259 units"
johor,,2026-08-30,31031-1,1397,1623,SKYLINE ONE SENTOSA,,"Latest sales - Block A: 728 units, Block B: 669 units"
johor,,2026-08-30,30828-3,908,996,RESIDENSI GEN SFERA,,
johor,,2026-08-30,13531-2,726,824,RESIDENSI AMBAR RIMBA,,"Latest sales - Block A: 439 units, Block B: 287 units"
johor,,2026-08-30,31034-1,390,1012,SOHO SUNWAY MAJESTIC,,"Latest sales - Block A: 297 units, Block B: 93 units"
johor,,2026-08-30,31149-1,307,1274,RESIDENSI DANGA PARAGON 1,,"Latest sales - Block A: 215 units, Block B: 92 units"
ukay,,2026-08-30,9500-8,94,306,RESIDENSI DAMAI,,"Latest sales - Block A: 54 units, Block B: 40 units"
ukay,,2026-08-30,20140-2,347,737,BAYU CERIA,,"Latest sales - Block A1: 45 units, Block A2: 202 units, Block B: 100 units"
ukay,,2026-08-30,11519-3,343,344,LEA BY THE HILLS,,Latest sales - Block L: 343 units
ukay,,2026-08-30,597-13,228,234,RESIDENSI LAMAN SATU MELAWATI,,
ukay,,2026-08-30,10296-3,273,273,SIERRA HIJAUAN,"unit count on TEDUH is 273, tracker says 310",
ukay,,2026-08-30,12369-1,32,32,EMBUN,"unit count on TEDUH is 32, tracker says 51",
ukay,,2026-08-30,12166-1,74,74,KETAPANG REALTY SDN BHD,"unit count on TEDUH is 74, tracker says 118",
ukay,,2026-08-30,9500-7,222,222,19TREES,,
ukay,,2026-08-30,9500-2,0,0,"LOT 501, 502 & 503","unit count on TEDUH is 0, tracker says 201",
ukay,,2026-08-30,11078-3,197,296,NADAYU63 @ MELAWATI,,Latest sales - Block B: 197 units
ukay,,2026-08-30,12123-1,81,81,MITRALAND MELAWATI SDN BHD ,"unit count on TEDUH is 81, tracker says 117",
ukay,,2026-08-30,20140-1,456,463,TRINITY WELLNESSA,,"Latest sales - Block A1: 223 units, Block A2: 233 units"
ukay,,2026-08-30,12437-2,104,106,NASSIM HEIGHTS,,
ukay,,2026-08-30,11602-1,11,11,STRONG HERITAGE SDN. BHD.,"unit count on TEDUH is 11, tracker says 15",
seputeh,,2026-08-30,30141-2,1,495,RESIDENSI MAHLIGAI ALAM INDAH (MAIA),,Latest sales - Block B: 1 units
seputeh,,2026-08-31,32-16,43,146,RESIDENSI EDEN,,"Latest sales - Block A: 2 units, Block B: 6 units, Block C: 4 units, Block D: 10 units, Block E: 2 units, Block F: 2 units, Block G: 10 units, Block H: 7 units"
seputeh,,2026-08-31,30216-1,36,154,PAVILION DAMANSARA HEIGHTS PHASE 2,,"Latest sales - Block RA/N: 34 units, Block RA/S: 2 units"
seputeh,,2026-08-31,30216-2,49,490,PAVILION DAMANSARA HEIGHTS PHASE 2,,"Latest sales - Block RC/N: 13 units, Block RC/S: 36 units"
seputeh,,2026-08-31,31078-1,45,48,VILA BATAI,,
seputeh,,2026-08-31,31274-1,1,244,AOSIS MONT KIARA,,
seputeh,,2026-08-31,2463-23,351,433,PARKCITY RESIDENCES,,
status13,,2026-08-31,31202-1,188,1310,RESIDENSI WARISAN SALAK SELATAN,,"Latest sales - Block A: 102 units, Block B: 86 units"
status13,,2026-08-31,13262-2,357,1544,RESIDENSI M AURORA,,"Latest sales - Block A: 52 units, Block B: 305 units"
status13,,2026-08-31,30590-2,128,996,ARTE STAR,,Latest sales - Block B: 128 units
status13,,2026-08-31,5911-33,1012,1618,RESIDENSI M ASPIRA,,"Latest sales - Block A: 461 units, Block B: 551 units"
status13,,2026-08-31,30363-2,1127,1218,RESIDENSI DESA TIMUR,,"Latest sales - Block A: 181 units, Block B: 583 units, Block C: 362 units"
status13,,2026-08-31,30821-1,520,988,RESIDENSI RADIUM,,"Latest sales - Block A: 259 units, Block B: 261 units"
status13,,2026-08-31,30366-1,467,482,RESIDENSI AMBIEN,,Latest sales - Block A: 467 units
status13,,2026-08-31,13074-4,238,299,RESIDENSI HANA,,
status13,,2026-08-31,8824-5,647,1296,RESIDENSI SUNWAY COCHRANE,,"Latest sales - Block A: 190 units, Block B: 457 units"
status13,,2026-08-31,20253-3,1160,1500,RESIDENSI PLATINUM SAUJANA VIOLET 2 (PSV2),,"Latest sales - Block W: 598 units, Block X: 562 units"
status13,,2026-08-31,30876-1,134,551,RESIDENSI VERIDIAN,,Latest sales - Block A: 134 units
status13,,2026-08-31,30250-2,659,661,RESIDENSI AURUM,,"Latest sales - Block A: 333 units, Block B: 326 units"
status13,,2026-08-31,31332-1,270,830,BINASTRA COCHRANE,,"Latest sales - Block A: 172 units, Block B: 98 units"
johor,,2026-08-31,835-14,307,715,RESIDENSI DWI PESONA,,"Latest sales - Block A: 191 units, Block B: 116 units"
johor,,2026-08-31,30946-1,972,1950,RESIDENSI SENIBONG MUTIARA,,"Latest sales - Block A: 400 units, Block B: 376 units, Block C: 87 units, Block D: 109 units"
johor,,2026-08-31,14523-4,51,416,RESIDENSI PANORAMA SENIBONG,"unit count on TEDUH is 416, tracker says 1500",Latest sales - Block A: 51 units
johor,,2026-08-31,30635-1,1064,2156,RESIDENSI PARKLAND PERMAS,,"Latest sales - Phase 1: 667 units, Phase 2: 397 units"
johor,,2026-08-31,31007-1,845,848,RESIDENSI KEBUN TEH (THE ASTERIAZ @ KEBUN TEH),,
johor,,2026-08-31,31100-1,1498,4525,RESIDENSI DATARAN SELATAN (DOVER TOWER),"unit count on TEDUH is 4525, tracker says 3692","Latest sales - Block A: 494 units, Block B: 531 units, Block D: 473 units"
johor,,2026-08-31,31074-1,1008,2743,RESIDENSI MAXIM PELANGI,,"Latest sales - Block A: 403 units, Block B: 370 units, Block C: 235 units"
johor,,2026-08-31,9600-6,758,1733,RESIDENSI ANGGUN MEWAH,,"Latest sales - Block A: 499 units, Block B: 259 units"
johor,,2026-08-31,31031-1,1397,1623,SKYLINE ONE SENTOSA,,"Latest sales - Block A: 728 units, Block B: 669 units"
johor,,2026-08-31,30828-3,908,996,RESIDENSI GEN SFERA,,
johor,,2026-08-31,13531-2,726,824,RESIDENSI AMBAR RIMBA,,"Latest sales - Block A: 439 units, Block B: 287 units"
johor,,2026-08-31,31034-1,390,1012,SOHO SUNWAY MAJESTIC,,"Latest sales - Block A: 297 units, Block B: 93 units"
johor,,2026-08-31,31149-1,307,1274,RESIDENSI DANGA PARAGON 1,,"Latest sales - Block A: 215 units, Block B: 92 units"
ukay,,2026-08-31,9500-8,94,306,RESIDENSI DAMAI,,"Latest sales - Block A: 54 units, Block B: 40 units"
ukay,,2026-08-31,20140-2,347,737,BAYU CERIA,,"Latest sales - Block A1: 45 units, Block A2: 202 units, Block B: 100 units"
ukay,,2026-08-31,11519-3,343,344,LEA BY THE HILLS,,Latest sales - Block L: 343 units
ukay,,2026-08-31,597-13,228,234,RESIDENSI LAMAN SATU MELAWATI,,
ukay,,2026-08-31,10296-3,273,273,SIERRA HIJAUAN,"unit count on TEDUH is 273, tracker says 310",
ukay,,2026-08-31,12369-1,32,32,EMBUN,"unit count on TEDUH is 32, tracker says 51",
ukay,,2026-08-31,12166-1,74,74,KETAPANG REALTY SDN BHD,"unit count on TEDUH is 74, tracker says 118",
ukay,,2026-08-31,9500-7,222,222,19TREES,,
ukay,,2026-08-31,9500-2,0,0,"LOT 501, 502 & 503","unit count on TEDUH is 0, tracker says 201",
ukay,,2026-08-31,11078-3,197,296,NADAYU63 @ MELAWATI,,Latest sales - Block B: 197 units
ukay,,2026-08-31,12123-1,81,81,MITRALAND MELAWATI SDN BHD ,"unit count on TEDUH is 81, tracker says 117",
ukay,,2026-08-31,20140-1,456,463,TRINITY WELLNESSA,,"Latest sales - Block A1: 223 units, Block A2: 233 units"
ukay,,2026-08-31,12437-2,104,106,NASSIM HEIGHTS,,
ukay,,2026-08-31,11602-1,11,11,STRONG HERITAGE SDN. BHD.,"unit count on TEDUH is 11, tracker says 15",
seputeh,,2026-08-31,30141-2,1,495,RESIDENSI MAHLIGAI ALAM INDAH (MAIA),,Latest sales - Block B: 1 units
seputeh,,2026-09-01,32-16,43,146,RESIDENSI EDEN,,"Latest sales - Block A: 2 units, Block B: 6 units, Block C: 4 units, Block D: 10 units, Block E: 2 units, Block F: 2 units, Block G: 10 units, Block H: 7 units"
seputeh,,2026-09-01,30216-1,36,154,PAVILION DAMANSARA HEIGHTS PHASE 2,,"Latest sales - Block RA/N: 34 units, Block RA/S: 2 units"
seputeh,,2026-09-01,30216-2,49,490,PAVILION DAMANSARA HEIGHTS PHASE 2,,"Latest sales - Block RC/N: 13 units, Block RC/S: 36 units"
seputeh,,2026-09-01,31078-1,45,48,VILA BATAI,,
seputeh,,2026-09-01,31274-1,1,244,AOSIS MONT KIARA,,
seputeh,,2026-09-01,2463-23,351,433,PARKCITY RESIDENCES,,
status13,,2026-09-01,31202-1,188,1310,RESIDENSI WARISAN SALAK SELATAN,,"Latest sales - Block A: 102 units, Block B: 86 units"
status13,,2026-09-01,13262-2,357,1544,RESIDENSI M AURORA,,"Latest sales - Block A: 52 units, Block B: 305 units"
status13,,2026-09-01,30590-2,128,996,ARTE STAR,,Latest sales - Block B: 128 units
status13,,2026-09-01,5911-33,1012,1618,RESIDENSI M ASPIRA,,"Latest sales - Block A: 461 units, Block B: 551 units"
status13,,2026-09-01,30363-2,1127,1218,RESIDENSI DESA TIMUR,,"Latest sales - Block A: 181 units, Block B: 583 units, Block C: 362 units"
status13,,2026-09-01,30821-1,520,988,RESIDENSI RADIUM,,"Latest sales - Block A: 259 units, Block B: 261 units"
status13,,2026-09-01,30366-1,467,482,RESIDENSI AMBIEN,,Latest sales - Block A: 467 units
status13,,2026-09-01,13074-4,238,299,RESIDENSI HANA,,
status13,,2026-09-01,8824-5,647,1296,RESIDENSI SUNWAY COCHRANE,,"Latest sales - Block A: 190 units, Block B: 457 units"
status13,,2026-09-01,20253-3,1160,1500,RESIDENSI PLATINUM SAUJANA VIOLET 2 (PSV2),,"Latest sales - Block W: 598 units, Block X: 562 units"
status13,,2026-09-01,30876-1,134,551,RESIDENSI VERIDIAN,,Latest sales - Block A: 134 units
status13,,2026-09-01,30250-2,659,661,RESIDENSI AURUM,,"Latest sales - Block A: 333 units, Block B: 326 units"
status13,,2026-09-01,31332-1,271,830,BINASTRA COCHRANE,,"Latest sales - Block A: 172 units, Block B: 99 units"
johor,,2026-09-01,835-14,307,715,RESIDENSI DWI PESONA,,"Latest sales - Block A: 191 units, Block B: 116 units"
johor,,2026-09-01,30946-1,972,1950,RESIDENSI SENIBONG MUTIARA,,"Latest sales - Block A: 400 units, Block B: 376 units, Block C: 87 units, Block D: 109 units"
johor,,2026-09-01,14523-4,51,416,RESIDENSI PANORAMA SENIBONG,"unit count on TEDUH is 416, tracker says 1500",Latest sales - Block A: 51 units
johor,,2026-09-01,30635-1,1065,2156,RESIDENSI PARKLAND PERMAS,,"Latest sales - Phase 1: 667 units, Phase 2: 398 units"
johor,,2026-09-01,31007-1,845,848,RESIDENSI KEBUN TEH (THE ASTERIAZ @ KEBUN TEH),,
johor,,2026-09-01,31100-1,1498,4525,RESIDENSI DATARAN SELATAN (DOVER TOWER),"unit count on TEDUH is 4525, tracker says 3692","Latest sales - Block A: 494 units, Block B: 531 units, Block D: 473 units"
johor,,2026-09-01,31074-1,1008,2743,RESIDENSI MAXIM PELANGI,,"Latest sales - Block A: 403 units, Block B: 370 units, Block C: 235 units"
johor,,2026-09-01,9600-6,759,1733,RESIDENSI ANGGUN MEWAH,,"Latest sales - Block A: 499 units, Block B: 260 units"
johor,,2026-09-01,31031-1,1397,1623,SKYLINE ONE SENTOSA,,"Latest sales - Block A: 728 units, Block B: 669 units"
johor,,2026-09-01,30828-3,908,996,RESIDENSI GEN SFERA,,
johor,,2026-09-01,13531-2,726,824,RESIDENSI AMBAR RIMBA,,"Latest sales - Block A: 439 units, Block B: 287 units"
johor,,2026-09-01,31034-1,390,1012,SOHO SUNWAY MAJESTIC,,"Latest sales - Block A: 297 units, Block B: 93 units"
johor,,2026-09-01,31149-1,307,1274,RESIDENSI DANGA PARAGON 1,,"Latest sales - Block A: 215 units, Block B: 92 units"
ukay,,2026-09-01,9500-8,94,306,RESIDENSI DAMAI,,"Latest sales - Block A: 54 units, Block B: 40 units"
ukay,,2026-09-01,20140-2,347,737,BAYU CERIA,,"Latest sales - Block A1: 45 units, Block A2: 202 units, Block B: 100 units"
ukay,,2026-09-01,11519-3,343,344,LEA BY THE HILLS,,Latest sales - Block L: 343 units
ukay,,2026-09-01,597-13,228,234,RESIDENSI LAMAN SATU MELAWATI,,
ukay,,2026-09-01,10296-3,273,273,SIERRA HIJAUAN,"unit count on TEDUH is 273, tracker says 310",
ukay,,2026-09-01,12369-1,32,32,EMBUN,"unit count on TEDUH is 32, tracker says 51",
ukay,,2026-09-01,12166-1,74,74,KETAPANG REALTY SDN BHD,"unit count on TEDUH is 74, tracker says 118",
ukay,,2026-09-01,9500-7,222,222,19TREES,,
ukay,,2026-09-01,9500-2,0,0,"LOT 501, 502 & 503","unit count on TEDUH is 0, tracker says 201",
ukay,,2026-09-01,11078-3,197,296,NADAYU63 @ MELAWATI,,Latest sales - Block B: 197 units
ukay,,2026-09-01,12123-1,81,81,MITRALAND MELAWATI SDN BHD ,"unit count on TEDUH is 81, tracker says 117",
ukay,,2026-09-01,20140-1,456,463,TRINITY WELLNESSA,,"Latest sales - Block A1: 223 units, Block A2: 233 units"
ukay,,2026-09-01,12437-2,104,106,NASSIM HEIGHTS,,
ukay,,2026-09-01,11602-1,11,11,STRONG HERITAGE SDN. BHD.,"unit count on TEDUH is 11, tracker says 15",
seputeh,,2026-09-01,30141-2,1,495,RESIDENSI MAHLIGAI ALAM INDAH (MAIA),,Latest sales - Block B: 1 units
armani,,2026-09-01,31112-1,58,186,RESIDENSI ALDERWOOD,,
armani,,2026-09-01,30135-3,69,328,RESIDENSI ARMANI,,
armani,,2026-09-01,30705-2,2,44,HARMONI INDAH,,
armani,,2026-09-01,30273-1,111,232,RESIDENSI ARMANI CAMERON,,
armani,,2026-09-01,30256-2,998,2215,RESIDENSI ARMANI HALLSON KLCC,,"Latest sales - Block A: 398 units, Block B: 360 units, Block C: 240 units"
armani,,2026-09-01,6820-8,277,306,RESIDENSI ARMANI KEPONG,,
armani,,2026-09-01,30727-1,573,648,RESIDENSI ARMANI SETIA ALAM 1,,"Latest sales - Block A: 92 units, Block B: 481 units"
armani,,2026-09-01,30727-2,281,998,RESIDENSI ARMANI SETIA ALAM 2,,"Latest sales - Block A: 61 units, Block B: 220 units"
armani,,2026-09-01,30339-1,331,338,RESIDENSI ALAM ARMANI,,
armani,,2026-09-01,13975-5,263,315,RESIDENSI ARMANI,,"Latest sales - Block 1: 85 units, Block 2: 82 units, Block 3: 96 units"
armani,,2026-09-01,30641-1,647,653,RESIDENSI LOFTHILL,,
armani,,2026-09-01,13975-6,384,387,RESIDENSI ARMANI KG BARU 1,,
armani,,2026-09-01,30799-1,28,984,RESIDENSI ARMANI PUTRA,,"Latest sales - Block A: 12 units, Block B: 16 units"
armani,,2026-09-01,30393-1,0,30,TAMAN BUKIT TUALANG,,
armani,,2026-09-01,30135-2,94,280,MENARA ARMANI PRESTIJ,,
armani,,2026-09-01,13970-3,81,116,TAMAN PMINT TEBING TEMBAH 2,,
avaland,,2026-09-01,30624-1,125,126,RESIDENSI AETAS SEPUTEH,,"Latest sales - Block A: 70 units, Block B: 55 units"
avaland,,2026-09-01,30162-1,424,770,RESIDENSI ALORA,,"Latest sales - Block A: 317 units, Block B: 107 units"
avaland,,2026-09-01,20185-3,456,468,RESIDENSI AMIKA,,"Latest sales - Block A: 216 units, Block B: 240 units"
avaland,,2026-09-01,9490-3,274,900,RESIDENSI ANJA,,Latest sales - Block A: 274 units
avaland,,2026-09-01,30240-3,180,343,AVALON CYBERSOUTH,,
avaland,,2026-09-01,12047-4,232,606,LAKEFRONT RESIDENCE,,"Latest sales - Block T7: 97 units, Block T8: 135 units"
avaland,,2026-09-01,20017-1,221,226,RESIDENSI AETAS DAMANSARA,,"Latest sales - Block A: 144 units, Block B: 77 units"
binastra,,2026-09-01,31332-1,271,830,BINASTRA COCHRANE,,"Latest sales - Block A: 172 units, Block B: 99 units"
chinhin,,2026-09-01,13531-2,726,824,RESIDENSI AMBAR RIMBA,,"Latest sales - Block A: 439 units, Block B: 287 units"
chinhin,,2026-09-01,30632-1,603,787,RESIDENSI ARIS,,"Latest sales - Block A: 299 units, Block B: 304 units"
chinhin,,2026-09-01,30190-1,809,842,RESIDENSI AVANTRO,,"Latest sales - Block A: 335 units, Block B: 474 units"
chinhin,,2026-09-01,30382-1,761,824,RESIDENSI AYANNA,,"Latest sales - Block A: 322 units, Block B: 439 units"
chinhin,,2026-09-01,30744-1,482,588,THE CROWN,,
chinhin,,2026-09-01,31096-1,266,1033,DIVINE KLCC,,
chinhin,,2026-09-01,30064-1,678,684,SIMFONI RESIDENSI,,"Latest sales - Block A: 313 units, Block B: 365 units"
chinhin,,2026-09-01,30382-3,822,823,RESIDENSI ANDALAN,,Latest sales - Block A: 822 units
chinhin,,2026-09-01,30907-1,221,231,BUKIT BOTANIKA,,
chinhin,,2026-09-01,30629-2,477,492,MENARA SENJA,,
exsim,,2026-09-01,30784-1,268,269,BRANNIGANZ SUITES @ BUKIT BINTANG,,Latest sales - Block B: 268 units
exsim,,2026-09-01,20011-3,593,593,DATARAN SENTRAL (D'CLOVER RESIDENCES),,Latest sales - Block A: 593 units
exsim,,2026-09-01,20011-2,767,767,DATARAN SENTRAL (D'TERRA RESIDENCES),,Latest sales - Block B: 767 units
exsim,,2026-09-01,20011-4,664,671,DATARAN SENTRAL (D'TESSERA RESIDENCES),,Latest sales - Block C: 664 units
exsim,,2026-09-01,13666-2,98,98,MENARA SUTERA INDAH (HANAZ SUITES @ KL CITY CENTRE),,
exsim,,2026-09-01,30370-1,319,320,MENARA SUTERA RIA (HUGOZ SUITES @ KL CITY CENTRE),,
exsim,,2026-09-01,30789-1,126,126,KYLIEZ SUITES @ KL CITY CENTRE,,
exsim,,2026-09-01,30571-1,602,603,NOORDINZ SUITES @ GEORGE TOWN,,
exsim,,2026-09-01,30914-1,623,759,MENARA KUBAH (QUBAZ SUITES @ KUALA TERENGGANU),,
exsim,,2026-09-01,30830-1,317,456,SEA CRESTZ @ KUANTAN WATERFRONT RESORT CITY,,
exsim,,2026-09-01,20011-5,167,662,RESIDENSI DAMAI MEKAR (THE ALDENZ),,
exsim,,2026-09-01,31007-1,845,848,RESIDENSI KEBUN TEH (THE ASTERIAZ @ KEBUN TEH),,
exsim,,2026-09-01,20084-1,339,679,THE FIDDLEWOODZ @ KL METROPOLIS,,"Latest sales - Block A: 312 units, Block B: 27 units"
exsim,,2026-09-01,30741-1,1552,1558,THE KINGSWOODZ @ BUKIT JALIL,,"Latest sales - Block A: 457 units, Block B: 505 units, Block C: 590 units"
exsim,,2026-09-01,31088-1,550,671,THE LIGHTHAUZ,,
exsim,,2026-09-01,30741-2,435,1004,RESIDENSI MAHKOTA BUKIT JALIL,,"Latest sales - Block A: 192 units, Block B: 243 units"
exsim,,2026-09-01,30357-2,656,1138,RESIDENSI SERI LESTARI (THE VIVIDZ @ BUKIT JALIL),,"Latest sales - Block A: 357 units, Block B: 299 units"
exsim,,2026-09-01,30357-1,507,508,RESIDENSI SEJAHTERA DAMAI (VELADAZ RESIDENCES @ BUKIT JALIL),,
exsim,,2026-09-01,31100-1,1498,4525,RESIDENSI DATARAN SELATAN (DOVER TOWER),"unit count on TEDUH is 4525, tracker says 3692","Latest sales - Block A: 494 units, Block B: 531 units, Block D: 473 units"
exsim,,2026-09-01,30131-1,424,424,RESIDENSI LAGENDA IPOH,,
mahsing,,2026-09-01,14297-25,158,235,MERIDIN EAST PARCEL 4A5,,
mahsing,,2026-09-01,12324-2,205,205,FERINGGHI RESIDENCE 2,"unit count on TEDUH is 205, tracker says 478","Latest sales - Block 'B: 1 units, Block B: 203 units"
mahsing,,2026-09-01,14297-24,144,168,MERIDIN EAST JASMINE 2,,
mahsing,,2026-09-01,12029-4,68,833,M AMAYA,,
mahsing,,2026-09-01,31251-1,48,606,RESIDENSI M ARIA,,
mahsing,,2026-09-01,5911-33,1012,1618,RESIDENSI M ASPIRA,,"Latest sales - Block A: 461 units, Block B: 551 units"
mahsing,,2026-09-01,13262-2,357,1544,RESIDENSI M AURORA,,"Latest sales - Block A: 52 units, Block B: 305 units"
mahsing,,2026-09-01,30834-1,795,1140,RESIDENSI M AZURA,,"Latest sales - Block A: 423 units, Block B: 372 units"
mahsing,,2026-09-01,30897-1,314,330,M LEGASI,,
mahsing,,2026-09-01,11202-4,1871,2080,RESIDENSI M NOVA,,"Latest sales - Block A: 614 units, Block B: 611 units, Block C: 646 units"
mahsing,,2026-09-01,11998-4,396,396,PANORA,,
mahsing,,2026-09-01,13425-8,393,999,M SINAR,,Latest sales - Block A: 393 units
mahsing,,2026-09-01,30805-1,578,999,RESIDENSI M TERRA,,
mahsing,,2026-09-01,10279-5,651,754,TAMAN TIARA INDAH (M TIARA),,
mahsing,,2026-09-01,12029-3,228,494,M ZENNI,,
mahsing,,2026-09-01,11430-2,618,619,RESIDENSI M ZENYA,,Latest sales - Block A: 618 units
mahsing,,2026-09-01,9600-6,759,1733,RESIDENSI ANGGUN MEWAH,,"Latest sales - Block A: 499 units, Block B: 260 units"
mahsing,,2026-09-01,30440-1,1470,1526,RESIDENSI ANGGUN,,"Latest sales - Block A: 416 units, Block B: 575 units, Block C: 479 units"
majesticgen,,2026-09-01,30828-2,731,732,RESIDENSI GEN,,
majesticgen,,2026-09-01,30828-3,908,996,RESIDENSI GEN SFERA,,
majesticgen,,2026-09-01,30828-1,354,360,RESIDENSI GEN BINTANG,,
majesticgen,,2026-09-01,30244-1,478,478,RESIDENSI MAJESTIC,,
majesticgen,,2026-09-01,30990-1,98,106,TAMAN YU,,
majesticgen,,2026-09-01,31034-1,390,1012,SOHO SUNWAY MAJESTIC,,"Latest sales - Block A: 297 units, Block B: 93 units"
majesticgen,,2026-09-01,30989-1,73,73,TAMAN SUNGAI DUA UTAMA,,
majesticgen,,2026-09-01,12069-7,0,140,RESIDENSI FLORA,,
malton,,2026-09-01,31139-1,349,562,MUTIARA KEMPAS,,
malton,,2026-09-01,8950-4,12,526,PANGSAPURI MUTIARA TASIK,,"Latest sales - Block N: 6 units, Block S: 6 units"
malton,,2026-09-01,30667-1,392,453,PAVILION BUKIT JALIL,,"Latest sales - Block A: 170 units, Block B: 222 units"
malton,,2026-09-01,14035-6,328,336,RESIDENSI KERINCHI RIA,,
malton,,2026-09-01,14035-4,978,1332,RESIDENSI TAMAN HILIR,,"Latest sales - Block A: 353 units, Block B: 333 units, Block C: 292 units"
maxim,,2026-09-01,30267-1,604,604,RESIDENSI MAX II,,"Latest sales - Block A: 302 units, Block B: 302 units"
maxim,,2026-09-01,31046-1,320,1116,RESIDENSI MAXIM D'PARC,,"Latest sales - Block A: 110 units, Block B: 210 units"
maxim,,2026-09-01,31074-1,1008,2743,RESIDENSI MAXIM PELANGI,,"Latest sales - Block A: 403 units, Block B: 370 units, Block C: 235 units"
maxim,,2026-09-01,30037-1,1236,1236,RESIDENSI MAXIM RISEN,,"Latest sales - Block A: 629 units, Block B: 607 units"
maxim,,2026-09-01,19088-3,522,624,RESIDENSI THE ATAS,,"Latest sales - Block A: 178 units, Block B: 163 units, Block C: 181 units"
platinumvictory,,2026-09-01,30581-1,1671,1688,RESIDENSI MH PLATINUM 3,,"Latest sales - Block A: 862 units, Block B: 809 units"
platinumvictory,,2026-09-01,9832-11,1202,2082,RESIDENSI PV 22,,"Latest sales - Block A: 469 units, Block B: 733 units"
platinumvictory,,2026-09-01,31008-1,522,794,RESIDENSI PLATINUM MELATI,,"Latest sales - Block A: 129 units, Block B: 161 units, Block C: 232 units"
platinumvictory,,2026-09-01,20253-2,467,500,RESIDENSI PLATINUM SAUJANA VISTA 1,,
platinumvictory,,2026-09-01,20253-3,1160,1500,RESIDENSI PLATINUM SAUJANA VIOLET 2 (PSV2),,"Latest sales - Block W: 598 units, Block X: 562 units"
platinumvictory,,2026-09-01,30937-1,18,23,THE MAISON 23,,
skyworld,,2026-09-01,31051-1,457,492,RESIDENSI AWANI PRIMA,,
skyworld,,2026-09-01,30176-1,656,830,RESIDENSI CURVO,,"Latest sales - Block A: 429 units, Block B: 227 units"
skyworld,,2026-09-01,30976-1,240,510,RESIDENSI SKYAMAN 1,,Latest sales - Block A: 240 units
skyworld,,2026-09-01,31075-1,1345,3982,SKYAWANI PEARLMONT RESIDENCES,,"Latest sales - Block 1B: 567 units, Block 1C: 529 units, Block 1D: 249 units"
skyworld,,2026-09-01,19840-2,931,1001,RESIDENSI VESTA,,"Latest sales - Block A: 466 units, Block B: 465 units"
tslaw,,2026-09-01,31031-1,1397,1623,SKYLINE ONE SENTOSA,,"Latest sales - Block A: 728 units, Block B: 669 units"
tslaw,,2026-09-01,30331-1,1825,1838,RESIDENSI SKYLINE KUCHAI,,"Latest sales - Block A: 937 units, Block B: 888 units"
tslaw,,2026-09-01,9158-9,42,42,RESIDENCE HILLS,,
tslaw,,2026-09-01,19760-1,1286,1296,RESIDENSI SKYLINE DUTA AMPANG,,"Latest sales - Block A: 431 units, Block B: 424 units, Block C: 431 units"
trinitygroup,,2026-09-01,30857-1,36,714,PANGSAPURI SERI AURA,,"Latest sales - Block A: 1 units, Block B: 35 units"
trinitygroup,,2026-09-01,20140-2,347,737,BAYU CERIA,,"Latest sales - Block A1: 45 units, Block A2: 202 units, Block B: 100 units"
trinitygroup,,2026-09-01,10826-4,330,535,RESIDENSI RIMBA FLORA,,"Latest sales - Block A: 195 units, Block B: 135 units"
radium,,2026-09-01,30363-2,1127,1218,RESIDENSI DESA TIMUR,,"Latest sales - Block A: 181 units, Block B: 583 units, Block C: 362 units"
radium,,2026-09-01,30363-1,1123,1218,RESIDENSI DESA TIMUR,,"Latest sales - Block D: 601 units, Block E: 522 units"
radium,,2026-09-01,30821-1,520,988,RESIDENSI RADIUM,,"Latest sales - Block A: 259 units, Block B: 261 units"
radium,,2026-09-01,30121-1,379,944,SUITE CANSELOR,,
radium,,2026-09-01,31310-1,0,797,RESIDENSI RADIUM EVARA,,
seputeh,,2026-09-02,32-16,43,146,RESIDENSI EDEN,,"Latest sales - Block A: 2 units, Block B: 6 units, Block C: 4 units, Block D: 10 units, Block E: 2 units, Block F: 2 units, Block G: 10 units, Block H: 7 units"
seputeh,,2026-09-02,30216-1,36,154,PAVILION DAMANSARA HEIGHTS PHASE 2,,"Latest sales - Block RA/N: 34 units, Block RA/S: 2 units"
seputeh,,2026-09-02,30216-2,48,490,PAVILION DAMANSARA HEIGHTS PHASE 2,,"Latest sales - Block RC/N: 12 units, Block RC/S: 36 units"
seputeh,,2026-09-02,31078-1,45,48,VILA BATAI,,
seputeh,,2026-09-02,31274-1,1,244,AOSIS MONT KIARA,,
seputeh,,2026-09-02,2463-23,353,433,PARKCITY RESIDENCES,,
status13,,2026-09-02,31202-1,191,1310,RESIDENSI WARISAN SALAK SELATAN,,"Latest sales - Block A: 103 units, Block B: 88 units"
status13,,2026-09-02,13262-2,359,1544,RESIDENSI M AURORA,,"Latest sales - Block A: 53 units, Block B: 306 units"
status13,,2026-09-02,30590-2,129,996,ARTE STAR,,Latest sales - Block B: 129 units
status13,,2026-09-02,5911-33,1013,1618,RESIDENSI M ASPIRA,,"Latest sales - Block A: 462 units, Block B: 551 units"
status13,,2026-09-02,30363-2,1128,1218,RESIDENSI DESA TIMUR,,"Latest sales - Block A: 182 units, Block B: 583 units, Block C: 362 units"
status13,,2026-09-02,30821-1,519,988,RESIDENSI RADIUM,,"Latest sales - Block A: 259 units, Block B: 260 units"
status13,,2026-09-02,30366-1,468,482,RESIDENSI AMBIEN,,Latest sales - Block A: 468 units
status13,,2026-09-02,13074-4,238,299,RESIDENSI HANA,,
status13,,2026-09-02,8824-5,649,1296,RESIDENSI SUNWAY COCHRANE,,"Latest sales - Block A: 191 units, Block B: 458 units"
status13,,2026-09-02,20253-3,1162,1500,RESIDENSI PLATINUM SAUJANA VIOLET 2 (PSV2),,"Latest sales - Block W: 600 units, Block X: 562 units"
status13,,2026-09-02,30876-1,134,551,RESIDENSI VERIDIAN,,Latest sales - Block A: 134 units
status13,,2026-09-02,30250-2,659,661,RESIDENSI AURUM,,"Latest sales - Block A: 333 units, Block B: 326 units"
status13,,2026-09-02,31332-1,280,830,BINASTRA COCHRANE,,"Latest sales - Block A: 176 units, Block B: 104 units"
johor,,2026-09-02,835-14,307,715,RESIDENSI DWI PESONA,,"Latest sales - Block A: 191 units, Block B: 116 units"
johor,,2026-09-02,30946-1,974,1950,RESIDENSI SENIBONG MUTIARA,,"Latest sales - Block A: 400 units, Block B: 377 units, Block C: 88 units, Block D: 109 units"
johor,,2026-09-02,14523-4,51,416,RESIDENSI PANORAMA SENIBONG,"unit count on TEDUH is 416, tracker says 1500",Latest sales - Block A: 51 units
johor,,2026-09-02,30635-1,1066,2156,RESIDENSI PARKLAND PERMAS,,"Latest sales - Phase 1: 667 units, Phase 2: 399 units"
johor,,2026-09-02,31007-1,845,848,RESIDENSI KEBUN TEH (THE ASTERIAZ @ KEBUN TEH),,
johor,,2026-09-02,31100-1,1500,4525,RESIDENSI DATARAN SELATAN (DOVER TOWER),,"Latest sales - Block A: 495 units, Block B: 531 units, Block D: 474 units"
johor,,2026-09-02,31074-1,1010,2743,RESIDENSI MAXIM PELANGI,,"Latest sales - Block A: 403 units, Block B: 370 units, Block C: 237 units"
johor,,2026-09-02,9600-6,762,1733,RESIDENSI ANGGUN MEWAH,,"Latest sales - Block A: 501 units, Block B: 261 units"
johor,,2026-09-02,31031-1,1397,1623,SKYLINE ONE SENTOSA,,"Latest sales - Block A: 728 units, Block B: 669 units"
johor,,2026-09-02,30828-3,908,996,RESIDENSI GEN SFERA,,
johor,,2026-09-02,13531-2,726,824,RESIDENSI AMBAR RIMBA,,"Latest sales - Block A: 439 units, Block B: 287 units"
johor,,2026-09-02,31034-1,392,1012,SOHO SUNWAY MAJESTIC,,"Latest sales - Block A: 297 units, Block B: 95 units"
johor,,2026-09-02,31149-1,308,1274,RESIDENSI DANGA PARAGON 1,,"Latest sales - Block A: 216 units, Block B: 92 units"
ukay,,2026-09-02,9500-8,94,306,RESIDENSI DAMAI,,"Latest sales - Block A: 54 units, Block B: 40 units"
ukay,,2026-09-02,20140-2,347,737,BAYU CERIA,,"Latest sales - Block A1: 45 units, Block A2: 202 units, Block B: 100 units"
ukay,,2026-09-02,11519-3,343,344,LEA BY THE HILLS,,Latest sales - Block L: 343 units
ukay,,2026-09-02,597-13,228,234,RESIDENSI LAMAN SATU MELAWATI,,
ukay,,2026-09-02,10296-3,273,273,SIERRA HIJAUAN,"unit count on TEDUH is 273, tracker says 310",
ukay,,2026-09-02,12369-1,32,32,EMBUN,"unit count on TEDUH is 32, tracker says 51",
ukay,,2026-09-02,12166-1,74,74,KETAPANG REALTY SDN BHD,"unit count on TEDUH is 74, tracker says 118",
ukay,,2026-09-02,9500-7,222,222,19TREES,,
ukay,,2026-09-02,9500-2,0,0,"LOT 501, 502 & 503","unit count on TEDUH is 0, tracker says 201",
ukay,,2026-09-02,11078-3,197,296,NADAYU63 @ MELAWATI,,Latest sales - Block B: 197 units
ukay,,2026-09-02,12123-1,81,81,MITRALAND MELAWATI SDN BHD ,"unit count on TEDUH is 81, tracker says 117",
ukay,,2026-09-02,20140-1,456,463,TRINITY WELLNESSA,,"Latest sales - Block A1: 223 units, Block A2: 233 units"
ukay,,2026-09-02,12437-2,104,106,NASSIM HEIGHTS,,
ukay,,2026-09-02,11602-1,11,11,STRONG HERITAGE SDN. BHD.,"unit count on TEDUH is 11, tracker says 15",
seputeh,,2026-09-02,30141-2,1,495,RESIDENSI MAHLIGAI ALAM INDAH (MAIA),,Latest sales - Block B: 1 units
armani,,2026-09-02,31112-1,58,186,RESIDENSI ALDERWOOD,,
armani,,2026-09-02,30135-3,69,328,RESIDENSI ARMANI,,
armani,,2026-09-02,30705-2,2,44,HARMONI INDAH,,
armani,,2026-09-02,30273-1,111,232,RESIDENSI ARMANI CAMERON,,
armani,,2026-09-02,30256-2,999,2215,RESIDENSI ARMANI HALLSON KLCC,,"Latest sales - Block A: 398 units, Block B: 361 units, Block C: 240 units"
armani,,2026-09-02,6820-8,277,306,RESIDENSI ARMANI KEPONG,,
armani,,2026-09-02,30727-1,573,648,RESIDENSI ARMANI SETIA ALAM 1,,"Latest sales - Block A: 92 units, Block B: 481 units"
armani,,2026-09-02,30727-2,281,998,RESIDENSI ARMANI SETIA ALAM 2,,"Latest sales - Block A: 61 units, Block B: 220 units"
armani,,2026-09-02,30339-1,331,338,RESIDENSI ALAM ARMANI,,
armani,,2026-09-02,13975-5,263,315,RESIDENSI ARMANI,,"Latest sales - Block 1: 85 units, Block 2: 82 units, Block 3: 96 units"
armani,,2026-09-02,30641-1,647,653,RESIDENSI LOFTHILL,,
armani,,2026-09-02,13975-6,384,387,RESIDENSI ARMANI KG BARU 1,,
armani,,2026-09-02,30799-1,28,984,RESIDENSI ARMANI PUTRA,,"Latest sales - Block A: 12 units, Block B: 16 units"
armani,,2026-09-02,30393-1,0,30,TAMAN BUKIT TUALANG,,
armani,,2026-09-02,30135-2,95,280,MENARA ARMANI PRESTIJ,,
armani,,2026-09-02,13970-3,81,116,TAMAN PMINT TEBING TEMBAH 2,,
avaland,,2026-09-02,30624-1,125,126,RESIDENSI AETAS SEPUTEH,,"Latest sales - Block A: 70 units, Block B: 55 units"
avaland,,2026-09-02,30162-1,424,770,RESIDENSI ALORA,,"Latest sales - Block A: 317 units, Block B: 107 units"
avaland,,2026-09-02,20185-3,456,468,RESIDENSI AMIKA,,"Latest sales - Block A: 216 units, Block B: 240 units"
avaland,,2026-09-02,9490-3,274,900,RESIDENSI ANJA,,Latest sales - Block A: 274 units
avaland,,2026-09-02,30240-3,180,343,AVALON CYBERSOUTH,,
avaland,,2026-09-02,12047-4,232,606,LAKEFRONT RESIDENCE,,"Latest sales - Block T7: 97 units, Block T8: 135 units"
avaland,,2026-09-02,20017-1,221,226,RESIDENSI AETAS DAMANSARA,,"Latest sales - Block A: 144 units, Block B: 77 units"
binastra,,2026-09-02,31332-1,280,830,BINASTRA COCHRANE,,"Latest sales - Block A: 176 units, Block B: 104 units"
chinhin,,2026-09-02,13531-2,726,824,RESIDENSI AMBAR RIMBA,,"Latest sales - Block A: 439 units, Block B: 287 units"
chinhin,,2026-09-02,30632-1,603,787,RESIDENSI ARIS,,"Latest sales - Block A: 299 units, Block B: 304 units"
chinhin,,2026-09-02,30190-1,809,842,RESIDENSI AVANTRO,,"Latest sales - Block A: 335 units, Block B: 474 units"
chinhin,,2026-09-02,30382-1,761,824,RESIDENSI AYANNA,,"Latest sales - Block A: 322 units, Block B: 439 units"
chinhin,,2026-09-02,30744-1,482,588,THE CROWN,,
chinhin,,2026-09-02,31096-1,270,1033,DIVINE KLCC,,
chinhin,,2026-09-02,30064-1,678,684,SIMFONI RESIDENSI,,"Latest sales - Block A: 313 units, Block B: 365 units"
chinhin,,2026-09-02,30382-3,822,823,RESIDENSI ANDALAN,,Latest sales - Block A: 822 units
chinhin,,2026-09-02,30907-1,221,231,BUKIT BOTANIKA,,
chinhin,,2026-09-02,30629-2,477,492,MENARA SENJA,,
exsim,,2026-09-02,30784-1,268,269,BRANNIGANZ SUITES @ BUKIT BINTANG,,Latest sales - Block B: 268 units
exsim,,2026-09-02,20011-3,593,593,DATARAN SENTRAL (D'CLOVER RESIDENCES),,Latest sales - Block A: 593 units
exsim,,2026-09-02,20011-2,767,767,DATARAN SENTRAL (D'TERRA RESIDENCES),,Latest sales - Block B: 767 units
exsim,,2026-09-02,20011-4,664,671,DATARAN SENTRAL (D'TESSERA RESIDENCES),,Latest sales - Block C: 664 units
exsim,,2026-09-02,13666-2,98,98,MENARA SUTERA INDAH (HANAZ SUITES @ KL CITY CENTRE),,
exsim,,2026-09-02,30370-1,319,320,MENARA SUTERA RIA (HUGOZ SUITES @ KL CITY CENTRE),,
exsim,,2026-09-02,30789-1,126,126,KYLIEZ SUITES @ KL CITY CENTRE,,
exsim,,2026-09-02,30571-1,602,603,NOORDINZ SUITES @ GEORGE TOWN,,
exsim,,2026-09-02,30914-1,625,759,MENARA KUBAH (QUBAZ SUITES @ KUALA TERENGGANU),,
exsim,,2026-09-02,30830-1,317,456,SEA CRESTZ @ KUANTAN WATERFRONT RESORT CITY,,
exsim,,2026-09-02,20011-5,174,662,RESIDENSI DAMAI MEKAR (THE ALDENZ),,
exsim,,2026-09-02,31007-1,845,848,RESIDENSI KEBUN TEH (THE ASTERIAZ @ KEBUN TEH),,
exsim,,2026-09-02,20084-1,339,679,THE FIDDLEWOODZ @ KL METROPOLIS,,"Latest sales - Block A: 312 units, Block B: 27 units"
exsim,,2026-09-02,30741-1,1552,1558,THE KINGSWOODZ @ BUKIT JALIL,,"Latest sales - Block A: 457 units, Block B: 505 units, Block C: 590 units"
exsim,,2026-09-02,31088-1,550,671,THE LIGHTHAUZ,,
exsim,,2026-09-02,30741-2,435,1004,RESIDENSI MAHKOTA BUKIT JALIL,,"Latest sales - Block A: 192 units, Block B: 243 units"
exsim,,2026-09-02,30357-2,657,1138,RESIDENSI SERI LESTARI (THE VIVIDZ @ BUKIT JALIL),,"Latest sales - Block A: 358 units, Block B: 299 units"
exsim,,2026-09-02,30357-1,507,508,RESIDENSI SEJAHTERA DAMAI (VELADAZ RESIDENCES @ BUKIT JALIL),,
exsim,,2026-09-02,31100-1,1500,4525,RESIDENSI DATARAN SELATAN (DOVER TOWER),,"Latest sales - Block A: 495 units, Block B: 531 units, Block D: 474 units"
exsim,,2026-09-02,30131-1,424,424,RESIDENSI LAGENDA IPOH,,
mahsing,,2026-09-02,14297-25,158,235,MERIDIN EAST PARCEL 4A5,,
mahsing,,2026-09-02,12324-1,377,377,FERRINGHI RESIDENCE ,"unit count on TEDUH is 377, tracker says 678","Latest sales - Block 'B: 1 units, Block A: 3 units, Block B: 209 units, Block C: 4 units, Block E: 10 units, Block F: 10 units, Block G: 10 units, Block H: 10 units, Block I: 10 units, Block J: 9 units, Block K: 8 units, Block L: 10 units, Block M: 10 units, Block N: 10 units, Block O: 2 units, Block P: 10 units, Block Q: 10 units, Block R: 10 units, Block S: 10 units, Block T: 10 units, Block U: 10 units"
mahsing,,2026-09-02,14297-24,144,168,MERIDIN EAST JASMINE 2,,
mahsing,,2026-09-02,12029-4,70,833,M AMAYA,,
mahsing,,2026-09-02,31251-1,48,606,RESIDENSI M ARIA,,
mahsing,,2026-09-02,5911-33,1013,1618,RESIDENSI M ASPIRA,,"Latest sales - Block A: 462 units, Block B: 551 units"
mahsing,,2026-09-02,13262-2,359,1544,RESIDENSI M AURORA,,"Latest sales - Block A: 53 units, Block B: 306 units"
mahsing,,2026-09-02,30834-1,795,1140,RESIDENSI M AZURA,,"Latest sales - Block A: 423 units, Block B: 372 units"
mahsing,,2026-09-02,30897-1,644,817,M LEGASI,,
mahsing,,2026-09-02,11202-4,1871,2080,RESIDENSI M NOVA,,"Latest sales - Block A: 614 units, Block B: 611 units, Block C: 646 units"
mahsing,,2026-09-02,11998-4,396,396,PANORA,,
mahsing,,2026-09-02,13425-8,393,999,M SINAR,,Latest sales - Block A: 393 units
mahsing,,2026-09-02,30805-1,578,999,RESIDENSI M TERRA,,
mahsing,,2026-09-02,10279-5,651,754,TAMAN TIARA INDAH (M TIARA),,
mahsing,,2026-09-02,12029-3,228,494,M ZENNI,,
mahsing,,2026-09-02,11430-2,618,619,RESIDENSI M ZENYA,,Latest sales - Block A: 618 units
mahsing,,2026-09-02,9600-6,762,1733,RESIDENSI ANGGUN MEWAH,,"Latest sales - Block A: 501 units, Block B: 261 units"
mahsing,,2026-09-02,30440-1,1471,1526,RESIDENSI ANGGUN,,"Latest sales - Block A: 416 units, Block B: 575 units, Block C: 480 units"
majesticgen,,2026-09-02,30828-2,731,732,RESIDENSI GEN,,
majesticgen,,2026-09-02,30828-3,908,996,RESIDENSI GEN SFERA,,
majesticgen,,2026-09-02,30828-1,354,360,RESIDENSI GEN BINTANG,,
majesticgen,,2026-09-02,30244-1,478,478,RESIDENSI MAJESTIC,,
majesticgen,,2026-09-02,30990-1,98,106,TAMAN YU,,
majesticgen,,2026-09-02,31034-1,392,1012,SOHO SUNWAY MAJESTIC,,"Latest sales - Block A: 297 units, Block B: 95 units"
majesticgen,,2026-09-02,30989-1,73,73,TAMAN SUNGAI DUA UTAMA,,
majesticgen,,2026-09-02,12069-7,0,140,RESIDENSI FLORA,,
malton,,2026-09-02,31139-1,349,562,MUTIARA KEMPAS,,
malton,,2026-09-02,8950-4,12,526,PANGSAPURI MUTIARA TASIK,,"Latest sales - Block N: 6 units, Block S: 6 units"
malton,,2026-09-02,30667-1,392,453,PAVILION BUKIT JALIL,,"Latest sales - Block A: 170 units, Block B: 222 units"
malton,,2026-09-02,14035-6,328,336,RESIDENSI KERINCHI RIA,,
malton,,2026-09-02,14035-4,980,1332,RESIDENSI TAMAN HILIR,,"Latest sales - Block A: 354 units, Block B: 334 units, Block C: 292 units"
maxim,,2026-09-02,30267-1,604,604,RESIDENSI MAX II,,"Latest sales - Block A: 302 units, Block B: 302 units"
maxim,,2026-09-02,31046-1,321,1116,RESIDENSI MAXIM D'PARC,,"Latest sales - Block A: 110 units, Block B: 211 units"
maxim,,2026-09-02,31074-1,1010,2743,RESIDENSI MAXIM PELANGI,,"Latest sales - Block A: 403 units, Block B: 370 units, Block C: 237 units"
maxim,,2026-09-02,30037-1,1236,1236,RESIDENSI MAXIM RISEN,,"Latest sales - Block A: 629 units, Block B: 607 units"
maxim,,2026-09-02,19088-3,523,624,RESIDENSI THE ATAS,,"Latest sales - Block A: 178 units, Block B: 164 units, Block C: 181 units"
platinumvictory,,2026-09-02,30581-1,1672,1688,RESIDENSI MH PLATINUM 3,,"Latest sales - Block A: 862 units, Block B: 810 units"
platinumvictory,,2026-09-02,9832-11,1202,2082,RESIDENSI PV 22,,"Latest sales - Block A: 469 units, Block B: 733 units"
platinumvictory,,2026-09-02,31008-1,522,794,RESIDENSI PLATINUM MELATI,,"Latest sales - Block A: 129 units, Block B: 161 units, Block C: 232 units"
platinumvictory,,2026-09-02,20253-2,467,500,RESIDENSI PLATINUM SAUJANA VISTA 1,,
platinumvictory,,2026-09-02,20253-3,1162,1500,RESIDENSI PLATINUM SAUJANA VIOLET 2 (PSV2),,"Latest sales - Block W: 600 units, Block X: 562 units"
platinumvictory,,2026-09-02,30937-1,18,23,THE MAISON 23,,
skyworld,,2026-09-02,31051-1,457,492,RESIDENSI AWANI PRIMA,,
skyworld,,2026-09-02,30176-1,656,830,RESIDENSI CURVO,,"Latest sales - Block A: 429 units, Block B: 227 units"
skyworld,,2026-09-02,30976-1,240,510,RESIDENSI SKYAMAN 1,,Latest sales - Block A: 240 units
skyworld,,2026-09-02,31075-1,1347,3982,SKYAWANI PEARLMONT RESIDENCES,,"Latest sales - Block 1B: 567 units, Block 1C: 529 units, Block 1D: 251 units"
skyworld,,2026-09-02,19840-2,931,1001,RESIDENSI VESTA,,"Latest sales - Block A: 466 units, Block B: 465 units"
tslaw,,2026-09-02,31031-1,1397,1623,SKYLINE ONE SENTOSA,,"Latest sales - Block A: 728 units, Block B: 669 units"
tslaw,,2026-09-02,30331-1,1825,1838,RESIDENSI SKYLINE KUCHAI,,"Latest sales - Block A: 937 units, Block B: 888 units"
tslaw,,2026-09-02,9158-9,42,42,RESIDENCE HILLS,,
tslaw,,2026-09-02,19760-1,1286,1296,RESIDENSI SKYLINE DUTA AMPANG,,"Latest sales - Block A: 431 units, Block B: 424 units, Block C: 431 units"
trinitygroup,,2026-09-02,30857-1,36,714,PANGSAPURI SERI AURA,,"Latest sales - Block A: 1 units, Block B: 35 units"
trinitygroup,,2026-09-02,20140-2,347,737,BAYU CERIA,,"Latest sales - Block A1: 45 units, Block A2: 202 units, Block B: 100 units"
trinitygroup,,2026-09-02,10826-4,332,535,RESIDENSI RIMBA FLORA,,"Latest sales - Block A: 196 units, Block B: 136 units"
radium,,2026-09-02,30363-2,1128,1218,RESIDENSI DESA TIMUR,,"Latest sales - Block A: 182 units, Block B: 583 units, Block C: 362 units"
radium,,2026-09-02,30363-1,1124,1218,RESIDENSI DESA TIMUR,,"Latest sales - Block D: 602 units, Block E: 522 units"
radium,,2026-09-02,30821-1,519,988,RESIDENSI RADIUM,,"Latest sales - Block A: 259 units, Block B: 260 units"
radium,,2026-09-02,30121-1,379,944,SUITE CANSELOR,,
radium,,2026-09-02,31310-1,0,797,RESIDENSI RADIUM EVARA,,
seputeh,,2026-09-03,32-16,43,146,RESIDENSI EDEN,,"Latest sales - Block A: 2 units, Block B: 6 units, Block C: 4 units, Block D: 10 units, Block E: 2 units, Block F: 2 units, Block G: 10 units, Block H: 7 units"
seputeh,,2026-09-03,30216-1,36,154,PAVILION DAMANSARA HEIGHTS PHASE 2,,"Latest sales - Block RA/N: 34 units, Block RA/S: 2 units"
seputeh,,2026-09-03,30216-2,48,490,PAVILION DAMANSARA HEIGHTS PHASE 2,,"Latest sales - Block RC/N: 12 units, Block RC/S: 36 units"
seputeh,,2026-09-03,31078-1,45,48,VILA BATAI,,
seputeh,,2026-09-03,31274-1,1,244,AOSIS MONT KIARA,,
seputeh,,2026-09-03,2463-23,353,433,PARKCITY RESIDENCES,,
status13,,2026-09-03,31202-1,191,1310,RESIDENSI WARISAN SALAK SELATAN,,"Latest sales - Block A: 103 units, Block B: 88 units"
status13,,2026-09-03,13262-2,359,1544,RESIDENSI M AURORA,,"Latest sales - Block A: 53 units, Block B: 306 units"
status13,,2026-09-03,30590-2,129,996,ARTE STAR,,Latest sales - Block B: 129 units
status13,,2026-09-03,5911-33,1013,1618,RESIDENSI M ASPIRA,,"Latest sales - Block A: 462 units, Block B: 551 units"
status13,,2026-09-03,30363-2,1128,1218,RESIDENSI DESA TIMUR,,"Latest sales - Block A: 182 units, Block B: 583 units, Block C: 362 units"
status13,,2026-09-03,30821-1,519,988,RESIDENSI RADIUM,,"Latest sales - Block A: 259 units, Block B: 260 units"
status13,,2026-09-03,30366-1,468,482,RESIDENSI AMBIEN,,Latest sales - Block A: 468 units
status13,,2026-09-03,13074-4,238,299,RESIDENSI HANA,,
status13,,2026-09-03,8824-5,649,1296,RESIDENSI SUNWAY COCHRANE,,"Latest sales - Block A: 191 units, Block B: 458 units"
status13,,2026-09-03,20253-3,1162,1500,RESIDENSI PLATINUM SAUJANA VIOLET 2 (PSV2),,"Latest sales - Block W: 600 units, Block X: 562 units"
status13,,2026-09-03,30876-1,134,551,RESIDENSI VERIDIAN,,Latest sales - Block A: 134 units
status13,,2026-09-03,30250-2,659,661,RESIDENSI AURUM,,"Latest sales - Block A: 333 units, Block B: 326 units"
status13,,2026-09-03,31332-1,280,830,BINASTRA COCHRANE,,"Latest sales - Block A: 176 units, Block B: 104 units"
johor,,2026-09-03,835-14,307,715,RESIDENSI DWI PESONA,,"Latest sales - Block A: 191 units, Block B: 116 units"
johor,,2026-09-03,30946-1,974,1950,RESIDENSI SENIBONG MUTIARA,,"Latest sales - Block A: 400 units, Block B: 377 units, Block C: 88 units, Block D: 109 units"
johor,,2026-09-03,14523-4,51,416,RESIDENSI PANORAMA SENIBONG,"unit count on TEDUH is 416, tracker says 1500",Latest sales - Block A: 51 units
johor,,2026-09-03,30635-1,1066,2156,RESIDENSI PARKLAND PERMAS,,"Latest sales - Phase 1: 667 units, Phase 2: 399 units"
johor,,2026-09-03,31007-1,845,848,RESIDENSI KEBUN TEH (THE ASTERIAZ @ KEBUN TEH),,
johor,,2026-09-03,31100-1,1500,4525,RESIDENSI DATARAN SELATAN (DOVER TOWER),,"Latest sales - Block A: 495 units, Block B: 531 units, Block D: 474 units"
johor,,2026-09-03,31074-1,1010,2743,RESIDENSI MAXIM PELANGI,,"Latest sales - Block A: 403 units, Block B: 370 units, Block C: 237 units"
johor,,2026-09-03,9600-6,762,1733,RESIDENSI ANGGUN MEWAH,,"Latest sales - Block A: 501 units, Block B: 261 units"
johor,,2026-09-03,31031-1,1397,1623,SKYLINE ONE SENTOSA,,"Latest sales - Block A: 728 units, Block B: 669 units"
johor,,2026-09-03,30828-3,908,996,RESIDENSI GEN SFERA,,
johor,,2026-09-03,13531-2,726,824,RESIDENSI AMBAR RIMBA,,"Latest sales - Block A: 439 units, Block B: 287 units"
johor,,2026-09-03,31034-1,392,1012,SOHO SUNWAY MAJESTIC,,"Latest sales - Block A: 297 units, Block B: 95 units"
johor,,2026-09-03,31149-1,308,1274,RESIDENSI DANGA PARAGON 1,,"Latest sales - Block A: 216 units, Block B: 92 units"
ukay,,2026-09-03,9500-8,94,306,RESIDENSI DAMAI,,"Latest sales - Block A: 54 units, Block B: 40 units"
ukay,,2026-09-03,20140-2,347,737,BAYU CERIA,,"Latest sales - Block A1: 45 units, Block A2: 202 units, Block B: 100 units"
ukay,,2026-09-03,11519-3,343,344,LEA BY THE HILLS,,Latest sales - Block L: 343 units
ukay,,2026-09-03,597-13,228,234,RESIDENSI LAMAN SATU MELAWATI,,
ukay,,2026-09-03,10296-3,273,273,SIERRA HIJAUAN,"unit count on TEDUH is 273, tracker says 310",
ukay,,2026-09-03,12369-1,32,32,EMBUN,"unit count on TEDUH is 32, tracker says 51",
ukay,,2026-09-03,12166-1,74,74,KETAPANG REALTY SDN BHD,"unit count on TEDUH is 74, tracker says 118",
ukay,,2026-09-03,9500-7,222,222,19TREES,,
ukay,,2026-09-03,9500-2,0,0,"LOT 501, 502 & 503","unit count on TEDUH is 0, tracker says 201",
ukay,,2026-09-03,11078-3,197,296,NADAYU63 @ MELAWATI,,Latest sales - Block B: 197 units
ukay,,2026-09-03,12123-1,81,81,MITRALAND MELAWATI SDN BHD ,"unit count on TEDUH is 81, tracker says 117",
ukay,,2026-09-03,20140-1,456,463,TRINITY WELLNESSA,,"Latest sales - Block A1: 223 units, Block A2: 233 units"
ukay,,2026-09-03,12437-2,104,106,NASSIM HEIGHTS,,
ukay,,2026-09-03,11602-1,11,11,STRONG HERITAGE SDN. BHD.,"unit count on TEDUH is 11, tracker says 15",
seputeh,,2026-09-03,30141-2,1,495,RESIDENSI MAHLIGAI ALAM INDAH (MAIA),,Latest sales - Block B: 1 units
armani,,2026-09-03,31112-1,58,186,RESIDENSI ALDERWOOD,,
armani,,2026-09-03,30135-3,69,328,RESIDENSI ARMANI,,
armani,,2026-09-03,30705-2,2,44,HARMONI INDAH,,
armani,,2026-09-03,30273-1,111,232,RESIDENSI ARMANI CAMERON,,
armani,,2026-09-03,30256-2,999,2215,RESIDENSI ARMANI HALLSON KLCC,,"Latest sales - Block A: 398 units, Block B: 361 units, Block C: 240 units"
armani,,2026-09-03,6820-8,277,306,RESIDENSI ARMANI KEPONG,,
armani,,2026-09-03,30727-1,573,648,RESIDENSI ARMANI SETIA ALAM 1,,"Latest sales - Block A: 92 units, Block B: 481 units"
armani,,2026-09-03,30727-2,281,998,RESIDENSI ARMANI SETIA ALAM 2,,"Latest sales - Block A: 61 units, Block B: 220 units"
armani,,2026-09-03,30339-1,331,338,RESIDENSI ALAM ARMANI,,
armani,,2026-09-03,13975-5,263,315,RESIDENSI ARMANI,,"Latest sales - Block 1: 85 units, Block 2: 82 units, Block 3: 96 units"
armani,,2026-09-03,30641-1,647,653,RESIDENSI LOFTHILL,,
armani,,2026-09-03,13975-6,384,387,RESIDENSI ARMANI KG BARU 1,,
armani,,2026-09-03,30799-1,28,984,RESIDENSI ARMANI PUTRA,,"Latest sales - Block A: 12 units, Block B: 16 units"
armani,,2026-09-03,30393-1,0,30,TAMAN BUKIT TUALANG,,
armani,,2026-09-03,30135-2,95,280,MENARA ARMANI PRESTIJ,,
armani,,2026-09-03,13970-3,81,116,TAMAN PMINT TEBING TEMBAH 2,,
avaland,,2026-09-03,30624-1,125,126,RESIDENSI AETAS SEPUTEH,,"Latest sales - Block A: 70 units, Block B: 55 units"
avaland,,2026-09-03,30162-1,424,770,RESIDENSI ALORA,,"Latest sales - Block A: 317 units, Block B: 107 units"
avaland,,2026-09-03,20185-3,456,468,RESIDENSI AMIKA,,"Latest sales - Block A: 216 units, Block B: 240 units"
avaland,,2026-09-03,9490-3,274,900,RESIDENSI ANJA,,Latest sales - Block A: 274 units
avaland,,2026-09-03,30240-3,180,343,AVALON CYBERSOUTH,,
avaland,,2026-09-03,12047-4,232,606,LAKEFRONT RESIDENCE,,"Latest sales - Block T7: 97 units, Block T8: 135 units"
avaland,,2026-09-03,20017-1,221,226,RESIDENSI AETAS DAMANSARA,,"Latest sales - Block A: 144 units, Block B: 77 units"
binastra,,2026-09-03,31332-1,280,830,BINASTRA COCHRANE,,"Latest sales - Block A: 176 units, Block B: 104 units"
chinhin,,2026-09-03,13531-2,726,824,RESIDENSI AMBAR RIMBA,,"Latest sales - Block A: 439 units, Block B: 287 units"
chinhin,,2026-09-03,30632-1,603,787,RESIDENSI ARIS,,"Latest sales - Block A: 299 units, Block B: 304 units"
chinhin,,2026-09-03,30190-1,809,842,RESIDENSI AVANTRO,,"Latest sales - Block A: 335 units, Block B: 474 units"
chinhin,,2026-09-03,30382-1,761,824,RESIDENSI AYANNA,,"Latest sales - Block A: 322 units, Block B: 439 units"
chinhin,,2026-09-03,30744-1,482,588,THE CROWN,,
chinhin,,2026-09-03,31096-1,270,1033,DIVINE KLCC,,
chinhin,,2026-09-03,30064-1,678,684,SIMFONI RESIDENSI,,"Latest sales - Block A: 313 units, Block B: 365 units"
chinhin,,2026-09-03,30382-3,822,823,RESIDENSI ANDALAN,,Latest sales - Block A: 822 units
chinhin,,2026-09-03,30907-1,221,231,BUKIT BOTANIKA,,
chinhin,,2026-09-03,30629-2,477,492,MENARA SENJA,,
exsim,,2026-09-03,30784-1,268,269,BRANNIGANZ SUITES @ BUKIT BINTANG,,Latest sales - Block B: 268 units
exsim,,2026-09-03,20011-3,593,593,DATARAN SENTRAL (D'CLOVER RESIDENCES),,Latest sales - Block A: 593 units
exsim,,2026-09-03,20011-2,767,767,DATARAN SENTRAL (D'TERRA RESIDENCES),,Latest sales - Block B: 767 units
exsim,,2026-09-03,20011-4,664,671,DATARAN SENTRAL (D'TESSERA RESIDENCES),,Latest sales - Block C: 664 units
exsim,,2026-09-03,13666-2,98,98,MENARA SUTERA INDAH (HANAZ SUITES @ KL CITY CENTRE),,
exsim,,2026-09-03,30370-1,319,320,MENARA SUTERA RIA (HUGOZ SUITES @ KL CITY CENTRE),,
exsim,,2026-09-03,30789-1,126,126,KYLIEZ SUITES @ KL CITY CENTRE,,
exsim,,2026-09-03,30571-1,602,603,NOORDINZ SUITES @ GEORGE TOWN,,
exsim,,2026-09-03,30914-1,625,759,MENARA KUBAH (QUBAZ SUITES @ KUALA TERENGGANU),,
exsim,,2026-09-03,30830-1,317,456,SEA CRESTZ @ KUANTAN WATERFRONT RESORT CITY,,
exsim,,2026-09-03,20011-5,174,662,RESIDENSI DAMAI MEKAR (THE ALDENZ),,
exsim,,2026-09-03,31007-1,845,848,RESIDENSI KEBUN TEH (THE ASTERIAZ @ KEBUN TEH),,
exsim,,2026-09-03,20084-1,339,679,THE FIDDLEWOODZ @ KL METROPOLIS,,"Latest sales - Block A: 312 units, Block B: 27 units"
exsim,,2026-09-03,30741-1,1552,1558,THE KINGSWOODZ @ BUKIT JALIL,,"Latest sales - Block A: 457 units, Block B: 505 units, Block C: 590 units"
exsim,,2026-09-03,31088-1,550,671,THE LIGHTHAUZ,,
exsim,,2026-09-03,30741-2,435,1004,RESIDENSI MAHKOTA BUKIT JALIL,,"Latest sales - Block A: 192 units, Block B: 243 units"
exsim,,2026-09-03,30357-2,657,1138,RESIDENSI SERI LESTARI (THE VIVIDZ @ BUKIT JALIL),,"Latest sales - Block A: 358 units, Block B: 299 units"
exsim,,2026-09-03,30357-1,507,508,RESIDENSI SEJAHTERA DAMAI (VELADAZ RESIDENCES @ BUKIT JALIL),,
exsim,,2026-09-03,31100-1,1500,4525,RESIDENSI DATARAN SELATAN (DOVER TOWER),,"Latest sales - Block A: 495 units, Block B: 531 units, Block D: 474 units"
exsim,,2026-09-03,30131-1,424,424,RESIDENSI LAGENDA IPOH,,
mahsing,,2026-09-03,14297-25,158,235,MERIDIN EAST PARCEL 4A5,,
mahsing,,2026-09-03,12324-1,377,377,FERRINGHI RESIDENCE ,"unit count on TEDUH is 377, tracker says 678","Latest sales - Ferringhi Residence 1: 172 units, Ferringhi Residence 2: 205 units"
mahsing,,2026-09-03,14297-24,144,168,MERIDIN EAST JASMINE 2,,
mahsing,,2026-09-03,12029-4,70,833,M AMAYA,,
mahsing,,2026-09-03,31251-1,48,606,RESIDENSI M ARIA,,
mahsing,,2026-09-03,5911-33,1013,1618,RESIDENSI M ASPIRA,,"Latest sales - Block A: 462 units, Block B: 551 units"
mahsing,,2026-09-03,13262-2,359,1544,RESIDENSI M AURORA,,"Latest sales - Block A: 53 units, Block B: 306 units"
mahsing,,2026-09-03,30834-1,795,1140,RESIDENSI M AZURA,,"Latest sales - Block A: 423 units, Block B: 372 units"
mahsing,,2026-09-03,30897-1,644,817,M LEGASI,,
mahsing,,2026-09-03,11202-4,1871,2080,RESIDENSI M NOVA,,"Latest sales - Block A: 614 units, Block B: 611 units, Block C: 646 units"
mahsing,,2026-09-03,11998-4,396,396,PANORA,,
mahsing,,2026-09-03,13425-8,393,999,M SINAR,,Latest sales - Block A: 393 units
mahsing,,2026-09-03,30805-1,578,999,RESIDENSI M TERRA,,
mahsing,,2026-09-03,10279-5,651,754,TAMAN TIARA INDAH (M TIARA),,
mahsing,,2026-09-03,12029-3,228,494,M ZENNI,,
mahsing,,2026-09-03,11430-2,618,619,RESIDENSI M ZENYA,,Latest sales - Block A: 618 units
mahsing,,2026-09-03,9600-6,762,1733,RESIDENSI ANGGUN MEWAH,,"Latest sales - Block A: 501 units, Block B: 261 units"
mahsing,,2026-09-03,30440-1,1471,1526,RESIDENSI ANGGUN,,"Latest sales - Block A: 416 units, Block B: 575 units, Block C: 480 units"
majesticgen,,2026-09-03,30828-2,731,732,RESIDENSI GEN,,
majesticgen,,2026-09-03,30828-3,908,996,RESIDENSI GEN SFERA,,
majesticgen,,2026-09-03,30828-1,354,360,RESIDENSI GEN BINTANG,,
majesticgen,,2026-09-03,30244-1,478,478,RESIDENSI MAJESTIC,,
majesticgen,,2026-09-03,30990-1,98,106,TAMAN YU,,
majesticgen,,2026-09-03,31034-1,392,1012,SOHO SUNWAY MAJESTIC,,"Latest sales - Block A: 297 units, Block B: 95 units"
majesticgen,,2026-09-03,30989-1,73,73,TAMAN SUNGAI DUA UTAMA,,
majesticgen,,2026-09-03,12069-7,0,140,RESIDENSI FLORA,,
malton,,2026-09-03,31139-1,349,562,MUTIARA KEMPAS,,
malton,,2026-09-03,8950-4,12,526,PANGSAPURI MUTIARA TASIK,,"Latest sales - Block N: 6 units, Block S: 6 units"
malton,,2026-09-03,30667-1,392,453,PAVILION BUKIT JALIL,,"Latest sales - Block A: 170 units, Block B: 222 units"
malton,,2026-09-03,14035-6,328,336,RESIDENSI KERINCHI RIA,,
malton,,2026-09-03,14035-4,980,1332,RESIDENSI TAMAN HILIR,,"Latest sales - Block A: 354 units, Block B: 334 units, Block C: 292 units"
maxim,,2026-09-03,30267-1,604,604,RESIDENSI MAX II,,"Latest sales - Block A: 302 units, Block B: 302 units"
maxim,,2026-09-03,31046-1,321,1116,RESIDENSI MAXIM D'PARC,,"Latest sales - Block A: 110 units, Block B: 211 units"
maxim,,2026-09-03,31074-1,1010,2743,RESIDENSI MAXIM PELANGI,,"Latest sales - Block A: 403 units, Block B: 370 units, Block C: 237 units"
maxim,,2026-09-03,30037-1,1236,1236,RESIDENSI MAXIM RISEN,,"Latest sales - Block A: 629 units, Block B: 607 units"
maxim,,2026-09-03,19088-3,523,624,RESIDENSI THE ATAS,,"Latest sales - Block A: 178 units, Block B: 164 units, Block C: 181 units"
platinumvictory,,2026-09-03,30581-1,1672,1688,RESIDENSI MH PLATINUM 3,,"Latest sales - Block A: 862 units, Block B: 810 units"
platinumvictory,,2026-09-03,9832-11,1202,2082,RESIDENSI PV 22,,"Latest sales - Block A: 469 units, Block B: 733 units"
platinumvictory,,2026-09-03,31008-1,522,794,RESIDENSI PLATINUM MELATI,,"Latest sales - Block A: 129 units, Block B: 161 units, Block C: 232 units"
platinumvictory,,2026-09-03,20253-2,467,500,RESIDENSI PLATINUM SAUJANA VISTA 1,,
platinumvictory,,2026-09-03,20253-3,1162,1500,RESIDENSI PLATINUM SAUJANA VIOLET 2 (PSV2),,"Latest sales - Block W: 600 units, Block X: 562 units"
platinumvictory,,2026-09-03,30937-1,18,23,THE MAISON 23,,
skyworld,,2026-09-03,31051-1,457,492,RESIDENSI AWANI PRIMA,,
skyworld,,2026-09-03,30176-1,656,830,RESIDENSI CURVO,,"Latest sales - Block A: 429 units, Block B: 227 units"
skyworld,,2026-09-03,30976-1,240,510,RESIDENSI SKYAMAN 1,,Latest sales - Block A: 240 units
skyworld,,2026-09-03,31075-1,1347,3982,SKYAWANI PEARLMONT RESIDENCES,,"Latest sales - Block 1B: 567 units, Block 1C: 529 units, Block 1D: 251 units"
skyworld,,2026-09-03,19840-2,931,1001,RESIDENSI VESTA,,"Latest sales - Block A: 466 units, Block B: 465 units"
tslaw,,2026-09-03,31031-1,1397,1623,SKYLINE ONE SENTOSA,,"Latest sales - Block A: 728 units, Block B: 669 units"
tslaw,,2026-09-03,30331-1,1825,1838,RESIDENSI SKYLINE KUCHAI,,"Latest sales - Block A: 937 units, Block B: 888 units"
tslaw,,2026-09-03,9158-9,42,42,RESIDENCE HILLS,,
tslaw,,2026-09-03,19760-1,1286,1296,RESIDENSI SKYLINE DUTA AMPANG,,"Latest sales - Block A: 431 units, Block B: 424 units, Block C: 431 units"
trinitygroup,,2026-09-03,30857-1,36,714,PANGSAPURI SERI AURA,,"Latest sales - Block A: 1 units, Block B: 35 units"
trinitygroup,,2026-09-03,20140-2,347,737,BAYU CERIA,,"Latest sales - Block A1: 45 units, Block A2: 202 units, Block B: 100 units"
trinitygroup,,2026-09-03,10826-4,332,535,RESIDENSI RIMBA FLORA,,"Latest sales - Block A: 196 units, Block B: 136 units"
radium,,2026-09-03,30363-2,1128,1218,RESIDENSI DESA TIMUR,,"Latest sales - Block A: 182 units, Block B: 583 units, Block C: 362 units"
radium,,2026-09-03,30363-1,1124,1218,RESIDENSI DESA TIMUR,,"Latest sales - Block D: 602 units, Block E: 522 units"
radium,,2026-09-03,30821-1,519,988,RESIDENSI RADIUM,,"Latest sales - Block A: 259 units, Block B: 260 units"
radium,,2026-09-03,30121-1,379,944,SUITE CANSELOR,,
radium,,2026-09-03,31310-1,0,797,RESIDENSI RADIUM EVARA,,
seputeh,,2026-09-04,32-16,43,146,RESIDENSI EDEN,,"Latest sales - Block A: 2 units, Block B: 6 units, Block C: 4 units, Block D: 10 units, Block E: 2 units, Block F: 2 units, Block G: 10 units, Block H: 7 units"
seputeh,,2026-09-04,30216-1,36,154,PAVILION DAMANSARA HEIGHTS PHASE 2,,"Latest sales - Block RA/N: 34 units, Block RA/S: 2 units"
seputeh,,2026-09-04,30216-2,51,490,PAVILION DAMANSARA HEIGHTS PHASE 2,,"Latest sales - Block RC/N: 14 units, Block RC/S: 37 units"
seputeh,,2026-09-04,31078-1,45,48,VILA BATAI,,
seputeh,,2026-09-04,31274-1,1,244,AOSIS MONT KIARA,,
seputeh,,2026-09-04,2463-23,353,433,PARKCITY RESIDENCES,,
status13,,2026-09-04,31202-1,192,1310,RESIDENSI WARISAN SALAK SELATAN,,"Latest sales - Block A: 104 units, Block B: 88 units"
status13,,2026-09-04,13262-2,365,1544,RESIDENSI M AURORA,,"Latest sales - Block A: 57 units, Block B: 308 units"
status13,,2026-09-04,30590-2,131,996,ARTE STAR,,Latest sales - Block B: 131 units
status13,,2026-09-04,5911-33,1013,1618,RESIDENSI M ASPIRA,,"Latest sales - Block A: 462 units, Block B: 551 units"
status13,,2026-09-04,30363-2,1128,1218,RESIDENSI DESA TIMUR,,"Latest sales - Block A: 182 units, Block B: 583 units, Block C: 362 units"
status13,,2026-09-04,30821-1,521,988,RESIDENSI RADIUM,,"Latest sales - Block A: 261 units, Block B: 260 units"
status13,,2026-09-04,30366-1,469,482,RESIDENSI AMBIEN,,Latest sales - Block A: 469 units
status13,,2026-09-04,13074-4,238,299,RESIDENSI HANA,,
status13,,2026-09-04,8824-5,653,1296,RESIDENSI SUNWAY COCHRANE,,"Latest sales - Block A: 193 units, Block B: 460 units"
status13,,2026-09-04,20253-3,1163,1500,RESIDENSI PLATINUM SAUJANA VIOLET 2 (PSV2),,"Latest sales - Block W: 600 units, Block X: 563 units"
status13,,2026-09-04,30876-1,138,551,RESIDENSI VERIDIAN,,Latest sales - Block A: 138 units
status13,,2026-09-04,30250-2,659,661,RESIDENSI AURUM,,"Latest sales - Block A: 333 units, Block B: 326 units"
status13,,2026-09-04,31332-1,303,830,BINASTRA COCHRANE,,"Latest sales - Block A: 189 units, Block B: 114 units"
johor,,2026-09-04,835-14,310,715,RESIDENSI DWI PESONA,,"Latest sales - Block A: 193 units, Block B: 117 units"
johor,,2026-09-04,30946-1,975,1950,RESIDENSI SENIBONG MUTIARA,,"Latest sales - Block A: 400 units, Block B: 377 units, Block C: 89 units, Block D: 109 units"
johor,,2026-09-04,14523-4,52,416,RESIDENSI PANORAMA SENIBONG,"unit count on TEDUH is 416, tracker says 1500",Latest sales - Block A: 52 units
johor,,2026-09-04,30635-1,1068,2156,RESIDENSI PARKLAND PERMAS,,"Latest sales - Phase 1: 668 units, Phase 2: 400 units"
johor,,2026-09-04,31007-1,845,848,RESIDENSI KEBUN TEH (THE ASTERIAZ @ KEBUN TEH),,
johor,,2026-09-04,31100-1,1503,4525,RESIDENSI DATARAN SELATAN (DOVER TOWER),,"Latest sales - Block A: 497 units, Block B: 531 units, Block D: 475 units"
johor,,2026-09-04,31074-1,1011,2743,RESIDENSI MAXIM PELANGI,,"Latest sales - Block A: 403 units, Block B: 371 units, Block C: 237 units"
johor,,2026-09-04,9600-6,762,1733,RESIDENSI ANGGUN MEWAH,,"Latest sales - Block A: 501 units, Block B: 261 units"
johor,,2026-09-04,31031-1,1400,1623,SKYLINE ONE SENTOSA,,"Latest sales - Block A: 728 units, Block B: 672 units"
johor,,2026-09-04,30828-3,908,996,RESIDENSI GEN SFERA,,
johor,,2026-09-04,13531-2,727,824,RESIDENSI AMBAR RIMBA,,"Latest sales - Block A: 440 units, Block B: 287 units"
johor,,2026-09-04,31034-1,393,1012,SOHO SUNWAY MAJESTIC,,"Latest sales - Block A: 297 units, Block B: 96 units"
johor,,2026-09-04,31149-1,314,1274,RESIDENSI DANGA PARAGON 1,,"Latest sales - Block A: 219 units, Block B: 95 units"
ukay,,2026-09-04,9500-8,93,306,RESIDENSI DAMAI,,"Latest sales - Block A: 53 units, Block B: 40 units"
ukay,,2026-09-04,20140-2,348,737,BAYU CERIA,,"Latest sales - Block A1: 45 units, Block A2: 203 units, Block B: 100 units"
ukay,,2026-09-04,11519-3,343,344,LEA BY THE HILLS,,Latest sales - Block L: 343 units
ukay,,2026-09-04,597-13,228,234,RESIDENSI LAMAN SATU MELAWATI,,
ukay,,2026-09-04,10296-3,273,273,SIERRA HIJAUAN,"unit count on TEDUH is 273, tracker says 310",
ukay,,2026-09-04,12369-1,32,32,EMBUN,"unit count on TEDUH is 32, tracker says 51",
ukay,,2026-09-04,12369-2,7,7,EMBUN,"unit count on TEDUH is 7, tracker says 52",
ukay,,2026-09-04,12166-1,74,74,KETAPANG REALTY SDN BHD,"unit count on TEDUH is 74, tracker says 118",
ukay,,2026-09-04,9500-7,222,222,19TREES,,
ukay,,2026-09-04,9500-2,0,0,"LOT 501, 502 & 503","unit count on TEDUH is 0, tracker says 201",
ukay,,2026-09-04,11078-3,197,296,NADAYU63 @ MELAWATI,,Latest sales - Block B: 197 units
ukay,,2026-09-04,12123-1,81,81,MITRALAND MELAWATI SDN BHD ,"unit count on TEDUH is 81, tracker says 117",
ukay,,2026-09-04,20140-1,456,463,TRINITY WELLNESSA,,"Latest sales - Block A1: 223 units, Block A2: 233 units"
ukay,,2026-09-04,12437-2,104,106,NASSIM HEIGHTS,,
ukay,,2026-09-04,11602-1,11,11,STRONG HERITAGE SDN. BHD.,"unit count on TEDUH is 11, tracker says 15",
seputeh,,2026-09-04,30141-2,8,495,RESIDENSI MAHLIGAI ALAM INDAH (MAIA),,"Latest sales - Block A: 3 units, Block B: 5 units"
armani,,2026-09-04,31112-1,58,186,RESIDENSI ALDERWOOD,,
armani,,2026-09-04,30135-3,72,328,RESIDENSI ARMANI,,
armani,,2026-09-04,30705-2,2,44,HARMONI INDAH,,
armani,,2026-09-04,30273-1,112,232,RESIDENSI ARMANI CAMERON,,
armani,,2026-09-04,30256-2,1006,2215,RESIDENSI ARMANI HALLSON KLCC,,"Latest sales - Block A: 400 units, Block B: 361 units, Block C: 245 units"
armani,,2026-09-04,6820-8,277,306,RESIDENSI ARMANI KEPONG,,
armani,,2026-09-04,30727-1,573,648,RESIDENSI ARMANI SETIA ALAM 1,,"Latest sales - Block A: 92 units, Block B: 481 units"
armani,,2026-09-04,30727-2,284,998,RESIDENSI ARMANI SETIA ALAM 2,,"Latest sales - Block A: 62 units, Block B: 222 units"
armani,,2026-09-04,30339-1,331,338,RESIDENSI ALAM ARMANI,,
armani,,2026-09-04,13975-5,266,315,RESIDENSI ARMANI,,"Latest sales - Block 1: 85 units, Block 2: 82 units, Block 3: 99 units"
armani,,2026-09-04,30641-1,647,653,RESIDENSI LOFTHILL,,
armani,,2026-09-04,13975-6,384,387,RESIDENSI ARMANI KG BARU 1,,
armani,,2026-09-04,30799-1,29,984,RESIDENSI ARMANI PUTRA,,"Latest sales - Block A: 13 units, Block B: 16 units"
armani,,2026-09-04,30393-1,0,30,TAMAN BUKIT TUALANG,,
armani,,2026-09-04,30135-2,96,280,MENARA ARMANI PRESTIJ,,
armani,,2026-09-04,13970-3,81,116,TAMAN PMINT TEBING TEMBAH 2,,
avaland,,2026-09-04,30624-1,125,126,RESIDENSI AETAS SEPUTEH,,"Latest sales - Block A: 70 units, Block B: 55 units"
avaland,,2026-09-04,30162-1,425,770,RESIDENSI ALORA,,"Latest sales - Block A: 317 units, Block B: 108 units"
avaland,,2026-09-04,20185-3,457,468,RESIDENSI AMIKA,,"Latest sales - Block A: 216 units, Block B: 241 units"
avaland,,2026-09-04,9490-3,275,900,RESIDENSI ANJA,,Latest sales - Block A: 275 units
avaland,,2026-09-04,30240-3,180,343,AVALON CYBERSOUTH,,
avaland,,2026-09-04,12047-4,232,606,LAKEFRONT RESIDENCE,,"Latest sales - Block T7: 97 units, Block T8: 135 units"
avaland,,2026-09-04,20017-1,221,226,RESIDENSI AETAS DAMANSARA,,"Latest sales - Block A: 144 units, Block B: 77 units"
binastra,,2026-09-04,31332-1,303,830,BINASTRA COCHRANE,,"Latest sales - Block A: 189 units, Block B: 114 units"
chinhin,,2026-09-04,13531-2,727,824,RESIDENSI AMBAR RIMBA,,"Latest sales - Block A: 440 units, Block B: 287 units"
chinhin,,2026-09-04,30632-1,603,787,RESIDENSI ARIS,,"Latest sales - Block A: 299 units, Block B: 304 units"
chinhin,,2026-09-04,30190-1,809,842,RESIDENSI AVANTRO,,"Latest sales - Block A: 335 units, Block B: 474 units"
chinhin,,2026-09-04,30382-1,761,824,RESIDENSI AYANNA,,"Latest sales - Block A: 322 units, Block B: 439 units"
chinhin,,2026-09-04,30744-1,482,588,THE CROWN,,
chinhin,,2026-09-04,31096-1,275,1033,DIVINE KLCC,,
chinhin,,2026-09-04,30064-1,678,684,SIMFONI RESIDENSI,,"Latest sales - Block A: 313 units, Block B: 365 units"
chinhin,,2026-09-04,30382-3,822,823,RESIDENSI ANDALAN,,Latest sales - Block A: 822 units
chinhin,,2026-09-04,30907-1,221,231,BUKIT BOTANIKA,,
chinhin,,2026-09-04,30629-2,477,492,MENARA SENJA,,
exsim,,2026-09-04,30784-1,268,269,BRANNIGANZ SUITES @ BUKIT BINTANG,,Latest sales - Block B: 268 units
exsim,,2026-09-04,20011-3,593,593,DATARAN SENTRAL (D'CLOVER RESIDENCES),,Latest sales - Block A: 593 units
exsim,,2026-09-04,20011-2,767,767,DATARAN SENTRAL (D'TERRA RESIDENCES),,Latest sales - Block B: 767 units
exsim,,2026-09-04,20011-4,664,671,DATARAN SENTRAL (D'TESSERA RESIDENCES),,Latest sales - Block C: 664 units
exsim,,2026-09-04,13666-2,98,98,MENARA SUTERA INDAH (HANAZ SUITES @ KL CITY CENTRE),,
exsim,,2026-09-04,30370-1,319,320,MENARA SUTERA RIA (HUGOZ SUITES @ KL CITY CENTRE),,
exsim,,2026-09-04,30789-1,126,126,KYLIEZ SUITES @ KL CITY CENTRE,,
exsim,,2026-09-04,30571-1,602,603,NOORDINZ SUITES @ GEORGE TOWN,,
exsim,,2026-09-04,30914-1,625,759,MENARA KUBAH (QUBAZ SUITES @ KUALA TERENGGANU),,
exsim,,2026-09-04,30830-1,317,456,SEA CRESTZ @ KUANTAN WATERFRONT RESORT CITY,,
exsim,,2026-09-04,20011-5,181,662,RESIDENSI DAMAI MEKAR (THE ALDENZ),,
exsim,,2026-09-04,31007-1,845,848,RESIDENSI KEBUN TEH (THE ASTERIAZ @ KEBUN TEH),,
exsim,,2026-09-04,20084-1,339,679,THE FIDDLEWOODZ @ KL METROPOLIS,,"Latest sales - Block A: 312 units, Block B: 27 units"
exsim,,2026-09-04,30741-1,1552,1558,THE KINGSWOODZ @ BUKIT JALIL,,"Latest sales - Block A: 457 units, Block B: 505 units, Block C: 590 units"
exsim,,2026-09-04,31088-1,553,671,THE LIGHTHAUZ,,
exsim,,2026-09-04,30741-2,438,1004,RESIDENSI MAHKOTA BUKIT JALIL,,"Latest sales - Block A: 193 units, Block B: 245 units"
exsim,,2026-09-04,30357-2,658,1138,RESIDENSI SERI LESTARI (THE VIVIDZ @ BUKIT JALIL),,"Latest sales - Block A: 358 units, Block B: 300 units"
exsim,,2026-09-04,30357-1,507,508,RESIDENSI SEJAHTERA DAMAI (VELADAZ RESIDENCES @ BUKIT JALIL),,
exsim,,2026-09-04,31100-1,1503,4525,RESIDENSI DATARAN SELATAN (DOVER TOWER),,"Latest sales - Block A: 497 units, Block B: 531 units, Block D: 475 units"
exsim,,2026-09-04,30131-1,424,424,RESIDENSI LAGENDA IPOH,,
mahsing,,2026-09-04,14297-25,158,235,MERIDIN EAST PARCEL 4A5,,
mahsing,,2026-09-04,12324-1,377,377,FERRINGHI RESIDENCE ,"unit count on TEDUH is 377, tracker says 678","Latest sales - Ferringhi Residence 1: 172 units, Ferringhi Residence 2: 205 units"
mahsing,,2026-09-04,14297-24,144,168,MERIDIN EAST JASMINE 2,,
mahsing,,2026-09-04,12029-4,73,833,M AMAYA,,
mahsing,,2026-09-04,31251-1,50,606,RESIDENSI M ARIA,,
mahsing,,2026-09-04,5911-33,1013,1618,RESIDENSI M ASPIRA,,"Latest sales - Block A: 462 units, Block B: 551 units"
mahsing,,2026-09-04,13262-2,365,1544,RESIDENSI M AURORA,,"Latest sales - Block A: 57 units, Block B: 308 units"
mahsing,,2026-09-04,30834-1,796,1140,RESIDENSI M AZURA,,"Latest sales - Block A: 424 units, Block B: 372 units"
mahsing,,2026-09-04,30897-1,652,817,M LEGASI,,
mahsing,,2026-09-04,11202-4,1873,2080,RESIDENSI M NOVA,,"Latest sales - Block A: 614 units, Block B: 611 units, Block C: 648 units"
mahsing,,2026-09-04,11998-4,396,396,PANORA,,
mahsing,,2026-09-04,13425-8,394,999,M SINAR,,Latest sales - Block A: 394 units
mahsing,,2026-09-04,30805-1,581,999,RESIDENSI M TERRA,,
mahsing,,2026-09-04,10279-5,652,754,TAMAN TIARA INDAH (M TIARA),,
mahsing,,2026-09-04,12029-3,232,494,M ZENNI,,
mahsing,,2026-09-04,11430-2,618,619,RESIDENSI M ZENYA,,Latest sales - Block A: 618 units
mahsing,,2026-09-04,9600-6,762,1733,RESIDENSI ANGGUN MEWAH,,"Latest sales - Block A: 501 units, Block B: 261 units"
mahsing,,2026-09-04,30440-1,1474,1526,RESIDENSI ANGGUN,,"Latest sales - Block A: 416 units, Block B: 578 units, Block C: 480 units"
majesticgen,,2026-09-04,30828-2,731,732,RESIDENSI GEN,,
majesticgen,,2026-09-04,30828-3,908,996,RESIDENSI GEN SFERA,,
majesticgen,,2026-09-04,30828-1,355,360,RESIDENSI GEN BINTANG,,
majesticgen,,2026-09-04,30244-1,478,478,RESIDENSI MAJESTIC,,
majesticgen,,2026-09-04,30990-1,98,106,TAMAN YU,,
majesticgen,,2026-09-04,31034-1,393,1012,SOHO SUNWAY MAJESTIC,,"Latest sales - Block A: 297 units, Block B: 96 units"
majesticgen,,2026-09-04,30989-1,73,73,TAMAN SUNGAI DUA UTAMA,,
majesticgen,,2026-09-04,12069-7,0,140,RESIDENSI FLORA,,
malton,,2026-09-04,31139-1,349,562,MUTIARA KEMPAS,,
malton,,2026-09-04,8950-4,13,526,PANGSAPURI MUTIARA TASIK,,"Latest sales - Block N: 7 units, Block S: 6 units"
malton,,2026-09-04,30667-1,393,453,PAVILION BUKIT JALIL,,"Latest sales - Block A: 170 units, Block B: 223 units"
malton,,2026-09-04,14035-6,329,336,RESIDENSI KERINCHI RIA,,
malton,,2026-09-04,14035-4,981,1332,RESIDENSI TAMAN HILIR,,"Latest sales - Block A: 355 units, Block B: 334 units, Block C: 292 units"
maxim,,2026-09-04,30267-1,604,604,RESIDENSI MAX II,,"Latest sales - Block A: 302 units, Block B: 302 units"
maxim,,2026-09-04,31046-1,325,1116,RESIDENSI MAXIM D'PARC,,"Latest sales - Block A: 111 units, Block B: 214 units"
maxim,,2026-09-04,31074-1,1011,2743,RESIDENSI MAXIM PELANGI,,"Latest sales - Block A: 403 units, Block B: 371 units, Block C: 237 units"
maxim,,2026-09-04,30037-1,1236,1236,RESIDENSI MAXIM RISEN,,"Latest sales - Block A: 629 units, Block B: 607 units"
maxim,,2026-09-04,19088-3,523,624,RESIDENSI THE ATAS,,"Latest sales - Block A: 178 units, Block B: 164 units, Block C: 181 units"
platinumvictory,,2026-09-04,30581-1,1672,1688,RESIDENSI MH PLATINUM 3,,"Latest sales - Block A: 862 units, Block B: 810 units"
platinumvictory,,2026-09-04,9832-11,1206,2082,RESIDENSI PV 22,,"Latest sales - Block A: 469 units, Block B: 737 units"
platinumvictory,,2026-09-04,31008-1,524,794,RESIDENSI PLATINUM MELATI,,"Latest sales - Block A: 129 units, Block B: 163 units, Block C: 232 units"
platinumvictory,,2026-09-04,20253-2,467,500,RESIDENSI PLATINUM SAUJANA VISTA 1,,
platinumvictory,,2026-09-04,20253-3,1163,1500,RESIDENSI PLATINUM SAUJANA VIOLET 2 (PSV2),,"Latest sales - Block W: 600 units, Block X: 563 units"
platinumvictory,,2026-09-04,30937-1,18,23,THE MAISON 23,,
skyworld,,2026-09-04,31051-1,457,492,RESIDENSI AWANI PRIMA,,
skyworld,,2026-09-04,30176-1,656,830,RESIDENSI CURVO,,"Latest sales - Block A: 429 units, Block B: 227 units"
skyworld,,2026-09-04,30976-1,241,510,RESIDENSI SKYAMAN 1,,Latest sales - Block A: 241 units
skyworld,,2026-09-04,31075-1,1351,3982,SKYAWANI PEARLMONT RESIDENCES,,"Latest sales - Block 1B: 567 units, Block 1C: 530 units, Block 1D: 254 units"
skyworld,,2026-09-04,19840-2,932,1001,RESIDENSI VESTA,,"Latest sales - Block A: 467 units, Block B: 465 units"
tslaw,,2026-09-04,31031-1,1400,1623,SKYLINE ONE SENTOSA,,"Latest sales - Block A: 728 units, Block B: 672 units"
tslaw,,2026-09-04,30331-1,1825,1838,RESIDENSI SKYLINE KUCHAI,,"Latest sales - Block A: 937 units, Block B: 888 units"
tslaw,,2026-09-04,9158-9,42,42,RESIDENCE HILLS,,
tslaw,,2026-09-04,19760-1,1286,1296,RESIDENSI SKYLINE DUTA AMPANG,,"Latest sales - Block A: 431 units, Block B: 424 units, Block C: 431 units"
trinitygroup,,2026-09-04,30857-1,36,714,PANGSAPURI SERI AURA,,"Latest sales - Block A: 1 units, Block B: 35 units"
trinitygroup,,2026-09-04,20140-2,348,737,BAYU CERIA,,"Latest sales - Block A1: 45 units, Block A2: 203 units, Block B: 100 units"
trinitygroup,,2026-09-04,10826-4,333,535,RESIDENSI RIMBA FLORA,,"Latest sales - Block A: 196 units, Block B: 137 units"
radium,,2026-09-04,30363-2,1128,1218,RESIDENSI DESA TIMUR,,"Latest sales - Block A: 182 units, Block B: 583 units, Block C: 362 units"
radium,,2026-09-04,30363-1,1124,1218,RESIDENSI DESA TIMUR,,"Latest sales - Block D: 602 units, Block E: 522 units"
radium,,2026-09-04,30821-1,521,988,RESIDENSI RADIUM,,"Latest sales - Block A: 261 units, Block B: 260 units"
radium,,2026-09-04,30121-1,380,944,SUITE CANSELOR,,
radium,,2026-09-04,31310-1,0,797,RESIDENSI RADIUM EVARA,,
seputeh,,2026-09-05,32-16,43,146,RESIDENSI EDEN,,"Latest sales - Block A: 2 units, Block B: 6 units, Block C: 4 units, Block D: 10 units, Block E: 2 units, Block F: 2 units, Block G: 10 units, Block H: 7 units"
seputeh,,2026-09-05,30216-1,36,154,PAVILION DAMANSARA HEIGHTS PHASE 2,,"Latest sales - Block RA/N: 34 units, Block RA/S: 2 units"
seputeh,,2026-09-05,30216-2,52,490,PAVILION DAMANSARA HEIGHTS PHASE 2,,"Latest sales - Block RC/N: 14 units, Block RC/S: 38 units"
seputeh,,2026-09-05,31078-1,45,48,VILA BATAI,,
seputeh,,2026-09-05,31274-1,1,244,AOSIS MONT KIARA,,
seputeh,,2026-09-05,2463-23,356,433,PARKCITY RESIDENCES,,
status13,,2026-09-05,31202-1,194,1310,RESIDENSI WARISAN SALAK SELATAN,,"Latest sales - Block A: 106 units, Block B: 88 units"
status13,,2026-09-05,13262-2,370,1544,RESIDENSI M AURORA,,"Latest sales - Block A: 58 units, Block B: 312 units"
status13,,2026-09-05,30590-2,131,996,ARTE STAR,,Latest sales - Block B: 131 units
status13,,2026-09-05,5911-33,1015,1618,RESIDENSI M ASPIRA,,"Latest sales - Block A: 462 units, Block B: 553 units"
status13,,2026-09-05,30363-2,1128,1218,RESIDENSI DESA TIMUR,,"Latest sales - Block A: 182 units, Block B: 583 units, Block C: 362 units"
status13,,2026-09-05,30821-1,523,988,RESIDENSI RADIUM,,"Latest sales - Block A: 261 units, Block B: 262 units"
status13,,2026-09-05,30366-1,470,482,RESIDENSI AMBIEN,,Latest sales - Block A: 470 units
status13,,2026-09-05,13074-4,238,299,RESIDENSI HANA,,
status13,,2026-09-05,8824-5,656,1296,RESIDENSI SUNWAY COCHRANE,,"Latest sales - Block A: 195 units, Block B: 461 units"
status13,,2026-09-05,20253-3,1165,1500,RESIDENSI PLATINUM SAUJANA VIOLET 2 (PSV2),,"Latest sales - Block W: 601 units, Block X: 564 units"
status13,,2026-09-05,30876-1,138,551,RESIDENSI VERIDIAN,,Latest sales - Block A: 138 units
status13,,2026-09-05,30250-2,659,661,RESIDENSI AURUM,,"Latest sales - Block A: 333 units, Block B: 326 units"
status13,,2026-09-05,31332-1,313,830,BINASTRA COCHRANE,,"Latest sales - Block A: 193 units, Block B: 120 units"
johor,,2026-09-05,835-14,310,715,RESIDENSI DWI PESONA,,"Latest sales - Block A: 193 units, Block B: 117 units"
johor,,2026-09-05,30946-1,980,1950,RESIDENSI SENIBONG MUTIARA,,"Latest sales - Block A: 403 units, Block B: 379 units, Block C: 89 units, Block D: 109 units"
johor,,2026-09-05,14523-4,52,416,RESIDENSI PANORAMA SENIBONG,"unit count on TEDUH is 416, tracker says 1500",Latest sales - Block A: 52 units
johor,,2026-09-05,30635-1,1069,2156,RESIDENSI PARKLAND PERMAS,,"Latest sales - Phase 1: 669 units, Phase 2: 400 units"
johor,,2026-09-05,31007-1,845,848,RESIDENSI KEBUN TEH (THE ASTERIAZ @ KEBUN TEH),,
johor,,2026-09-05,31100-1,1509,4525,RESIDENSI DATARAN SELATAN (DOVER TOWER),,"Latest sales - Block A: 500 units, Block B: 532 units, Block D: 477 units"
johor,,2026-09-05,31074-1,1014,2743,RESIDENSI MAXIM PELANGI,,"Latest sales - Block A: 404 units, Block B: 372 units, Block C: 238 units"
johor,,2026-09-05,9600-6,763,1733,RESIDENSI ANGGUN MEWAH,,"Latest sales - Block A: 502 units, Block B: 261 units"
johor,,2026-09-05,31031-1,1400,1623,SKYLINE ONE SENTOSA,,"Latest sales - Block A: 728 units, Block B: 672 units"
johor,,2026-09-05,30828-3,910,996,RESIDENSI GEN SFERA,,
johor,,2026-09-05,13531-2,729,824,RESIDENSI AMBAR RIMBA,,"Latest sales - Block A: 442 units, Block B: 287 units"
johor,,2026-09-05,31034-1,393,1012,SOHO SUNWAY MAJESTIC,,"Latest sales - Block A: 297 units, Block B: 96 units"
johor,,2026-09-05,31149-1,317,1274,RESIDENSI DANGA PARAGON 1,,"Latest sales - Block A: 220 units, Block B: 97 units"
ukay,,2026-09-05,9500-8,93,306,RESIDENSI DAMAI,,"Latest sales - Block A: 53 units, Block B: 40 units"
ukay,,2026-09-05,20140-2,348,737,BAYU CERIA,,"Latest sales - Block A1: 45 units, Block A2: 203 units, Block B: 100 units"
ukay,,2026-09-05,11519-3,343,344,LEA BY THE HILLS,,Latest sales - Block L: 343 units
ukay,,2026-09-05,597-13,228,234,RESIDENSI LAMAN SATU MELAWATI,,
ukay,,2026-09-05,10296-3,273,273,SIERRA HIJAUAN,"unit count on TEDUH is 273, tracker says 310",
ukay,,2026-09-05,12369-1,32,32,EMBUN,"unit count on TEDUH is 32, tracker says 51",
ukay,,2026-09-05,12369-2,7,7,EMBUN,"unit count on TEDUH is 7, tracker says 52",
ukay,,2026-09-05,12166-1,74,74,KETAPANG REALTY SDN BHD,"unit count on TEDUH is 74, tracker says 118",
ukay,,2026-09-05,9500-7,222,222,19TREES,,
ukay,,2026-09-05,9500-2,0,0,"LOT 501, 502 & 503","unit count on TEDUH is 0, tracker says 201",
ukay,,2026-09-05,11078-3,197,296,NADAYU63 @ MELAWATI,,Latest sales - Block B: 197 units
ukay,,2026-09-05,12123-1,81,81,MITRALAND MELAWATI SDN BHD ,"unit count on TEDUH is 81, tracker says 117",
ukay,,2026-09-05,20140-1,456,463,TRINITY WELLNESSA,,"Latest sales - Block A1: 223 units, Block A2: 233 units"
ukay,,2026-09-05,12437-2,104,106,NASSIM HEIGHTS,,
ukay,,2026-09-05,11602-1,11,11,STRONG HERITAGE SDN. BHD.,"unit count on TEDUH is 11, tracker says 15",
seputeh,,2026-09-05,30141-2,8,495,RESIDENSI MAHLIGAI ALAM INDAH (MAIA),,"Latest sales - Block A: 3 units, Block B: 5 units"
armani,,2026-09-05,31112-1,58,186,RESIDENSI ALDERWOOD,,
armani,,2026-09-05,30135-3,73,328,RESIDENSI ARMANI,,
armani,,2026-09-05,30705-2,2,44,HARMONI INDAH,,
armani,,2026-09-05,30273-1,112,232,RESIDENSI ARMANI CAMERON,,
armani,,2026-09-05,30256-2,1006,2215,RESIDENSI ARMANI HALLSON KLCC,,"Latest sales - Block A: 400 units, Block B: 361 units, Block C: 245 units"
armani,,2026-09-05,6820-8,277,306,RESIDENSI ARMANI KEPONG,,
armani,,2026-09-05,30727-1,573,648,RESIDENSI ARMANI SETIA ALAM 1,,"Latest sales - Block A: 92 units, Block B: 481 units"
armani,,2026-09-05,30727-2,285,998,RESIDENSI ARMANI SETIA ALAM 2,,"Latest sales - Block A: 63 units, Block B: 222 units"
armani,,2026-09-05,30339-1,331,338,RESIDENSI ALAM ARMANI,,
armani,,2026-09-05,13975-5,266,315,RESIDENSI ARMANI,,"Latest sales - Block 1: 85 units, Block 2: 82 units, Block 3: 99 units"
armani,,2026-09-05,30641-1,647,653,RESIDENSI LOFTHILL,,
armani,,2026-09-05,13975-6,384,387,RESIDENSI ARMANI KG BARU 1,,
armani,,2026-09-05,30799-1,32,984,RESIDENSI ARMANI PUTRA,,"Latest sales - Block A: 13 units, Block B: 19 units"
armani,,2026-09-05,30393-1,0,30,TAMAN BUKIT TUALANG,,
armani,,2026-09-05,30135-2,96,280,MENARA ARMANI PRESTIJ,,
armani,,2026-09-05,13970-3,81,116,TAMAN PMINT TEBING TEMBAH 2,,
avaland,,2026-09-05,30624-1,125,126,RESIDENSI AETAS SEPUTEH,,"Latest sales - Block A: 70 units, Block B: 55 units"
avaland,,2026-09-05,30162-1,426,770,RESIDENSI ALORA,,"Latest sales - Block A: 317 units, Block B: 109 units"
avaland,,2026-09-05,20185-3,457,468,RESIDENSI AMIKA,,"Latest sales - Block A: 216 units, Block B: 241 units"
avaland,,2026-09-05,9490-3,277,900,RESIDENSI ANJA,,Latest sales - Block A: 277 units
avaland,,2026-09-05,30240-3,181,343,AVALON CYBERSOUTH,,
avaland,,2026-09-05,12047-4,231,606,LAKEFRONT RESIDENCE,,"Latest sales - Block T7: 97 units, Block T8: 134 units"
avaland,,2026-09-05,20017-1,221,226,RESIDENSI AETAS DAMANSARA,,"Latest sales - Block A: 144 units, Block B: 77 units"
binastra,,2026-09-05,31332-1,313,830,BINASTRA COCHRANE,,"Latest sales - Block A: 193 units, Block B: 120 units"
chinhin,,2026-09-05,13531-2,729,824,RESIDENSI AMBAR RIMBA,,"Latest sales - Block A: 442 units, Block B: 287 units"
chinhin,,2026-09-05,30632-1,603,787,RESIDENSI ARIS,,"Latest sales - Block A: 299 units, Block B: 304 units"
chinhin,,2026-09-05,30190-1,809,842,RESIDENSI AVANTRO,,"Latest sales - Block A: 335 units, Block B: 474 units"
chinhin,,2026-09-05,30382-1,761,824,RESIDENSI AYANNA,,"Latest sales - Block A: 322 units, Block B: 439 units"
chinhin,,2026-09-05,30744-1,482,588,THE CROWN,,
chinhin,,2026-09-05,31096-1,275,1033,DIVINE KLCC,,
chinhin,,2026-09-05,30064-1,678,684,SIMFONI RESIDENSI,,"Latest sales - Block A: 313 units, Block B: 365 units"
chinhin,,2026-09-05,30382-3,822,823,RESIDENSI ANDALAN,,Latest sales - Block A: 822 units
chinhin,,2026-09-05,30907-1,221,231,BUKIT BOTANIKA,,
chinhin,,2026-09-05,30629-2,477,492,MENARA SENJA,,
exsim,,2026-09-05,30784-1,268,269,BRANNIGANZ SUITES @ BUKIT BINTANG,,Latest sales - Block B: 268 units
exsim,,2026-09-05,20011-3,593,593,DATARAN SENTRAL (D'CLOVER RESIDENCES),,Latest sales - Block A: 593 units
exsim,,2026-09-05,20011-2,767,767,DATARAN SENTRAL (D'TERRA RESIDENCES),,Latest sales - Block B: 767 units
exsim,,2026-09-05,20011-4,664,671,DATARAN SENTRAL (D'TESSERA RESIDENCES),,Latest sales - Block C: 664 units
exsim,,2026-09-05,13666-2,98,98,MENARA SUTERA INDAH (HANAZ SUITES @ KL CITY CENTRE),,
exsim,,2026-09-05,30370-1,319,320,MENARA SUTERA RIA (HUGOZ SUITES @ KL CITY CENTRE),,
exsim,,2026-09-05,30789-1,126,126,KYLIEZ SUITES @ KL CITY CENTRE,,
exsim,,2026-09-05,30571-1,602,603,NOORDINZ SUITES @ GEORGE TOWN,,
exsim,,2026-09-05,30914-1,625,759,MENARA KUBAH (QUBAZ SUITES @ KUALA TERENGGANU),,
exsim,,2026-09-05,30830-1,317,456,SEA CRESTZ @ KUANTAN WATERFRONT RESORT CITY,,
exsim,,2026-09-05,20011-5,192,662,RESIDENSI DAMAI MEKAR (THE ALDENZ),,
exsim,,2026-09-05,31007-1,845,848,RESIDENSI KEBUN TEH (THE ASTERIAZ @ KEBUN TEH),,
exsim,,2026-09-05,20084-1,339,679,THE FIDDLEWOODZ @ KL METROPOLIS,,"Latest sales - Block A: 312 units, Block B: 27 units"
exsim,,2026-09-05,30741-1,1552,1558,THE KINGSWOODZ @ BUKIT JALIL,,"Latest sales - Block A: 457 units, Block B: 505 units, Block C: 590 units"
exsim,,2026-09-05,31088-1,554,671,THE LIGHTHAUZ,,
exsim,,2026-09-05,30741-2,439,1004,RESIDENSI MAHKOTA BUKIT JALIL,,"Latest sales - Block A: 194 units, Block B: 245 units"
exsim,,2026-09-05,30357-2,658,1138,RESIDENSI SERI LESTARI (THE VIVIDZ @ BUKIT JALIL),,"Latest sales - Block A: 358 units, Block B: 300 units"
exsim,,2026-09-05,30357-1,507,508,RESIDENSI SEJAHTERA DAMAI (VELADAZ RESIDENCES @ BUKIT JALIL),,
exsim,,2026-09-05,31100-1,1509,4525,RESIDENSI DATARAN SELATAN (DOVER TOWER),,"Latest sales - Block A: 500 units, Block B: 532 units, Block D: 477 units"
exsim,,2026-09-05,30131-1,424,424,RESIDENSI LAGENDA IPOH,,
mahsing,,2026-09-05,14297-25,158,235,MERIDIN EAST PARCEL 4A5,,
mahsing,,2026-09-05,12324-1,377,377,FERRINGHI RESIDENCE ,"unit count on TEDUH is 377, tracker says 678","Latest sales - Ferringhi Residence 1: 172 units, Ferringhi Residence 2: 205 units"
mahsing,,2026-09-05,14297-24,144,168,MERIDIN EAST JASMINE 2,,
mahsing,,2026-09-05,12029-4,75,833,M AMAYA,,
mahsing,,2026-09-05,31251-1,50,606,RESIDENSI M ARIA,,
mahsing,,2026-09-05,5911-33,1015,1618,RESIDENSI M ASPIRA,,"Latest sales - Block A: 462 units, Block B: 553 units"
mahsing,,2026-09-05,13262-2,370,1544,RESIDENSI M AURORA,,"Latest sales - Block A: 58 units, Block B: 312 units"
mahsing,,2026-09-05,30834-1,796,1140,RESIDENSI M AZURA,,"Latest sales - Block A: 424 units, Block B: 372 units"
mahsing,,2026-09-05,30897-1,652,817,M LEGASI,,
mahsing,,2026-09-05,11202-4,1873,2080,RESIDENSI M NOVA,,"Latest sales - Block A: 614 units, Block B: 611 units, Block C: 648 units"
mahsing,,2026-09-05,11998-4,396,396,PANORA,,
mahsing,,2026-09-05,13425-8,395,999,M SINAR,,Latest sales - Block A: 395 units
mahsing,,2026-09-05,30805-1,581,999,RESIDENSI M TERRA,,
mahsing,,2026-09-05,10279-5,652,754,TAMAN TIARA INDAH (M TIARA),,
mahsing,,2026-09-05,12029-3,233,494,M ZENNI,,
mahsing,,2026-09-05,11430-2,618,619,RESIDENSI M ZENYA,,Latest sales - Block A: 618 units
mahsing,,2026-09-05,9600-6,763,1733,RESIDENSI ANGGUN MEWAH,,"Latest sales - Block A: 502 units, Block B: 261 units"
mahsing,,2026-09-05,30440-1,1476,1526,RESIDENSI ANGGUN,,"Latest sales - Block A: 416 units, Block B: 579 units, Block C: 481 units"
majesticgen,,2026-09-05,30828-2,731,732,RESIDENSI GEN,,
majesticgen,,2026-09-05,30828-3,910,996,RESIDENSI GEN SFERA,,
majesticgen,,2026-09-05,30828-1,355,360,RESIDENSI GEN BINTANG,,
majesticgen,,2026-09-05,30244-1,478,478,RESIDENSI MAJESTIC,,
majesticgen,,2026-09-05,30990-1,98,106,TAMAN YU,,
majesticgen,,2026-09-05,31034-1,393,1012,SOHO SUNWAY MAJESTIC,,"Latest sales - Block A: 297 units, Block B: 96 units"
majesticgen,,2026-09-05,30989-1,73,73,TAMAN SUNGAI DUA UTAMA,,
majesticgen,,2026-09-05,12069-7,0,140,RESIDENSI FLORA,,
malton,,2026-09-05,31139-1,349,562,MUTIARA KEMPAS,,
malton,,2026-09-05,8950-4,13,526,PANGSAPURI MUTIARA TASIK,,"Latest sales - Block N: 7 units, Block S: 6 units"
malton,,2026-09-05,30667-1,393,453,PAVILION BUKIT JALIL,,"Latest sales - Block A: 170 units, Block B: 223 units"
malton,,2026-09-05,14035-6,329,336,RESIDENSI KERINCHI RIA,,
malton,,2026-09-05,14035-4,982,1332,RESIDENSI TAMAN HILIR,,"Latest sales - Block A: 356 units, Block B: 334 units, Block C: 292 units"
maxim,,2026-09-05,30267-1,604,604,RESIDENSI MAX II,,"Latest sales - Block A: 302 units, Block B: 302 units"
maxim,,2026-09-05,31046-1,326,1116,RESIDENSI MAXIM D'PARC,,"Latest sales - Block A: 111 units, Block B: 215 units"
maxim,,2026-09-05,31074-1,1014,2743,RESIDENSI MAXIM PELANGI,,"Latest sales - Block A: 404 units, Block B: 372 units, Block C: 238 units"
maxim,,2026-09-05,30037-1,1236,1236,RESIDENSI MAXIM RISEN,,"Latest sales - Block A: 629 units, Block B: 607 units"
maxim,,2026-09-05,19088-3,523,624,RESIDENSI THE ATAS,,"Latest sales - Block A: 178 units, Block B: 164 units, Block C: 181 units"
platinumvictory,,2026-09-05,30581-1,1673,1688,RESIDENSI MH PLATINUM 3,,"Latest sales - Block A: 863 units, Block B: 810 units"
platinumvictory,,2026-09-05,9832-11,1207,2082,RESIDENSI PV 22,,"Latest sales - Block A: 469 units, Block B: 738 units"
platinumvictory,,2026-09-05,31008-1,525,794,RESIDENSI PLATINUM MELATI,,"Latest sales - Block A: 130 units, Block B: 163 units, Block C: 232 units"
platinumvictory,,2026-09-05,20253-2,467,500,RESIDENSI PLATINUM SAUJANA VISTA 1,,
platinumvictory,,2026-09-05,20253-3,1165,1500,RESIDENSI PLATINUM SAUJANA VIOLET 2 (PSV2),,"Latest sales - Block W: 601 units, Block X: 564 units"
platinumvictory,,2026-09-05,30937-1,18,23,THE MAISON 23,,
skyworld,,2026-09-05,31051-1,457,492,RESIDENSI AWANI PRIMA,,
skyworld,,2026-09-05,30176-1,656,830,RESIDENSI CURVO,,"Latest sales - Block A: 429 units, Block B: 227 units"
skyworld,,2026-09-05,30976-1,241,510,RESIDENSI SKYAMAN 1,,Latest sales - Block A: 241 units
skyworld,,2026-09-05,31075-1,1354,3982,SKYAWANI PEARLMONT RESIDENCES,,"Latest sales - Block 1B: 567 units, Block 1C: 530 units, Block 1D: 257 units"
skyworld,,2026-09-05,19840-2,932,1001,RESIDENSI VESTA,,"Latest sales - Block A: 467 units, Block B: 465 units"
tslaw,,2026-09-05,31031-1,1400,1623,SKYLINE ONE SENTOSA,,"Latest sales - Block A: 728 units, Block B: 672 units"
tslaw,,2026-09-05,30331-1,1825,1838,RESIDENSI SKYLINE KUCHAI,,"Latest sales - Block A: 937 units, Block B: 888 units"
tslaw,,2026-09-05,9158-9,42,42,RESIDENCE HILLS,,
tslaw,,2026-09-05,19760-1,1286,1296,RESIDENSI SKYLINE DUTA AMPANG,,"Latest sales - Block A: 431 units, Block B: 424 units, Block C: 431 units"
trinitygroup,,2026-09-05,30857-1,36,714,PANGSAPURI SERI AURA,,"Latest sales - Block A: 1 units, Block B: 35 units"
trinitygroup,,2026-09-05,20140-2,348,737,BAYU CERIA,,"Latest sales - Block A1: 45 units, Block A2: 203 units, Block B: 100 units"
trinitygroup,,2026-09-05,10826-4,334,535,RESIDENSI RIMBA FLORA,,"Latest sales - Block A: 196 units, Block B: 138 units"
radium,,2026-09-05,30363-2,1128,1218,RESIDENSI DESA TIMUR,,"Latest sales - Block A: 182 units, Block B: 583 units, Block C: 362 units"
radium,,2026-09-05,30363-1,1124,1218,RESIDENSI DESA TIMUR,,"Latest sales - Block D: 602 units, Block E: 522 units"
radium,,2026-09-05,30821-1,523,988,RESIDENSI RADIUM,,"Latest sales - Block A: 261 units, Block B: 262 units"
radium,,2026-09-05,30121-1,380,944,SUITE CANSELOR,,
radium,,2026-09-05,31310-1,0,797,RESIDENSI RADIUM EVARA,,
seputeh,,2026-09-06,32-16,43,146,RESIDENSI EDEN,,"Latest sales - Block A: 2 units, Block B: 6 units, Block C: 4 units, Block D: 10 units, Block E: 2 units, Block F: 2 units, Block G: 10 units, Block H: 7 units"
seputeh,,2026-09-06,30216-1,36,154,PAVILION DAMANSARA HEIGHTS PHASE 2,,"Latest sales - Block RA/N: 34 units, Block RA/S: 2 units"
seputeh,,2026-09-06,30216-2,52,490,PAVILION DAMANSARA HEIGHTS PHASE 2,,"Latest sales - Block RC/N: 14 units, Block RC/S: 38 units"
seputeh,,2026-09-06,31078-1,45,48,VILA BATAI,,
seputeh,,2026-09-06,31274-1,1,244,AOSIS MONT KIARA,,
seputeh,,2026-09-06,2463-23,356,433,PARKCITY RESIDENCES,,
status13,,2026-09-06,31202-1,194,1310,RESIDENSI WARISAN SALAK SELATAN,,"Latest sales - Block A: 106 units, Block B: 88 units"
status13,,2026-09-06,13262-2,370,1544,RESIDENSI M AURORA,,"Latest sales - Block A: 58 units, Block B: 312 units"
status13,,2026-09-06,30590-2,131,996,ARTE STAR,,Latest sales - Block B: 131 units
status13,,2026-09-06,5911-33,1015,1618,RESIDENSI M ASPIRA,,"Latest sales - Block A: 462 units, Block B: 553 units"
status13,,2026-09-06,30363-2,1128,1218,RESIDENSI DESA TIMUR,,"Latest sales - Block A: 182 units, Block B: 583 units, Block C: 362 units"
status13,,2026-09-06,30821-1,523,988,RESIDENSI RADIUM,,"Latest sales - Block A: 261 units, Block B: 262 units"
status13,,2026-09-06,30366-1,470,482,RESIDENSI AMBIEN,,Latest sales - Block A: 470 units
status13,,2026-09-06,13074-4,238,299,RESIDENSI HANA,,
status13,,2026-09-06,8824-5,656,1296,RESIDENSI SUNWAY COCHRANE,,"Latest sales - Block A: 195 units, Block B: 461 units"
status13,,2026-09-06,20253-3,1165,1500,RESIDENSI PLATINUM SAUJANA VIOLET 2 (PSV2),,"Latest sales - Block W: 601 units, Block X: 564 units"
status13,,2026-09-06,30876-1,138,551,RESIDENSI VERIDIAN,,Latest sales - Block A: 138 units
status13,,2026-09-06,30250-2,659,661,RESIDENSI AURUM,,"Latest sales - Block A: 333 units, Block B: 326 units"
status13,,2026-09-06,31332-1,313,830,BINASTRA COCHRANE,,"Latest sales - Block A: 193 units, Block B: 120 units"
johor,,2026-09-06,835-14,310,715,RESIDENSI DWI PESONA,,"Latest sales - Block A: 193 units, Block B: 117 units"
johor,,2026-09-06,30946-1,980,1950,RESIDENSI SENIBONG MUTIARA,,"Latest sales - Block A: 403 units, Block B: 379 units, Block C: 89 units, Block D: 109 units"
johor,,2026-09-06,14523-4,52,416,RESIDENSI PANORAMA SENIBONG,"unit count on TEDUH is 416, tracker says 1500",Latest sales - Block A: 52 units
johor,,2026-09-06,30635-1,1069,2156,RESIDENSI PARKLAND PERMAS,,"Latest sales - Phase 1: 669 units, Phase 2: 400 units"
johor,,2026-09-06,31007-1,845,848,RESIDENSI KEBUN TEH (THE ASTERIAZ @ KEBUN TEH),,
johor,,2026-09-06,31100-1,1509,4525,RESIDENSI DATARAN SELATAN (DOVER TOWER),,"Latest sales - Block A: 500 units, Block B: 532 units, Block D: 477 units"
johor,,2026-09-06,31074-1,1014,2743,RESIDENSI MAXIM PELANGI,,"Latest sales - Block A: 404 units, Block B: 372 units, Block C: 238 units"
johor,,2026-09-06,9600-6,764,1733,RESIDENSI ANGGUN MEWAH,,"Latest sales - Block A: 502 units, Block B: 262 units"
johor,,2026-09-06,31031-1,1400,1623,SKYLINE ONE SENTOSA,,"Latest sales - Block A: 728 units, Block B: 672 units"
johor,,2026-09-06,30828-3,910,996,RESIDENSI GEN SFERA,,
johor,,2026-09-06,13531-2,729,824,RESIDENSI AMBAR RIMBA,,"Latest sales - Block A: 442 units, Block B: 287 units"
johor,,2026-09-06,31034-1,393,1012,SOHO SUNWAY MAJESTIC,,"Latest sales - Block A: 297 units, Block B: 96 units"
johor,,2026-09-06,31149-1,317,1274,RESIDENSI DANGA PARAGON 1,,"Latest sales - Block A: 220 units, Block B: 97 units"
ukay,,2026-09-06,9500-8,93,306,RESIDENSI DAMAI,,"Latest sales - Block A: 53 units, Block B: 40 units"
ukay,,2026-09-06,20140-2,348,737,BAYU CERIA,,"Latest sales - Block A1: 45 units, Block A2: 203 units, Block B: 100 units"
ukay,,2026-09-06,11519-3,343,344,LEA BY THE HILLS,,Latest sales - Block L: 343 units
ukay,,2026-09-06,597-13,228,234,RESIDENSI LAMAN SATU MELAWATI,,
ukay,,2026-09-06,10296-3,273,273,SIERRA HIJAUAN,"unit count on TEDUH is 273, tracker says 310",
ukay,,2026-09-06,12369-1,32,32,EMBUN,"unit count on TEDUH is 32, tracker says 51",
ukay,,2026-09-06,12369-2,7,7,EMBUN,"unit count on TEDUH is 7, tracker says 52",
ukay,,2026-09-06,12166-1,74,74,KETAPANG REALTY SDN BHD,"unit count on TEDUH is 74, tracker says 118",
ukay,,2026-09-06,9500-7,222,222,19TREES,,
ukay,,2026-09-06,9500-2,0,0,"LOT 501, 502 & 503","unit count on TEDUH is 0, tracker says 201",
ukay,,2026-09-06,11078-3,197,296,NADAYU63 @ MELAWATI,,Latest sales - Block B: 197 units
ukay,,2026-09-06,12123-1,81,81,MITRALAND MELAWATI SDN BHD ,"unit count on TEDUH is 81, tracker says 117",
ukay,,2026-09-06,20140-1,456,463,TRINITY WELLNESSA,,"Latest sales - Block A1: 223 units, Block A2: 233 units"
ukay,,2026-09-06,12437-2,104,106,NASSIM HEIGHTS,,
ukay,,2026-09-06,11602-1,11,11,STRONG HERITAGE SDN. BHD.,"unit count on TEDUH is 11, tracker says 15",
seputeh,,2026-09-06,30141-2,8,495,RESIDENSI MAHLIGAI ALAM INDAH (MAIA),,"Latest sales - Block A: 3 units, Block B: 5 units"
armani,,2026-09-06,31112-1,58,186,RESIDENSI ALDERWOOD,,
armani,,2026-09-06,30135-3,73,328,RESIDENSI ARMANI,,
armani,,2026-09-06,30705-2,2,44,HARMONI INDAH,,
armani,,2026-09-06,30273-1,112,232,RESIDENSI ARMANI CAMERON,,
armani,,2026-09-06,30256-2,1006,2215,RESIDENSI ARMANI HALLSON KLCC,,"Latest sales - Block A: 400 units, Block B: 361 units, Block C: 245 units"
armani,,2026-09-06,6820-8,277,306,RESIDENSI ARMANI KEPONG,,
armani,,2026-09-06,30727-1,573,648,RESIDENSI ARMANI SETIA ALAM 1,,"Latest sales - Block A: 92 units, Block B: 481 units"
armani,,2026-09-06,30727-2,285,998,RESIDENSI ARMANI SETIA ALAM 2,,"Latest sales - Block A: 63 units, Block B: 222 units"
armani,,2026-09-06,30339-1,331,338,RESIDENSI ALAM ARMANI,,
armani,,2026-09-06,13975-5,266,315,RESIDENSI ARMANI,,"Latest sales - Block 1: 85 units, Block 2: 82 units, Block 3: 99 units"
armani,,2026-09-06,30641-1,647,653,RESIDENSI LOFTHILL,,
armani,,2026-09-06,13975-6,384,387,RESIDENSI ARMANI KG BARU 1,,
armani,,2026-09-06,30799-1,32,984,RESIDENSI ARMANI PUTRA,,"Latest sales - Block A: 13 units, Block B: 19 units"
armani,,2026-09-06,30393-1,0,30,TAMAN BUKIT TUALANG,,
armani,,2026-09-06,30135-2,96,280,MENARA ARMANI PRESTIJ,,
armani,,2026-09-06,13970-3,81,116,TAMAN PMINT TEBING TEMBAH 2,,
avaland,,2026-09-06,30624-1,125,126,RESIDENSI AETAS SEPUTEH,,"Latest sales - Block A: 70 units, Block B: 55 units"
avaland,,2026-09-06,30162-1,426,770,RESIDENSI ALORA,,"Latest sales - Block A: 317 units, Block B: 109 units"
avaland,,2026-09-06,20185-3,457,468,RESIDENSI AMIKA,,"Latest sales - Block A: 216 units, Block B: 241 units"
avaland,,2026-09-06,9490-3,277,900,RESIDENSI ANJA,,Latest sales - Block A: 277 units
avaland,,2026-09-06,30240-3,181,343,AVALON CYBERSOUTH,,
avaland,,2026-09-06,12047-4,231,606,LAKEFRONT RESIDENCE,,"Latest sales - Block T7: 97 units, Block T8: 134 units"
avaland,,2026-09-06,20017-1,221,226,RESIDENSI AETAS DAMANSARA,,"Latest sales - Block A: 144 units, Block B: 77 units"
binastra,,2026-09-06,31332-1,313,830,BINASTRA COCHRANE,,"Latest sales - Block A: 193 units, Block B: 120 units"
chinhin,,2026-09-06,13531-2,729,824,RESIDENSI AMBAR RIMBA,,"Latest sales - Block A: 442 units, Block B: 287 units"
chinhin,,2026-09-06,30632-1,603,787,RESIDENSI ARIS,,"Latest sales - Block A: 299 units, Block B: 304 units"
chinhin,,2026-09-06,30190-1,809,842,RESIDENSI AVANTRO,,"Latest sales - Block A: 335 units, Block B: 474 units"
chinhin,,2026-09-06,30382-1,761,824,RESIDENSI AYANNA,,"Latest sales - Block A: 322 units, Block B: 439 units"
chinhin,,2026-09-06,30744-1,482,588,THE CROWN,,
chinhin,,2026-09-06,31096-1,275,1033,DIVINE KLCC,,
chinhin,,2026-09-06,30064-1,678,684,SIMFONI RESIDENSI,,"Latest sales - Block A: 313 units, Block B: 365 units"
chinhin,,2026-09-06,30382-3,822,823,RESIDENSI ANDALAN,,Latest sales - Block A: 822 units
chinhin,,2026-09-06,30907-1,221,231,BUKIT BOTANIKA,,
chinhin,,2026-09-06,30629-2,477,492,MENARA SENJA,,
exsim,,2026-09-06,30784-1,268,269,BRANNIGANZ SUITES @ BUKIT BINTANG,,Latest sales - Block B: 268 units
exsim,,2026-09-06,20011-3,593,593,DATARAN SENTRAL (D'CLOVER RESIDENCES),,Latest sales - Block A: 593 units
exsim,,2026-09-06,20011-2,767,767,DATARAN SENTRAL (D'TERRA RESIDENCES),,Latest sales - Block B: 767 units
exsim,,2026-09-06,20011-4,664,671,DATARAN SENTRAL (D'TESSERA RESIDENCES),,Latest sales - Block C: 664 units
exsim,,2026-09-06,13666-2,98,98,MENARA SUTERA INDAH (HANAZ SUITES @ KL CITY CENTRE),,
exsim,,2026-09-06,30370-1,319,320,MENARA SUTERA RIA (HUGOZ SUITES @ KL CITY CENTRE),,
exsim,,2026-09-06,30789-1,126,126,KYLIEZ SUITES @ KL CITY CENTRE,,
exsim,,2026-09-06,30571-1,602,603,NOORDINZ SUITES @ GEORGE TOWN,,
exsim,,2026-09-06,30914-1,628,759,MENARA KUBAH (QUBAZ SUITES @ KUALA TERENGGANU),,
exsim,,2026-09-06,30830-1,317,456,SEA CRESTZ @ KUANTAN WATERFRONT RESORT CITY,,
exsim,,2026-09-06,20011-5,192,662,RESIDENSI DAMAI MEKAR (THE ALDENZ),,
exsim,,2026-09-06,31007-1,845,848,RESIDENSI KEBUN TEH (THE ASTERIAZ @ KEBUN TEH),,
exsim,,2026-09-06,20084-1,339,679,THE FIDDLEWOODZ @ KL METROPOLIS,,"Latest sales - Block A: 312 units, Block B: 27 units"
exsim,,2026-09-06,30741-1,1552,1558,THE KINGSWOODZ @ BUKIT JALIL,,"Latest sales - Block A: 457 units, Block B: 505 units, Block C: 590 units"
exsim,,2026-09-06,31088-1,554,671,THE LIGHTHAUZ,,
exsim,,2026-09-06,30741-2,439,1004,RESIDENSI MAHKOTA BUKIT JALIL,,"Latest sales - Block A: 194 units, Block B: 245 units"
exsim,,2026-09-06,30357-2,658,1138,RESIDENSI SERI LESTARI (THE VIVIDZ @ BUKIT JALIL),,"Latest sales - Block A: 358 units, Block B: 300 units"
exsim,,2026-09-06,30357-1,507,508,RESIDENSI SEJAHTERA DAMAI (VELADAZ RESIDENCES @ BUKIT JALIL),,
exsim,,2026-09-06,31100-1,1509,4525,RESIDENSI DATARAN SELATAN (DOVER TOWER),,"Latest sales - Block A: 500 units, Block B: 532 units, Block D: 477 units"
exsim,,2026-09-06,30131-1,424,424,RESIDENSI LAGENDA IPOH,,
mahsing,,2026-09-06,14297-25,158,235,MERIDIN EAST PARCEL 4A5,,
mahsing,,2026-09-06,12324-1,377,377,FERRINGHI RESIDENCE ,"unit count on TEDUH is 377, tracker says 678","Latest sales - Ferringhi Residence 1: 172 units, Ferringhi Residence 2: 205 units"
mahsing,,2026-09-06,14297-24,144,168,MERIDIN EAST JASMINE 2,,
mahsing,,2026-09-06,12029-4,75,833,M AMAYA,,
mahsing,,2026-09-06,31251-1,50,606,RESIDENSI M ARIA,,
mahsing,,2026-09-06,5911-33,1015,1618,RESIDENSI M ASPIRA,,"Latest sales - Block A: 462 units, Block B: 553 units"
mahsing,,2026-09-06,13262-2,370,1544,RESIDENSI M AURORA,,"Latest sales - Block A: 58 units, Block B: 312 units"
mahsing,,2026-09-06,30834-1,796,1140,RESIDENSI M AZURA,,"Latest sales - Block A: 424 units, Block B: 372 units"
mahsing,,2026-09-06,30897-1,652,817,M LEGASI,,
mahsing,,2026-09-06,11202-4,1873,2080,RESIDENSI M NOVA,,"Latest sales - Block A: 614 units, Block B: 611 units, Block C: 648 units"
mahsing,,2026-09-06,11998-4,396,396,PANORA,,
mahsing,,2026-09-06,13425-8,395,999,M SINAR,,Latest sales - Block A: 395 units
mahsing,,2026-09-06,30805-1,581,999,RESIDENSI M TERRA,,
mahsing,,2026-09-06,10279-5,652,754,TAMAN TIARA INDAH (M TIARA),,
mahsing,,2026-09-06,12029-3,233,494,M ZENNI,,
mahsing,,2026-09-06,11430-2,618,619,RESIDENSI M ZENYA,,Latest sales - Block A: 618 units
mahsing,,2026-09-06,9600-6,764,1733,RESIDENSI ANGGUN MEWAH,,"Latest sales - Block A: 502 units, Block B: 262 units"
mahsing,,2026-09-06,30440-1,1476,1526,RESIDENSI ANGGUN,,"Latest sales - Block A: 416 units, Block B: 579 units, Block C: 481 units"
majesticgen,,2026-09-06,30828-2,731,732,RESIDENSI GEN,,
majesticgen,,2026-09-06,30828-3,910,996,RESIDENSI GEN SFERA,,
majesticgen,,2026-09-06,30828-1,355,360,RESIDENSI GEN BINTANG,,
majesticgen,,2026-09-06,30244-1,478,478,RESIDENSI MAJESTIC,,
majesticgen,,2026-09-06,30990-1,98,106,TAMAN YU,,
majesticgen,,2026-09-06,31034-1,393,1012,SOHO SUNWAY MAJESTIC,,"Latest sales - Block A: 297 units, Block B: 96 units"
majesticgen,,2026-09-06,30989-1,73,73,TAMAN SUNGAI DUA UTAMA,,
majesticgen,,2026-09-06,12069-7,0,140,RESIDENSI FLORA,,
malton,,2026-09-06,31139-1,351,562,MUTIARA KEMPAS,,
malton,,2026-09-06,8950-4,13,526,PANGSAPURI MUTIARA TASIK,,"Latest sales - Block N: 7 units, Block S: 6 units"
malton,,2026-09-06,30667-1,393,453,PAVILION BUKIT JALIL,,"Latest sales - Block A: 170 units, Block B: 223 units"
malton,,2026-09-06,14035-6,329,336,RESIDENSI KERINCHI RIA,,
malton,,2026-09-06,14035-4,982,1332,RESIDENSI TAMAN HILIR,,"Latest sales - Block A: 356 units, Block B: 334 units, Block C: 292 units"
maxim,,2026-09-06,30267-1,604,604,RESIDENSI MAX II,,"Latest sales - Block A: 302 units, Block B: 302 units"
maxim,,2026-09-06,31046-1,326,1116,RESIDENSI MAXIM D'PARC,,"Latest sales - Block A: 111 units, Block B: 215 units"
maxim,,2026-09-06,31074-1,1014,2743,RESIDENSI MAXIM PELANGI,,"Latest sales - Block A: 404 units, Block B: 372 units, Block C: 238 units"
maxim,,2026-09-06,30037-1,1236,1236,RESIDENSI MAXIM RISEN,,"Latest sales - Block A: 629 units, Block B: 607 units"
maxim,,2026-09-06,19088-3,523,624,RESIDENSI THE ATAS,,"Latest sales - Block A: 178 units, Block B: 164 units, Block C: 181 units"
platinumvictory,,2026-09-06,30581-1,1673,1688,RESIDENSI MH PLATINUM 3,,"Latest sales - Block A: 863 units, Block B: 810 units"
platinumvictory,,2026-09-06,9832-11,1207,2082,RESIDENSI PV 22,,"Latest sales - Block A: 469 units, Block B: 738 units"
platinumvictory,,2026-09-06,31008-1,525,794,RESIDENSI PLATINUM MELATI,,"Latest sales - Block A: 130 units, Block B: 163 units, Block C: 232 units"
platinumvictory,,2026-09-06,20253-2,467,500,RESIDENSI PLATINUM SAUJANA VISTA 1,,
platinumvictory,,2026-09-06,20253-3,1165,1500,RESIDENSI PLATINUM SAUJANA VIOLET 2 (PSV2),,"Latest sales - Block W: 601 units, Block X: 564 units"
platinumvictory,,2026-09-06,30937-1,18,23,THE MAISON 23,,
skyworld,,2026-09-06,31051-1,457,492,RESIDENSI AWANI PRIMA,,
skyworld,,2026-09-06,30176-1,656,830,RESIDENSI CURVO,,"Latest sales - Block A: 429 units, Block B: 227 units"
skyworld,,2026-09-06,30976-1,241,510,RESIDENSI SKYAMAN 1,,Latest sales - Block A: 241 units
skyworld,,2026-09-06,31075-1,1354,3982,SKYAWANI PEARLMONT RESIDENCES,,"Latest sales - Block 1B: 567 units, Block 1C: 530 units, Block 1D: 257 units"
skyworld,,2026-09-06,19840-2,932,1001,RESIDENSI VESTA,,"Latest sales - Block A: 467 units, Block B: 465 units"
tslaw,,2026-09-06,31031-1,1400,1623,SKYLINE ONE SENTOSA,,"Latest sales - Block A: 728 units, Block B: 672 units"
tslaw,,2026-09-06,30331-1,1825,1838,RESIDENSI SKYLINE KUCHAI,,"Latest sales - Block A: 937 units, Block B: 888 units"
tslaw,,2026-09-06,9158-9,42,42,RESIDENCE HILLS,,
tslaw,,2026-09-06,19760-1,1286,1296,RESIDENSI SKYLINE DUTA AMPANG,,"Latest sales - Block A: 431 units, Block B: 424 units, Block C: 431 units"
trinitygroup,,2026-09-06,30857-1,36,714,PANGSAPURI SERI AURA,,"Latest sales - Block A: 1 units, Block B: 35 units"
trinitygroup,,2026-09-06,20140-2,348,737,BAYU CERIA,,"Latest sales - Block A1: 45 units, Block A2: 203 units, Block B: 100 units"
trinitygroup,,2026-09-06,10826-4,334,535,RESIDENSI RIMBA FLORA,,"Latest sales - Block A: 196 units, Block B: 138 units"
radium,,2026-09-06,30363-2,1128,1218,RESIDENSI DESA TIMUR,,"Latest sales - Block A: 182 units, Block B: 583 units, Block C: 362 units"
radium,,2026-09-06,30363-1,1124,1218,RESIDENSI DESA TIMUR,,"Latest sales - Block D: 602 units, Block E: 522 units"
radium,,2026-09-06,30821-1,523,988,RESIDENSI RADIUM,,"Latest sales - Block A: 261 units, Block B: 262 units"
radium,,2026-09-06,30121-1,380,944,SUITE CANSELOR,,
radium,,2026-09-06,31310-1,0,797,RESIDENSI RADIUM EVARA,,
seputeh,,2026-09-07,32-16,43,146,RESIDENSI EDEN,,"Latest sales - Block A: 2 units, Block B: 6 units, Block C: 4 units, Block D: 10 units, Block E: 2 units, Block F: 2 units, Block G: 10 units, Block H: 7 units"
seputeh,,2026-09-07,30216-1,36,154,PAVILION DAMANSARA HEIGHTS PHASE 2,,"Latest sales - Block RA/N: 34 units, Block RA/S: 2 units"
seputeh,,2026-09-07,30216-2,52,490,PAVILION DAMANSARA HEIGHTS PHASE 2,,"Latest sales - Block RC/N: 14 units, Block RC/S: 38 units"
seputeh,,2026-09-07,31078-1,45,48,VILA BATAI,,
seputeh,,2026-09-07,31274-1,1,244,AOSIS MONT KIARA,,
seputeh,,2026-09-07,2463-23,356,433,PARKCITY RESIDENCES,,
status13,,2026-09-07,31202-1,194,1310,RESIDENSI WARISAN SALAK SELATAN,,"Latest sales - Block A: 106 units, Block B: 88 units"
status13,,2026-09-07,13262-2,370,1544,RESIDENSI M AURORA,,"Latest sales - Block A: 58 units, Block B: 312 units"
status13,,2026-09-07,30590-2,131,996,ARTE STAR,,Latest sales - Block B: 131 units
status13,,2026-09-07,5911-33,1015,1618,RESIDENSI M ASPIRA,,"Latest sales - Block A: 462 units, Block B: 553 units"
status13,,2026-09-07,30363-2,1128,1218,RESIDENSI DESA TIMUR,,"Latest sales - Block A: 182 units, Block B: 583 units, Block C: 362 units"
status13,,2026-09-07,30821-1,523,988,RESIDENSI RADIUM,,"Latest sales - Block A: 261 units, Block B: 262 units"
status13,,2026-09-07,30366-1,470,482,RESIDENSI AMBIEN,,Latest sales - Block A: 470 units
status13,,2026-09-07,13074-4,238,299,RESIDENSI HANA,,
status13,,2026-09-07,8824-5,657,1296,RESIDENSI SUNWAY COCHRANE,,"Latest sales - Block A: 196 units, Block B: 461 units"
status13,,2026-09-07,20253-3,1165,1500,RESIDENSI PLATINUM SAUJANA VIOLET 2 (PSV2),,"Latest sales - Block W: 601 units, Block X: 564 units"
status13,,2026-09-07,30876-1,138,551,RESIDENSI VERIDIAN,,Latest sales - Block A: 138 units
status13,,2026-09-07,30250-2,659,661,RESIDENSI AURUM,,"Latest sales - Block A: 333 units, Block B: 326 units"
status13,,2026-09-07,31332-1,318,830,BINASTRA COCHRANE,,"Latest sales - Block A: 194 units, Block B: 124 units"
johor,,2026-09-07,835-14,310,715,RESIDENSI DWI PESONA,,"Latest sales - Block A: 193 units, Block B: 117 units"
johor,,2026-09-07,30946-1,980,1950,RESIDENSI SENIBONG MUTIARA,,"Latest sales - Block A: 403 units, Block B: 379 units, Block C: 89 units, Block D: 109 units"
johor,,2026-09-07,14523-4,52,416,RESIDENSI PANORAMA SENIBONG,"unit count on TEDUH is 416, tracker says 1500",Latest sales - Block A: 52 units
johor,,2026-09-07,30635-1,1069,2156,RESIDENSI PARKLAND PERMAS,,"Latest sales - Phase 1: 669 units, Phase 2: 400 units"
johor,,2026-09-07,31007-1,845,848,RESIDENSI KEBUN TEH (THE ASTERIAZ @ KEBUN TEH),,
johor,,2026-09-07,31100-1,1509,4525,RESIDENSI DATARAN SELATAN (DOVER TOWER),,"Latest sales - Block A: 500 units, Block B: 532 units, Block D: 477 units"
johor,,2026-09-07,31074-1,1014,2743,RESIDENSI MAXIM PELANGI,,"Latest sales - Block A: 404 units, Block B: 372 units, Block C: 238 units"
johor,,2026-09-07,9600-6,764,1733,RESIDENSI ANGGUN MEWAH,,"Latest sales - Block A: 502 units, Block B: 262 units"
johor,,2026-09-07,31031-1,1400,1623,SKYLINE ONE SENTOSA,,"Latest sales - Block A: 728 units, Block B: 672 units"
johor,,2026-09-07,30828-3,910,996,RESIDENSI GEN SFERA,,
johor,,2026-09-07,13531-2,729,824,RESIDENSI AMBAR RIMBA,,"Latest sales - Block A: 442 units, Block B: 287 units"
johor,,2026-09-07,31034-1,393,1012,SOHO SUNWAY MAJESTIC,,"Latest sales - Block A: 297 units, Block B: 96 units"
johor,,2026-09-07,31149-1,317,1274,RESIDENSI DANGA PARAGON 1,,"Latest sales - Block A: 220 units, Block B: 97 units"
ukay,,2026-09-07,9500-8,93,306,RESIDENSI DAMAI,,"Latest sales - Block A: 53 units, Block B: 40 units"
ukay,,2026-09-07,20140-2,348,737,BAYU CERIA,,"Latest sales - Block A1: 45 units, Block A2: 203 units, Block B: 100 units"
ukay,,2026-09-07,11519-3,343,344,LEA BY THE HILLS,,Latest sales - Block L: 343 units
ukay,,2026-09-07,597-13,228,234,RESIDENSI LAMAN SATU MELAWATI,,
ukay,,2026-09-07,10296-3,273,273,SIERRA HIJAUAN,"unit count on TEDUH is 273, tracker says 310",
ukay,,2026-09-07,12369-1,32,32,EMBUN,"unit count on TEDUH is 32, tracker says 51",
ukay,,2026-09-07,12369-2,7,7,EMBUN,"unit count on TEDUH is 7, tracker says 52",
ukay,,2026-09-07,12166-1,74,74,KETAPANG REALTY SDN BHD,"unit count on TEDUH is 74, tracker says 118",
ukay,,2026-09-07,9500-7,222,222,19TREES,,
ukay,,2026-09-07,9500-2,0,0,"LOT 501, 502 & 503","unit count on TEDUH is 0, tracker says 201",
ukay,,2026-09-07,11078-3,197,296,NADAYU63 @ MELAWATI,,Latest sales - Block B: 197 units
ukay,,2026-09-07,12123-1,81,81,MITRALAND MELAWATI SDN BHD ,"unit count on TEDUH is 81, tracker says 117",
ukay,,2026-09-07,20140-1,456,463,TRINITY WELLNESSA,,"Latest sales - Block A1: 223 units, Block A2: 233 units"
ukay,,2026-09-07,12437-2,104,106,NASSIM HEIGHTS,,
ukay,,2026-09-07,11602-1,11,11,STRONG HERITAGE SDN. BHD.,"unit count on TEDUH is 11, tracker says 15",
seputeh,,2026-09-07,30141-2,8,495,RESIDENSI MAHLIGAI ALAM INDAH (MAIA),,"Latest sales - Block A: 3 units, Block B: 5 units"
armani,,2026-09-07,31112-1,58,186,RESIDENSI ALDERWOOD,,
armani,,2026-09-07,30135-3,73,328,RESIDENSI ARMANI,,
armani,,2026-09-07,30705-2,2,44,HARMONI INDAH,,
armani,,2026-09-07,30273-1,112,232,RESIDENSI ARMANI CAMERON,,
armani,,2026-09-07,30256-2,1006,2215,RESIDENSI ARMANI HALLSON KLCC,,"Latest sales - Block A: 400 units, Block B: 361 units, Block C: 245 units"
armani,,2026-09-07,6820-8,277,306,RESIDENSI ARMANI KEPONG,,
armani,,2026-09-07,30727-1,573,648,RESIDENSI ARMANI SETIA ALAM 1,,"Latest sales - Block A: 92 units, Block B: 481 units"
armani,,2026-09-07,30727-2,285,998,RESIDENSI ARMANI SETIA ALAM 2,,"Latest sales - Block A: 63 units, Block B: 222 units"
armani,,2026-09-07,30339-1,331,338,RESIDENSI ALAM ARMANI,,
armani,,2026-09-07,13975-5,266,315,RESIDENSI ARMANI,,"Latest sales - Block 1: 85 units, Block 2: 82 units, Block 3: 99 units"
armani,,2026-09-07,30641-1,647,653,RESIDENSI LOFTHILL,,
armani,,2026-09-07,13975-6,384,387,RESIDENSI ARMANI KG BARU 1,,
armani,,2026-09-07,30799-1,32,984,RESIDENSI ARMANI PUTRA,,"Latest sales - Block A: 13 units, Block B: 19 units"
armani,,2026-09-07,30393-1,0,30,TAMAN BUKIT TUALANG,,
armani,,2026-09-07,30135-2,96,280,MENARA ARMANI PRESTIJ,,
armani,,2026-09-07,13970-3,81,116,TAMAN PMINT TEBING TEMBAH 2,,
avaland,,2026-09-07,30624-1,125,126,RESIDENSI AETAS SEPUTEH,,"Latest sales - Block A: 70 units, Block B: 55 units"
avaland,,2026-09-07,30162-1,426,770,RESIDENSI ALORA,,"Latest sales - Block A: 317 units, Block B: 109 units"
avaland,,2026-09-07,20185-3,457,468,RESIDENSI AMIKA,,"Latest sales - Block A: 216 units, Block B: 241 units"
avaland,,2026-09-07,9490-3,277,900,RESIDENSI ANJA,,Latest sales - Block A: 277 units
avaland,,2026-09-07,30240-3,181,343,AVALON CYBERSOUTH,,
avaland,,2026-09-07,12047-4,231,606,LAKEFRONT RESIDENCE,,"Latest sales - Block T7: 97 units, Block T8: 134 units"
avaland,,2026-09-07,20017-1,221,226,RESIDENSI AETAS DAMANSARA,,"Latest sales - Block A: 144 units, Block B: 77 units"
binastra,,2026-09-07,31332-1,318,830,BINASTRA COCHRANE,,"Latest sales - Block A: 194 units, Block B: 124 units"
chinhin,,2026-09-07,13531-2,729,824,RESIDENSI AMBAR RIMBA,,"Latest sales - Block A: 442 units, Block B: 287 units"
chinhin,,2026-09-07,30632-1,603,787,RESIDENSI ARIS,,"Latest sales - Block A: 299 units, Block B: 304 units"
chinhin,,2026-09-07,30190-1,809,842,RESIDENSI AVANTRO,,"Latest sales - Block A: 335 units, Block B: 474 units"
chinhin,,2026-09-07,30382-1,761,824,RESIDENSI AYANNA,,"Latest sales - Block A: 322 units, Block B: 439 units"
chinhin,,2026-09-07,30744-1,482,588,THE CROWN,,
chinhin,,2026-09-07,31096-1,276,1033,DIVINE KLCC,,
chinhin,,2026-09-07,30064-1,678,684,SIMFONI RESIDENSI,,"Latest sales - Block A: 313 units, Block B: 365 units"
chinhin,,2026-09-07,30382-3,822,823,RESIDENSI ANDALAN,,Latest sales - Block A: 822 units
chinhin,,2026-09-07,30907-1,221,231,BUKIT BOTANIKA,,
chinhin,,2026-09-07,30629-2,477,492,MENARA SENJA,,
exsim,,2026-09-07,30784-1,268,269,BRANNIGANZ SUITES @ BUKIT BINTANG,,Latest sales - Block B: 268 units
exsim,,2026-09-07,20011-3,593,593,DATARAN SENTRAL (D'CLOVER RESIDENCES),,Latest sales - Block A: 593 units
exsim,,2026-09-07,20011-2,767,767,DATARAN SENTRAL (D'TERRA RESIDENCES),,Latest sales - Block B: 767 units
exsim,,2026-09-07,20011-4,664,671,DATARAN SENTRAL (D'TESSERA RESIDENCES),,Latest sales - Block C: 664 units
exsim,,2026-09-07,13666-2,98,98,MENARA SUTERA INDAH (HANAZ SUITES @ KL CITY CENTRE),,
exsim,,2026-09-07,30370-1,319,320,MENARA SUTERA RIA (HUGOZ SUITES @ KL CITY CENTRE),,
exsim,,2026-09-07,30789-1,126,126,KYLIEZ SUITES @ KL CITY CENTRE,,
exsim,,2026-09-07,30571-1,602,603,NOORDINZ SUITES @ GEORGE TOWN,,
exsim,,2026-09-07,30914-1,629,759,MENARA KUBAH (QUBAZ SUITES @ KUALA TERENGGANU),,
exsim,,2026-09-07,30830-1,317,456,SEA CRESTZ @ KUANTAN WATERFRONT RESORT CITY,,
exsim,,2026-09-07,20011-5,192,662,RESIDENSI DAMAI MEKAR (THE ALDENZ),,
exsim,,2026-09-07,31007-1,845,848,RESIDENSI KEBUN TEH (THE ASTERIAZ @ KEBUN TEH),,
exsim,,2026-09-07,20084-1,339,679,THE FIDDLEWOODZ @ KL METROPOLIS,,"Latest sales - Block A: 312 units, Block B: 27 units"
exsim,,2026-09-07,30741-1,1552,1558,THE KINGSWOODZ @ BUKIT JALIL,,"Latest sales - Block A: 457 units, Block B: 505 units, Block C: 590 units"
exsim,,2026-09-07,31088-1,554,671,THE LIGHTHAUZ,,
exsim,,2026-09-07,30741-2,439,1004,RESIDENSI MAHKOTA BUKIT JALIL,,"Latest sales - Block A: 194 units, Block B: 245 units"
exsim,,2026-09-07,30357-2,658,1138,RESIDENSI SERI LESTARI (THE VIVIDZ @ BUKIT JALIL),,"Latest sales - Block A: 358 units, Block B: 300 units"
exsim,,2026-09-07,30357-1,507,508,RESIDENSI SEJAHTERA DAMAI (VELADAZ RESIDENCES @ BUKIT JALIL),,
exsim,,2026-09-07,31100-1,1509,4525,RESIDENSI DATARAN SELATAN (DOVER TOWER),,"Latest sales - Block A: 500 units, Block B: 532 units, Block D: 477 units"
exsim,,2026-09-07,30131-1,424,424,RESIDENSI LAGENDA IPOH,,
mahsing,,2026-09-07,14297-25,158,235,MERIDIN EAST PARCEL 4A5,,
mahsing,,2026-09-07,12324-1,377,377,FERRINGHI RESIDENCE ,"unit count on TEDUH is 377, tracker says 678","Latest sales - Ferringhi Residence 1: 172 units, Ferringhi Residence 2: 205 units"
mahsing,,2026-09-07,14297-24,144,168,MERIDIN EAST JASMINE 2,,
mahsing,,2026-09-07,12029-4,75,833,M AMAYA,,
mahsing,,2026-09-07,31251-1,50,606,RESIDENSI M ARIA,,
mahsing,,2026-09-07,5911-33,1015,1618,RESIDENSI M ASPIRA,,"Latest sales - Block A: 462 units, Block B: 553 units"
mahsing,,2026-09-07,13262-2,370,1544,RESIDENSI M AURORA,,"Latest sales - Block A: 58 units, Block B: 312 units"
mahsing,,2026-09-07,30834-1,796,1140,RESIDENSI M AZURA,,"Latest sales - Block A: 424 units, Block B: 372 units"
mahsing,,2026-09-07,30897-1,652,817,M LEGASI,,
mahsing,,2026-09-07,11202-4,1873,2080,RESIDENSI M NOVA,,"Latest sales - Block A: 614 units, Block B: 611 units, Block C: 648 units"
mahsing,,2026-09-07,11998-4,396,396,PANORA,,
mahsing,,2026-09-07,13425-8,395,999,M SINAR,,Latest sales - Block A: 395 units
mahsing,,2026-09-07,30805-1,581,999,RESIDENSI M TERRA,,
mahsing,,2026-09-07,10279-5,652,754,TAMAN TIARA INDAH (M TIARA),,
mahsing,,2026-09-07,12029-3,233,494,M ZENNI,,
mahsing,,2026-09-07,11430-2,618,619,RESIDENSI M ZENYA,,Latest sales - Block A: 618 units
mahsing,,2026-09-07,9600-6,764,1733,RESIDENSI ANGGUN MEWAH,,"Latest sales - Block A: 502 units, Block B: 262 units"
mahsing,,2026-09-07,30440-1,1476,1526,RESIDENSI ANGGUN,,"Latest sales - Block A: 416 units, Block B: 579 units, Block C: 481 units"
majesticgen,,2026-09-07,30828-2,731,732,RESIDENSI GEN,,
majesticgen,,2026-09-07,30828-3,910,996,RESIDENSI GEN SFERA,,
majesticgen,,2026-09-07,30828-1,355,360,RESIDENSI GEN BINTANG,,
majesticgen,,2026-09-07,30244-1,478,478,RESIDENSI MAJESTIC,,
majesticgen,,2026-09-07,30990-1,98,106,TAMAN YU,,
majesticgen,,2026-09-07,31034-1,393,1012,SOHO SUNWAY MAJESTIC,,"Latest sales - Block A: 297 units, Block B: 96 units"
majesticgen,,2026-09-07,30989-1,73,73,TAMAN SUNGAI DUA UTAMA,,
majesticgen,,2026-09-07,12069-7,0,140,RESIDENSI FLORA,,
malton,,2026-09-07,31139-1,351,562,MUTIARA KEMPAS,,
malton,,2026-09-07,8950-4,13,526,PANGSAPURI MUTIARA TASIK,,"Latest sales - Block N: 7 units, Block S: 6 units"
malton,,2026-09-07,30667-1,393,453,PAVILION BUKIT JALIL,,"Latest sales - Block A: 170 units, Block B: 223 units"
malton,,2026-09-07,14035-6,329,336,RESIDENSI KERINCHI RIA,,
malton,,2026-09-07,14035-4,982,1332,RESIDENSI TAMAN HILIR,,"Latest sales - Block A: 356 units, Block B: 334 units, Block C: 292 units"
maxim,,2026-09-07,30267-1,604,604,RESIDENSI MAX II,,"Latest sales - Block A: 302 units, Block B: 302 units"
maxim,,2026-09-07,31046-1,326,1116,RESIDENSI MAXIM D'PARC,,"Latest sales - Block A: 111 units, Block B: 215 units"
maxim,,2026-09-07,31074-1,1014,2743,RESIDENSI MAXIM PELANGI,,"Latest sales - Block A: 404 units, Block B: 372 units, Block C: 238 units"
maxim,,2026-09-07,30037-1,1236,1236,RESIDENSI MAXIM RISEN,,"Latest sales - Block A: 629 units, Block B: 607 units"
maxim,,2026-09-07,19088-3,523,624,RESIDENSI THE ATAS,,"Latest sales - Block A: 178 units, Block B: 164 units, Block C: 181 units"
platinumvictory,,2026-09-07,30581-1,1673,1688,RESIDENSI MH PLATINUM 3,,"Latest sales - Block A: 863 units, Block B: 810 units"
platinumvictory,,2026-09-07,9832-11,1207,2082,RESIDENSI PV 22,,"Latest sales - Block A: 469 units, Block B: 738 units"
platinumvictory,,2026-09-07,31008-1,525,794,RESIDENSI PLATINUM MELATI,,"Latest sales - Block A: 130 units, Block B: 163 units, Block C: 232 units"
platinumvictory,,2026-09-07,20253-2,467,500,RESIDENSI PLATINUM SAUJANA VISTA 1,,
platinumvictory,,2026-09-07,20253-3,1165,1500,RESIDENSI PLATINUM SAUJANA VIOLET 2 (PSV2),,"Latest sales - Block W: 601 units, Block X: 564 units"
platinumvictory,,2026-09-07,30937-1,18,23,THE MAISON 23,,
skyworld,,2026-09-07,31051-1,457,492,RESIDENSI AWANI PRIMA,,
skyworld,,2026-09-07,30176-1,656,830,RESIDENSI CURVO,,"Latest sales - Block A: 429 units, Block B: 227 units"
skyworld,,2026-09-07,30976-1,241,510,RESIDENSI SKYAMAN 1,,Latest sales - Block A: 241 units
skyworld,,2026-09-07,31075-1,1354,3982,SKYAWANI PEARLMONT RESIDENCES,,"Latest sales - Block 1B: 567 units, Block 1C: 530 units, Block 1D: 257 units"
skyworld,,2026-09-07,19840-2,932,1001,RESIDENSI VESTA,,"Latest sales - Block A: 467 units, Block B: 465 units"
tslaw,,2026-09-07,31031-1,1400,1623,SKYLINE ONE SENTOSA,,"Latest sales - Block A: 728 units, Block B: 672 units"
tslaw,,2026-09-07,30331-1,1825,1838,RESIDENSI SKYLINE KUCHAI,,"Latest sales - Block A: 937 units, Block B: 888 units"
tslaw,,2026-09-07,9158-9,42,42,RESIDENCE HILLS,,
tslaw,,2026-09-07,19760-1,1286,1296,RESIDENSI SKYLINE DUTA AMPANG,,"Latest sales - Block A: 431 units, Block B: 424 units, Block C: 431 units"
trinitygroup,,2026-09-07,30857-1,36,714,PANGSAPURI SERI AURA,,"Latest sales - Block A: 1 units, Block B: 35 units"
trinitygroup,,2026-09-07,20140-2,348,737,BAYU CERIA,,"Latest sales - Block A1: 45 units, Block A2: 203 units, Block B: 100 units"
trinitygroup,,2026-09-07,10826-4,334,535,RESIDENSI RIMBA FLORA,,"Latest sales - Block A: 196 units, Block B: 138 units"
radium,,2026-09-07,30363-2,1128,1218,RESIDENSI DESA TIMUR,,"Latest sales - Block A: 182 units, Block B: 583 units, Block C: 362 units"
radium,,2026-09-07,30363-1,1124,1218,RESIDENSI DESA TIMUR,,"Latest sales - Block D: 602 units, Block E: 522 units"
radium,,2026-09-07,30821-1,523,988,RESIDENSI RADIUM,,"Latest sales - Block A: 261 units, Block B: 262 units"
radium,,2026-09-07,30121-1,380,944,SUITE CANSELOR,,
radium,,2026-09-07,31310-1,0,797,RESIDENSI RADIUM EVARA,,
seputeh,,2026-09-08,32-16,43,146,RESIDENSI EDEN,,"Latest sales - Block A: 2 units, Block B: 6 units, Block C: 4 units, Block D: 10 units, Block E: 2 units, Block F: 2 units, Block G: 10 units, Block H: 7 units"
seputeh,,2026-09-08,30216-1,36,154,PAVILION DAMANSARA HEIGHTS PHASE 2,,"Latest sales - Block RA/N: 34 units, Block RA/S: 2 units"
seputeh,,2026-09-08,30216-2,52,490,PAVILION DAMANSARA HEIGHTS PHASE 2,,"Latest sales - Block RC/N: 14 units, Block RC/S: 38 units"
seputeh,,2026-09-08,31078-1,45,48,VILA BATAI,,
seputeh,,2026-09-08,31274-1,1,244,AOSIS MONT KIARA,,
seputeh,,2026-09-08,2463-23,356,433,PARKCITY RESIDENCES,,
status13,,2026-09-08,31202-1,198,1310,RESIDENSI WARISAN SALAK SELATAN,,"Latest sales - Block A: 109 units, Block B: 89 units"
status13,,2026-09-08,13262-2,372,1544,RESIDENSI M AURORA,,"Latest sales - Block A: 59 units, Block B: 313 units"
status13,,2026-09-08,30590-2,134,996,ARTE STAR,,Latest sales - Block B: 134 units
status13,,2026-09-08,5911-33,1017,1618,RESIDENSI M ASPIRA,,"Latest sales - Block A: 462 units, Block B: 555 units"
status13,,2026-09-08,30363-2,1128,1218,RESIDENSI DESA TIMUR,,"Latest sales - Block A: 182 units, Block B: 583 units, Block C: 362 units"
status13,,2026-09-08,30821-1,524,988,RESIDENSI RADIUM,,"Latest sales - Block A: 262 units, Block B: 262 units"
status13,,2026-09-08,30366-1,470,482,RESIDENSI AMBIEN,,Latest sales - Block A: 470 units
status13,,2026-09-08,13074-4,238,299,RESIDENSI HANA,,
status13,,2026-09-08,8824-5,658,1296,RESIDENSI SUNWAY COCHRANE,,"Latest sales - Block A: 196 units, Block B: 462 units"
status13,,2026-09-08,20253-3,1166,1500,RESIDENSI PLATINUM SAUJANA VIOLET 2 (PSV2),,"Latest sales - Block W: 602 units, Block X: 564 units"
status13,,2026-09-08,30876-1,138,551,RESIDENSI VERIDIAN,,Latest sales - Block A: 138 units
status13,,2026-09-08,30250-2,659,661,RESIDENSI AURUM,,"Latest sales - Block A: 333 units, Block B: 326 units"
status13,,2026-09-08,31332-1,323,830,BINASTRA COCHRANE,,"Latest sales - Block A: 197 units, Block B: 126 units"
johor,,2026-09-08,835-14,311,715,RESIDENSI DWI PESONA,,"Latest sales - Block A: 193 units, Block B: 118 units"
johor,,2026-09-08,30946-1,981,1950,RESIDENSI SENIBONG MUTIARA,,"Latest sales - Block A: 404 units, Block B: 379 units, Block C: 89 units, Block D: 109 units"
johor,,2026-09-08,14523-4,53,416,RESIDENSI PANORAMA SENIBONG,"unit count on TEDUH is 416, tracker says 1500",Latest sales - Block A: 53 units
johor,,2026-09-08,30635-1,1070,2156,RESIDENSI PARKLAND PERMAS,,"Latest sales - Phase 1: 670 units, Phase 2: 400 units"
johor,,2026-09-08,31007-1,845,848,RESIDENSI KEBUN TEH (THE ASTERIAZ @ KEBUN TEH),,
johor,,2026-09-08,31100-1,1511,4525,RESIDENSI DATARAN SELATAN (DOVER TOWER),,"Latest sales - Block A: 500 units, Block B: 533 units, Block D: 478 units"
johor,,2026-09-08,31074-1,1016,2743,RESIDENSI MAXIM PELANGI,,"Latest sales - Block A: 404 units, Block B: 372 units, Block C: 240 units"
johor,,2026-09-08,9600-6,765,1733,RESIDENSI ANGGUN MEWAH,,"Latest sales - Block A: 502 units, Block B: 263 units"
johor,,2026-09-08,31031-1,1401,1623,SKYLINE ONE SENTOSA,,"Latest sales - Block A: 728 units, Block B: 673 units"
johor,,2026-09-08,30828-3,910,996,RESIDENSI GEN SFERA,,
johor,,2026-09-08,13531-2,730,824,RESIDENSI AMBAR RIMBA,,"Latest sales - Block A: 443 units, Block B: 287 units"
johor,,2026-09-08,31034-1,393,1012,SOHO SUNWAY MAJESTIC,,"Latest sales - Block A: 297 units, Block B: 96 units"
johor,,2026-09-08,31149-1,318,1274,RESIDENSI DANGA PARAGON 1,,"Latest sales - Block A: 221 units, Block B: 97 units"
ukay,,2026-09-08,9500-8,93,306,RESIDENSI DAMAI,,"Latest sales - Block A: 53 units, Block B: 40 units"
ukay,,2026-09-08,20140-2,348,737,BAYU CERIA,,"Latest sales - Block A1: 45 units, Block A2: 203 units, Block B: 100 units"
ukay,,2026-09-08,11519-3,343,344,LEA BY THE HILLS,,Latest sales - Block L: 343 units
ukay,,2026-09-08,597-13,228,234,RESIDENSI LAMAN SATU MELAWATI,,
ukay,,2026-09-08,10296-3,273,273,SIERRA HIJAUAN,"unit count on TEDUH is 273, tracker says 310",
ukay,,2026-09-08,12369-1,32,32,EMBUN,"unit count on TEDUH is 32, tracker says 51",
ukay,,2026-09-08,12369-2,7,7,EMBUN,"unit count on TEDUH is 7, tracker says 52",
ukay,,2026-09-08,12166-1,74,74,KETAPANG REALTY SDN BHD,"unit count on TEDUH is 74, tracker says 118",
ukay,,2026-09-08,9500-7,222,222,19TREES,,
ukay,,2026-09-08,9500-2,0,0,"LOT 501, 502 & 503","unit count on TEDUH is 0, tracker says 201",
ukay,,2026-09-08,11078-3,197,296,NADAYU63 @ MELAWATI,,Latest sales - Block B: 197 units
ukay,,2026-09-08,12123-1,81,81,MITRALAND MELAWATI SDN BHD ,"unit count on TEDUH is 81, tracker says 117",
ukay,,2026-09-08,20140-1,456,463,TRINITY WELLNESSA,,"Latest sales - Block A1: 223 units, Block A2: 233 units"
ukay,,2026-09-08,12437-2,104,106,NASSIM HEIGHTS,,
ukay,,2026-09-08,11602-1,11,11,STRONG HERITAGE SDN. BHD.,"unit count on TEDUH is 11, tracker says 15",
seputeh,,2026-09-08,30141-2,20,495,RESIDENSI MAHLIGAI ALAM INDAH (MAIA),,"Latest sales - Block A: 11 units, Block B: 9 units"
armani,,2026-09-08,31112-1,58,186,RESIDENSI ALDERWOOD,,
armani,,2026-09-08,30135-3,73,328,RESIDENSI ARMANI,,
armani,,2026-09-08,30705-2,2,44,HARMONI INDAH,,
armani,,2026-09-08,30273-1,112,232,RESIDENSI ARMANI CAMERON,,
armani,,2026-09-08,30256-2,1008,2215,RESIDENSI ARMANI HALLSON KLCC,,"Latest sales - Block A: 400 units, Block B: 362 units, Block C: 246 units"
armani,,2026-09-08,6820-8,277,306,RESIDENSI ARMANI KEPONG,,
armani,,2026-09-08,30727-1,573,648,RESIDENSI ARMANI SETIA ALAM 1,,"Latest sales - Block A: 92 units, Block B: 481 units"
armani,,2026-09-08,30727-2,286,998,RESIDENSI ARMANI SETIA ALAM 2,,"Latest sales - Block A: 64 units, Block B: 222 units"
armani,,2026-09-08,30339-1,331,338,RESIDENSI ALAM ARMANI,,
armani,,2026-09-08,13975-5,266,315,RESIDENSI ARMANI,,"Latest sales - Block 1: 85 units, Block 2: 82 units, Block 3: 99 units"
armani,,2026-09-08,30641-1,647,653,RESIDENSI LOFTHILL,,
armani,,2026-09-08,13975-6,384,387,RESIDENSI ARMANI KG BARU 1,,
armani,,2026-09-08,30799-1,32,984,RESIDENSI ARMANI PUTRA,,"Latest sales - Block A: 13 units, Block B: 19 units"
armani,,2026-09-08,30393-1,0,30,TAMAN BUKIT TUALANG,,
armani,,2026-09-08,30135-2,97,280,MENARA ARMANI PRESTIJ,,
armani,,2026-09-08,13970-3,81,116,TAMAN PMINT TEBING TEMBAH 2,,
avaland,,2026-09-08,30624-1,125,126,RESIDENSI AETAS SEPUTEH,,"Latest sales - Block A: 70 units, Block B: 55 units"
avaland,,2026-09-08,30162-1,426,770,RESIDENSI ALORA,,"Latest sales - Block A: 317 units, Block B: 109 units"
avaland,,2026-09-08,20185-3,457,468,RESIDENSI AMIKA,,"Latest sales - Block A: 216 units, Block B: 241 units"
avaland,,2026-09-08,9490-3,277,900,RESIDENSI ANJA,,Latest sales - Block A: 277 units
avaland,,2026-09-08,30240-3,181,343,AVALON CYBERSOUTH,,
avaland,,2026-09-08,12047-4,231,606,LAKEFRONT RESIDENCE,,"Latest sales - Block T7: 97 units, Block T8: 134 units"
avaland,,2026-09-08,20017-1,221,226,RESIDENSI AETAS DAMANSARA,,"Latest sales - Block A: 144 units, Block B: 77 units"
binastra,,2026-09-08,31332-1,323,830,BINASTRA COCHRANE,,"Latest sales - Block A: 197 units, Block B: 126 units"
chinhin,,2026-09-08,13531-2,730,824,RESIDENSI AMBAR RIMBA,,"Latest sales - Block A: 443 units, Block B: 287 units"
chinhin,,2026-09-08,30632-1,603,787,RESIDENSI ARIS,,"Latest sales - Block A: 299 units, Block B: 304 units"
chinhin,,2026-09-08,30190-1,809,842,RESIDENSI AVANTRO,,"Latest sales - Block A: 335 units, Block B: 474 units"
chinhin,,2026-09-08,30382-1,761,824,RESIDENSI AYANNA,,"Latest sales - Block A: 322 units, Block B: 439 units"
chinhin,,2026-09-08,30744-1,483,588,THE CROWN,,
chinhin,,2026-09-08,31096-1,278,1033,DIVINE KLCC,,
chinhin,,2026-09-08,30064-1,678,684,SIMFONI RESIDENSI,,"Latest sales - Block A: 313 units, Block B: 365 units"
chinhin,,2026-09-08,30382-3,822,823,RESIDENSI ANDALAN,,Latest sales - Block A: 822 units
chinhin,,2026-09-08,30907-1,221,231,BUKIT BOTANIKA,,
chinhin,,2026-09-08,30629-2,477,492,MENARA SENJA,,
exsim,,2026-09-08,30784-1,268,269,BRANNIGANZ SUITES @ BUKIT BINTANG,,Latest sales - Block B: 268 units
exsim,,2026-09-08,20011-3,593,593,DATARAN SENTRAL (D'CLOVER RESIDENCES),,Latest sales - Block A: 593 units
exsim,,2026-09-08,20011-2,767,767,DATARAN SENTRAL (D'TERRA RESIDENCES),,Latest sales - Block B: 767 units
exsim,,2026-09-08,20011-4,664,671,DATARAN SENTRAL (D'TESSERA RESIDENCES),,Latest sales - Block C: 664 units
exsim,,2026-09-08,13666-2,98,98,MENARA SUTERA INDAH (HANAZ SUITES @ KL CITY CENTRE),,
exsim,,2026-09-08,30370-1,319,320,MENARA SUTERA RIA (HUGOZ SUITES @ KL CITY CENTRE),,
exsim,,2026-09-08,30789-1,126,126,KYLIEZ SUITES @ KL CITY CENTRE,,
exsim,,2026-09-08,30571-1,602,603,NOORDINZ SUITES @ GEORGE TOWN,,
exsim,,2026-09-08,30914-1,630,759,MENARA KUBAH (QUBAZ SUITES @ KUALA TERENGGANU),,
exsim,,2026-09-08,30830-1,317,456,SEA CRESTZ @ KUANTAN WATERFRONT RESORT CITY,,
exsim,,2026-09-08,20011-5,199,662,RESIDENSI DAMAI MEKAR (THE ALDENZ),,
exsim,,2026-09-08,31007-1,845,848,RESIDENSI KEBUN TEH (THE ASTERIAZ @ KEBUN TEH),,
exsim,,2026-09-08,20084-1,339,679,THE FIDDLEWOODZ @ KL METROPOLIS,,"Latest sales - Block A: 312 units, Block B: 27 units"
exsim,,2026-09-08,30741-1,1552,1558,THE KINGSWOODZ @ BUKIT JALIL,,"Latest sales - Block A: 457 units, Block B: 505 units, Block C: 590 units"
exsim,,2026-09-08,31088-1,555,671,THE LIGHTHAUZ,,
exsim,,2026-09-08,30741-2,439,1004,RESIDENSI MAHKOTA BUKIT JALIL,,"Latest sales - Block A: 194 units, Block B: 245 units"
exsim,,2026-09-08,30357-2,658,1138,RESIDENSI SERI LESTARI (THE VIVIDZ @ BUKIT JALIL),,"Latest sales - Block A: 358 units, Block B: 300 units"
exsim,,2026-09-08,30357-1,507,508,RESIDENSI SEJAHTERA DAMAI (VELADAZ RESIDENCES @ BUKIT JALIL),,
exsim,,2026-09-08,31100-1,1511,4525,RESIDENSI DATARAN SELATAN (DOVER TOWER),,"Latest sales - Block A: 500 units, Block B: 533 units, Block D: 478 units"
exsim,,2026-09-08,30131-1,424,424,RESIDENSI LAGENDA IPOH,,
mahsing,,2026-09-08,14297-25,158,235,MERIDIN EAST PARCEL 4A5,,
mahsing,,2026-09-08,12324-1,377,377,FERRINGHI RESIDENCE ,"unit count on TEDUH is 377, tracker says 678","Latest sales - Ferringhi Residence 1: 172 units, Ferringhi Residence 2: 205 units"
mahsing,,2026-09-08,14297-24,144,168,MERIDIN EAST JASMINE 2,,
mahsing,,2026-09-08,12029-4,75,833,M AMAYA,,
mahsing,,2026-09-08,31251-1,52,606,RESIDENSI M ARIA,,
mahsing,,2026-09-08,5911-33,1017,1618,RESIDENSI M ASPIRA,,"Latest sales - Block A: 462 units, Block B: 555 units"
mahsing,,2026-09-08,13262-2,372,1544,RESIDENSI M AURORA,,"Latest sales - Block A: 59 units, Block B: 313 units"
mahsing,,2026-09-08,30834-1,798,1140,RESIDENSI M AZURA,,"Latest sales - Block A: 425 units, Block B: 373 units"
mahsing,,2026-09-08,30897-1,652,817,M LEGASI,,
mahsing,,2026-09-08,11202-4,1873,2080,RESIDENSI M NOVA,,"Latest sales - Block A: 614 units, Block B: 611 units, Block C: 648 units"
mahsing,,2026-09-08,11998-4,396,396,PANORA,,
mahsing,,2026-09-08,13425-8,395,999,M SINAR,,Latest sales - Block A: 395 units
mahsing,,2026-09-08,30805-1,582,999,RESIDENSI M TERRA,,
mahsing,,2026-09-08,10279-5,652,754,TAMAN TIARA INDAH (M TIARA),,
mahsing,,2026-09-08,12029-3,233,494,M ZENNI,,
mahsing,,2026-09-08,11430-2,618,619,RESIDENSI M ZENYA,,Latest sales - Block A: 618 units
mahsing,,2026-09-08,9600-6,765,1733,RESIDENSI ANGGUN MEWAH,,"Latest sales - Block A: 502 units, Block B: 263 units"
mahsing,,2026-09-08,30440-1,1476,1526,RESIDENSI ANGGUN,,"Latest sales - Block A: 416 units, Block B: 579 units, Block C: 481 units"
majesticgen,,2026-09-08,30828-2,731,732,RESIDENSI GEN,,
majesticgen,,2026-09-08,30828-3,910,996,RESIDENSI GEN SFERA,,
majesticgen,,2026-09-08,30828-1,355,360,RESIDENSI GEN BINTANG,,
majesticgen,,2026-09-08,30244-1,478,478,RESIDENSI MAJESTIC,,
majesticgen,,2026-09-08,30990-1,98,106,TAMAN YU,,
majesticgen,,2026-09-08,31034-1,393,1012,SOHO SUNWAY MAJESTIC,,"Latest sales - Block A: 297 units, Block B: 96 units"
majesticgen,,2026-09-08,30989-1,73,73,TAMAN SUNGAI DUA UTAMA,,
majesticgen,,2026-09-08,12069-7,0,140,RESIDENSI FLORA,,
malton,,2026-09-08,31139-1,353,562,MUTIARA KEMPAS,,
malton,,2026-09-08,8950-4,13,526,PANGSAPURI MUTIARA TASIK,,"Latest sales - Block N: 7 units, Block S: 6 units"
malton,,2026-09-08,30667-1,393,453,PAVILION BUKIT JALIL,,"Latest sales - Block A: 170 units, Block B: 223 units"
malton,,2026-09-08,14035-6,329,336,RESIDENSI KERINCHI RIA,,
malton,,2026-09-08,14035-4,983,1332,RESIDENSI TAMAN HILIR,,"Latest sales - Block A: 356 units, Block B: 334 units, Block C: 293 units"
maxim,,2026-09-08,30267-1,604,604,RESIDENSI MAX II,,"Latest sales - Block A: 302 units, Block B: 302 units"
maxim,,2026-09-08,31046-1,326,1116,RESIDENSI MAXIM D'PARC,,"Latest sales - Block A: 112 units, Block B: 214 units"
maxim,,2026-09-08,31074-1,1016,2743,RESIDENSI MAXIM PELANGI,,"Latest sales - Block A: 404 units, Block B: 372 units, Block C: 240 units"
maxim,,2026-09-08,30037-1,1236,1236,RESIDENSI MAXIM RISEN,,"Latest sales - Block A: 629 units, Block B: 607 units"
maxim,,2026-09-08,19088-3,525,624,RESIDENSI THE ATAS,,"Latest sales - Block A: 178 units, Block B: 165 units, Block C: 182 units"
platinumvictory,,2026-09-08,30581-1,1673,1688,RESIDENSI MH PLATINUM 3,,"Latest sales - Block A: 863 units, Block B: 810 units"
platinumvictory,,2026-09-08,9832-11,1210,2082,RESIDENSI PV 22,,"Latest sales - Block A: 470 units, Block B: 740 units"
platinumvictory,,2026-09-08,31008-1,525,794,RESIDENSI PLATINUM MELATI,,"Latest sales - Block A: 130 units, Block B: 163 units, Block C: 232 units"
platinumvictory,,2026-09-08,20253-2,467,500,RESIDENSI PLATINUM SAUJANA VISTA 1,,
platinumvictory,,2026-09-08,20253-3,1166,1500,RESIDENSI PLATINUM SAUJANA VIOLET 2 (PSV2),,"Latest sales - Block W: 602 units, Block X: 564 units"
platinumvictory,,2026-09-08,30937-1,18,23,THE MAISON 23,,
skyworld,,2026-09-08,31051-1,457,492,RESIDENSI AWANI PRIMA,,
skyworld,,2026-09-08,30176-1,656,830,RESIDENSI CURVO,,"Latest sales - Block A: 429 units, Block B: 227 units"
skyworld,,2026-09-08,30976-1,241,510,RESIDENSI SKYAMAN 1,,Latest sales - Block A: 241 units
skyworld,,2026-09-08,31075-1,1358,3982,SKYAWANI PEARLMONT RESIDENCES,,"Latest sales - Block 1B: 567 units, Block 1C: 531 units, Block 1D: 260 units"
skyworld,,2026-09-08,19840-2,932,1001,RESIDENSI VESTA,,"Latest sales - Block A: 467 units, Block B: 465 units"
tslaw,,2026-09-08,31031-1,1401,1623,SKYLINE ONE SENTOSA,,"Latest sales - Block A: 728 units, Block B: 673 units"
tslaw,,2026-09-08,30331-1,1825,1838,RESIDENSI SKYLINE KUCHAI,,"Latest sales - Block A: 937 units, Block B: 888 units"
tslaw,,2026-09-08,9158-9,42,42,RESIDENCE HILLS,,
tslaw,,2026-09-08,19760-1,1286,1296,RESIDENSI SKYLINE DUTA AMPANG,,"Latest sales - Block A: 431 units, Block B: 424 units, Block C: 431 units"
trinitygroup,,2026-09-08,30857-1,36,714,PANGSAPURI SERI AURA,,"Latest sales - Block A: 1 units, Block B: 35 units"
trinitygroup,,2026-09-08,20140-2,348,737,BAYU CERIA,,"Latest sales - Block A1: 45 units, Block A2: 203 units, Block B: 100 units"
trinitygroup,,2026-09-08,10826-4,334,535,RESIDENSI RIMBA FLORA,,"Latest sales - Block A: 196 units, Block B: 138 units"
radium,,2026-09-08,30363-2,1128,1218,RESIDENSI DESA TIMUR,,"Latest sales - Block A: 182 units, Block B: 583 units, Block C: 362 units"
radium,,2026-09-08,30363-1,1124,1218,RESIDENSI DESA TIMUR,,"Latest sales - Block D: 602 units, Block E: 522 units"
radium,,2026-09-08,30821-1,524,988,RESIDENSI RADIUM,,"Latest sales - Block A: 262 units, Block B: 262 units"
radium,,2026-09-08,30121-1,381,944,SUITE CANSELOR,,
radium,,2026-09-08,31310-1,0,797,RESIDENSI RADIUM EVARA,,
seputeh,,2026-09-09,32-16,43,146,RESIDENSI EDEN,,"Latest sales - Block A: 2 units, Block B: 6 units, Block C: 4 units, Block D: 10 units, Block E: 2 units, Block F: 2 units, Block G: 10 units, Block H: 7 units"
seputeh,,2026-09-09,30216-1,36,154,PAVILION DAMANSARA HEIGHTS PHASE 2,,"Latest sales - Block RA/N: 34 units, Block RA/S: 2 units"
seputeh,,2026-09-09,30216-2,54,490,PAVILION DAMANSARA HEIGHTS PHASE 2,,"Latest sales - Block RC/N: 14 units, Block RC/S: 40 units"
seputeh,,2026-09-09,31078-1,45,48,VILA BATAI,,
seputeh,,2026-09-09,31274-1,1,244,AOSIS MONT KIARA,,
seputeh,,2026-09-09,2463-23,357,433,PARKCITY RESIDENCES,,
status13,,2026-09-09,31202-1,200,1310,RESIDENSI WARISAN SALAK SELATAN,,"Latest sales - Block A: 110 units, Block B: 90 units"
status13,,2026-09-09,13262-2,379,1544,RESIDENSI M AURORA,,"Latest sales - Block A: 63 units, Block B: 316 units"
status13,,2026-09-09,30590-2,134,996,ARTE STAR,,Latest sales - Block B: 134 units
status13,,2026-09-09,5911-33,1017,1618,RESIDENSI M ASPIRA,,"Latest sales - Block A: 462 units, Block B: 555 units"
status13,,2026-09-09,30363-2,1128,1218,RESIDENSI DESA TIMUR,,"Latest sales - Block A: 182 units, Block B: 583 units, Block C: 362 units"
status13,,2026-09-09,30821-1,524,988,RESIDENSI RADIUM,,"Latest sales - Block A: 261 units, Block B: 263 units"
status13,,2026-09-09,30366-1,470,482,RESIDENSI AMBIEN,,Latest sales - Block A: 470 units
status13,,2026-09-09,13074-4,238,299,RESIDENSI HANA,,
status13,,2026-09-09,8824-5,661,1296,RESIDENSI SUNWAY COCHRANE,,"Latest sales - Block A: 197 units, Block B: 464 units"
status13,,2026-09-09,20253-3,1167,1500,RESIDENSI PLATINUM SAUJANA VIOLET 2 (PSV2),,"Latest sales - Block W: 602 units, Block X: 565 units"
status13,,2026-09-09,30876-1,140,551,RESIDENSI VERIDIAN,,Latest sales - Block A: 140 units
status13,,2026-09-09,30250-2,659,661,RESIDENSI AURUM,,"Latest sales - Block A: 333 units, Block B: 326 units"
status13,,2026-09-09,31332-1,335,830,BINASTRA COCHRANE,,"Latest sales - Block A: 202 units, Block B: 133 units"
johor,,2026-09-09,835-14,312,715,RESIDENSI DWI PESONA,,"Latest sales - Block A: 193 units, Block B: 119 units"
johor,,2026-09-09,30946-1,981,1950,RESIDENSI SENIBONG MUTIARA,,"Latest sales - Block A: 404 units, Block B: 379 units, Block C: 89 units, Block D: 109 units"
johor,,2026-09-09,14523-4,53,416,RESIDENSI PANORAMA SENIBONG,"unit count on TEDUH is 416, tracker says 1500",Latest sales - Block A: 53 units
johor,,2026-09-09,30635-1,1071,2156,RESIDENSI PARKLAND PERMAS,,"Latest sales - Phase 1: 670 units, Phase 2: 401 units"
johor,,2026-09-09,31007-1,845,848,RESIDENSI KEBUN TEH (THE ASTERIAZ @ KEBUN TEH),,
johor,,2026-09-09,31100-1,1516,4525,RESIDENSI DATARAN SELATAN (DOVER TOWER),,"Latest sales - Block A: 502 units, Block B: 533 units, Block D: 481 units"
johor,,2026-09-09,31074-1,1020,2743,RESIDENSI MAXIM PELANGI,,"Latest sales - Block A: 405 units, Block B: 372 units, Block C: 243 units"
johor,,2026-09-09,9600-6,769,1733,RESIDENSI ANGGUN MEWAH,,"Latest sales - Block A: 504 units, Block B: 265 units"
johor,,2026-09-09,31031-1,1401,1623,SKYLINE ONE SENTOSA,,"Latest sales - Block A: 728 units, Block B: 673 units"
johor,,2026-09-09,30828-3,912,996,RESIDENSI GEN SFERA,,
johor,,2026-09-09,13531-2,729,824,RESIDENSI AMBAR RIMBA,,"Latest sales - Block A: 442 units, Block B: 287 units"
johor,,2026-09-09,31034-1,395,1012,SOHO SUNWAY MAJESTIC,,"Latest sales - Block A: 298 units, Block B: 97 units"
johor,,2026-09-09,31149-1,318,1274,RESIDENSI DANGA PARAGON 1,,"Latest sales - Block A: 221 units, Block B: 97 units"
ukay,,2026-09-09,9500-8,94,306,RESIDENSI DAMAI,,"Latest sales - Block A: 53 units, Block B: 41 units"
ukay,,2026-09-09,20140-2,348,737,BAYU CERIA,,"Latest sales - Block A1: 45 units, Block A2: 203 units, Block B: 100 units"
ukay,,2026-09-09,11519-3,343,344,LEA BY THE HILLS,,Latest sales - Block L: 343 units
ukay,,2026-09-09,597-13,228,234,RESIDENSI LAMAN SATU MELAWATI,,
ukay,,2026-09-09,10296-3,273,273,SIERRA HIJAUAN,"unit count on TEDUH is 273, tracker says 310",
ukay,,2026-09-09,12369-1,32,32,EMBUN,"unit count on TEDUH is 32, tracker says 51",
ukay,,2026-09-09,12369-2,7,7,EMBUN,"unit count on TEDUH is 7, tracker says 52",
ukay,,2026-09-09,12166-1,74,74,KETAPANG REALTY SDN BHD,"unit count on TEDUH is 74, tracker says 118",
ukay,,2026-09-09,9500-7,222,222,19TREES,,
ukay,,2026-09-09,9500-2,0,0,"LOT 501, 502 & 503","unit count on TEDUH is 0, tracker says 201",
ukay,,2026-09-09,11078-3,197,296,NADAYU63 @ MELAWATI,,Latest sales - Block B: 197 units
ukay,,2026-09-09,12123-1,81,81,MITRALAND MELAWATI SDN BHD ,"unit count on TEDUH is 81, tracker says 117",
ukay,,2026-09-09,20140-1,456,463,TRINITY WELLNESSA,,"Latest sales - Block A1: 223 units, Block A2: 233 units"
ukay,,2026-09-09,12437-2,104,106,NASSIM HEIGHTS,,
ukay,,2026-09-09,11602-1,11,11,STRONG HERITAGE SDN. BHD.,"unit count on TEDUH is 11, tracker says 15",
seputeh,,2026-09-09,30141-2,25,495,RESIDENSI MAHLIGAI ALAM INDAH (MAIA),,"Latest sales - Block A: 16 units, Block B: 9 units"
armani,,2026-09-09,31112-1,58,186,RESIDENSI ALDERWOOD,,
armani,,2026-09-09,30135-3,73,328,RESIDENSI ARMANI,,
armani,,2026-09-09,30705-2,2,44,HARMONI INDAH,,
armani,,2026-09-09,30273-1,112,232,RESIDENSI ARMANI CAMERON,,
armani,,2026-09-09,30256-2,1011,2215,RESIDENSI ARMANI HALLSON KLCC,,"Latest sales - Block A: 400 units, Block B: 364 units, Block C: 247 units"
armani,,2026-09-09,6820-8,277,306,RESIDENSI ARMANI KEPONG,,
armani,,2026-09-09,30727-1,573,648,RESIDENSI ARMANI SETIA ALAM 1,,"Latest sales - Block A: 92 units, Block B: 481 units"
armani,,2026-09-09,30727-2,286,998,RESIDENSI ARMANI SETIA ALAM 2,,"Latest sales - Block A: 64 units, Block B: 222 units"
armani,,2026-09-09,30339-1,331,338,RESIDENSI ALAM ARMANI,,
armani,,2026-09-09,13975-5,268,315,RESIDENSI ARMANI,,"Latest sales - Block 1: 86 units, Block 2: 82 units, Block 3: 100 units"
armani,,2026-09-09,30641-1,647,653,RESIDENSI LOFTHILL,,
armani,,2026-09-09,13975-6,384,387,RESIDENSI ARMANI KG BARU 1,,
armani,,2026-09-09,30799-1,33,984,RESIDENSI ARMANI PUTRA,,"Latest sales - Block A: 13 units, Block B: 20 units"
armani,,2026-09-09,30393-1,0,30,TAMAN BUKIT TUALANG,,
armani,,2026-09-09,30135-2,97,280,MENARA ARMANI PRESTIJ,,
armani,,2026-09-09,13970-3,81,116,TAMAN PMINT TEBING TEMBAH 2,,
avaland,,2026-09-09,30624-1,125,126,RESIDENSI AETAS SEPUTEH,,"Latest sales - Block A: 70 units, Block B: 55 units"
avaland,,2026-09-09,30162-1,426,770,RESIDENSI ALORA,,"Latest sales - Block A: 317 units, Block B: 109 units"
avaland,,2026-09-09,20185-3,457,468,RESIDENSI AMIKA,,"Latest sales - Block A: 216 units, Block B: 241 units"
avaland,,2026-09-09,9490-3,277,900,RESIDENSI ANJA,,Latest sales - Block A: 277 units
avaland,,2026-09-09,30240-3,181,343,AVALON CYBERSOUTH,,
avaland,,2026-09-09,12047-4,231,606,LAKEFRONT RESIDENCE,,"Latest sales - Block T7: 97 units, Block T8: 134 units"
avaland,,2026-09-09,20017-1,221,226,RESIDENSI AETAS DAMANSARA,,"Latest sales - Block A: 144 units, Block B: 77 units"
binastra,,2026-09-09,31332-1,335,830,BINASTRA COCHRANE,,"Latest sales - Block A: 202 units, Block B: 133 units"
chinhin,,2026-09-09,13531-2,729,824,RESIDENSI AMBAR RIMBA,,"Latest sales - Block A: 442 units, Block B: 287 units"
chinhin,,2026-09-09,30632-1,603,787,RESIDENSI ARIS,,"Latest sales - Block A: 299 units, Block B: 304 units"
chinhin,,2026-09-09,30190-1,809,842,RESIDENSI AVANTRO,,"Latest sales - Block A: 335 units, Block B: 474 units"
chinhin,,2026-09-09,30382-1,761,824,RESIDENSI AYANNA,,"Latest sales - Block A: 322 units, Block B: 439 units"
chinhin,,2026-09-09,30744-1,483,588,THE CROWN,,
chinhin,,2026-09-09,31096-1,279,1033,DIVINE KLCC,,
chinhin,,2026-09-09,30064-1,678,684,SIMFONI RESIDENSI,,"Latest sales - Block A: 313 units, Block B: 365 units"
chinhin,,2026-09-09,30382-3,822,823,RESIDENSI ANDALAN,,Latest sales - Block A: 822 units
chinhin,,2026-09-09,30907-1,221,231,BUKIT BOTANIKA,,
chinhin,,2026-09-09,30629-2,477,492,MENARA SENJA,,
exsim,,2026-09-09,30784-1,268,269,BRANNIGANZ SUITES @ BUKIT BINTANG,,Latest sales - Block B: 268 units
exsim,,2026-09-09,20011-3,593,593,DATARAN SENTRAL (D'CLOVER RESIDENCES),,Latest sales - Block A: 593 units
exsim,,2026-09-09,20011-2,767,767,DATARAN SENTRAL (D'TERRA RESIDENCES),,Latest sales - Block B: 767 units
exsim,,2026-09-09,20011-4,664,671,DATARAN SENTRAL (D'TESSERA RESIDENCES),,Latest sales - Block C: 664 units
exsim,,2026-09-09,13666-2,98,98,MENARA SUTERA INDAH (HANAZ SUITES @ KL CITY CENTRE),,
exsim,,2026-09-09,30370-1,319,320,MENARA SUTERA RIA (HUGOZ SUITES @ KL CITY CENTRE),,
exsim,,2026-09-09,30789-1,126,126,KYLIEZ SUITES @ KL CITY CENTRE,,
exsim,,2026-09-09,30571-1,602,603,NOORDINZ SUITES @ GEORGE TOWN,,
exsim,,2026-09-09,30914-1,631,759,MENARA KUBAH (QUBAZ SUITES @ KUALA TERENGGANU),,
exsim,,2026-09-09,30830-1,317,456,SEA CRESTZ @ KUANTAN WATERFRONT RESORT CITY,,
exsim,,2026-09-09,20011-5,201,662,RESIDENSI DAMAI MEKAR (THE ALDENZ),,
exsim,,2026-09-09,31007-1,845,848,RESIDENSI KEBUN TEH (THE ASTERIAZ @ KEBUN TEH),,
exsim,,2026-09-09,20084-1,339,679,THE FIDDLEWOODZ @ KL METROPOLIS,,"Latest sales - Block A: 312 units, Block B: 27 units"
exsim,,2026-09-09,30741-1,1552,1558,THE KINGSWOODZ @ BUKIT JALIL,,"Latest sales - Block A: 457 units, Block B: 505 units, Block C: 590 units"
exsim,,2026-09-09,31088-1,556,671,THE LIGHTHAUZ,,
exsim,,2026-09-09,30741-2,441,1004,RESIDENSI MAHKOTA BUKIT JALIL,,"Latest sales - Block A: 195 units, Block B: 246 units"
exsim,,2026-09-09,30357-2,658,1138,RESIDENSI SERI LESTARI (THE VIVIDZ @ BUKIT JALIL),,"Latest sales - Block A: 358 units, Block B: 300 units"
exsim,,2026-09-09,30357-1,507,508,RESIDENSI SEJAHTERA DAMAI (VELADAZ RESIDENCES @ BUKIT JALIL),,
exsim,,2026-09-09,31100-1,1516,4525,RESIDENSI DATARAN SELATAN (DOVER TOWER),,"Latest sales - Block A: 502 units, Block B: 533 units, Block D: 481 units"
exsim,,2026-09-09,30131-1,424,424,RESIDENSI LAGENDA IPOH,,
mahsing,,2026-09-09,14297-25,158,235,MERIDIN EAST PARCEL 4A5,,
mahsing,,2026-09-09,12324-1,377,377,FERRINGHI RESIDENCE ,"unit count on TEDUH is 377, tracker says 678","Latest sales - Ferringhi Residence 1: 172 units, Ferringhi Residence 2: 205 units"
mahsing,,2026-09-09,14297-24,144,168,MERIDIN EAST JASMINE 2,,
mahsing,,2026-09-09,12029-4,74,833,M AMAYA,,
mahsing,,2026-09-09,31251-1,52,606,RESIDENSI M ARIA,,
mahsing,,2026-09-09,5911-33,1017,1618,RESIDENSI M ASPIRA,,"Latest sales - Block A: 462 units, Block B: 555 units"
mahsing,,2026-09-09,13262-2,379,1544,RESIDENSI M AURORA,,"Latest sales - Block A: 63 units, Block B: 316 units"
mahsing,,2026-09-09,30834-1,800,1140,RESIDENSI M AZURA,,"Latest sales - Block A: 426 units, Block B: 374 units"
mahsing,,2026-09-09,30897-1,652,817,M LEGASI,,
mahsing,,2026-09-09,11202-4,1873,2080,RESIDENSI M NOVA,,"Latest sales - Block A: 614 units, Block B: 611 units, Block C: 648 units"
mahsing,,2026-09-09,11998-4,396,396,PANORA,,
mahsing,,2026-09-09,13425-8,395,999,M SINAR,,Latest sales - Block A: 395 units
mahsing,,2026-09-09,30805-1,584,999,RESIDENSI M TERRA,,
mahsing,,2026-09-09,10279-5,652,754,TAMAN TIARA INDAH (M TIARA),,
mahsing,,2026-09-09,12029-3,233,494,M ZENNI,,
mahsing,,2026-09-09,11430-2,618,619,RESIDENSI M ZENYA,,Latest sales - Block A: 618 units
mahsing,,2026-09-09,9600-6,769,1733,RESIDENSI ANGGUN MEWAH,,"Latest sales - Block A: 504 units, Block B: 265 units"
mahsing,,2026-09-09,30440-1,1476,1526,RESIDENSI ANGGUN,,"Latest sales - Block A: 416 units, Block B: 579 units, Block C: 481 units"
majesticgen,,2026-09-09,30828-2,731,732,RESIDENSI GEN,,
majesticgen,,2026-09-09,30828-3,912,996,RESIDENSI GEN SFERA,,
majesticgen,,2026-09-09,30828-1,355,360,RESIDENSI GEN BINTANG,,
majesticgen,,2026-09-09,30244-1,478,478,RESIDENSI MAJESTIC,,
majesticgen,,2026-09-09,30990-1,98,106,TAMAN YU,,
majesticgen,,2026-09-09,31034-1,395,1012,SOHO SUNWAY MAJESTIC,,"Latest sales - Block A: 298 units, Block B: 97 units"
majesticgen,,2026-09-09,30989-1,73,73,TAMAN SUNGAI DUA UTAMA,,
majesticgen,,2026-09-09,12069-7,0,140,RESIDENSI FLORA,,
malton,,2026-09-09,31139-1,354,562,MUTIARA KEMPAS,,
malton,,2026-09-09,8950-4,15,526,PANGSAPURI MUTIARA TASIK,,"Latest sales - Block N: 7 units, Block S: 8 units"
malton,,2026-09-09,30667-1,395,453,PAVILION BUKIT JALIL,,"Latest sales - Block A: 170 units, Block B: 225 units"
malton,,2026-09-09,14035-6,329,336,RESIDENSI KERINCHI RIA,,
malton,,2026-09-09,14035-4,984,1332,RESIDENSI TAMAN HILIR,,"Latest sales - Block A: 357 units, Block B: 334 units, Block C: 293 units"
maxim,,2026-09-09,30267-1,604,604,RESIDENSI MAX II,,"Latest sales - Block A: 302 units, Block B: 302 units"
maxim,,2026-09-09,31046-1,326,1116,RESIDENSI MAXIM D'PARC,,"Latest sales - Block A: 112 units, Block B: 214 units"
maxim,,2026-09-09,31074-1,1020,2743,RESIDENSI MAXIM PELANGI,,"Latest sales - Block A: 405 units, Block B: 372 units, Block C: 243 units"
maxim,,2026-09-09,30037-1,1236,1236,RESIDENSI MAXIM RISEN,,"Latest sales - Block A: 629 units, Block B: 607 units"
maxim,,2026-09-09,19088-3,525,624,RESIDENSI THE ATAS,,"Latest sales - Block A: 178 units, Block B: 165 units, Block C: 182 units"
platinumvictory,,2026-09-09,30581-1,1673,1688,RESIDENSI MH PLATINUM 3,,"Latest sales - Block A: 863 units, Block B: 810 units"
platinumvictory,,2026-09-09,9832-11,1211,2082,RESIDENSI PV 22,,"Latest sales - Block A: 471 units, Block B: 740 units"
platinumvictory,,2026-09-09,31008-1,525,794,RESIDENSI PLATINUM MELATI,,"Latest sales - Block A: 130 units, Block B: 163 units, Block C: 232 units"
platinumvictory,,2026-09-09,20253-2,467,500,RESIDENSI PLATINUM SAUJANA VISTA 1,,
platinumvictory,,2026-09-09,20253-3,1167,1500,RESIDENSI PLATINUM SAUJANA VIOLET 2 (PSV2),,"Latest sales - Block W: 602 units, Block X: 565 units"
platinumvictory,,2026-09-09,30937-1,18,23,THE MAISON 23,,
skyworld,,2026-09-09,31051-1,457,492,RESIDENSI AWANI PRIMA,,
skyworld,,2026-09-09,30176-1,656,830,RESIDENSI CURVO,,"Latest sales - Block A: 429 units, Block B: 227 units"
skyworld,,2026-09-09,30976-1,242,510,RESIDENSI SKYAMAN 1,,Latest sales - Block A: 242 units
skyworld,,2026-09-09,31075-1,1361,3982,SKYAWANI PEARLMONT RESIDENCES,,"Latest sales - Block 1B: 568 units, Block 1C: 531 units, Block 1D: 262 units"
skyworld,,2026-09-09,19840-2,932,1001,RESIDENSI VESTA,,"Latest sales - Block A: 467 units, Block B: 465 units"
tslaw,,2026-09-09,31031-1,1401,1623,SKYLINE ONE SENTOSA,,"Latest sales - Block A: 728 units, Block B: 673 units"
tslaw,,2026-09-09,30331-1,1825,1838,RESIDENSI SKYLINE KUCHAI,,"Latest sales - Block A: 937 units, Block B: 888 units"
tslaw,,2026-09-09,9158-9,42,42,RESIDENCE HILLS,,
tslaw,,2026-09-09,19760-1,1286,1296,RESIDENSI SKYLINE DUTA AMPANG,,"Latest sales - Block A: 431 units, Block B: 424 units, Block C: 431 units"
trinitygroup,,2026-09-09,30857-1,36,714,PANGSAPURI SERI AURA,,"Latest sales - Block A: 1 units, Block B: 35 units"
trinitygroup,,2026-09-09,20140-2,348,737,BAYU CERIA,,"Latest sales - Block A1: 45 units, Block A2: 203 units, Block B: 100 units"
trinitygroup,,2026-09-09,10826-4,335,535,RESIDENSI RIMBA FLORA,,"Latest sales - Block A: 196 units, Block B: 139 units"
radium,,2026-09-09,30363-2,1128,1218,RESIDENSI DESA TIMUR,,"Latest sales - Block A: 182 units, Block B: 583 units, Block C: 362 units"
radium,,2026-09-09,30363-1,1128,1218,RESIDENSI DESA TIMUR,,"Latest sales - Block D: 603 units, Block E: 525 units"
radium,,2026-09-09,30821-1,524,988,RESIDENSI RADIUM,,"Latest sales - Block A: 261 units, Block B: 263 units"
radium,,2026-09-09,30121-1,383,944,SUITE CANSELOR,,
radium,,2026-09-09,31310-1,0,797,RESIDENSI RADIUM EVARA,,
seputeh,,2026-09-10,32-16,43,146,RESIDENSI EDEN,,"Latest sales - Block A: 2 units, Block B: 6 units, Block C: 4 units, Block D: 10 units, Block E: 2 units, Block F: 2 units, Block G: 10 units, Block H: 7 units"
seputeh,,2026-09-10,30216-1,36,154,PAVILION DAMANSARA HEIGHTS PHASE 2,,"Latest sales - Block RA/N: 34 units, Block RA/S: 2 units"
seputeh,,2026-09-10,30216-2,55,490,PAVILION DAMANSARA HEIGHTS PHASE 2,,"Latest sales - Block RC/N: 15 units, Block RC/S: 40 units"
seputeh,,2026-09-10,31078-1,45,48,VILA BATAI,,
seputeh,,2026-09-10,31274-1,1,244,AOSIS MONT KIARA,,
seputeh,,2026-09-10,2463-23,357,433,PARKCITY RESIDENCES,,
status13,,2026-09-10,31202-1,204,1310,RESIDENSI WARISAN SALAK SELATAN,,"Latest sales - Block A: 112 units, Block B: 92 units"
status13,,2026-09-10,13262-2,380,1544,RESIDENSI M AURORA,,"Latest sales - Block A: 64 units, Block B: 316 units"
status13,,2026-09-10,30590-2,134,996,ARTE STAR,,Latest sales - Block B: 134 units
status13,,2026-09-10,5911-33,1019,1618,RESIDENSI M ASPIRA,,"Latest sales - Block A: 462 units, Block B: 557 units"
status13,,2026-09-10,30363-2,1128,1218,RESIDENSI DESA TIMUR,,"Latest sales - Block A: 182 units, Block B: 583 units, Block C: 362 units"
status13,,2026-09-10,30821-1,525,988,RESIDENSI RADIUM,,"Latest sales - Block A: 262 units, Block B: 263 units"
status13,,2026-09-10,30366-1,470,482,RESIDENSI AMBIEN,,Latest sales - Block A: 470 units
status13,,2026-09-10,13074-4,238,299,RESIDENSI HANA,,
status13,,2026-09-10,8824-5,667,1296,RESIDENSI SUNWAY COCHRANE,,"Latest sales - Block A: 201 units, Block B: 466 units"
status13,,2026-09-10,20253-3,1169,1500,RESIDENSI PLATINUM SAUJANA VIOLET 2 (PSV2),,"Latest sales - Block W: 604 units, Block X: 565 units"
status13,,2026-09-10,30876-1,141,551,RESIDENSI VERIDIAN,,Latest sales - Block A: 141 units
status13,,2026-09-10,30250-2,659,661,RESIDENSI AURUM,,"Latest sales - Block A: 333 units, Block B: 326 units"
status13,,2026-09-10,31332-1,351,830,BINASTRA COCHRANE,,"Latest sales - Block A: 209 units, Block B: 142 units"
johor,,2026-09-10,835-14,313,715,RESIDENSI DWI PESONA,,"Latest sales - Block A: 194 units, Block B: 119 units"
johor,,2026-09-10,30946-1,981,1950,RESIDENSI SENIBONG MUTIARA,,"Latest sales - Block A: 404 units, Block B: 379 units, Block C: 89 units, Block D: 109 units"
johor,,2026-09-10,14523-4,53,416,RESIDENSI PANORAMA SENIBONG,"unit count on TEDUH is 416, tracker says 1500",Latest sales - Block A: 53 units
johor,,2026-09-10,30635-1,1071,2156,RESIDENSI PARKLAND PERMAS,,"Latest sales - Phase 1: 670 units, Phase 2: 401 units"
johor,,2026-09-10,31007-1,845,848,RESIDENSI KEBUN TEH (THE ASTERIAZ @ KEBUN TEH),,
johor,,2026-09-10,31100-1,1520,4525,RESIDENSI DATARAN SELATAN (DOVER TOWER),,"Latest sales - Block A: 503 units, Block B: 534 units, Block D: 483 units"
johor,,2026-09-10,31074-1,1022,2743,RESIDENSI MAXIM PELANGI,,"Latest sales - Block A: 406 units, Block B: 373 units, Block C: 243 units"
johor,,2026-09-10,9600-6,772,1733,RESIDENSI ANGGUN MEWAH,,"Latest sales - Block A: 505 units, Block B: 267 units"
johor,,2026-09-10,31031-1,1401,1623,SKYLINE ONE SENTOSA,,"Latest sales - Block A: 728 units, Block B: 673 units"
johor,,2026-09-10,30828-3,914,996,RESIDENSI GEN SFERA,,
johor,,2026-09-10,13531-2,731,824,RESIDENSI AMBAR RIMBA,,"Latest sales - Block A: 443 units, Block B: 288 units"
johor,,2026-09-10,31034-1,395,1012,SOHO SUNWAY MAJESTIC,,"Latest sales - Block A: 298 units, Block B: 97 units"
johor,,2026-09-10,31149-1,319,1274,RESIDENSI DANGA PARAGON 1,,"Latest sales - Block A: 221 units, Block B: 98 units"
ukay,,2026-09-10,9500-8,94,306,RESIDENSI DAMAI,,"Latest sales - Block A: 53 units, Block B: 41 units"
ukay,,2026-09-10,20140-2,348,737,BAYU CERIA,,"Latest sales - Block A1: 45 units, Block A2: 203 units, Block B: 100 units"
ukay,,2026-09-10,11519-3,343,344,LEA BY THE HILLS,,Latest sales - Block L: 343 units
ukay,,2026-09-10,597-13,228,234,RESIDENSI LAMAN SATU MELAWATI,,
ukay,,2026-09-10,10296-3,273,273,SIERRA HIJAUAN,"unit count on TEDUH is 273, tracker says 310",
ukay,,2026-09-10,12369-1,32,32,EMBUN,"unit count on TEDUH is 32, tracker says 51",
ukay,,2026-09-10,12369-2,7,7,EMBUN,"unit count on TEDUH is 7, tracker says 52",
ukay,,2026-09-10,12166-1,74,74,KETAPANG REALTY SDN BHD,"unit count on TEDUH is 74, tracker says 118",
ukay,,2026-09-10,9500-7,222,222,19TREES,,
ukay,,2026-09-10,9500-2,0,0,"LOT 501, 502 & 503","unit count on TEDUH is 0, tracker says 201",
ukay,,2026-09-10,11078-3,197,296,NADAYU63 @ MELAWATI,,Latest sales - Block B: 197 units
ukay,,2026-09-10,12123-1,81,81,MITRALAND MELAWATI SDN BHD ,"unit count on TEDUH is 81, tracker says 117",
ukay,,2026-09-10,20140-1,456,463,TRINITY WELLNESSA,,"Latest sales - Block A1: 223 units, Block A2: 233 units"
ukay,,2026-09-10,12437-2,104,106,NASSIM HEIGHTS,,
ukay,,2026-09-10,11602-1,11,11,STRONG HERITAGE SDN. BHD.,"unit count on TEDUH is 11, tracker says 15",
seputeh,,2026-09-10,30141-2,33,495,RESIDENSI MAHLIGAI ALAM INDAH (MAIA),,"Latest sales - Block A: 20 units, Block B: 13 units"
armani,,2026-09-10,31112-1,59,186,RESIDENSI ALDERWOOD,,
armani,,2026-09-10,30135-3,74,328,RESIDENSI ARMANI,,
armani,,2026-09-10,30705-2,2,44,HARMONI INDAH,,
armani,,2026-09-10,30273-1,112,232,RESIDENSI ARMANI CAMERON,,
armani,,2026-09-10,30256-2,1012,2215,RESIDENSI ARMANI HALLSON KLCC,,"Latest sales - Block A: 400 units, Block B: 365 units, Block C: 247 units"
armani,,2026-09-10,6820-8,277,306,RESIDENSI ARMANI KEPONG,,
armani,,2026-09-10,30727-1,574,648,RESIDENSI ARMANI SETIA ALAM 1,,"Latest sales - Block A: 93 units, Block B: 481 units"
armani,,2026-09-10,30727-2,288,998,RESIDENSI ARMANI SETIA ALAM 2,,"Latest sales - Block A: 65 units, Block B: 223 units"
armani,,2026-09-10,30339-1,331,338,RESIDENSI ALAM ARMANI,,
armani,,2026-09-10,13975-5,268,315,RESIDENSI ARMANI,,"Latest sales - Block 1: 86 units, Block 2: 82 units, Block 3: 100 units"
armani,,2026-09-10,30641-1,647,653,RESIDENSI LOFTHILL,,
armani,,2026-09-10,13975-6,384,387,RESIDENSI ARMANI KG BARU 1,,
armani,,2026-09-10,30799-1,34,984,RESIDENSI ARMANI PUTRA,,"Latest sales - Block A: 13 units, Block B: 21 units"
armani,,2026-09-10,30393-1,0,30,TAMAN BUKIT TUALANG,,
armani,,2026-09-10,30135-2,97,280,MENARA ARMANI PRESTIJ,,
armani,,2026-09-10,13970-3,81,116,TAMAN PMINT TEBING TEMBAH 2,,
avaland,,2026-09-10,30624-1,125,126,RESIDENSI AETAS SEPUTEH,,"Latest sales - Block A: 70 units, Block B: 55 units"
avaland,,2026-09-10,30162-1,427,770,RESIDENSI ALORA,,"Latest sales - Block A: 317 units, Block B: 110 units"
avaland,,2026-09-10,20185-3,458,468,RESIDENSI AMIKA,,"Latest sales - Block A: 216 units, Block B: 242 units"
avaland,,2026-09-10,9490-3,277,900,RESIDENSI ANJA,,Latest sales - Block A: 277 units
avaland,,2026-09-10,30240-3,181,343,AVALON CYBERSOUTH,,
avaland,,2026-09-10,12047-4,233,606,LAKEFRONT RESIDENCE,,"Latest sales - Block T7: 99 units, Block T8: 134 units"
avaland,,2026-09-10,20017-1,221,226,RESIDENSI AETAS DAMANSARA,,"Latest sales - Block A: 144 units, Block B: 77 units"
binastra,,2026-09-10,31332-1,351,830,BINASTRA COCHRANE,,"Latest sales - Block A: 209 units, Block B: 142 units"
chinhin,,2026-09-10,13531-2,731,824,RESIDENSI AMBAR RIMBA,,"Latest sales - Block A: 443 units, Block B: 288 units"
chinhin,,2026-09-10,30632-1,604,787,RESIDENSI ARIS,,"Latest sales - Block A: 300 units, Block B: 304 units"
chinhin,,2026-09-10,30190-1,809,842,RESIDENSI AVANTRO,,"Latest sales - Block A: 335 units, Block B: 474 units"
chinhin,,2026-09-10,30382-1,761,824,RESIDENSI AYANNA,,"Latest sales - Block A: 322 units, Block B: 439 units"
chinhin,,2026-09-10,30744-1,483,588,THE CROWN,,
chinhin,,2026-09-10,31096-1,280,1033,DIVINE KLCC,,
chinhin,,2026-09-10,30064-1,678,684,SIMFONI RESIDENSI,,"Latest sales - Block A: 313 units, Block B: 365 units"
chinhin,,2026-09-10,30382-3,822,823,RESIDENSI ANDALAN,,Latest sales - Block A: 822 units
chinhin,,2026-09-10,30907-1,221,231,BUKIT BOTANIKA,,
chinhin,,2026-09-10,30629-2,477,492,MENARA SENJA,,
exsim,,2026-09-10,30784-1,268,269,BRANNIGANZ SUITES @ BUKIT BINTANG,,Latest sales - Block B: 268 units
exsim,,2026-09-10,20011-3,593,593,DATARAN SENTRAL (D'CLOVER RESIDENCES),,Latest sales - Block A: 593 units
exsim,,2026-09-10,31064-1,51,440,D'EVIA RESIDENCES @ KWASA DAMANSARA,,
exsim,,2026-09-10,31064-2,1,492,D'NURI RESIDENCES @ KWASA DAMANSARA,,
exsim,,2026-09-10,20011-2,767,767,DATARAN SENTRAL (D'TERRA RESIDENCES),,Latest sales - Block B: 767 units
exsim,,2026-09-10,20011-4,664,671,DATARAN SENTRAL (D'TESSERA RESIDENCES),,Latest sales - Block C: 664 units
exsim,,2026-09-10,13666-2,98,98,MENARA SUTERA INDAH (HANAZ SUITES @ KL CITY CENTRE),,
exsim,,2026-09-10,30370-1,319,320,MENARA SUTERA RIA (HUGOZ SUITES @ KL CITY CENTRE),,
exsim,,2026-09-10,30789-1,126,126,KYLIEZ SUITES @ KL CITY CENTRE,,
exsim,,2026-09-10,30571-1,602,603,NOORDINZ SUITES @ GEORGE TOWN,,
exsim,,2026-09-10,30914-1,633,759,MENARA KUBAH (QUBAZ SUITES @ KUALA TERENGGANU),,
exsim,,2026-09-10,30830-1,318,456,SEA CRESTZ @ KUANTAN WATERFRONT RESORT CITY,,
exsim,,2026-09-10,20011-5,202,662,RESIDENSI DAMAI MEKAR (THE ALDENZ),,
exsim,,2026-09-10,31007-1,845,848,RESIDENSI KEBUN TEH (THE ASTERIAZ @ KEBUN TEH),,
exsim,,2026-09-10,20084-1,339,679,THE FIDDLEWOODZ @ KL METROPOLIS,,"Latest sales - Block A: 312 units, Block B: 27 units"
exsim,,2026-09-10,30741-1,1552,1558,THE KINGSWOODZ @ BUKIT JALIL,,"Latest sales - Block A: 457 units, Block B: 505 units, Block C: 590 units"
exsim,,2026-09-10,31088-1,556,671,THE LIGHTHAUZ,,
exsim,,2026-09-10,30741-2,441,1004,RESIDENSI MAHKOTA BUKIT JALIL,,"Latest sales - Block A: 195 units, Block B: 246 units"
exsim,,2026-09-10,30357-2,658,1138,RESIDENSI SERI LESTARI (THE VIVIDZ @ BUKIT JALIL),,"Latest sales - Block A: 358 units, Block B: 300 units"
exsim,,2026-09-10,30357-1,507,508,RESIDENSI SEJAHTERA DAMAI (VELADAZ RESIDENCES @ BUKIT JALIL),,
exsim,,2026-09-10,31100-1,1520,4525,RESIDENSI DATARAN SELATAN (DOVER TOWER),,"Latest sales - Block A: 503 units, Block B: 534 units, Block D: 483 units"
exsim,,2026-09-10,30131-1,424,424,RESIDENSI LAGENDA IPOH,,
mahsing,,2026-09-10,14297-25,158,235,MERIDIN EAST PARCEL 4A5,,
mahsing,,2026-09-10,12324-1,377,377,FERRINGHI RESIDENCE ,"unit count on TEDUH is 377, tracker says 678","Latest sales - Ferringhi Residence 1: 172 units, Ferringhi Residence 2: 205 units"
mahsing,,2026-09-10,14297-24,144,168,MERIDIN EAST JASMINE 2,,
mahsing,,2026-09-10,12029-4,77,833,M AMAYA,,
mahsing,,2026-09-10,31251-1,53,606,RESIDENSI M ARIA,,
mahsing,,2026-09-10,5911-33,1019,1618,RESIDENSI M ASPIRA,,"Latest sales - Block A: 462 units, Block B: 557 units"
mahsing,,2026-09-10,13262-2,380,1544,RESIDENSI M AURORA,,"Latest sales - Block A: 64 units, Block B: 316 units"
mahsing,,2026-09-10,30834-1,800,1140,RESIDENSI M AZURA,,"Latest sales - Block A: 426 units, Block B: 374 units"
mahsing,,2026-09-10,30897-1,653,817,M LEGASI,,
mahsing,,2026-09-10,11202-4,1874,2080,RESIDENSI M NOVA,,"Latest sales - Block A: 614 units, Block B: 611 units, Block C: 649 units"
mahsing,,2026-09-10,11998-4,396,396,PANORA,,
mahsing,,2026-09-10,13425-8,395,999,M SINAR,,Latest sales - Block A: 395 units
mahsing,,2026-09-10,30805-1,585,999,RESIDENSI M TERRA,,
mahsing,,2026-09-10,10279-5,652,754,TAMAN TIARA INDAH (M TIARA),,
mahsing,,2026-09-10,12029-3,233,494,M ZENNI,,
mahsing,,2026-09-10,11430-2,618,619,RESIDENSI M ZENYA,,Latest sales - Block A: 618 units
mahsing,,2026-09-10,9600-6,772,1733,RESIDENSI ANGGUN MEWAH,,"Latest sales - Block A: 505 units, Block B: 267 units"
mahsing,,2026-09-10,30440-1,1477,1526,RESIDENSI ANGGUN,,"Latest sales - Block A: 416 units, Block B: 580 units, Block C: 481 units"
majesticgen,,2026-09-10,30828-2,731,732,RESIDENSI GEN,,
majesticgen,,2026-09-10,30828-3,914,996,RESIDENSI GEN SFERA,,
majesticgen,,2026-09-10,30828-1,355,360,RESIDENSI GEN BINTANG,,
majesticgen,,2026-09-10,30244-1,478,478,RESIDENSI MAJESTIC,,
majesticgen,,2026-09-10,30990-1,99,106,TAMAN YU,,
majesticgen,,2026-09-10,31034-1,395,1012,SOHO SUNWAY MAJESTIC,,"Latest sales - Block A: 298 units, Block B: 97 units"
majesticgen,,2026-09-10,30989-1,73,73,TAMAN SUNGAI DUA UTAMA,,
majesticgen,,2026-09-10,12069-7,0,140,RESIDENSI FLORA,,
malton,,2026-09-10,31139-1,355,562,MUTIARA KEMPAS,,
malton,,2026-09-10,8950-4,15,526,PANGSAPURI MUTIARA TASIK,,"Latest sales - Block N: 7 units, Block S: 8 units"
malton,,2026-09-10,30667-1,395,453,PAVILION BUKIT JALIL,,"Latest sales - Block A: 170 units, Block B: 225 units"
malton,,2026-09-10,14035-6,329,336,RESIDENSI KERINCHI RIA,,
malton,,2026-09-10,14035-4,984,1332,RESIDENSI TAMAN HILIR,,"Latest sales - Block A: 357 units, Block B: 334 units, Block C: 293 units"
maxim,,2026-09-10,30267-1,604,604,RESIDENSI MAX II,,"Latest sales - Block A: 302 units, Block B: 302 units"
maxim,,2026-09-10,31046-1,326,1116,RESIDENSI MAXIM D'PARC,,"Latest sales - Block A: 112 units, Block B: 214 units"
maxim,,2026-09-10,31074-1,1022,2743,RESIDENSI MAXIM PELANGI,,"Latest sales - Block A: 406 units, Block B: 373 units, Block C: 243 units"
maxim,,2026-09-10,30037-1,1236,1236,RESIDENSI MAXIM RISEN,,"Latest sales - Block A: 629 units, Block B: 607 units"
maxim,,2026-09-10,19088-3,527,624,RESIDENSI THE ATAS,,"Latest sales - Block A: 179 units, Block B: 165 units, Block C: 183 units"
platinumvictory,,2026-09-10,30581-1,1673,1688,RESIDENSI MH PLATINUM 3,,"Latest sales - Block A: 863 units, Block B: 810 units"
platinumvictory,,2026-09-10,9832-11,1216,2082,RESIDENSI PV 22,,"Latest sales - Block A: 475 units, Block B: 741 units"
platinumvictory,,2026-09-10,31008-1,526,794,RESIDENSI PLATINUM MELATI,,"Latest sales - Block A: 130 units, Block B: 164 units, Block C: 232 units"
platinumvictory,,2026-09-10,20253-2,467,500,RESIDENSI PLATINUM SAUJANA VISTA 1,,
platinumvictory,,2026-09-10,20253-3,1169,1500,RESIDENSI PLATINUM SAUJANA VIOLET 2 (PSV2),,"Latest sales - Block W: 604 units, Block X: 565 units"
platinumvictory,,2026-09-10,30937-1,18,23,THE MAISON 23,,
skyworld,,2026-09-10,31051-1,457,492,RESIDENSI AWANI PRIMA,,
skyworld,,2026-09-10,30176-1,656,830,RESIDENSI CURVO,,"Latest sales - Block A: 429 units, Block B: 227 units"
skyworld,,2026-09-10,30976-1,242,510,RESIDENSI SKYAMAN 1,,Latest sales - Block A: 242 units
skyworld,,2026-09-10,31075-1,1369,3982,SKYAWANI PEARLMONT RESIDENCES,,"Latest sales - Block 1B: 569 units, Block 1C: 531 units, Block 1D: 269 units"
skyworld,,2026-09-10,19840-2,933,1001,RESIDENSI VESTA,,"Latest sales - Block A: 468 units, Block B: 465 units"
tslaw,,2026-09-10,31031-1,1401,1623,SKYLINE ONE SENTOSA,,"Latest sales - Block A: 728 units, Block B: 673 units"
tslaw,,2026-09-10,30331-1,1825,1838,RESIDENSI SKYLINE KUCHAI,,"Latest sales - Block A: 937 units, Block B: 888 units"
tslaw,,2026-09-10,9158-9,42,42,RESIDENCE HILLS,,
tslaw,,2026-09-10,19760-1,1286,1296,RESIDENSI SKYLINE DUTA AMPANG,,"Latest sales - Block A: 431 units, Block B: 424 units, Block C: 431 units"
trinitygroup,,2026-09-10,30857-1,36,714,PANGSAPURI SERI AURA,,"Latest sales - Block A: 1 units, Block B: 35 units"
trinitygroup,,2026-09-10,20140-2,348,737,BAYU CERIA,,"Latest sales - Block A1: 45 units, Block A2: 203 units, Block B: 100 units"
trinitygroup,,2026-09-10,10826-4,335,535,RESIDENSI RIMBA FLORA,,"Latest sales - Block A: 196 units, Block B: 139 units"
radium,,2026-09-10,30363-2,1128,1218,RESIDENSI DESA TIMUR,,"Latest sales - Block A: 182 units, Block B: 583 units, Block C: 362 units"
radium,,2026-09-10,30363-1,1128,1218,RESIDENSI DESA TIMUR,,"Latest sales - Block D: 603 units, Block E: 525 units"
radium,,2026-09-10,30821-1,525,988,RESIDENSI RADIUM,,"Latest sales - Block A: 262 units, Block B: 263 units"
radium,,2026-09-10,30121-1,383,944,SUITE CANSELOR,,
radium,,2026-09-10,31310-1,0,797,RESIDENSI RADIUM EVARA,,
cpiland,,2026-09-10,19991-1,647,651,DIAN,,"Latest sales - Block A: 392 units, Block B: 255 units"
cpiland,,2026-09-10,14377-1,114,114,SERINTIN,"unit count on TEDUH is 114, tracker says 137",
cpiland,,2026-09-10,30965-1,52,60,PERMATA GEMMA,,
cpiland,,2026-09-10,20179-1,596,596,RESIDENSI LEGASI,,
cpiland,,2026-09-10,12287-1,166,166,AVANTAS RESIDENCES,"unit count on TEDUH is 166, tracker says 198",
cpiland,,2026-09-10,30260-1,748,748,RESIDENSI DIAN II,,
cpiland,,2026-09-10,31202-1,204,1310,RESIDENSI WARISAN SALAK SELATAN,,"Latest sales - Block A: 112 units, Block B: 92 units"
cpiland,,2026-09-10,19301-1,576,576,ELITE WORLD DEVELOPMENT SDN. BHD.,"unit count on TEDUH is 576, tracker says 577",
cpiland,,2026-09-10,19795-1,11,11,KERIAN LINKS,,
lbs,,2026-09-10,11018-3,28,30,BANDAR PUTERA INDAH (IMPERIAL GARDEN),,
lbs,,2026-09-10,11018-4,2,33,BANDAR PUTERA INDAH (SAPPHIRE GARDEN),,
lbs,,2026-09-10,19183-13,984,1048,PANGSAPURI IDAMAN PERDANA,,"Latest sales - Block A: 492 units, Block B: 492 units"
lbs,,2026-09-10,19398-5,592,595,PANGSAPURI SAUJANA INDAH,,Latest sales - Block B: 592 units
lbs,,2026-09-10,19398-6,393,393,PANGSAPURI SAUJANA INDAH,,Latest sales - Block A: 393 units
lbs,,2026-09-10,19533-5,812,817,KITA BESTARI,,Latest sales - Block KBS: 812 units
lbs,,2026-09-10,19533-6,0,1242,PANGSAPURI IDAMAN KITA,,
lbs,,2026-09-10,19924-3,0,1171,PANGSAPURI KITA SERI,,
lbs,,2026-09-10,8695-14,309,421,BSP SUTERA,,Latest sales - Block A: 233 units
lbs,,2026-09-10,30027-1,890,1054,PANGSAPURI KITA SEJATI,,"Latest sales - Block KSA: 451 units, Block KSB: 439 units"
lbs,,2026-09-10,30401-1,475,705,CENTRUM IRIS,,Latest sales - Block CI: 475 units
lbs,,2026-09-10,19632-1,732,751,GENERASI SIMBOLIK SDN BHD,"unit count on TEDUH is 751, tracker says 754",
lbs,,2026-09-10,11482-10,34,76,ASTELLA PHASE 1,,
lbs,,2026-09-10,11482-12,312,608,PANGSAPURI SKYRIA,,Latest sales - Block A: 312 units
lbs,,2026-09-10,11482-11,0,79,AULICA,,
lbs,,2026-09-10,20162-1,638,725,PRESTIGE RESIDENCE,,Latest sales - Block A: 638 units
lbs,,2026-09-10,20162-2,638,725,PRESTIGE RESIDENCE (BLOCK B),,Latest sales - Block B: 638 units
lbs,,2026-09-10,11482-8,52,52,D' ISLAND RESIDENCE,"unit count on TEDUH is 52, tracker says 56",
lbs,,2026-09-10,11482-7,314,314,D' ISLAND RESIDENCE,"unit count on TEDUH is 314, tracker says 352","Latest sales - Block T1: 177 units, Block T2: 137 units"
lbs,,2026-09-10,11482-5,84,84,D' ISLAND RESIDENCES,"unit count on TEDUH is 84, tracker says 115",
lbs,,2026-09-10,11482-9,454,746,SKYLAKE RESIDENCE,,"Latest sales - Block A: 209 units, Block B: 245 units"
lbs,,2026-09-10,19183-11,446,1151,RITMA PERDANA,,
lbs,,2026-09-10,7702-44,150,155,BANDAR PUTERA INDAH (EMERALD GARDEN 3 - PHASE 27),,
lbs,,2026-09-10,8945-4,2149,2149,BANDAR SAUJANA PUTRA,"unit count on TEDUH is 2149, tracker says 2602","Latest sales - Block A: 211 units, Block B: 220 units, Block C: 264 units, Block D: 220 units, Block E: 215 units, Block F: 188 units, Block G: 253 units, Block H: 205 units, Block I: 214 units, Block J: 159 units"
lbs,,2026-09-10,8945-3,491,491,BANDAR SAUJANA PUTRA,"unit count on TEDUH is 491, tracker says 689","Latest sales - Block P: 9 units, Block T1: 401 units, Block T2: 81 units"
lagenda,,2026-09-10,11225-11,805,831,LAGENDA ARDEA,,
lagenda,,2026-09-10,11225-12,387,691,LAGENDA ARDEA,,
lagenda,,2026-09-10,11225-13,738,818,LAGENDA ARDEA,,
lagenda,,2026-09-10,11225-14,4,75,SETIA RESIDEN @ AURORA,,
lagenda,,2026-09-10,14283-16,739,932,BANDAR BARU SETIAAWAN PERDANA,,
lagenda,,2026-09-10,14283-17,579,773,LAGENDA TELUK INTAN,,
lagenda,,2026-09-10,14283-18,0,1048,BANDAR BARU SETIAWAN PERDANA,,
lagenda,,2026-09-10,14283-19,297,664,BANDAR BARU SETIA AWAN PERDANA,,
lagenda,,2026-09-10,14283-20,131,980,LAGENDA TELUK INTAN,,
lagenda,,2026-09-10,19599-2,997,1009,LA INDERA,,
lagenda,,2026-09-10,19599-3,150,936,LAGENDA DAMAI,,
lagenda,,2026-09-10,19599-4,0,954,LAGENDA DAMAI,,
lagenda,,2026-09-10,19599-5,53,379,PALMA 1B@LA INDERA,,
lagenda,,2026-09-10,19599-6,48,1540,LA'INDERA@TIARA,,
lagenda,,2026-09-10,20081-2,636,639,PUNCAK WARISAN,,
lagenda,,2026-09-10,20081-3,26,104,TAMAN PUNCAK WARISAN,,
lagenda,,2026-09-10,30102-3,507,636,DARULAMAN LAGENDA,,
lagenda,,2026-09-10,30102-4,396,398,DARULAMAN LAGENDA,,
lagenda,,2026-09-10,30155-1,909,1084,RESIDENSI JATI DE MERU,,"Latest sales - Block B: 432 units, Block C: 477 units"
lagenda,,2026-09-10,30155-2,7,1084,RESIDENSI JATI DE MERU,,Latest sales - Block A: 7 units
lagenda,,2026-09-10,30223-1,606,608,LAGENDA SURIA,,
lagenda,,2026-09-10,30223-2,246,359,LAGENDA SURIA,,
lagenda,,2026-09-10,30223-3,748,893,LA' LUMIERE,,
lagenda,,2026-09-10,30223-4,1716,1918,LA' LUMIE'RE,,
lagenda,,2026-09-10,30223-5,365,1379,SAMUDRA@LAGENDA SURIA,,
lagenda,,2026-09-10,30223-6,454,800,LEXA@LA'LUMIE'RE,,
lagenda,,2026-09-10,30223-7,3,2013,RHEA@LA' LUMIERE,,
lagenda,,2026-09-10,30348-3,200,201,TAMAN PENGKALAN IMPIAN,,
lagenda,,2026-09-10,30348-4,78,146,TAMAN PENGKALAN IMPIAN,,
lagenda,,2026-09-10,30348-5,171,196,TAMAN PENGKALAN IMPIAN,,
lagenda,,2026-09-10,30377-1,1245,1449,LAGENDA AMAN,,
lagenda,,2026-09-10,30781-1,0,124,TAMAN CINTA LAGENDA,,
lagenda,,2026-09-10,7213-8,10,49,TAMAN KOTA LAGENDA,,
lagenda,,2026-09-10,19950-2,3,56,BIDORIA RESIDENSI,,
lagenda,,2026-09-10,19950-1,218,397,MAXITANAH SDN. BHD.,,
lagenda,,2026-09-10,14283-14,781,1098,LAGENDA TELUK INTAN,,
lagenda,,2026-09-10,14283-13,1435,1783,RESIDENSI LAGENDA TROPIKA,,
lagenda,,2026-09-10,14283-15,620,668,BANDAR BARU SETIAAWAN PERDANA,,
lagenda,,2026-09-10,14283-9,204,303,TARAF NUSANTARA SDN. BHD.,,
lagenda,,2026-09-10,11225-9,119,242,TAMAN MULIA,,
setiaawan,,2026-09-10,11590-4,1910,2024,ASTRUM AMPANG,,"Latest sales - Block R: 1277 units, Block T: 633 units"
setiaawan,,2026-09-10,11590-5,1003,1132,ASTRUM AMPANG,,"Latest sales - Block M: 387 units, Block U: 616 units"
setiaawan,,2026-09-10,30428-1,224,648,RESIDENSI SERI TANJUNG BESTARI,,"Latest sales - Block A: 65 units, Block B: 32 units, Block C: 86 units, Block D: 41 units"
setiaawan,,2026-09-10,30442-1,367,374,TAMAN BIDOR BISTARI 2,,
setiaawan,,2026-09-10,30442-2,82,457,TAMAN BIDOR BISTARI 2,,
setiaawan,,2026-09-10,30552-1,829,858,ASTRUM SHAH ALAM,,"Latest sales - Block A: 384 units, Block B: 445 units"
setiaawan,,2026-09-10,30552-2,355,394,ASTRUM SHAH ALAM,,Latest sales - Block C: 355 units
setiaawan,,2026-09-10,30783-1,205,256,TAMAN SUTERA WANGI,,
setiaawan,,2026-09-10,30783-2,0,97,TAMAN SUTERA WANGI,,
setiaawan,,2026-09-10,31070-1,1035,2042,RESIDENSI SENA,,"Latest sales - Block A: 141 units, Block B: 537 units, Block C: 78 units, Block D: 279 units"
setiaawan,,2026-09-10,9994-4,157,300,RESIDENSI BAYU 3,,"Latest sales - Block A: 46 units, Block B: 111 units"
setiaawan,,2026-09-10,9994-3,472,660,BUKIT AMPANG PERMAI,,"Latest sales - Block A: 110 units, Block B: 142 units, Block C: 79 units, Block D: 141 units"
setiaawan,,2026-09-10,10346-2,36,120,TAMAN BUKIT KEMAYAN,,
setiaawan,,2026-09-10,19314-1,1621,2070,RESIDENSI SERI SERINDIT,,"Latest sales - Block A: 289 units, Block B: 406 units, Block C: 135 units, Block D: 395 units, Block E: 396 units"
mbworld,,2026-09-10,30688-1,746,1299,VISTA TIARA,,"Latest sales - Block T4: 160 units, Block T5: 133 units, Block T6: 193 units, Block T7: 136 units, Block T8: 124 units"
mbworld,,2026-09-10,30946-1,981,1950,RESIDENSI SENIBONG MUTIARA,,"Latest sales - Block A: 404 units, Block B: 379 units, Block C: 89 units, Block D: 109 units"
mbworld,,2026-09-10,20101-2,1365,1796,RESIDENSI PUNCAK SAUJANA,,"Latest sales - Block D: 296 units, Block E: 367 units, Block F: 373 units, Block G: 329 units"
mbworld,,2026-09-10,19932-2,138,649,RESIDENSI SAUJANA,,"Latest sales - Block C: 54 units, Block D: 84 units"
mbworld,,2026-09-10,30588-4,109,449,RESIDENSI PERMATA INDAH 2,,Latest sales - Block L: 109 units
mbworld,,2026-09-10,30588-1,984,1046,RESIDENSI PERMATA INDAH,,"Latest sales - Block A: 518 units, Block B: 466 units"
mbworld,,2026-09-10,30588-2,63,63,TAMAN TELUK PERMATA,,
mbworld,,2026-09-10,30588-3,91,105,RESIDENSI PERBADANAN ISLAM TELUK PERMATA,,
mbworld,,2026-09-10,30981-1,633,945,RESIDENSI TIARA CEMERLANG 1,,"Latest sales - Block A: 234 units, Block B: 217 units, Block C: 182 units"
mbworld,,2026-09-10,19387-2,236,278,RESIDENSI PUNCAK MERTAJAM,,Latest sales - Block L: 236 units
mbworld,,2026-09-10,14589-11,70,134,AURA 1 @ TAMAN SRI PENAWAR,,
sks,,2026-09-10,12327-2,224,224,TRI TOWER,"unit count on TEDUH is 224, tracker says 360","Latest sales - Block A: 113 units, Block B: 111 units"
sks,,2026-09-10,12381-1,853,853,M CONDOMINIUM @ LARKIN,"unit count on TEDUH is 853, tracker says 944","Latest sales - Block A: 230 units, Block B: 204 units, Block C: 207 units, Block D: 211 units"
sks,,2026-09-10,13203-1,234,234,PANGSAPURI SERI KENCANA SETIA(SKS),"unit count on TEDUH is 234, tracker says 598",
sks,,2026-09-10,12381-2,445,445,LARKIN MUTIARA,"unit count on TEDUH is 445, tracker says 646","Latest sales - Block A: 229 units, Block B: 216 units"
sks,,2026-09-10,19757-1,375,458,TWIN TOWER,,Latest sales - Block L: 375 units
sks,,2026-09-10,12327-4,175,175,SKY HABITAT@MELDRUM HILL,"unit count on TEDUH is 175, tracker says 184","Latest sales - Block A: 1 units, Block L: 174 units"
sks,,2026-09-10,12327-1,282,282,PANDAN RESIDENT,"unit count on TEDUH is 282, tracker says 283",Latest sales - Block R1: 282 units
sks,,2026-09-10,12327-3,180,180,PANDAN RESIDENCE II,"unit count on TEDUH is 180, tracker says 182","Latest sales - Block A: 92 units, Block B: 87 units"
sks,,2026-09-10,11786-2,492,492,ESCADIA & ARCADIA,"unit count on TEDUH is 492, tracker says 507",
sks,,2026-09-10,9736-4,288,288,DESARU UTAMA,"unit count on TEDUH is 288, tracker says 306",
sks,,2026-09-10,11786-1,938,938,TAMAN DESARU UTAMA,"unit count on TEDUH is 938, tracker says 985",
brdb,,2026-09-10,11611-2,551,552,RESIDENSI BUKIT MIRANDA,,"Latest sales - Block 1: 277 units, Block 2: 274 units"
brdb,,2026-09-10,11807-2,82,83,SENJA RESIDENCE,,
brdb,,2026-09-10,11807-3,15,34,SENJA RESIDENCE,,
brdb,,2026-09-10,11807-4,17,47,SENJA RESIDENCE,,
brdb,,2026-09-10,30367-1,192,751,FEDERAL AVENUE,,"Latest sales - Block A: 96 units, Block B: 96 units"
brdb,,2026-09-10,32-15,78,111,RESIDENSI MENERUNG 111,,
brdb,,2026-09-10,32-16,43,146,RESIDENSI EDEN,,"Latest sales - Block A: 2 units, Block B: 6 units, Block C: 4 units, Block D: 10 units, Block E: 2 units, Block F: 2 units, Block G: 10 units, Block H: 7 units"
brdb,,2026-09-10,835-12,94,100,APARTMEN BAYU PERMAS,,"Latest sales - Block A: 45 units, Block B: 49 units"
brdb,,2026-09-10,835-13,145,198,RIMBUNAN,,
brdb,,2026-09-10,835-14,313,715,RESIDENSI DWI PESONA,,"Latest sales - Block A: 194 units, Block B: 119 units"
brdb,,2026-09-10,835-15,0,399,RESIDENSI SUASANA PERMAS,,
brdb,,2026-09-10,13819-1,654,858,TAMANSARI,"unit count on TEDUH is 858, tracker says 991",
brdb,,2026-09-10,12446-1,68,68,EMERALD BAY,"unit count on TEDUH is 68, tracker says 150",
brdb,,2026-09-10,835-10,281,291,PERMAS VILLE,,Latest sales - Block C: 281 units
brdb,,2026-09-10,19907-1,553,579,THE PULSE RESIDENCE & THE PULSE,,"Latest sales - Block A: 277 units, Block B: 276 units"
brdb,,2026-09-10,835-11,127,142,"ZONE 2-1, BANDAR BARU PERMAS JAYA",,
brdb,,2026-09-10,835-8,173,173,"RUMAH TERES 2 TINGKAT, ZONE 2-3","unit count on TEDUH is 173, tracker says 269",
brdb,,2026-09-10,835-6,94,94,THE STRAITS VIEW RESIDENCES,"unit count on TEDUH is 94, tracker says 220",
brdb,,2026-09-10,32-13,0,0,ONE MENERUNG,"unit count on TEDUH is 0, tracker says 229",
brdb,,2026-09-10,5997-1,0,0,CAPSQUARE RESIDENCE,"unit count on TEDUH is 0, tracker says 180",
brdb,,2026-09-10,11611-1,277,277,VERDANA,"unit count on TEDUH is 277, tracker says 298","Latest sales - Block A1: 130 units, Block A2: 131 units, Block B: 16 units"
uem,,2026-09-10,10555-15,1213,1334,RESIDENSI CONNAUGHT 1,,"Latest sales - Block A: 626 units, Block B: 587 units"
uem,,2026-09-10,11186-18,49,68,ALLEGRO,,
uem,,2026-09-10,11186-19,15,105,INTRIKA 3,,
uem,,2026-09-10,11186-20,2,119,INTRIKA 4,,
uem,,2026-09-10,14032-10,8,56,LAMAN ESTUARI,,
uem,,2026-09-10,14032-11,20,167,LAMAN ESTUARI,,
uem,,2026-09-10,14032-7,130,130,NADI NUSANTARA 2,,Latest sales - Block 1: 130 units
uem,,2026-09-10,14032-8,23,46,LAMAN ESTUARI,,
uem,,2026-09-10,14032-9,81,144,LAMAN ESTUARI,,
uem,,2026-09-10,14228-12,121,125,LAMAN TASIK ASPIRA,,
uem,,2026-09-10,14228-13,110,132,GERBANG NUSAJAYA,,
uem,,2026-09-10,14228-14,171,192,GERBANG NUSAJAYA,,
uem,,2026-09-10,14228-15,55,77,GERBANG NUSAJAYA,,
uem,,2026-09-10,14228-16,34,47,GERBANG NUSAJAYA,,
uem,,2026-09-10,14228-7,61,63,LAMAN TASIK ASPIRA,,
uem,,2026-09-10,14228-8,62,65,LAMAN TASIK ASPIRA,,
uem,,2026-09-10,30141-1,496,496,RESIDENSI MINH MONT'KIARA,,"Latest sales - Block A: 245 units, Block B: 251 units"
uem,,2026-09-10,30141-2,33,495,RESIDENSI MAHLIGAI ALAM INDAH (MAIA),,"Latest sales - Block A: 20 units, Block B: 13 units"
uem,,2026-09-10,7466-5,785,1126,RESIDENSI ZIRAH GEMILANG,,"Latest sales - Block A: 244 units, Block B: 297 units, Block C: 244 units"
uem,,2026-09-10,8024-13,217,283,"FOREST HEIGHTS, CP",,
uem,,2026-09-10,8024-14,147,213,"FOREST HEIGHTS, CP","unit count on TEDUH is 213, tracker says 218",
uem,,2026-09-10,20047-1,381,924,KAIA HEIGHTS,,"Latest sales - Block A: 112 units, Block B: 142 units, Block C: 59 units, Block D: 68 units"
uem,,2026-09-10,10555-12,476,476,ALMAS,"unit count on TEDUH is 476, tracker says 546",Latest sales - Block C: 476 units
uem,,2026-09-10,13373-1,525,525,RADIA,"unit count on TEDUH is 525, tracker says 640","Latest sales - Block B: 79 units, Block C: 141 units, Block D: 127 units, Block E: 131 units, Block F: 47 units"
uem,,2026-09-10,11186-16,122,124,INTRIKA,,
uem,,2026-09-10,11186-17,94,114,INTRIKA 2,,
ecoworld,,2026-09-10,14020-10,4,7,PRESINT 2,,
ecoworld,,2026-09-10,14020-11,5,24,PRESINT 2,,
ecoworld,,2026-09-10,14020-12,3,24,PRESINT 2,,
ecoworld,,2026-09-10,14020-13,9,16,PRESINT 2,,
ecoworld,,2026-09-10,14020-14,5,8,PRESINT 2,,
ecoworld,,2026-09-10,14020-5,383,383,RESIDENSI KOMERSIAL BOTANI SAYANG,,
ecoworld,,2026-09-10,14020-6,47,76,PRESINT 2,,
ecoworld,,2026-09-10,14020-7,9,24,PRESINT 2,,
ecoworld,,2026-09-10,14020-8,14,24,PRESINT 2,,
ecoworld,,2026-09-10,14020-9,10,16,PRESINT 2,,
ecoworld,,2026-09-10,14050-10,335,483,SE.RUMA,,Latest sales - Block R3: 335 units
ecoworld,,2026-09-10,14320-14,124,124,EKOFLORA 4,,
ecoworld,,2026-09-10,14320-17,460,460,FLORA DWIPUNCAK SANTAI,,
ecoworld,,2026-09-10,14320-18,460,460,FLORA SANTAI,,
ecoworld,,2026-09-10,14320-19,109,132,EKOFLORA 4,,
ecoworld,,2026-09-10,14320-20,28,32,EKOFLORA 4,,
ecoworld,,2026-09-10,14320-21,14,28,EKOFLORA 2,,
ecoworld,,2026-09-10,14320-22,11,24,EKOFLORA 2,,
ecoworld,,2026-09-10,14320-23,259,627,FLORA SANTAI TIGA,,
ecoworld,,2026-09-10,14320-24,0,30,EKOFLORA 2,,
ecoworld,,2026-09-10,14320-25,0,42,EKOFLORA 2,,
ecoworld,,2026-09-10,14504-7,500,500,HANA,,Latest sales - Block H1: 500 units
ecoworld,,2026-09-10,14504-8,269,995,MAYA,,"Latest sales - Block M4: 81 units, Block M5: 188 units"
ecoworld,,2026-09-10,14505-7,410,605,WELLINGTON GARDEN,,
ecoworld,,2026-09-10,19150-15,618,999,RIANG,,"Latest sales - Block A: 391 units, Block B: 227 units"
ecoworld,,2026-09-10,19150-16,148,266,NOBLEGATE,,
ecoworld,,2026-09-10,19150-17,155,184,BIRCHPARK,,
ecoworld,,2026-09-10,19150-18,108,128,BIRCHPARK,,
ecoworld,,2026-09-10,19152-12,178,262,ECO HORIZON 3,,
ecoworld,,2026-09-10,19152-13,261,264,TAMAN ECO SUN,,
ecoworld,,2026-09-10,19152-14,54,264,TAMAN ECO SUN,,
ecoworld,,2026-09-10,19152-15,167,500,PANGSAPURI PERKHIDMATAN IRAMA,,Latest sales - Block IR: 167 units
ecoworld,,2026-09-10,19152-9,46,112,ECO HORIZON 1,,
ecoworld,,2026-09-10,19985-10,357,1200,RESIDENSI KOMERSIAL BOTANI SAYANG 3,,
ecoworld,,2026-09-10,19985-6,364,364,RESIDENSI BOTANI 3,,
ecoworld,,2026-09-10,19985-7,83,112,RESIDENSI BOTANI 3,,
ecoworld,,2026-09-10,19985-8,114,128,RESIDENSI BOTANI 3,,
ecoworld,,2026-09-10,19985-9,507,509,RESIDENSI KOMERSIAL BOTANI SAYANG 2,,
ecoworld,,2026-09-10,6443-20,164,164,EKOTROPIKA 4,,
ecoworld,,2026-09-10,6443-21,50,50,EKOTROPIKA 4,,
ecoworld,,2026-09-10,6443-22,48,48,EKOTROPIKA 4,,
ecoworld,,2026-09-10,6443-24,48,48,EKOTROPIKA 4,,
ecoworld,,2026-09-10,6443-25,80,80,EKOTROPIKA 4,,
ecoworld,,2026-09-10,6443-26,100,100,EKOTROPIKA 4,,
ecoworld,,2026-09-10,6443-27,276,280,LAMAN INDAH 3,,
ecoworld,,2026-09-10,6443-28,258,282,LAMAN INDAH 3,,
ecoworld,,2026-09-10,6443-29,382,425,EKOTROPIKA 10,,
ecoworld,,2026-09-10,6443-30,82,118,EKOTROPIKA 10,,
ecoworld,,2026-09-10,6443-31,70,83,EKOTROPIKA 10,,
ecoworld,,2026-09-10,6443-32,76,76,EKOTROPIKA 10,,
ecoworld,,2026-09-10,6443-33,1,216,EKOTROPIKA 9,,
ecoworld,,2026-09-10,6443-34,2,177,EKOTROPIKA 9,,
ecoworld,,2026-09-10,14050-8,337,401,THE PARQUE RESIDENCES,,"Latest sales - Block J4: 62 units, Block J5: 29 units, Block K: 246 units"
ecoworld,,2026-09-10,14504-5,1728,1728,ECO ARDENCE,,"Latest sales - Block A: 704 units, Block B: 1024 units"
ecoworld,,2026-09-10,14504-6,343,376,EMBER,,"Latest sales - Block N: 36 units, Block P: 90 units, Block Q: 34 units"
ecoworld,,2026-09-10,19152-10,50,70,ECO HORIZON 1,,
ecoworld,,2026-09-10,19152-11,1302,1302,PANGSAPURI PERKHIDMATAN CERIA,,"Latest sales - Block DA: 651 units, Block DB: 651 units"
ecoworld,,2026-09-10,6443-23,50,50,EKOTROPIKA 4,,
ecoworld,,2026-09-10,30561-1,688,1220,SE.DUDUK,,"Latest sales - Block A: 195 units, Block B: 188 units, Block C: 204 units, Block D: 78 units, Block E: 23 units"
ecoworld,,2026-09-10,14518-1,273,273,ECO BLOOM,"unit count on TEDUH is 273, tracker says 490",
ecoworld,,2026-09-10,14510-1,626,626,BBCC DEVELOPMENT SDN BHD,"unit count on TEDUH is 626, tracker says 668","Latest sales - Block T1: 372 units, Block T2: 254 units"
ecoworld,,2026-09-10,6443-17,300,300,EKOTROPIKA 3,,
ecoworld,,2026-09-10,6443-18,112,112,EKOTROPIKA 3,,
ecoworld,,2026-09-10,6443-19,204,204,EKOTROPIKA 3,,
ecoworld,,2026-09-10,14504-2,259,259,ECO ARDENCE,,
ecoworld,,2026-09-10,14504-3,308,308,NARA,,
ecoworld,,2026-09-10,14504-4,249,250,CORA,,
ecoworld,,2026-09-10,19152-1,264,264,ECO HORIZON,"unit count on TEDUH is 264, tracker says 280",
ecoworld,,2026-09-10,19152-2,412,412,ECO HORIZON,"unit count on TEDUH is 412, tracker says 424",
ecoworld,,2026-09-10,19152-3,0,0,ECO HORIZON,"unit count on TEDUH is 0, tracker says 241",
ecoworld,,2026-09-10,19152-4,224,224,ECO HORIZON SDN BHD,,
ecoworld,,2026-09-10,19152-5,164,181,ECO HORIZON,,
ecoworld,,2026-09-10,19152-6,180,180,ECO HORIZON 2,,
ecoworld,,2026-09-10,19152-7,235,235,ECO HORIZON 2,,
ecoworld,,2026-09-10,19152-8,114,114,ECO HORIZON,,
ecoworld,,2026-09-10,31135-1,357,721,PRESINT BOTANI 1,,
ecoworld,,2026-09-10,31135-2,490,766,PRESINT BOTANI 2,,
scientex,,2026-09-10,11295-22,203,204,SCIENTEX SUNGAI DUA,,
scientex,,2026-09-10,11295-23,291,291,SCIENTEX SUNGAI DUA,,
scientex,,2026-09-10,11295-25,364,364,SCIENTEX SUNGAI DUA,,
scientex,,2026-09-10,11295-26,227,227,TAMAN AROWANA EMAS,,
scientex,,2026-09-10,11295-27,146,149,TAMAN AROWANA EMAS,,
scientex,,2026-09-10,11295-28,266,267,SCIENTEX JAWI,,
scientex,,2026-09-10,11295-29,151,336,TAMAN PUNCAK ASTANA,,
scientex,,2026-09-10,11295-30,254,369,SCIENTEX JAWI,,
scientex,,2026-09-10,19794-18,481,485,PANGSAPURI CENDERA 2,,"Latest sales - Block A: 239 units, Block B: 242 units"
scientex,,2026-09-10,19794-19,325,353,PANGSAPURI CENDERA 3,,"Latest sales - Block A: 169 units, Block B: 156 units"
scientex,,2026-09-10,30714-5,147,168,SCIENTEX JENJAROM -  L'ENA,,
scientex,,2026-09-10,30714-6,253,322,SCIENTEX JENJAROM - JASMINE,,
scientex,,2026-09-10,30884-1,258,263,TAMAN SCIENTEX KULAI 3,,
scientex,,2026-09-10,30884-2,182,182,TAMAN SCIENTEX KULAI 3,,
scientex,,2026-09-10,30884-3,244,244,TAMAN SCIENTEX KULAI 3,,
scientex,,2026-09-10,30884-4,242,382,PANGSAPURI LESTARI 1,,"Latest sales - Block A: 124 units, Block B: 118 units"
scientex,,2026-09-10,30884-5,169,169,TAMAN SCIENTEX KULAI 3,,
scientex,,2026-09-10,30884-6,203,204,TAMAN SCIENTEX KULAI 3,,
scientex,,2026-09-10,30884-7,124,184,TAMAN SCIENTEX KULAI 3,,
scientex,,2026-09-10,30884-8,95,183,TAMAN SCIENTEX KULAI 3,,
scientex,,2026-09-10,6331-22,468,489,RESIDENSI MORI 2 SCIENTEX RAWANG,,
scientex,,2026-09-10,6331-25,396,498,RESIDENSI MORI 3,,
scientex,,2026-09-10,6331-26,267,384,RESIDENSI SENTRIO (N6),"unit count on TEDUH is 384, tracker says 584","Latest sales - Block A: 160 units, Block B: 107 units"
scientex,,2026-09-10,6331-27,210,288,SCIENTEX BESTARI JAYA,,
scientex,,2026-09-10,6331-28,312,332,SCIENTEX BESTARI JAYA,,
scientex,,2026-09-10,6331-29,85,300,SCIENTEX KUNDANG JAYA,,
scientex,,2026-09-10,6575-50,204,206,TAMAN SCIENTEX JASIN MUTIARA,,
scientex,,2026-09-10,6575-51,232,232,BANDAR SCIENTEX JASIN PRESINT 2,,
scientex,,2026-09-10,6575-53,195,209,BANDAR BARU BAKRI,"unit count on TEDUH is 209, tracker says 1",
scientex,,2026-09-10,6575-54,185,196,BANDAR BARU BAKRI,"unit count on TEDUH is 196, tracker says 1",
scientex,,2026-09-10,6575-55,95,279,SCIENTEX MELAKA,,
scientex,,2026-09-10,6575-56,163,288,SCIENTEX MELAKA,,
scientex,,2026-09-10,6575-58,136,256,BANDAR BARU BAKRI,,
scientex,,2026-09-10,6575-59,0,216,BANDAR BARU BAKRI,,
scientex,,2026-09-10,9294-57,205,210,PANGSAPURI PULAI MUTIARA 4,,
scientex,,2026-09-10,9294-67,516,516,PANGSAPURI SCIENTEX IDAMAN,,"Latest sales - Block A: 169 units, Block B: 173 units, Block C: 174 units"
scientex,,2026-09-10,9294-68,210,210,TAMAN KLEBANG SEROJA,,
scientex,,2026-09-10,9294-69,215,215,TAMAN PULAI DUTA,,
scientex,,2026-09-10,9294-70,519,522,PANGSAPURI SCIENTEX IDAMAN,,"Latest sales - Block D: 172 units, Block E: 173 units, Block F: 174 units"
scientex,,2026-09-10,9294-71,114,115,TAMAN KLEBANG SEROJA,,
scientex,,2026-09-10,9294-72,252,252,TAMAN SCIENTEX SUNGAI DUA,,
scientex,,2026-09-10,9294-74,207,207,TAMAN PULAI DUTA,,
scientex,,2026-09-10,9294-75,216,238,TAMAN SCIENTEX SUNGAI DUA,,
scientex,,2026-09-10,9294-76,117,134,SCIENTEX IPOH,,
scientex,,2026-09-10,9294-77,73,124,PANGSAPURI PULAI DUTA 1,,
scientex,,2026-09-10,9294-78,200,200,TAMAN PULAI DUTA,,
scientex,,2026-09-10,9294-79,97,142,PANGSAPURI PULAI DUTA 2,,
scientex,,2026-09-10,9294-80,257,271,TAMAN SCIENTEX SUNGAI DUA,,
scientex,,2026-09-10,9294-81,197,234,TAMAN SCIENTEX SUNGAI DUA,,
scientex,,2026-09-10,9294-82,46,64,SCIENTEX IPOH,,
scientex,,2026-09-10,9294-83,87,210,SCIENTEX IPOH - ASPEN,,
scientex,,2026-09-10,9294-84,235,246,TAMAN PULAI DUTA 2,,
scientex,,2026-09-10,9294-85,88,252,TAMAN SCIENTEX SUNGAI DUA,,
scientex,,2026-09-10,9294-86,185,240,TAMAN PULAI DUTA 2,,
scientex,,2026-09-10,9294-88,132,690,PANGSAPURI SCIENTEX JAYA,,"Latest sales - Block F: 17 units, Block G: 115 units"
scientex,,2026-09-10,9294-89,22,158,SCIENTEX IPOH - DAISY,,
scientex,,2026-09-10,6575-43,211,211,TAMAN SCIENTEX JASIN MUTIARA,,
scientex,,2026-09-10,6575-31,291,291,SCIENTEX JASIN,,
scientex,,2026-09-10,6575-39,202,204,TAMAN SCIENTEX JASIN MUTIARA,,
scientex,,2026-09-10,6575-42,132,188,SCIENTEX BANDAR JASIN,,
scientex,,2026-09-10,6575-44,284,289,SCIENTEX BANDAR JASIN,,
scientex,,2026-09-10,6575-40,316,336,SCIENTEX BANDAR JASIN,,
scientex,,2026-09-10,9294-62,342,342,TAMAN PULAI DUTA,,
scientex,,2026-09-10,9294-65,272,272,TAMAN PULAI DUTA,,
scientex,,2026-09-10,9294-66,235,235,TAMAN PULAI DUTA,,
scientex,,2026-09-10,19794-15,253,254,TAMAN PULAI MUTIARA 2,,
scientex,,2026-09-10,19794-16,256,256,TAMAN PULAI MUTIARA 2,,
scientex,,2026-09-10,6575-38,212,215,TAMAN BUKIT TAMBUN PERDANA 2,,
scientex,,2026-09-10,19794-14,306,309,CLOVER 3,,
scientex,,2026-09-10,6575-18,730,757,SCIENTEX DURIAN TUNGGAL 2,,
scientex,,2026-09-10,9294-51,122,150,RUMAH BANDAR TAMAN SCIENTEX KULAI 2,,
scientex,,2026-09-10,9294-52,361,420,PANGSAPURI PULAI MUTIARA 2,,"Latest sales - Block A: 182 units, Block B: 179 units"
scientex,,2026-09-10,9294-53,278,278,TAMAN CHEPOR IDAMAN,"unit count on TEDUH is 278, tracker says 288",
scientex,,2026-09-10,9294-54,74,74,SCIENTEX QUATARI SDN BHD,"unit count on TEDUH is 74, tracker says 84",
scientex,,2026-09-10,9294-56,614,614,PANGSAPURI PULAI MUTIARA 3,,"Latest sales - Block A: 204 units, Block B: 204 units, Block C: 206 units"
scientex,,2026-09-10,9294-59,300,300,PANGSAPURI 1 SCIENTEX UTAMA,,"Latest sales - Block A: 150 units, Block B: 150 units"
scientex,,2026-09-10,9294-60,304,304,SCIENTEX MERU 3,,
scientex,,2026-09-10,9294-61,70,70,SCIENTEX MERU 3,,
scientex,,2026-09-10,9294-63,238,238,SCIENTEX IPOH,,
scientex,,2026-09-10,9294-64,120,122,TAMAN KLEBANG LESTARI,,
scientex,,2026-09-10,9294-73,0,207,TAMAN PULAI DUTA,,
scientex,,2026-09-10,9294-45,472,473,SCIENTEX QUATARI SDN BHD,"unit count on TEDUH is 473, tracker says 492",
scientex,,2026-09-10,6575-34,452,455,SCIENTEX JASIN,,
scientex,,2026-09-10,6575-33,498,503,SCIENTEX BANDAR JASIN,,
scientex,,2026-09-10,6575-20,627,641,SCIENTEX DURIAN TUNGGAL 2,,
simedarby,,2026-09-10,10991-4,271,271,RESIDENSI TEJA,,"Latest sales - Block PT 26/A: 138 units, Block PT 26/B: 133 units"
simedarby,,2026-09-10,10991-5,605,926,RESIDENSI SJCC 1,,"Latest sales - Block A: 258 units, Block B: 347 units"
simedarby,,2026-09-10,12408-16,0,43,SUASANA AINSDALE 2,,
simedarby,,2026-09-10,12408-17,0,59,SUASANA AINSDALE 2,,
simedarby,,2026-09-10,12408-18,22,49,SUASANA AINSDALE 2,,
simedarby,,2026-09-10,12408-19,24,49,SUASANA AINSDALE 2,,
simedarby,,2026-09-10,12408-20,116,118,ARINA AINSDALE 1,,
simedarby,,2026-09-10,12408-21,97,103,ARINA AINSDALE 1 (FASA 2),,
simedarby,,2026-09-10,12408-22,71,123,ARINA 2,,
simedarby,,2026-09-10,12408-23,0,114,ARINA 2 (PHASE 3),,
simedarby,,2026-09-10,12408-24,0,133,ARINA 2 (PHASE 2),,
simedarby,,2026-09-10,13017-43,100,102,ELMINA RIDGE 1 (FASA A),,
simedarby,,2026-09-10,13017-44,93,93,ELMINA HIJAUAN 9A,,
simedarby,,2026-09-10,13017-45,121,126,ELMINA RIDGE 1 ( FASA B),,
simedarby,,2026-09-10,13017-46,99,99,ELMINA HIJAUAN 9B,,
simedarby,,2026-09-10,13017-47,411,499,RESIDENSI KANOPI,,Latest sales - Block EW: 411 units
simedarby,,2026-09-10,13017-48,134,145,ELMINA RIDGE 2,,
simedarby,,2026-09-10,13017-49,71,76,ELMINA RIDGE  2 (FASA ER2B),,
simedarby,,2026-09-10,13017-50,58,136,ELMINA HIJAUAN 8-2 (FASA A),,
simedarby,,2026-09-10,13017-51,19,70,ELMINA HIJAUAN 8-2 (FASA B),,
simedarby,,2026-09-10,14358-4,0,56,HARMONI PERMAI 2,,
simedarby,,2026-09-10,20060-1,508,520,JENDELA RESIDENSI,,"Latest sales - Block A: 256 units, Block B: 252 units"
simedarby,,2026-09-10,20171-2,22,59,TIARA RESIDENCES 1,,
simedarby,,2026-09-10,20171-3,0,112,TIARA RESIDENCES 2,,
simedarby,,2026-09-10,30500-1,134,150,RESIDENSI OPERA,,"Latest sales - Block 1A: 12 units, Block 1B: 8 units, Block 2A: 7 units, Block 2B: 5 units, Block 3A: 2 units, Block 3B: 3 units, Block A1: 15 units, Block A2: 19 units, Block B1: 12 units, Block B2: 15 units, Block C1: 19 units, Block C2: 17 units"
simedarby,,2026-09-10,3780-6,956,961,RESIDENSI RIA,,"Latest sales - Block A: 200 units, Block B: 224 units, Block C: 258 units, Block D: 274 units"
simedarby,,2026-09-10,3780-7,0,998,RESIDENSI MERIAH,,
simedarby,,2026-09-10,3927-154,122,122,THE GLADES,,"Latest sales - Block HT5T4(I)/A: 16 units, Block HT5T4(I)/B: 30 units, Block HT5T4(I)/C: 32 units, Block HT5T4(I)/D: 32 units, Block HT5T4(I)/E: 12 units"
simedarby,,2026-09-10,3927-155,1420,1428,RESIDENSI SERASI,,"Latest sales - Block HT6T1A(I)/1: 506 units, Block HT6T1A(I)/2: 417 units, Block HT6T1A(II)/3: 497 units"
simedarby,,2026-09-10,3927-160,166,308,RESIDENSI DAMAI,,
simedarby,,2026-09-10,3927-161,58,138,ADIRA (SIRI 2),,
simedarby,,2026-09-10,3927-162,24,82,ADIRA (SIRI 3),,
simedarby,,2026-09-10,3927-163,104,109,ADIRA (SIRI 1),,
simedarby,,2026-09-10,3927-164,44,72,LANAI LAKESIDE,,
simedarby,,2026-09-10,3927-165,29,146,THE STRAITS SIRI 2,,
simedarby,,2026-09-10,3927-166,24,25,THE GLADES,,
simedarby,,2026-09-10,3927-167,106,142,THE STRAITS SIRI 1,,
simedarby,,2026-09-10,597-13,228,234,RESIDENSI LAMAN SATU MELAWATI,,
simedarby,,2026-09-10,6755-11,84,100,EMILIA LAKESIDE 1,,
simedarby,,2026-09-10,6755-12,34,45,EMILIA LAKESIDE 3,,
simedarby,,2026-09-10,6755-13,50,65,EMILIA LAKESIDE 2,,
simedarby,,2026-09-10,6785-27,55,68,SERENIA AMALIA 5,,
simedarby,,2026-09-10,6785-28,32,40,SERENIA AMALIA 7,,
simedarby,,2026-09-10,6785-29,0,84,SERENIA AMALIA 6,,
simedarby,,2026-09-10,6785-30,160,211,SERENIA BALERIA 1,,
simedarby,,2026-09-10,6785-31,27,174,SERENIA BALERIA 2,,
simedarby,,2026-09-10,7277-27,436,450,RESIDENSI TIGA ARA,,"Latest sales - Block A: 146 units, Block B: 158 units, Block C: 132 units"
simedarby,,2026-09-10,7277-28,18,20,ANDARA,,
simedarby,,2026-09-10,3927-156,128,139,NADIRA 3,,
simedarby,,2026-09-10,3927-157,300,346,CASIRA 3 (SIRI 2),,
simedarby,,2026-09-10,6755-7,80,99,EMILIA 3,"unit count on TEDUH is 99, tracker says 24",
simedarby,,2026-09-10,7277-30,157,998,RESIDENSI ARA 1,,"Latest sales - Block A: 29 units, Block B: 63 units, Block C1: 65 units"
simedarby,,2026-09-10,14350-1,275,429,SENADA KIARA,,
simedarby,,2026-09-10,13017-19,183,183,ELMINA GREEN (EG1A),"unit count on TEDUH is 183, tracker says 187",
simedarby,,2026-09-10,13017-20,205,205,ELMINA GREEN (EG1B),"unit count on TEDUH is 205, tracker says 211",
simedarby,,2026-09-10,13017-21,72,72,ELMINA EAST - (PHASE G3C),,
simedarby,,2026-09-10,13017-22,181,181,PHASE EG1C,,
simedarby,,2026-09-10,13017-23,47,47,PHASE G5,"unit count on TEDUH is 47, tracker says 90",
simedarby,,2026-09-10,13017-24,348,562,PHASE EG2 (RUMAH SELANGORKU),,"Latest sales - Block EW/EG2/A: 126 units, Block EW/EG2/B: 96 units, Block EW/EG2/C: 126 units"
simedarby,,2026-09-10,13017-25,168,168,PHASE EV5A,,
simedarby,,2026-09-10,13017-26,204,204,PHASE EV5B,"unit count on TEDUH is 204, tracker says 205",
simedarby,,2026-09-10,13017-27,300,513,ELMINA ILHAM,,
simedarby,,2026-09-10,13017-28,49,218,ELMINA HIJAUAN DUA (FASA A),,
simedarby,,2026-09-10,13017-29,31,194,ELMINA HIJAUAN DUA (FASA B),,
simedarby,,2026-09-10,13017-30,14,57,HEVEA (FASA B),,
simedarby,,2026-09-10,13017-31,66,69,HEVEA (FASA A),,
simedarby,,2026-09-10,13017-32,1,189,ELMINA HIJAUAN EMPAT (FASA A),,
simedarby,,2026-09-10,13017-33,16,160,ELMINA HIJAUAN EMPAT (FASA B),,
simedarby,,2026-09-10,13017-34,117,208,ELMINA HIJAUAN LIMA,,
simedarby,,2026-09-10,13017-35,277,277,ILHAM RESIDENCE 2,,
simedarby,,2026-09-10,13017-36,113,116,ELMINA HIJAUAN ENAM (FASA A),,
simedarby,,2026-09-10,13017-37,138,139,ELMINA HIJAUAN ENAM (FASA B),,
simedarby,,2026-09-10,13017-38,180,185,ELMINA HIJAUAN TUJUH (FASA B),,
simedarby,,2026-09-10,13017-39,130,131,ELMINA HIJAUAN TUJUH (FASA A),,
simedarby,,2026-09-10,13017-40,302,303,ELMINA ILHAM TIGA,,Latest sales - Block EE: 302 units
simedarby,,2026-09-10,13017-41,79,80,ELMINA HIJAUAN LAPAN (FASA B),,
simedarby,,2026-09-10,13017-42,88,88,ELMINA HIJAUAN LAPAN (FASA A),,
simedarby,,2026-09-10,12408-11,125,125,EMBUN,"unit count on TEDUH is 125, tracker says 189",
simedarby,,2026-09-10,12408-12,12,59,ANGGUN (FASA 1),,
simedarby,,2026-09-10,12408-13,10,86,ANGGUN (FASA 2),,
simedarby,,2026-09-10,12408-14,43,50,SUASANA AINSDALE (FASA 1),,
simedarby,,2026-09-10,12408-15,23,65,SUASANA AINSDALE (FASA 2),,
simedarby,,2026-09-10,6785-7,298,298,PHASE A2,"unit count on TEDUH is 298, tracker says 302",
simedarby,,2026-09-10,6785-8,226,226,PHASE A3-2,,Latest sales - Block SC/SC: 226 units
simedarby,,2026-09-10,6785-9,176,176,PHASE A3-1,,Latest sales - Block SC/SC: 176 units
simedarby,,2026-09-10,6785-10,100,100,PHASE A5-1,,Latest sales - Block SC/SC: 100 units
simedarby,,2026-09-10,6785-11,100,100,PHASE A5-2,,Latest sales - Block SC/SC: 100 units
simedarby,,2026-09-10,6785-12,122,122,SERENIA ARIYA 3,,Latest sales - Block SC/SC: 96 units
simedarby,,2026-09-10,6785-13,87,87,SERENIA ARIYA,,Latest sales - Block SC/SC: 87 units
simedarby,,2026-09-10,6785-14,111,115,SERENIA ARIYA 2,,Latest sales - Block SC/SC: 111 units
simedarby,,2026-09-10,6785-15,107,110,SERENIA AMALIA 2,,
simedarby,,2026-09-10,6785-16,0,60,SERENIA AMALIA 3,,
simedarby,,2026-09-10,6785-17,0,142,SERENIA AMALIA 4,,
simedarby,,2026-09-10,6785-18,87,120,SERENIA AMALIA 1,,
simedarby,,2026-09-10,6785-19,144,144,SERENIA AIORA 1,,
simedarby,,2026-09-10,6785-20,138,138,SERENIA AIORA 2,,
simedarby,,2026-09-10,6785-21,57,84,SERENIA ANIRA 1,,
simedarby,,2026-09-10,6785-22,108,116,SERENIA ANIRA 3,,
simedarby,,2026-09-10,6785-23,86,96,SERENIA ANIRA 2,,Latest sales - Block SC: 86 units
simedarby,,2026-09-10,6785-24,53,72,SERENIA AQILA,,
simedarby,,2026-09-10,6785-25,191,202,SERENIA ANISA 2,,
simedarby,,2026-09-10,6785-26,203,206,SERENIA ANISA 1,,
spsetia,,2026-09-10,10530-12,96,216,TEMASYA PRISMA,,
spsetia,,2026-09-10,10611-24,108,131,TAMAN LAMAN SETIA,,
spsetia,,2026-09-10,10611-25,37,46,LAMAN JENTAYU,,
spsetia,,2026-09-10,10611-26,92,111,TAMAN LAMAN SETIA,,
spsetia,,2026-09-10,10611-27,4,32,TAMAN LAMAN SETIA (EUGENIA 1),,
spsetia,,2026-09-10,10611-28,9,89,TAMAN LAMAN SETIA (CARISSA 1),,
spsetia,,2026-09-10,10611-29,0,22,TAMAN LAMAN SETIA,,
spsetia,,2026-09-10,11461-7,15,22,CASA RICA,,
spsetia,,2026-09-10,11978-4,20,268,SETIA SV2,,
spsetia,,2026-09-10,13243-26,25,40,SETIA ECOHILL,,
spsetia,,2026-09-10,13243-28,5,37,QUEENSVILLE,,
spsetia,,2026-09-10,14331-6,57,70,SETIA ECO TEMPLER,,
spsetia,,2026-09-10,14331-7,378,388,SETIA ECO TEMPLER FASA 1B,,
spsetia,,2026-09-10,14331-8,1,70,SETIA ECO TEMPLER @ RICHMOND GATE,,
spsetia,,2026-09-10,14421-22,71,113,SETIA ECOHILL 2,,
spsetia,,2026-09-10,19700-5,8,12,ARUNDINA,,
spsetia,,2026-09-10,19700-6,26,74,ARUNDINA,,
spsetia,,2026-09-10,19732-10,0,108,TAMAN SUTERA KASIH,,
spsetia,,2026-09-10,19732-6,49,127,AMANSARA NORTH,,
spsetia,,2026-09-10,19732-7,93,154,SETIA SURIA,,
spsetia,,2026-09-10,19732-8,0,179,SETIA SURIA,,
spsetia,,2026-09-10,19732-9,640,640,PANGSAPURI PINANG SETIA,,"Latest sales - Block A: 200 units, Block B: 200 units, Block C: 240 units"
spsetia,,2026-09-10,19740-7,1,54,DAMAIRA,,
spsetia,,2026-09-10,2387-21,40,48,TAMAN RINTING,,
spsetia,,2026-09-10,2387-22,32,56,TAMAN RINTING,,
spsetia,,2026-09-10,2387-23,8,34,TAMAN RINTING,,
spsetia,,2026-09-10,30101-8,27,72,SETIA ALAMSARI,,
spsetia,,2026-09-10,30101-9,36,60,AVALYN,,
spsetia,,2026-09-10,30874-1,232,693,RESIDENSI BUKIT PERSEKUTUAN 1,,
spsetia,,2026-09-10,37-10,10,162,TAMAN SETIA TROPIKA,,
spsetia,,2026-09-10,37-9,10,420,TAMAN SETIA TROPIKA,,"Latest sales - Block A: 2 units, Block C: 1 units, Block G: 2 units, Block H: 1 units, Block J: 2 units, Block L: 2 units"
spsetia,,2026-09-10,4924-79,37,37,BANDAR KINRARA,,
spsetia,,2026-09-10,4924-80,37,38,BANDAR KINRARA,,
spsetia,,2026-09-10,4924-81,28,28,BANDAR KINRARA,,
spsetia,,2026-09-10,4924-82,30,30,BANDAR KINRARA,,
spsetia,,2026-09-10,4924-83,0,18,BANDAR KINRARA,,
spsetia,,2026-09-10,673-12,201,499,RESIDENSI CAMAR,,
spsetia,,2026-09-10,7180-39,52,86,TAMAN PELANGI INDAH,,
spsetia,,2026-09-10,7180-40,26,77,TAMAN PELANGI INDAH,,
spsetia,,2026-09-10,7180-41,0,98,TAMAN PELANGI INDAH,,
spsetia,,2026-09-10,8118-60,341,355,SRI SENJA & SRI EMBUN,,
spsetia,,2026-09-10,8118-74,36,40,AURINIA,,
spsetia,,2026-09-10,8118-75,75,103,LAMAN ALUVIUM,,
spsetia,,2026-09-10,8118-76,67,95,LAMAN ALUVIUM,,
spsetia,,2026-09-10,8118-77,17,30,LAMAN BUKIT,,
spsetia,,2026-09-10,8118-78,111,600,PANGSAPURI SETIA IMPIANA,,
spsetia,,2026-09-10,8118-79,0,108,"RESIDENSI LILI 1 , RESIDENSI LILI 2 , RESIDENSI LILI 3 & RESIDENSI LILI 4",,
spsetia,,2026-09-10,8118-80,102,203,SUMMERA GROVE,,
spsetia,,2026-09-10,8118-81,8,27,SAPPHIRE ÉLAN,,
spsetia,,2026-09-10,8118-82,0,88,LAMAN DANAU,,
spsetia,,2026-09-10,9246-123,27,68,DUTA VILLA,,
spsetia,,2026-09-10,9246-124,95,102,BANDAR SETIA ALAM,,
spsetia,,2026-09-10,9246-125,45,72,LE JARDIN,,
spsetia,,2026-09-10,9246-126,23,100,MUSIKA HOMES,,
spsetia,,2026-09-10,9586-34,19,19,FORESTREE,,
spsetia,,2026-09-10,9586-35,11,11,ROBIN COVE,,
spsetia,,2026-09-10,9586-36,29,29,ROBIN COVE,,
spsetia,,2026-09-10,9586-37,52,67,KINGFISHER,,
spsetia,,2026-09-10,9796-21,77,83,SETIA BAYUEMAS,,
spsetia,,2026-09-10,9796-22,13,42,SETIA BAYUEMAS,,
spsetia,,2026-09-10,9796-23,80,95,SETIA BAYUEMAS,,
spsetia,,2026-09-10,9796-24,13,38,SETIA BAYUEMAS,,
spsetia,,2026-09-10,9796-25,232,561,PANGSAPURI BAYU IMPIAN,,"Latest sales - Block A: 144 units, Block B: 88 units"
spsetia,,2026-09-10,9796-26,27,82,SETIA BAYUEMAS,,
spsetia,,2026-09-10,9796-27,1,69,SETIA BAYUEMAS,,
spsetia,,2026-09-10,9829-28,115,116,SETIA ALAMIMPIAN A10-03,,
spsetia,,2026-09-10,9829-29,33,60,SETIA ALAMIMPIAN,,
spsetia,,2026-09-10,9829-30,84,101,SETIA ALAMIMPIAN,,
spsetia,,2026-09-10,9829-31,40,70,SETIA ALAM IMPIAN,,
spsetia,,2026-09-10,9829-33,6,40,SETIA ALAM IMPIAN,,
spsetia,,2026-09-10,9829-34,32,146,SETIA ALAM IMPIAN,,
spsetia,,2026-09-10,9851-25,6,40,ELYSIAN,,
spsetia,,2026-09-10,9796-19,89,98,SETIA BAYUEMAS,,
spsetia,,2026-09-10,14331-1,227,227,SETIA ECO TEMPLER,"unit count on TEDUH is 227, tracker says 234",
spsetia,,2026-09-10,14331-2,0,0,SETIA ECO TEMPLER,"unit count on TEDUH is 0, tracker says 388",
spsetia,,2026-09-10,14331-3,156,156,SETIA ECO TEMPLER,"unit count on TEDUH is 156, tracker says 168",
spsetia,,2026-09-10,14331-4,147,155,SETIA ECO TEMPLER,,
spsetia,,2026-09-10,14331-5,73,74,SETIA ECO TEMPLER,,
spsetia,,2026-09-10,30101-1,88,88,SETIA ALAMSARI,,
spsetia,,2026-09-10,30101-2,44,44,SETIA ALAMSARI,,
spsetia,,2026-09-10,30101-3,44,44,SETIA ALAMSARI,,
spsetia,,2026-09-10,30101-4,111,114,SETIA ALAMSARI,,
spsetia,,2026-09-10,30101-5,88,88,SETIA ALAMSARI,,
spsetia,,2026-09-10,30101-6,43,44,SETIA ALAMSARI,,
spsetia,,2026-09-10,30101-7,46,60,SETIA ALAMSARI,,
spsetia,,2026-09-10,9796-20,89,97,SETIA BAYUEMAS,,
spsetia,,2026-09-10,37-5,272,272,BANDAR BARU SERI PETALING FASA ZONE P3(RESIDENSI RIMBUNAN),,
spsetia,,2026-09-10,37-6,186,187,SETIA WARISAN TROPIKA,,
spsetia,,2026-09-10,37-7,122,135,SETIA WARISAN TROPIKA,,
spsetia,,2026-09-10,37-8,0,117,SETIA WARISAN TROPIKA (PHASE 3A),,
spsetia,,2026-09-10,12215-6,138,138,SETIA ECO GLADES,"unit count on TEDUH is 138, tracker says 142",
spsetia,,2026-09-10,12215-7,152,152,SETIA ECO GLADES,,Latest sales - Block LH: 1 units
spsetia,,2026-09-10,12215-8,55,60,SETIA MARINA (GLADE 8),,
spsetia,,2026-09-10,12215-9,97,100,SETIA MARINA GLADE 7,,
spsetia,,2026-09-10,14421-6,92,92,ELMERA,,
spsetia,,2026-09-10,14421-7,114,114,BARRAS,,
spsetia,,2026-09-10,14421-8,80,80,AMARUS,"unit count on TEDUH is 80, tracker says 81",
spsetia,,2026-09-10,14421-9,67,67,BACCAS,"unit count on TEDUH is 67, tracker says 68",
spsetia,,2026-09-10,14421-10,48,48,FROSSA,"unit count on TEDUH is 48, tracker says 84",
spsetia,,2026-09-10,14421-11,45,45,SETIA ECOHILL 2,"unit count on TEDUH is 45, tracker says 66",
spsetia,,2026-09-10,14421-12,65,65,ARONIA,"unit count on TEDUH is 65, tracker says 86",
spsetia,,2026-09-10,14421-13,105,105,SETIA ECOHILL 2,,
spsetia,,2026-09-10,14421-14,69,69,ACORUS,,
spsetia,,2026-09-10,14421-15,62,62,ACORUS 2,,
spsetia,,2026-09-10,14421-16,76,76,FARINA,,
spsetia,,2026-09-10,14421-17,25,76,AZOLLA,,
spsetia,,2026-09-10,14421-18,66,66,CARNUS 2,,
spsetia,,2026-09-10,14421-19,2,77,BERONIA,,
spsetia,,2026-09-10,14421-20,78,84,SETIA ECOHILL 2,,
spsetia,,2026-09-10,14421-21,77,99,SETIA ECOHILL 2,,
spsetia,,2026-09-10,19740-1,34,34,KANDARA,,
spsetia,,2026-09-10,19740-2,18,18,ALLIA & KANDARA,"unit count on TEDUH is 18, tracker says 26",
spsetia,,2026-09-10,19740-3,9,9,KAYANA,"unit count on TEDUH is 9, tracker says 36",
spsetia,,2026-09-10,19740-4,29,29,KASTELA,,
spsetia,,2026-09-10,19740-5,8,8,SETIA MAYURI,,
spsetia,,2026-09-10,19740-6,20,26,SETIA MAYURI,,
spsetia,,2026-09-10,19732-4,176,192,AMANSARA NORTH,,
spsetia,,2026-09-10,19732-5,134,180,AMANSARA NORTH,,
ksl,,2026-09-10,13457-2,36,1280,RESIDENSI PUNCAK AUSTIN,,
ksl,,2026-09-10,14641-2,148,1200,RESIDENSI DANAU UTAMA,,
ksl,,2026-09-10,30622-1,148,160,TAMAN PUNCAK TROPICANA,,
ksl,,2026-09-10,30622-2,167,175,TAMAN PUNCAK TROPICANA,,
ksl,,2026-09-10,30622-3,119,132,TAMAN PUNCAK TROPICANA,,
ksl,,2026-09-10,30622-4,100,129,TAMAN PUNCAK TROPICANA,,
ksl,,2026-09-10,31041-1,49,733,RESIDENSI BESTARI,,Latest sales - Block A: 49 units
ksl,,2026-09-10,31063-1,62,230,BANDAR WAWARI,,
ksl,,2026-09-10,31063-2,265,265,BANDAR WAWARI,,
ksl,,2026-09-10,31063-3,265,265,BANDAR WAWARI,,
ksl,,2026-09-10,31063-4,205,1022,RESIDENSI KOMERSIAL PINGGIRAN SUNGAI,,"Latest sales - Block A: 76 units, Block B: 129 units"
ksl,,2026-09-10,31063-5,30,1138,RESIDENSI KOMERSIAL PINGGIRAN SUNGAI,,Latest sales - Block C: 30 units
ksl,,2026-09-10,3390-38,0,71,TAMAN BINTANG 2,,
ksl,,2026-09-10,3390-71,1009,1688,PANGSAPURI KEMPAS INDAH 2 (D' SECRET GARDEN 2),,"Latest sales - Block A: 367 units, Block A1: 301 units, Block B: 341 units"
ksl,,2026-09-10,3390-77,44,612,RAIN TREE RESIDENCE,,"Latest sales - Block A: 33 units, Block B: 9 units, Block C: 2 units"
ksl,,2026-09-10,3390-78,112,181,TAMAN BESTARI INDAH,,
ksl,,2026-09-10,3390-79,85,217,TAMAN BESTARI INDAH,,
ksl,,2026-09-10,3390-80,501,1664,PANGSAPURI KEMPAS INDAH 2 (D' SECRET GARDEN 2),,"Latest sales - Block C: 182 units, Block C1: 56 units, Block C2: 263 units"
ksl,,2026-09-10,3390-81,12,19,TAMAN MELATI,,
ksl,,2026-09-10,3390-82,49,182,TAMAN BESTARI INDAH,,
ksl,,2026-09-10,3390-83,140,864,RESIDENSI ALAM PERMAI,,
ksl,,2026-09-10,3390-84,18,44,TAMAN RAJAWALI,,
ksl,,2026-09-10,3390-85,0,223,TAMAN BESTARI INDAH,,
ksl,,2026-09-10,3390-86,0,176,TAMAN MUTIARA BESTARI,,
ksl,,2026-09-10,4204-16,123,240,TAMAN PULAI BESTARI,,
ksl,,2026-09-10,4204-17,6,196,TAMAN PULAI BESTARI,,
ksl,,2026-09-10,4706-6,0,32,TAMAN BAHAGIA,,
ksl,,2026-09-10,5192-10,20,45,TAMAN PENGKALAN ESAH,,
ksl,,2026-09-10,5192-9,7,61,TAMAN PESONA,,
ksl,,2026-09-10,7777-13,75,91,TAMAN CEMERLANG,,
ksl,,2026-09-10,7777-14,77,101,TAMAN BANANG JAYA,,
ksl,,2026-09-10,7777-15,124,221,TAMAN BANANG JAYA,,
ksl,,2026-09-10,7777-16,58,237,TAMAN MENGKIBOL,,
ksl,,2026-09-10,7777-17,107,176,TAMAN BANANG JAYA,,
ksl,,2026-09-10,7777-18,821,1148,RESIDENSI KOMERSIAL ALMA IDAMAN,,"Latest sales - Block A: 331 units, Block B: 490 units"
ksl,,2026-09-10,3390-73,394,476,PANGSAPURI KSL BUKIT GEMILANG,,"Latest sales - Block A: 199 units, Block B: 195 units"
ksl,,2026-09-10,3390-64,754,1276,RESIDENSI KSL KANGKAR TEBRAU (KSL RESIDENCES 2),,"Latest sales - Block A: 115 units, Block B: 163 units, Block C: 55 units"
johor,,2026-09-10,31366-1,0,621,RESIDENSI PARAGON MAPEL,,
lagenda,,2026-09-10,20128-2,0,18,TAMAN PERMAI JAYA 2,,
scientex,,2026-09-10,30714-3,301,303,SCIENTEX JENJAROM,,
scientex,,2026-09-10,30714-4,258,263,SCIENTEX JENJAROM,,
scientex,,2026-09-10,6575-48,204,234,BANDAR SCIENTEX JASIN PRESINT 2,,
scientex,,2026-09-10,6575-49,259,333,BANDAR SCIENTEX JASIN PRESINT 2,,
scientex,,2026-09-10,6575-52,245,343,BANDAR SCIENTEX JASIN PRESINT 2,,
scientex,,2026-09-10,9294-87,117,283,TAMAN PULAI DUTA 2,,
scientex,,2026-09-10,6331-8,209,209,TAMAN SCIENTEX PARK,,
scientex,,2026-09-10,6331-30,0,220,SCIENTEX BESTARI JAYA,,
simedarby,,2026-09-10,597-14,333,480,RESIDENSI DIAN,,"Latest sales - Block A: 175 units, Block B: 158 units"
simedarby,,2026-09-10,597-15,6,61,RESIDENSI VISTA TIMUR,,
ksl,,2026-09-10,4205-10,7,60,TAMAN MUTIARA GADING,,
ksl,,2026-09-10,4205-11,0,52,TAMAN MUTIARA GADING,,
ksl,,2026-09-10,4205-12,5,60,TAMAN MUTIARA GADING,,
seputeh,,2026-09-11,32-16,43,146,RESIDENSI EDEN,,"Latest sales - Block A: 2 units, Block B: 6 units, Block C: 4 units, Block D: 10 units, Block E: 2 units, Block F: 2 units, Block G: 10 units, Block H: 7 units"
seputeh,,2026-09-11,30216-1,36,154,PAVILION DAMANSARA HEIGHTS PHASE 2,,"Latest sales - Block RA/N: 34 units, Block RA/S: 2 units"
seputeh,,2026-09-11,30216-2,55,490,PAVILION DAMANSARA HEIGHTS PHASE 2,,"Latest sales - Block RC/N: 15 units, Block RC/S: 40 units"
seputeh,,2026-09-11,31078-1,45,48,VILA BATAI,,
seputeh,,2026-09-11,31274-1,1,244,AOSIS MONT KIARA,,
seputeh,,2026-09-11,2463-23,357,433,PARKCITY RESIDENCES,,
status13,,2026-09-11,31202-1,208,1310,RESIDENSI WARISAN SALAK SELATAN,,"Latest sales - Block A: 112 units, Block B: 96 units"
status13,,2026-09-11,13262-2,385,1544,RESIDENSI M AURORA,,"Latest sales - Block A: 65 units, Block B: 320 units"
status13,,2026-09-11,30590-2,136,996,ARTE STAR,,Latest sales - Block B: 136 units
status13,,2026-09-11,5911-33,1019,1618,RESIDENSI M ASPIRA,,"Latest sales - Block A: 462 units, Block B: 557 units"
status13,,2026-09-11,30363-2,1130,1218,RESIDENSI DESA TIMUR,,"Latest sales - Block A: 182 units, Block B: 583 units, Block C: 364 units"
status13,,2026-09-11,30821-1,525,988,RESIDENSI RADIUM,,"Latest sales - Block A: 261 units, Block B: 264 units"
status13,,2026-09-11,30366-1,470,482,RESIDENSI AMBIEN,,Latest sales - Block A: 470 units
status13,,2026-09-11,13074-4,238,299,RESIDENSI HANA,,
status13,,2026-09-11,8824-5,671,1296,RESIDENSI SUNWAY COCHRANE,,"Latest sales - Block A: 204 units, Block B: 467 units"
status13,,2026-09-11,20253-3,1169,1500,RESIDENSI PLATINUM SAUJANA VIOLET 2 (PSV2),,"Latest sales - Block W: 604 units, Block X: 565 units"
status13,,2026-09-11,30876-1,141,551,RESIDENSI VERIDIAN,,Latest sales - Block A: 141 units
status13,,2026-09-11,30250-2,659,661,RESIDENSI AURUM,,"Latest sales - Block A: 333 units, Block B: 326 units"
status13,,2026-09-11,31332-1,358,830,BINASTRA COCHRANE,,"Latest sales - Block A: 212 units, Block B: 146 units"
johor,,2026-09-11,835-14,314,715,RESIDENSI DWI PESONA,,"Latest sales - Block A: 194 units, Block B: 120 units"
johor,,2026-09-11,30946-1,982,1950,RESIDENSI SENIBONG MUTIARA,,"Latest sales - Block A: 404 units, Block B: 380 units, Block C: 89 units, Block D: 109 units"
johor,,2026-09-11,14523-4,53,416,RESIDENSI PANORAMA SENIBONG,"unit count on TEDUH is 416, tracker says 1500",Latest sales - Block A: 53 units
johor,,2026-09-11,30635-1,1072,2156,RESIDENSI PARKLAND PERMAS,,"Latest sales - Phase 1: 670 units, Phase 2: 402 units"
johor,,2026-09-11,31007-1,844,848,RESIDENSI KEBUN TEH (THE ASTERIAZ @ KEBUN TEH),,
johor,,2026-09-11,31100-1,1520,4525,RESIDENSI DATARAN SELATAN (DOVER TOWER),,"Latest sales - Block A: 503 units, Block B: 534 units, Block D: 483 units"
johor,,2026-09-11,31074-1,1022,2743,RESIDENSI MAXIM PELANGI,,"Latest sales - Block A: 406 units, Block B: 373 units, Block C: 243 units"
johor,,2026-09-11,9600-6,773,1733,RESIDENSI ANGGUN MEWAH,,"Latest sales - Block A: 505 units, Block B: 268 units"
johor,,2026-09-11,31031-1,1401,1623,SKYLINE ONE SENTOSA,,"Latest sales - Block A: 728 units, Block B: 673 units"
johor,,2026-09-11,30828-3,915,996,RESIDENSI GEN SFERA,,
johor,,2026-09-11,13531-2,733,824,RESIDENSI AMBAR RIMBA,,"Latest sales - Block A: 444 units, Block B: 289 units"
johor,,2026-09-11,31034-1,395,1012,SOHO SUNWAY MAJESTIC,,"Latest sales - Block A: 298 units, Block B: 97 units"
johor,,2026-09-11,31149-1,320,1274,RESIDENSI DANGA PARAGON 1,,"Latest sales - Block A: 222 units, Block B: 98 units"
ukay,,2026-09-11,9500-8,94,306,RESIDENSI DAMAI,,"Latest sales - Block A: 53 units, Block B: 41 units"
ukay,,2026-09-11,20140-2,348,737,BAYU CERIA,,"Latest sales - Block A1: 45 units, Block A2: 203 units, Block B: 100 units"
ukay,,2026-09-11,11519-3,343,344,LEA BY THE HILLS,,Latest sales - Block L: 343 units
ukay,,2026-09-11,597-13,228,234,RESIDENSI LAMAN SATU MELAWATI,,
ukay,,2026-09-11,10296-3,273,273,SIERRA HIJAUAN,"unit count on TEDUH is 273, tracker says 310",
ukay,,2026-09-11,12369-1,32,32,EMBUN,"unit count on TEDUH is 32, tracker says 51",
ukay,,2026-09-11,12369-2,7,7,EMBUN,"unit count on TEDUH is 7, tracker says 52",
ukay,,2026-09-11,12166-1,74,74,KETAPANG REALTY SDN BHD,"unit count on TEDUH is 74, tracker says 118",
ukay,,2026-09-11,9500-7,222,222,19TREES,,
ukay,,2026-09-11,9500-2,0,0,"LOT 501, 502 & 503","unit count on TEDUH is 0, tracker says 201",
ukay,,2026-09-11,11078-3,197,296,NADAYU63 @ MELAWATI,,Latest sales - Block B: 197 units
ukay,,2026-09-11,12123-1,81,81,MITRALAND MELAWATI SDN BHD ,"unit count on TEDUH is 81, tracker says 117",
ukay,,2026-09-11,20140-1,456,463,TRINITY WELLNESSA,,"Latest sales - Block A1: 223 units, Block A2: 233 units"
ukay,,2026-09-11,12437-2,104,106,NASSIM HEIGHTS,,
ukay,,2026-09-11,11602-1,11,11,STRONG HERITAGE SDN. BHD.,"unit count on TEDUH is 11, tracker says 15",
seputeh,,2026-09-11,30141-2,39,495,RESIDENSI MAHLIGAI ALAM INDAH (MAIA),,"Latest sales - Block A: 23 units, Block B: 16 units"
armani,,2026-09-11,31112-1,57,186,RESIDENSI ALDERWOOD,,
armani,,2026-09-11,30135-3,76,328,RESIDENSI ARMANI,,
armani,,2026-09-11,30705-2,2,44,HARMONI INDAH,,
armani,,2026-09-11,30273-1,112,232,RESIDENSI ARMANI CAMERON,,
armani,,2026-09-11,30256-2,1016,2215,RESIDENSI ARMANI HALLSON KLCC,,"Latest sales - Block A: 401 units, Block B: 366 units, Block C: 249 units"
armani,,2026-09-11,6820-8,277,306,RESIDENSI ARMANI KEPONG,,
armani,,2026-09-11,30727-1,574,648,RESIDENSI ARMANI SETIA ALAM 1,,"Latest sales - Block A: 93 units, Block B: 481 units"
armani,,2026-09-11,30727-2,289,998,RESIDENSI ARMANI SETIA ALAM 2,,"Latest sales - Block A: 66 units, Block B: 223 units"
armani,,2026-09-11,30339-1,331,338,RESIDENSI ALAM ARMANI,,
armani,,2026-09-11,13975-5,268,315,RESIDENSI ARMANI,,"Latest sales - Block 1: 86 units, Block 2: 82 units, Block 3: 100 units"
armani,,2026-09-11,30641-1,647,653,RESIDENSI LOFTHILL,,
armani,,2026-09-11,13975-6,384,387,RESIDENSI ARMANI KG BARU 1,,
armani,,2026-09-11,30799-1,34,984,RESIDENSI ARMANI PUTRA,,"Latest sales - Block A: 13 units, Block B: 21 units"
armani,,2026-09-11,30393-1,0,30,TAMAN BUKIT TUALANG,,
armani,,2026-09-11,30135-2,97,280,MENARA ARMANI PRESTIJ,,
armani,,2026-09-11,13970-3,82,116,TAMAN PMINT TEBING TEMBAH 2,,
avaland,,2026-09-11,30624-1,125,126,RESIDENSI AETAS SEPUTEH,,"Latest sales - Block A: 70 units, Block B: 55 units"
avaland,,2026-09-11,30162-1,427,770,RESIDENSI ALORA,,"Latest sales - Block A: 317 units, Block B: 110 units"
avaland,,2026-09-11,20185-3,459,468,RESIDENSI AMIKA,,"Latest sales - Block A: 216 units, Block B: 243 units"
avaland,,2026-09-11,9490-3,277,900,RESIDENSI ANJA,,Latest sales - Block A: 277 units
avaland,,2026-09-11,30240-3,181,343,AVALON CYBERSOUTH,,
avaland,,2026-09-11,12047-4,234,606,LAKEFRONT RESIDENCE,,"Latest sales - Block T7: 100 units, Block T8: 134 units"
avaland,,2026-09-11,20017-1,221,226,RESIDENSI AETAS DAMANSARA,,"Latest sales - Block A: 144 units, Block B: 77 units"
binastra,,2026-09-11,31332-1,358,830,BINASTRA COCHRANE,,"Latest sales - Block A: 212 units, Block B: 146 units"
chinhin,,2026-09-11,13531-2,733,824,RESIDENSI AMBAR RIMBA,,"Latest sales - Block A: 444 units, Block B: 289 units"
chinhin,,2026-09-11,30632-1,604,787,RESIDENSI ARIS,,"Latest sales - Block A: 300 units, Block B: 304 units"
chinhin,,2026-09-11,30190-1,809,842,RESIDENSI AVANTRO,,"Latest sales - Block A: 335 units, Block B: 474 units"
chinhin,,2026-09-11,30382-1,762,824,RESIDENSI AYANNA,,"Latest sales - Block A: 322 units, Block B: 440 units"
chinhin,,2026-09-11,30744-1,484,588,THE CROWN,,
chinhin,,2026-09-11,31096-1,283,1033,DIVINE KLCC,,
chinhin,,2026-09-11,30064-1,678,684,SIMFONI RESIDENSI,,"Latest sales - Block A: 313 units, Block B: 365 units"
chinhin,,2026-09-11,30382-3,822,823,RESIDENSI ANDALAN,,Latest sales - Block A: 822 units
chinhin,,2026-09-11,30907-1,221,231,BUKIT BOTANIKA,,
chinhin,,2026-09-11,30629-2,477,492,MENARA SENJA,,
exsim,,2026-09-11,30784-1,268,269,BRANNIGANZ SUITES @ BUKIT BINTANG,,Latest sales - Block B: 268 units
exsim,,2026-09-11,20011-3,593,593,DATARAN SENTRAL (D'CLOVER RESIDENCES),,Latest sales - Block A: 593 units
exsim,,2026-09-11,31064-1,100,440,D'EVIA RESIDENCES @ KWASA DAMANSARA,,
exsim,,2026-09-11,31064-2,1,492,D'NURI RESIDENCES @ KWASA DAMANSARA,,
exsim,,2026-09-11,20011-2,767,767,DATARAN SENTRAL (D'TERRA RESIDENCES),,Latest sales - Block B: 767 units
exsim,,2026-09-11,20011-4,664,671,DATARAN SENTRAL (D'TESSERA RESIDENCES),,Latest sales - Block C: 664 units
exsim,,2026-09-11,13666-2,98,98,MENARA SUTERA INDAH (HANAZ SUITES @ KL CITY CENTRE),,
exsim,,2026-09-11,30370-1,319,320,MENARA SUTERA RIA (HUGOZ SUITES @ KL CITY CENTRE),,
exsim,,2026-09-11,30789-1,126,126,KYLIEZ SUITES @ KL CITY CENTRE,,
exsim,,2026-09-11,30571-1,602,603,NOORDINZ SUITES @ GEORGE TOWN,,
exsim,,2026-09-11,30914-1,634,759,MENARA KUBAH (QUBAZ SUITES @ KUALA TERENGGANU),,
exsim,,2026-09-11,30830-1,319,456,SEA CRESTZ @ KUANTAN WATERFRONT RESORT CITY,,
exsim,,2026-09-11,20011-5,203,662,RESIDENSI DAMAI MEKAR (THE ALDENZ),,
exsim,,2026-09-11,31007-1,844,848,RESIDENSI KEBUN TEH (THE ASTERIAZ @ KEBUN TEH),,
exsim,,2026-09-11,20084-1,339,679,THE FIDDLEWOODZ @ KL METROPOLIS,,"Latest sales - Block A: 312 units, Block B: 27 units"
exsim,,2026-09-11,30741-1,1552,1558,THE KINGSWOODZ @ BUKIT JALIL,,"Latest sales - Block A: 457 units, Block B: 505 units, Block C: 590 units"
exsim,,2026-09-11,31088-1,557,671,THE LIGHTHAUZ,,
exsim,,2026-09-11,30741-2,441,1004,RESIDENSI MAHKOTA BUKIT JALIL,,"Latest sales - Block A: 195 units, Block B: 246 units"
exsim,,2026-09-11,30357-2,658,1138,RESIDENSI SERI LESTARI (THE VIVIDZ @ BUKIT JALIL),,"Latest sales - Block A: 358 units, Block B: 300 units"
exsim,,2026-09-11,30357-1,507,508,RESIDENSI SEJAHTERA DAMAI (VELADAZ RESIDENCES @ BUKIT JALIL),,
exsim,,2026-09-11,31100-1,1520,4525,RESIDENSI DATARAN SELATAN (DOVER TOWER),,"Latest sales - Block A: 503 units, Block B: 534 units, Block D: 483 units"
exsim,,2026-09-11,30131-1,424,424,RESIDENSI LAGENDA IPOH,,
mahsing,,2026-09-11,14297-25,158,235,MERIDIN EAST PARCEL 4A5,,
mahsing,,2026-09-11,12324-1,377,377,FERRINGHI RESIDENCE ,"unit count on TEDUH is 377, tracker says 678","Latest sales - Ferringhi Residence 1: 172 units, Ferringhi Residence 2: 205 units"
mahsing,,2026-09-11,14297-24,144,168,MERIDIN EAST JASMINE 2,,
mahsing,,2026-09-11,12029-4,79,833,M AMAYA,,
mahsing,,2026-09-11,31251-1,53,606,RESIDENSI M ARIA,,
mahsing,,2026-09-11,5911-33,1019,1618,RESIDENSI M ASPIRA,,"Latest sales - Block A: 462 units, Block B: 557 units"
mahsing,,2026-09-11,13262-2,385,1544,RESIDENSI M AURORA,,"Latest sales - Block A: 65 units, Block B: 320 units"
mahsing,,2026-09-11,30834-1,800,1140,RESIDENSI M AZURA,,"Latest sales - Block A: 426 units, Block B: 374 units"
mahsing,,2026-09-11,30897-1,656,817,M LEGASI,,
mahsing,,2026-09-11,11202-4,1877,2080,RESIDENSI M NOVA,,"Latest sales - Block A: 615 units, Block B: 611 units, Block C: 651 units"
mahsing,,2026-09-11,11998-4,396,396,PANORA,,
mahsing,,2026-09-11,13425-8,395,999,M SINAR,,Latest sales - Block A: 395 units
mahsing,,2026-09-11,30805-1,587,999,RESIDENSI M TERRA,,
mahsing,,2026-09-11,10279-5,652,754,TAMAN TIARA INDAH (M TIARA),,
mahsing,,2026-09-11,12029-3,233,494,M ZENNI,,
mahsing,,2026-09-11,11430-2,618,619,RESIDENSI M ZENYA,,Latest sales - Block A: 618 units
mahsing,,2026-09-11,9600-6,773,1733,RESIDENSI ANGGUN MEWAH,,"Latest sales - Block A: 505 units, Block B: 268 units"
mahsing,,2026-09-11,30440-1,1477,1526,RESIDENSI ANGGUN,,"Latest sales - Block A: 416 units, Block B: 580 units, Block C: 481 units"
majesticgen,,2026-09-11,30828-2,731,732,RESIDENSI GEN,,
majesticgen,,2026-09-11,30828-3,915,996,RESIDENSI GEN SFERA,,
majesticgen,,2026-09-11,30828-1,355,360,RESIDENSI GEN BINTANG,,
majesticgen,,2026-09-11,30244-1,478,478,RESIDENSI MAJESTIC,,
majesticgen,,2026-09-11,30990-1,99,106,TAMAN YU,,
majesticgen,,2026-09-11,31034-1,395,1012,SOHO SUNWAY MAJESTIC,,"Latest sales - Block A: 298 units, Block B: 97 units"
majesticgen,,2026-09-11,30989-1,73,73,TAMAN SUNGAI DUA UTAMA,,
majesticgen,,2026-09-11,12069-7,0,140,RESIDENSI FLORA,,
malton,,2026-09-11,31139-1,361,562,MUTIARA KEMPAS,,
malton,,2026-09-11,8950-4,15,526,PANGSAPURI MUTIARA TASIK,,"Latest sales - Block N: 7 units, Block S: 8 units"
malton,,2026-09-11,30667-1,395,453,PAVILION BUKIT JALIL,,"Latest sales - Block A: 170 units, Block B: 225 units"
malton,,2026-09-11,14035-6,329,336,RESIDENSI KERINCHI RIA,,
malton,,2026-09-11,14035-4,984,1332,RESIDENSI TAMAN HILIR,,"Latest sales - Block A: 357 units, Block B: 334 units, Block C: 293 units"
maxim,,2026-09-11,30267-1,604,604,RESIDENSI MAX II,,"Latest sales - Block A: 302 units, Block B: 302 units"
maxim,,2026-09-11,31046-1,327,1116,RESIDENSI MAXIM D'PARC,,"Latest sales - Block A: 112 units, Block B: 215 units"
maxim,,2026-09-11,31074-1,1022,2743,RESIDENSI MAXIM PELANGI,,"Latest sales - Block A: 406 units, Block B: 373 units, Block C: 243 units"
maxim,,2026-09-11,30037-1,1236,1236,RESIDENSI MAXIM RISEN,,"Latest sales - Block A: 629 units, Block B: 607 units"
maxim,,2026-09-11,19088-3,527,624,RESIDENSI THE ATAS,,"Latest sales - Block A: 179 units, Block B: 165 units, Block C: 183 units"
platinumvictory,,2026-09-11,30581-1,1674,1688,RESIDENSI MH PLATINUM 3,,"Latest sales - Block A: 863 units, Block B: 811 units"
platinumvictory,,2026-09-11,9832-11,1218,2082,RESIDENSI PV 22,,"Latest sales - Block A: 476 units, Block B: 742 units"
platinumvictory,,2026-09-11,31008-1,527,794,RESIDENSI PLATINUM MELATI,,"Latest sales - Block A: 130 units, Block B: 165 units, Block C: 232 units"
platinumvictory,,2026-09-11,20253-2,467,500,RESIDENSI PLATINUM SAUJANA VISTA 1,,
platinumvictory,,2026-09-11,20253-3,1169,1500,RESIDENSI PLATINUM SAUJANA VIOLET 2 (PSV2),,"Latest sales - Block W: 604 units, Block X: 565 units"
platinumvictory,,2026-09-11,30937-1,18,23,THE MAISON 23,,
skyworld,,2026-09-11,31051-1,457,492,RESIDENSI AWANI PRIMA,,
skyworld,,2026-09-11,30176-1,656,830,RESIDENSI CURVO,,"Latest sales - Block A: 429 units, Block B: 227 units"
skyworld,,2026-09-11,30976-1,243,510,RESIDENSI SKYAMAN 1,,Latest sales - Block A: 243 units
skyworld,,2026-09-11,31075-1,1370,3982,SKYAWANI PEARLMONT RESIDENCES,,"Latest sales - Block 1B: 569 units, Block 1C: 531 units, Block 1D: 270 units"
skyworld,,2026-09-11,19840-2,933,1001,RESIDENSI VESTA,,"Latest sales - Block A: 468 units, Block B: 465 units"
tslaw,,2026-09-11,31031-1,1401,1623,SKYLINE ONE SENTOSA,,"Latest sales - Block A: 728 units, Block B: 673 units"
tslaw,,2026-09-11,30331-1,1825,1838,RESIDENSI SKYLINE KUCHAI,,"Latest sales - Block A: 937 units, Block B: 888 units"
tslaw,,2026-09-11,9158-9,42,42,RESIDENCE HILLS,,
tslaw,,2026-09-11,19760-1,1286,1296,RESIDENSI SKYLINE DUTA AMPANG,,"Latest sales - Block A: 431 units, Block B: 424 units, Block C: 431 units"
trinitygroup,,2026-09-11,30857-1,36,714,PANGSAPURI SERI AURA,,"Latest sales - Block A: 1 units, Block B: 35 units"
trinitygroup,,2026-09-11,20140-2,348,737,BAYU CERIA,,"Latest sales - Block A1: 45 units, Block A2: 203 units, Block B: 100 units"
trinitygroup,,2026-09-11,10826-4,336,535,RESIDENSI RIMBA FLORA,,"Latest sales - Block A: 196 units, Block B: 140 units"
radium,,2026-09-11,30363-2,1130,1218,RESIDENSI DESA TIMUR,,"Latest sales - Block A: 182 units, Block B: 583 units, Block C: 364 units"
radium,,2026-09-11,30363-1,1130,1218,RESIDENSI DESA TIMUR,,"Latest sales - Block D: 603 units, Block E: 527 units"
radium,,2026-09-11,30821-1,525,988,RESIDENSI RADIUM,,"Latest sales - Block A: 261 units, Block B: 264 units"
radium,,2026-09-11,30121-1,383,944,SUITE CANSELOR,,
radium,,2026-09-11,31310-1,0,797,RESIDENSI RADIUM EVARA,,
cpiland,,2026-09-11,19991-1,647,651,DIAN,,"Latest sales - Block A: 392 units, Block B: 255 units"
cpiland,,2026-09-11,14377-1,114,114,SERINTIN,"unit count on TEDUH is 114, tracker says 137",
cpiland,,2026-09-11,30965-1,52,60,PERMATA GEMMA,,
cpiland,,2026-09-11,20179-1,596,596,RESIDENSI LEGASI,,
cpiland,,2026-09-11,12287-1,166,166,AVANTAS RESIDENCES,"unit count on TEDUH is 166, tracker says 198",
cpiland,,2026-09-11,30260-1,748,748,RESIDENSI DIAN II,,
cpiland,,2026-09-11,31202-1,208,1310,RESIDENSI WARISAN SALAK SELATAN,,"Latest sales - Block A: 112 units, Block B: 96 units"
cpiland,,2026-09-11,19301-1,576,576,ELITE WORLD DEVELOPMENT SDN. BHD.,"unit count on TEDUH is 576, tracker says 577",
cpiland,,2026-09-11,19795-1,11,11,KERIAN LINKS,,
lbs,,2026-09-11,11018-3,28,30,BANDAR PUTERA INDAH (IMPERIAL GARDEN),,
lbs,,2026-09-11,11018-4,2,33,BANDAR PUTERA INDAH (SAPPHIRE GARDEN),,
lbs,,2026-09-11,19183-13,984,1048,PANGSAPURI IDAMAN PERDANA,,"Latest sales - Block A: 492 units, Block B: 492 units"
lbs,,2026-09-11,19398-5,592,595,PANGSAPURI SAUJANA INDAH,,Latest sales - Block B: 592 units
lbs,,2026-09-11,19398-6,393,393,PANGSAPURI SAUJANA INDAH,,Latest sales - Block A: 393 units
lbs,,2026-09-11,19533-5,813,817,KITA BESTARI,,Latest sales - Block KBS: 813 units
lbs,,2026-09-11,19533-6,0,1242,PANGSAPURI IDAMAN KITA,,
lbs,,2026-09-11,19924-3,0,1171,PANGSAPURI KITA SERI,,
lbs,,2026-09-11,8695-14,311,421,BSP SUTERA,,Latest sales - Block A: 235 units
lbs,,2026-09-11,30027-1,890,1054,PANGSAPURI KITA SEJATI,,"Latest sales - Block KSA: 451 units, Block KSB: 439 units"
lbs,,2026-09-11,30401-1,475,705,CENTRUM IRIS,,Latest sales - Block CI: 475 units
lbs,,2026-09-11,19632-1,732,751,GENERASI SIMBOLIK SDN BHD,"unit count on TEDUH is 751, tracker says 754",
lbs,,2026-09-11,11482-10,34,76,ASTELLA PHASE 1,,
lbs,,2026-09-11,11482-12,312,608,PANGSAPURI SKYRIA,,Latest sales - Block A: 312 units
lbs,,2026-09-11,11482-11,0,79,AULICA,,
lbs,,2026-09-11,20162-1,638,725,PRESTIGE RESIDENCE,,Latest sales - Block A: 638 units
lbs,,2026-09-11,20162-2,638,725,PRESTIGE RESIDENCE (BLOCK B),,Latest sales - Block B: 638 units
lbs,,2026-09-11,11482-8,52,52,D' ISLAND RESIDENCE,"unit count on TEDUH is 52, tracker says 56",
lbs,,2026-09-11,11482-7,314,314,D' ISLAND RESIDENCE,"unit count on TEDUH is 314, tracker says 352","Latest sales - Block T1: 177 units, Block T2: 137 units"
lbs,,2026-09-11,11482-5,84,84,D' ISLAND RESIDENCES,"unit count on TEDUH is 84, tracker says 115",
lbs,,2026-09-11,11482-9,454,746,SKYLAKE RESIDENCE,,"Latest sales - Block A: 209 units, Block B: 245 units"
lbs,,2026-09-11,19183-11,446,1151,RITMA PERDANA,,
lbs,,2026-09-11,7702-44,150,155,BANDAR PUTERA INDAH (EMERALD GARDEN 3 - PHASE 27),,
lbs,,2026-09-11,8945-4,2149,2149,BANDAR SAUJANA PUTRA,"unit count on TEDUH is 2149, tracker says 2602","Latest sales - Block A: 211 units, Block B: 220 units, Block C: 264 units, Block D: 220 units, Block E: 215 units, Block F: 188 units, Block G: 253 units, Block H: 205 units, Block I: 214 units, Block J: 159 units"
lbs,,2026-09-11,8945-3,491,491,BANDAR SAUJANA PUTRA,"unit count on TEDUH is 491, tracker says 689","Latest sales - Block P: 9 units, Block T1: 401 units, Block T2: 81 units"
lagenda,,2026-09-11,11225-11,805,831,LAGENDA ARDEA,,
lagenda,,2026-09-11,11225-12,390,691,LAGENDA ARDEA,,
lagenda,,2026-09-11,11225-13,738,818,LAGENDA ARDEA,,
lagenda,,2026-09-11,11225-14,4,75,SETIA RESIDEN @ AURORA,,
lagenda,,2026-09-11,14283-16,738,932,BANDAR BARU SETIAAWAN PERDANA,,
lagenda,,2026-09-11,14283-17,579,773,LAGENDA TELUK INTAN,,
lagenda,,2026-09-11,14283-18,0,1048,BANDAR BARU SETIAWAN PERDANA,,
lagenda,,2026-09-11,14283-19,299,664,BANDAR BARU SETIA AWAN PERDANA,,
lagenda,,2026-09-11,14283-20,131,980,LAGENDA TELUK INTAN,,
lagenda,,2026-09-11,19599-2,997,1009,LA INDERA,,
lagenda,,2026-09-11,19599-3,150,936,LAGENDA DAMAI,,
lagenda,,2026-09-11,19599-4,0,954,LAGENDA DAMAI,,
lagenda,,2026-09-11,19599-5,55,379,PALMA 1B@LA INDERA,,
lagenda,,2026-09-11,19599-6,67,1540,LA'INDERA@TIARA,,
lagenda,,2026-09-11,20081-2,636,639,PUNCAK WARISAN,,
lagenda,,2026-09-11,20081-3,26,104,TAMAN PUNCAK WARISAN,,
lagenda,,2026-09-11,30102-3,507,636,DARULAMAN LAGENDA,,
lagenda,,2026-09-11,30102-4,396,398,DARULAMAN LAGENDA,,
lagenda,,2026-09-11,30155-1,911,1084,RESIDENSI JATI DE MERU,,"Latest sales - Block B: 434 units, Block C: 477 units"
lagenda,,2026-09-11,30155-2,7,1084,RESIDENSI JATI DE MERU,,Latest sales - Block A: 7 units
lagenda,,2026-09-11,30223-1,606,608,LAGENDA SURIA,,
lagenda,,2026-09-11,30223-2,246,359,LAGENDA SURIA,,
lagenda,,2026-09-11,30223-3,748,893,LA' LUMIERE,,
lagenda,,2026-09-11,30223-4,1721,1918,LA' LUMIE'RE,,
lagenda,,2026-09-11,30223-5,369,1379,SAMUDRA@LAGENDA SURIA,,
lagenda,,2026-09-11,30223-6,460,800,LEXA@LA'LUMIE'RE,,
lagenda,,2026-09-11,30223-7,3,2013,RHEA@LA' LUMIERE,,
lagenda,,2026-09-11,30348-3,200,201,TAMAN PENGKALAN IMPIAN,,
lagenda,,2026-09-11,30348-4,78,146,TAMAN PENGKALAN IMPIAN,,
lagenda,,2026-09-11,30348-5,171,196,TAMAN PENGKALAN IMPIAN,,
lagenda,,2026-09-11,30377-1,1245,1449,LAGENDA AMAN,,
lagenda,,2026-09-11,30781-1,0,124,TAMAN CINTA LAGENDA,,
lagenda,,2026-09-11,7213-8,10,49,TAMAN KOTA LAGENDA,,
lagenda,,2026-09-11,19950-2,3,56,BIDORIA RESIDENSI,,
lagenda,,2026-09-11,19950-1,218,397,MAXITANAH SDN. BHD.,,
lagenda,,2026-09-11,14283-14,781,1098,LAGENDA TELUK INTAN,,
lagenda,,2026-09-11,14283-13,1435,1783,RESIDENSI LAGENDA TROPIKA,,
lagenda,,2026-09-11,14283-15,620,668,BANDAR BARU SETIAAWAN PERDANA,,
lagenda,,2026-09-11,14283-9,204,303,TARAF NUSANTARA SDN. BHD.,,
lagenda,,2026-09-11,11225-9,119,242,TAMAN MULIA,,
setiaawan,,2026-09-11,11590-4,1910,2024,ASTRUM AMPANG,,"Latest sales - Block R: 1277 units, Block T: 633 units"
setiaawan,,2026-09-11,11590-5,1003,1132,ASTRUM AMPANG,,"Latest sales - Block M: 387 units, Block U: 616 units"
setiaawan,,2026-09-11,30428-1,225,648,RESIDENSI SERI TANJUNG BESTARI,,"Latest sales - Block A: 66 units, Block B: 32 units, Block C: 86 units, Block D: 41 units"
setiaawan,,2026-09-11,30442-1,367,374,TAMAN BIDOR BISTARI 2,,
setiaawan,,2026-09-11,30442-2,82,457,TAMAN BIDOR BISTARI 2,,
setiaawan,,2026-09-11,30552-1,829,858,ASTRUM SHAH ALAM,,"Latest sales - Block A: 384 units, Block B: 445 units"
setiaawan,,2026-09-11,30552-2,355,394,ASTRUM SHAH ALAM,,Latest sales - Block C: 355 units
setiaawan,,2026-09-11,30783-1,205,256,TAMAN SUTERA WANGI,,
setiaawan,,2026-09-11,30783-2,0,97,TAMAN SUTERA WANGI,,
setiaawan,,2026-09-11,31070-1,1043,2042,RESIDENSI SENA,,"Latest sales - Block A: 145 units, Block B: 537 units, Block C: 79 units, Block D: 282 units"
setiaawan,,2026-09-11,9994-4,157,300,RESIDENSI BAYU 3,,"Latest sales - Block A: 46 units, Block B: 111 units"
setiaawan,,2026-09-11,9994-3,472,660,BUKIT AMPANG PERMAI,,"Latest sales - Block A: 110 units, Block B: 142 units, Block C: 79 units, Block D: 141 units"
setiaawan,,2026-09-11,10346-2,36,120,TAMAN BUKIT KEMAYAN,,
setiaawan,,2026-09-11,19314-1,1621,2070,RESIDENSI SERI SERINDIT,,"Latest sales - Block A: 289 units, Block B: 406 units, Block C: 135 units, Block D: 395 units, Block E: 396 units"
mbworld,,2026-09-11,30688-1,746,1299,VISTA TIARA,,"Latest sales - Block T4: 160 units, Block T5: 133 units, Block T6: 193 units, Block T7: 136 units, Block T8: 124 units"
mbworld,,2026-09-11,30946-1,982,1950,RESIDENSI SENIBONG MUTIARA,,"Latest sales - Block A: 404 units, Block B: 380 units, Block C: 89 units, Block D: 109 units"
mbworld,,2026-09-11,20101-2,1365,1796,RESIDENSI PUNCAK SAUJANA,,"Latest sales - Block D: 296 units, Block E: 367 units, Block F: 373 units, Block G: 329 units"
mbworld,,2026-09-11,19932-2,138,649,RESIDENSI SAUJANA,,"Latest sales - Block C: 54 units, Block D: 84 units"
mbworld,,2026-09-11,30588-4,111,449,RESIDENSI PERMATA INDAH 2,,Latest sales - Block L: 111 units
mbworld,,2026-09-11,30588-1,984,1046,RESIDENSI PERMATA INDAH,,"Latest sales - Block A: 518 units, Block B: 466 units"
mbworld,,2026-09-11,30588-2,63,63,TAMAN TELUK PERMATA,,
mbworld,,2026-09-11,30588-3,91,105,RESIDENSI PERBADANAN ISLAM TELUK PERMATA,,
mbworld,,2026-09-11,30981-1,636,945,RESIDENSI TIARA CEMERLANG 1,,"Latest sales - Block A: 234 units, Block B: 219 units, Block C: 183 units"
mbworld,,2026-09-11,19387-2,236,278,RESIDENSI PUNCAK MERTAJAM,,Latest sales - Block L: 236 units
mbworld,,2026-09-11,14589-11,70,134,AURA 1 @ TAMAN SRI PENAWAR,,
sks,,2026-09-11,12327-2,224,224,TRI TOWER,"unit count on TEDUH is 224, tracker says 360","Latest sales - Block A: 113 units, Block B: 111 units"
sks,,2026-09-11,12381-1,853,853,M CONDOMINIUM @ LARKIN,"unit count on TEDUH is 853, tracker says 944","Latest sales - Block A: 230 units, Block B: 204 units, Block C: 207 units, Block D: 211 units"
sks,,2026-09-11,13203-1,234,234,PANGSAPURI SERI KENCANA SETIA(SKS),"unit count on TEDUH is 234, tracker says 598",
sks,,2026-09-11,12381-2,445,445,LARKIN MUTIARA,"unit count on TEDUH is 445, tracker says 646","Latest sales - Block A: 229 units, Block B: 216 units"
sks,,2026-09-11,19757-1,375,458,TWIN TOWER,,Latest sales - Block L: 375 units
sks,,2026-09-11,12327-4,175,175,SKY HABITAT@MELDRUM HILL,"unit count on TEDUH is 175, tracker says 184","Latest sales - Block A: 1 units, Block L: 174 units"
sks,,2026-09-11,12327-1,282,282,PANDAN RESIDENT,"unit count on TEDUH is 282, tracker says 283",Latest sales - Block R1: 282 units
sks,,2026-09-11,12327-3,180,180,PANDAN RESIDENCE II,"unit count on TEDUH is 180, tracker says 182","Latest sales - Block A: 92 units, Block B: 87 units"
sks,,2026-09-11,11786-2,492,492,ESCADIA & ARCADIA,"unit count on TEDUH is 492, tracker says 507",
sks,,2026-09-11,9736-4,288,288,DESARU UTAMA,"unit count on TEDUH is 288, tracker says 306",
sks,,2026-09-11,11786-1,938,938,TAMAN DESARU UTAMA,"unit count on TEDUH is 938, tracker says 985",
brdb,,2026-09-11,11611-2,551,552,RESIDENSI BUKIT MIRANDA,,"Latest sales - Block 1: 277 units, Block 2: 274 units"
brdb,,2026-09-11,11807-2,82,83,SENJA RESIDENCE,,
brdb,,2026-09-11,11807-3,15,34,SENJA RESIDENCE,,
brdb,,2026-09-11,11807-4,17,47,SENJA RESIDENCE,,
brdb,,2026-09-11,30367-1,193,751,FEDERAL AVENUE,,"Latest sales - Block A: 97 units, Block B: 96 units"
brdb,,2026-09-11,32-15,78,111,RESIDENSI MENERUNG 111,,
brdb,,2026-09-11,32-16,43,146,RESIDENSI EDEN,,"Latest sales - Block A: 2 units, Block B: 6 units, Block C: 4 units, Block D: 10 units, Block E: 2 units, Block F: 2 units, Block G: 10 units, Block H: 7 units"
brdb,,2026-09-11,835-12,94,100,APARTMEN BAYU PERMAS,,"Latest sales - Block A: 45 units, Block B: 49 units"
brdb,,2026-09-11,835-13,145,198,RIMBUNAN,,
brdb,,2026-09-11,835-14,314,715,RESIDENSI DWI PESONA,,"Latest sales - Block A: 194 units, Block B: 120 units"
brdb,,2026-09-11,835-15,0,399,RESIDENSI SUASANA PERMAS,,
brdb,,2026-09-11,13819-1,654,858,TAMANSARI,"unit count on TEDUH is 858, tracker says 991",
brdb,,2026-09-11,12446-1,68,68,EMERALD BAY,"unit count on TEDUH is 68, tracker says 150",
brdb,,2026-09-11,835-10,281,291,PERMAS VILLE,,Latest sales - Block C: 281 units
brdb,,2026-09-11,19907-1,553,579,THE PULSE RESIDENCE & THE PULSE,,"Latest sales - Block A: 277 units, Block B: 276 units"
brdb,,2026-09-11,835-11,127,142,"ZONE 2-1, BANDAR BARU PERMAS JAYA",,
brdb,,2026-09-11,835-8,173,173,"RUMAH TERES 2 TINGKAT, ZONE 2-3","unit count on TEDUH is 173, tracker says 269",
brdb,,2026-09-11,835-6,94,94,THE STRAITS VIEW RESIDENCES,"unit count on TEDUH is 94, tracker says 220",
brdb,,2026-09-11,32-13,0,0,ONE MENERUNG,"unit count on TEDUH is 0, tracker says 229",
brdb,,2026-09-11,5997-1,0,0,CAPSQUARE RESIDENCE,"unit count on TEDUH is 0, tracker says 180",
brdb,,2026-09-11,11611-1,277,277,VERDANA,"unit count on TEDUH is 277, tracker says 298","Latest sales - Block A1: 130 units, Block A2: 131 units, Block B: 16 units"
uem,,2026-09-11,10555-15,1215,1334,RESIDENSI CONNAUGHT 1,,"Latest sales - Block A: 627 units, Block B: 588 units"
uem,,2026-09-11,11186-18,49,68,ALLEGRO,,
uem,,2026-09-11,11186-19,15,105,INTRIKA 3,,
uem,,2026-09-11,11186-20,2,119,INTRIKA 4,,
uem,,2026-09-11,14032-10,8,56,LAMAN ESTUARI,,
uem,,2026-09-11,14032-11,21,167,LAMAN ESTUARI,,
uem,,2026-09-11,14032-7,130,130,NADI NUSANTARA 2,,Latest sales - Block 1: 130 units
uem,,2026-09-11,14032-8,23,46,LAMAN ESTUARI,,
uem,,2026-09-11,14032-9,81,144,LAMAN ESTUARI,,
uem,,2026-09-11,14228-12,121,125,LAMAN TASIK ASPIRA,,
uem,,2026-09-11,14228-13,110,132,GERBANG NUSAJAYA,,
uem,,2026-09-11,14228-14,171,192,GERBANG NUSAJAYA,,
uem,,2026-09-11,14228-15,55,77,GERBANG NUSAJAYA,,
uem,,2026-09-11,14228-16,34,47,GERBANG NUSAJAYA,,
uem,,2026-09-11,14228-7,61,63,LAMAN TASIK ASPIRA,,
uem,,2026-09-11,14228-8,62,65,LAMAN TASIK ASPIRA,,
uem,,2026-09-11,30141-1,496,496,RESIDENSI MINH MONT'KIARA,,"Latest sales - Block A: 245 units, Block B: 251 units"
uem,,2026-09-11,30141-2,39,495,RESIDENSI MAHLIGAI ALAM INDAH (MAIA),,"Latest sales - Block A: 23 units, Block B: 16 units"
uem,,2026-09-11,7466-5,786,1126,RESIDENSI ZIRAH GEMILANG,,"Latest sales - Block A: 244 units, Block B: 297 units, Block C: 245 units"
uem,,2026-09-11,8024-13,217,283,"FOREST HEIGHTS, CP",,
uem,,2026-09-11,8024-14,147,213,"FOREST HEIGHTS, CP","unit count on TEDUH is 213, tracker says 218",
uem,,2026-09-11,20047-1,381,924,KAIA HEIGHTS,,"Latest sales - Block A: 112 units, Block B: 142 units, Block C: 59 units, Block D: 68 units"
uem,,2026-09-11,10555-12,476,476,ALMAS,"unit count on TEDUH is 476, tracker says 546",Latest sales - Block C: 476 units
uem,,2026-09-11,13373-1,525,525,RADIA,"unit count on TEDUH is 525, tracker says 640","Latest sales - Block B: 79 units, Block C: 141 units, Block D: 127 units, Block E: 131 units, Block F: 47 units"
uem,,2026-09-11,11186-16,122,124,INTRIKA,,
uem,,2026-09-11,11186-17,94,114,INTRIKA 2,,
ecoworld,,2026-09-11,14020-10,4,7,PRESINT 2,,
ecoworld,,2026-09-11,14020-11,5,24,PRESINT 2,,
ecoworld,,2026-09-11,14020-12,3,24,PRESINT 2,,
ecoworld,,2026-09-11,14020-13,9,16,PRESINT 2,,
ecoworld,,2026-09-11,14020-14,5,8,PRESINT 2,,
ecoworld,,2026-09-11,14020-5,383,383,RESIDENSI KOMERSIAL BOTANI SAYANG,,
ecoworld,,2026-09-11,14020-6,47,76,PRESINT 2,,
ecoworld,,2026-09-11,14020-7,9,24,PRESINT 2,,
ecoworld,,2026-09-11,14020-8,14,24,PRESINT 2,,
ecoworld,,2026-09-11,14020-9,10,16,PRESINT 2,,
ecoworld,,2026-09-11,14050-10,336,483,SE.RUMA,,Latest sales - Block R3: 336 units
ecoworld,,2026-09-11,14320-14,124,124,EKOFLORA 4,,
ecoworld,,2026-09-11,14320-17,460,460,FLORA DWIPUNCAK SANTAI,,
ecoworld,,2026-09-11,14320-18,460,460,FLORA SANTAI,,
ecoworld,,2026-09-11,14320-19,109,132,EKOFLORA 4,,
ecoworld,,2026-09-11,14320-20,28,32,EKOFLORA 4,,
ecoworld,,2026-09-11,14320-21,14,28,EKOFLORA 2,,
ecoworld,,2026-09-11,14320-22,11,24,EKOFLORA 2,,
ecoworld,,2026-09-11,14320-23,260,627,FLORA SANTAI TIGA,,
ecoworld,,2026-09-11,14320-24,0,30,EKOFLORA 2,,
ecoworld,,2026-09-11,14320-25,0,42,EKOFLORA 2,,
ecoworld,,2026-09-11,14504-7,500,500,HANA,,Latest sales - Block H1: 500 units
ecoworld,,2026-09-11,14504-8,269,995,MAYA,,"Latest sales - Block M4: 81 units, Block M5: 188 units"
ecoworld,,2026-09-11,14505-7,411,605,WELLINGTON GARDEN,,
ecoworld,,2026-09-11,19150-15,619,999,RIANG,,"Latest sales - Block A: 392 units, Block B: 227 units"
ecoworld,,2026-09-11,19150-16,148,266,NOBLEGATE,,
ecoworld,,2026-09-11,19150-17,155,184,BIRCHPARK,,
ecoworld,,2026-09-11,19150-18,108,128,BIRCHPARK,,
ecoworld,,2026-09-11,19152-12,178,262,ECO HORIZON 3,,
ecoworld,,2026-09-11,19152-13,261,264,TAMAN ECO SUN,,
ecoworld,,2026-09-11,19152-14,55,264,TAMAN ECO SUN,,
ecoworld,,2026-09-11,19152-15,167,500,PANGSAPURI PERKHIDMATAN IRAMA,,Latest sales - Block IR: 167 units
ecoworld,,2026-09-11,19152-9,48,112,ECO HORIZON 1,,
ecoworld,,2026-09-11,19985-10,357,1200,RESIDENSI KOMERSIAL BOTANI SAYANG 3,,
ecoworld,,2026-09-11,19985-6,364,364,RESIDENSI BOTANI 3,,
ecoworld,,2026-09-11,19985-7,83,112,RESIDENSI BOTANI 3,,
ecoworld,,2026-09-11,19985-8,114,128,RESIDENSI BOTANI 3,,
ecoworld,,2026-09-11,19985-9,507,509,RESIDENSI KOMERSIAL BOTANI SAYANG 2,,
ecoworld,,2026-09-11,6443-20,164,164,EKOTROPIKA 4,,
ecoworld,,2026-09-11,6443-21,50,50,EKOTROPIKA 4,,
ecoworld,,2026-09-11,6443-22,48,48,EKOTROPIKA 4,,
ecoworld,,2026-09-11,6443-24,48,48,EKOTROPIKA 4,,
ecoworld,,2026-09-11,6443-25,80,80,EKOTROPIKA 4,,
ecoworld,,2026-09-11,6443-26,100,100,EKOTROPIKA 4,,
ecoworld,,2026-09-11,6443-27,276,280,LAMAN INDAH 3,,
ecoworld,,2026-09-11,6443-28,262,282,LAMAN INDAH 3,,
ecoworld,,2026-09-11,6443-29,382,425,EKOTROPIKA 10,,
ecoworld,,2026-09-11,6443-30,82,118,EKOTROPIKA 10,,
ecoworld,,2026-09-11,6443-31,70,83,EKOTROPIKA 10,,
ecoworld,,2026-09-11,6443-32,76,76,EKOTROPIKA 10,,
ecoworld,,2026-09-11,6443-33,1,216,EKOTROPIKA 9,,
ecoworld,,2026-09-11,6443-34,2,177,EKOTROPIKA 9,,
ecoworld,,2026-09-11,14050-8,337,401,THE PARQUE RESIDENCES,,"Latest sales - Block J4: 62 units, Block J5: 29 units, Block K: 246 units"
ecoworld,,2026-09-11,14504-5,1728,1728,ECO ARDENCE,,"Latest sales - Block A: 704 units, Block B: 1024 units"
ecoworld,,2026-09-11,14504-6,343,376,EMBER,,"Latest sales - Block N: 36 units, Block P: 90 units, Block Q: 34 units"
ecoworld,,2026-09-11,19152-10,50,70,ECO HORIZON 1,,
ecoworld,,2026-09-11,19152-11,1302,1302,PANGSAPURI PERKHIDMATAN CERIA,,"Latest sales - Block DA: 651 units, Block DB: 651 units"
ecoworld,,2026-09-11,6443-23,50,50,EKOTROPIKA 4,,
ecoworld,,2026-09-11,30561-1,690,1220,SE.DUDUK,,"Latest sales - Block A: 195 units, Block B: 188 units, Block C: 205 units, Block D: 79 units, Block E: 23 units"
ecoworld,,2026-09-11,14518-1,273,273,ECO BLOOM,"unit count on TEDUH is 273, tracker says 490",
ecoworld,,2026-09-11,14510-1,626,626,BBCC DEVELOPMENT SDN BHD,"unit count on TEDUH is 626, tracker says 668","Latest sales - Block T1: 372 units, Block T2: 254 units"
ecoworld,,2026-09-11,6443-17,300,300,EKOTROPIKA 3,,
ecoworld,,2026-09-11,6443-18,112,112,EKOTROPIKA 3,,
ecoworld,,2026-09-11,6443-19,204,204,EKOTROPIKA 3,,
ecoworld,,2026-09-11,14504-2,259,259,ECO ARDENCE,,
ecoworld,,2026-09-11,14504-3,308,308,NARA,,
ecoworld,,2026-09-11,14504-4,249,250,CORA,,
ecoworld,,2026-09-11,19152-1,264,264,ECO HORIZON,"unit count on TEDUH is 264, tracker says 280",
ecoworld,,2026-09-11,19152-2,412,412,ECO HORIZON,"unit count on TEDUH is 412, tracker says 424",
ecoworld,,2026-09-11,19152-3,0,0,ECO HORIZON,"unit count on TEDUH is 0, tracker says 241",
ecoworld,,2026-09-11,19152-4,224,224,ECO HORIZON SDN BHD,,
ecoworld,,2026-09-11,19152-5,164,181,ECO HORIZON,,
ecoworld,,2026-09-11,19152-6,180,180,ECO HORIZON 2,,
ecoworld,,2026-09-11,19152-7,235,235,ECO HORIZON 2,,
ecoworld,,2026-09-11,19152-8,114,114,ECO HORIZON,,
ecoworld,,2026-09-11,31135-1,357,721,PRESINT BOTANI 1,,
ecoworld,,2026-09-11,31135-2,490,766,PRESINT BOTANI 2,,
scientex,,2026-09-11,11295-22,203,204,SCIENTEX SUNGAI DUA,,
scientex,,2026-09-11,11295-23,291,291,SCIENTEX SUNGAI DUA,,
scientex,,2026-09-11,11295-25,364,364,SCIENTEX SUNGAI DUA,,
scientex,,2026-09-11,11295-26,227,227,TAMAN AROWANA EMAS,,
scientex,,2026-09-11,11295-27,146,149,TAMAN AROWANA EMAS,,
scientex,,2026-09-11,11295-28,266,267,SCIENTEX JAWI,,
scientex,,2026-09-11,11295-29,152,336,TAMAN PUNCAK ASTANA,,
scientex,,2026-09-11,11295-30,255,369,SCIENTEX JAWI,,
scientex,,2026-09-11,19794-18,481,485,PANGSAPURI CENDERA 2,,"Latest sales - Block A: 239 units, Block B: 242 units"
scientex,,2026-09-11,19794-19,325,353,PANGSAPURI CENDERA 3,,"Latest sales - Block A: 169 units, Block B: 156 units"
scientex,,2026-09-11,30714-5,147,168,SCIENTEX JENJAROM -  L'ENA,,
scientex,,2026-09-11,30714-6,253,322,SCIENTEX JENJAROM - JASMINE,,
scientex,,2026-09-11,30884-1,258,263,TAMAN SCIENTEX KULAI 3,,
scientex,,2026-09-11,30884-2,182,182,TAMAN SCIENTEX KULAI 3,,
scientex,,2026-09-11,30884-3,244,244,TAMAN SCIENTEX KULAI 3,,
scientex,,2026-09-11,30884-4,242,382,PANGSAPURI LESTARI 1,,"Latest sales - Block A: 124 units, Block B: 118 units"
scientex,,2026-09-11,30884-5,169,169,TAMAN SCIENTEX KULAI 3,,
scientex,,2026-09-11,30884-6,204,204,TAMAN SCIENTEX KULAI 3,,
scientex,,2026-09-11,30884-7,128,184,TAMAN SCIENTEX KULAI 3,,
scientex,,2026-09-11,30884-8,100,183,TAMAN SCIENTEX KULAI 3,,
scientex,,2026-09-11,6331-22,468,489,RESIDENSI MORI 2 SCIENTEX RAWANG,,
scientex,,2026-09-11,6331-25,396,498,RESIDENSI MORI 3,,
scientex,,2026-09-11,6331-26,267,384,RESIDENSI SENTRIO (N6),"unit count on TEDUH is 384, tracker says 584","Latest sales - Block A: 160 units, Block B: 107 units"
scientex,,2026-09-11,6331-27,213,288,SCIENTEX BESTARI JAYA,,
scientex,,2026-09-11,6331-28,312,332,SCIENTEX BESTARI JAYA,,
scientex,,2026-09-11,6331-29,85,300,SCIENTEX KUNDANG JAYA,,
scientex,,2026-09-11,6575-50,204,206,TAMAN SCIENTEX JASIN MUTIARA,,
scientex,,2026-09-11,6575-51,232,232,BANDAR SCIENTEX JASIN PRESINT 2,,
scientex,,2026-09-11,6575-53,195,209,BANDAR BARU BAKRI,,
scientex,,2026-09-11,6575-54,185,196,BANDAR BARU BAKRI,,
scientex,,2026-09-11,6575-55,96,279,SCIENTEX MELAKA,,
scientex,,2026-09-11,6575-56,164,288,SCIENTEX MELAKA,,
scientex,,2026-09-11,6575-58,137,256,BANDAR BARU BAKRI,,
scientex,,2026-09-11,6575-59,0,216,BANDAR BARU BAKRI,,
scientex,,2026-09-11,9294-57,205,210,PANGSAPURI PULAI MUTIARA 4,,
scientex,,2026-09-11,9294-67,516,516,PANGSAPURI SCIENTEX IDAMAN,,"Latest sales - Block A: 169 units, Block B: 173 units, Block C: 174 units"
scientex,,2026-09-11,9294-68,210,210,TAMAN KLEBANG SEROJA,,
scientex,,2026-09-11,9294-69,215,215,TAMAN PULAI DUTA,,
scientex,,2026-09-11,9294-70,520,522,PANGSAPURI SCIENTEX IDAMAN,,"Latest sales - Block D: 173 units, Block E: 173 units, Block F: 174 units"
scientex,,2026-09-11,9294-71,114,115,TAMAN KLEBANG SEROJA,,
scientex,,2026-09-11,9294-72,252,252,TAMAN SCIENTEX SUNGAI DUA,,
scientex,,2026-09-11,9294-74,207,207,TAMAN PULAI DUTA,,
scientex,,2026-09-11,9294-75,218,238,TAMAN SCIENTEX SUNGAI DUA,,
scientex,,2026-09-11,9294-76,117,134,SCIENTEX IPOH,,
scientex,,2026-09-11,9294-77,73,124,PANGSAPURI PULAI DUTA 1,,
scientex,,2026-09-11,9294-78,200,200,TAMAN PULAI DUTA,,
scientex,,2026-09-11,9294-79,97,142,PANGSAPURI PULAI DUTA 2,,
scientex,,2026-09-11,9294-80,257,271,TAMAN SCIENTEX SUNGAI DUA,,
scientex,,2026-09-11,9294-81,197,234,TAMAN SCIENTEX SUNGAI DUA,,
scientex,,2026-09-11,9294-82,46,64,SCIENTEX IPOH,,
scientex,,2026-09-11,9294-83,87,210,SCIENTEX IPOH - ASPEN,,
scientex,,2026-09-11,9294-84,235,246,TAMAN PULAI DUTA 2,,
scientex,,2026-09-11,9294-85,88,252,TAMAN SCIENTEX SUNGAI DUA,,
scientex,,2026-09-11,9294-86,186,240,TAMAN PULAI DUTA 2,,
scientex,,2026-09-11,9294-88,133,690,PANGSAPURI SCIENTEX JAYA,,"Latest sales - Block F: 17 units, Block G: 116 units"
scientex,,2026-09-11,9294-89,22,158,SCIENTEX IPOH - DAISY,,
scientex,,2026-09-11,6575-43,211,211,TAMAN SCIENTEX JASIN MUTIARA,,
scientex,,2026-09-11,6575-31,291,291,SCIENTEX JASIN,,
scientex,,2026-09-11,6575-39,202,204,TAMAN SCIENTEX JASIN MUTIARA,,
scientex,,2026-09-11,6575-42,132,188,SCIENTEX BANDAR JASIN,,
scientex,,2026-09-11,6575-44,284,289,SCIENTEX BANDAR JASIN,,
scientex,,2026-09-11,6575-40,316,336,SCIENTEX BANDAR JASIN,,
scientex,,2026-09-11,9294-62,342,342,TAMAN PULAI DUTA,,
scientex,,2026-09-11,9294-65,272,272,TAMAN PULAI DUTA,,
scientex,,2026-09-11,9294-66,235,235,TAMAN PULAI DUTA,,
scientex,,2026-09-11,19794-15,253,254,TAMAN PULAI MUTIARA 2,,
scientex,,2026-09-11,19794-16,256,256,TAMAN PULAI MUTIARA 2,,
scientex,,2026-09-11,6575-38,212,215,TAMAN BUKIT TAMBUN PERDANA 2,,
scientex,,2026-09-11,19794-14,306,309,CLOVER 3,,
scientex,,2026-09-11,6575-18,730,757,SCIENTEX DURIAN TUNGGAL 2,,
scientex,,2026-09-11,9294-51,122,150,RUMAH BANDAR TAMAN SCIENTEX KULAI 2,,
scientex,,2026-09-11,9294-52,361,420,PANGSAPURI PULAI MUTIARA 2,,"Latest sales - Block A: 182 units, Block B: 179 units"
scientex,,2026-09-11,9294-53,278,278,TAMAN CHEPOR IDAMAN,"unit count on TEDUH is 278, tracker says 288",
scientex,,2026-09-11,9294-54,74,74,SCIENTEX QUATARI SDN BHD,"unit count on TEDUH is 74, tracker says 84",
scientex,,2026-09-11,9294-56,614,614,PANGSAPURI PULAI MUTIARA 3,,"Latest sales - Block A: 204 units, Block B: 204 units, Block C: 206 units"
scientex,,2026-09-11,9294-59,300,300,PANGSAPURI 1 SCIENTEX UTAMA,,"Latest sales - Block A: 150 units, Block B: 150 units"
scientex,,2026-09-11,9294-60,304,304,SCIENTEX MERU 3,,
scientex,,2026-09-11,9294-61,70,70,SCIENTEX MERU 3,,
scientex,,2026-09-11,9294-63,238,238,SCIENTEX IPOH,,
scientex,,2026-09-11,9294-64,120,122,TAMAN KLEBANG LESTARI,,
scientex,,2026-09-11,9294-73,0,207,TAMAN PULAI DUTA,,
scientex,,2026-09-11,9294-45,472,473,SCIENTEX QUATARI SDN BHD,"unit count on TEDUH is 473, tracker says 492",
scientex,,2026-09-11,6575-34,452,455,SCIENTEX JASIN,,
scientex,,2026-09-11,6575-33,498,503,SCIENTEX BANDAR JASIN,,
scientex,,2026-09-11,6575-20,627,641,SCIENTEX DURIAN TUNGGAL 2,,
simedarby,,2026-09-11,10991-4,271,271,RESIDENSI TEJA,,"Latest sales - Block PT 26/A: 138 units, Block PT 26/B: 133 units"
simedarby,,2026-09-11,10991-5,605,926,RESIDENSI SJCC 1,,"Latest sales - Block A: 258 units, Block B: 347 units"
simedarby,,2026-09-11,12408-16,0,43,SUASANA AINSDALE 2,,
simedarby,,2026-09-11,12408-17,0,59,SUASANA AINSDALE 2,,
simedarby,,2026-09-11,12408-18,22,49,SUASANA AINSDALE 2,,
simedarby,,2026-09-11,12408-19,24,49,SUASANA AINSDALE 2,,
simedarby,,2026-09-11,12408-20,116,118,ARINA AINSDALE 1,,
simedarby,,2026-09-11,12408-21,97,103,ARINA AINSDALE 1 (FASA 2),,
simedarby,,2026-09-11,12408-22,71,123,ARINA 2,,
simedarby,,2026-09-11,12408-23,0,114,ARINA 2 (PHASE 3),,
simedarby,,2026-09-11,12408-24,0,133,ARINA 2 (PHASE 2),,
simedarby,,2026-09-11,13017-43,100,102,ELMINA RIDGE 1 (FASA A),,
simedarby,,2026-09-11,13017-44,93,93,ELMINA HIJAUAN 9A,,
simedarby,,2026-09-11,13017-45,121,126,ELMINA RIDGE 1 ( FASA B),,
simedarby,,2026-09-11,13017-46,99,99,ELMINA HIJAUAN 9B,,
simedarby,,2026-09-11,13017-47,411,499,RESIDENSI KANOPI,,Latest sales - Block EW: 411 units
simedarby,,2026-09-11,13017-48,134,145,ELMINA RIDGE 2,,
simedarby,,2026-09-11,13017-49,71,76,ELMINA RIDGE  2 (FASA ER2B),,
simedarby,,2026-09-11,13017-50,59,136,ELMINA HIJAUAN 8-2 (FASA A),,
simedarby,,2026-09-11,13017-51,19,70,ELMINA HIJAUAN 8-2 (FASA B),,
simedarby,,2026-09-11,14358-4,0,56,HARMONI PERMAI 2,,
simedarby,,2026-09-11,20060-1,508,520,JENDELA RESIDENSI,,"Latest sales - Block A: 256 units, Block B: 252 units"
simedarby,,2026-09-11,20171-2,22,59,TIARA RESIDENCES 1,,
simedarby,,2026-09-11,20171-3,0,112,TIARA RESIDENCES 2,,
simedarby,,2026-09-11,30500-1,134,150,RESIDENSI OPERA,,"Latest sales - Block 1A: 12 units, Block 1B: 8 units, Block 2A: 7 units, Block 2B: 5 units, Block 3A: 2 units, Block 3B: 3 units, Block A1: 15 units, Block A2: 19 units, Block B1: 12 units, Block B2: 15 units, Block C1: 19 units, Block C2: 17 units"
simedarby,,2026-09-11,3780-6,956,961,RESIDENSI RIA,,"Latest sales - Block A: 200 units, Block B: 224 units, Block C: 258 units, Block D: 274 units"
simedarby,,2026-09-11,3780-7,0,998,RESIDENSI MERIAH,,
simedarby,,2026-09-11,3927-154,122,122,THE GLADES,,"Latest sales - Block HT5T4(I)/A: 16 units, Block HT5T4(I)/B: 30 units, Block HT5T4(I)/C: 32 units, Block HT5T4(I)/D: 32 units, Block HT5T4(I)/E: 12 units"
simedarby,,2026-09-11,3927-155,1420,1428,RESIDENSI SERASI,,"Latest sales - Block HT6T1A(I)/1: 506 units, Block HT6T1A(I)/2: 417 units, Block HT6T1A(II)/3: 497 units"
simedarby,,2026-09-11,3927-160,167,308,RESIDENSI DAMAI,,
simedarby,,2026-09-11,3927-161,60,138,ADIRA (SIRI 2),,
simedarby,,2026-09-11,3927-162,24,82,ADIRA (SIRI 3),,
simedarby,,2026-09-11,3927-163,104,109,ADIRA (SIRI 1),,
simedarby,,2026-09-11,3927-164,44,72,LANAI LAKESIDE,,
simedarby,,2026-09-11,3927-165,29,146,THE STRAITS SIRI 2,,
simedarby,,2026-09-11,3927-166,24,25,THE GLADES,,
simedarby,,2026-09-11,3927-167,106,142,THE STRAITS SIRI 1,,
simedarby,,2026-09-11,597-13,228,234,RESIDENSI LAMAN SATU MELAWATI,,
simedarby,,2026-09-11,6755-11,84,100,EMILIA LAKESIDE 1,,
simedarby,,2026-09-11,6755-12,34,45,EMILIA LAKESIDE 3,,
simedarby,,2026-09-11,6755-13,50,65,EMILIA LAKESIDE 2,,
simedarby,,2026-09-11,6785-27,55,68,SERENIA AMALIA 5,,
simedarby,,2026-09-11,6785-28,32,40,SERENIA AMALIA 7,,
simedarby,,2026-09-11,6785-29,0,84,SERENIA AMALIA 6,,
simedarby,,2026-09-11,6785-30,160,211,SERENIA BALERIA 1,,
simedarby,,2026-09-11,6785-31,27,174,SERENIA BALERIA 2,,
simedarby,,2026-09-11,7277-27,436,450,RESIDENSI TIGA ARA,,"Latest sales - Block A: 146 units, Block B: 158 units, Block C: 132 units"
simedarby,,2026-09-11,7277-28,18,20,ANDARA,,
simedarby,,2026-09-11,3927-156,128,139,NADIRA 3,,
simedarby,,2026-09-11,3927-157,300,346,CASIRA 3 (SIRI 2),,
simedarby,,2026-09-11,6755-7,80,99,EMILIA 3,"unit count on TEDUH is 99, tracker says 24",
simedarby,,2026-09-11,7277-30,158,998,RESIDENSI ARA 1,,"Latest sales - Block A: 30 units, Block B: 63 units, Block C1: 65 units"
simedarby,,2026-09-11,14350-1,275,429,SENADA KIARA,,
simedarby,,2026-09-11,13017-19,183,183,ELMINA GREEN (EG1A),"unit count on TEDUH is 183, tracker says 187",
simedarby,,2026-09-11,13017-20,205,205,ELMINA GREEN (EG1B),"unit count on TEDUH is 205, tracker says 211",
simedarby,,2026-09-11,13017-21,72,72,ELMINA EAST - (PHASE G3C),,
simedarby,,2026-09-11,13017-22,181,181,PHASE EG1C,,
simedarby,,2026-09-11,13017-23,47,47,PHASE G5,"unit count on TEDUH is 47, tracker says 90",
simedarby,,2026-09-11,13017-24,348,562,PHASE EG2 (RUMAH SELANGORKU),,"Latest sales - Block EW/EG2/A: 126 units, Block EW/EG2/B: 96 units, Block EW/EG2/C: 126 units"
simedarby,,2026-09-11,13017-25,168,168,PHASE EV5A,,
simedarby,,2026-09-11,13017-26,204,204,PHASE EV5B,"unit count on TEDUH is 204, tracker says 205",
simedarby,,2026-09-11,13017-27,300,513,ELMINA ILHAM,,
simedarby,,2026-09-11,13017-28,49,218,ELMINA HIJAUAN DUA (FASA A),,
simedarby,,2026-09-11,13017-29,31,194,ELMINA HIJAUAN DUA (FASA B),,
simedarby,,2026-09-11,13017-30,14,57,HEVEA (FASA B),,
simedarby,,2026-09-11,13017-31,66,69,HEVEA (FASA A),,
simedarby,,2026-09-11,13017-32,1,189,ELMINA HIJAUAN EMPAT (FASA A),,
simedarby,,2026-09-11,13017-33,16,160,ELMINA HIJAUAN EMPAT (FASA B),,
simedarby,,2026-09-11,13017-34,117,208,ELMINA HIJAUAN LIMA,,
simedarby,,2026-09-11,13017-35,277,277,ILHAM RESIDENCE 2,,
simedarby,,2026-09-11,13017-36,113,116,ELMINA HIJAUAN ENAM (FASA A),,
simedarby,,2026-09-11,13017-37,138,139,ELMINA HIJAUAN ENAM (FASA B),,
simedarby,,2026-09-11,13017-38,180,185,ELMINA HIJAUAN TUJUH (FASA B),,
simedarby,,2026-09-11,13017-39,130,131,ELMINA HIJAUAN TUJUH (FASA A),,
simedarby,,2026-09-11,13017-40,302,303,ELMINA ILHAM TIGA,,Latest sales - Block EE: 302 units
simedarby,,2026-09-11,13017-41,79,80,ELMINA HIJAUAN LAPAN (FASA B),,
simedarby,,2026-09-11,13017-42,88,88,ELMINA HIJAUAN LAPAN (FASA A),,
simedarby,,2026-09-11,12408-11,125,125,EMBUN,"unit count on TEDUH is 125, tracker says 189",
simedarby,,2026-09-11,12408-12,12,59,ANGGUN (FASA 1),,
simedarby,,2026-09-11,12408-13,10,86,ANGGUN (FASA 2),,
simedarby,,2026-09-11,12408-14,43,50,SUASANA AINSDALE (FASA 1),,
simedarby,,2026-09-11,12408-15,23,65,SUASANA AINSDALE (FASA 2),,
simedarby,,2026-09-11,6785-7,298,298,PHASE A2,"unit count on TEDUH is 298, tracker says 302",
simedarby,,2026-09-11,6785-8,226,226,PHASE A3-2,,Latest sales - Block SC/SC: 226 units
simedarby,,2026-09-11,6785-9,176,176,PHASE A3-1,,Latest sales - Block SC/SC: 176 units
simedarby,,2026-09-11,6785-10,100,100,PHASE A5-1,,Latest sales - Block SC/SC: 100 units
simedarby,,2026-09-11,6785-11,100,100,PHASE A5-2,,Latest sales - Block SC/SC: 100 units
simedarby,,2026-09-11,6785-12,122,122,SERENIA ARIYA 3,,Latest sales - Block SC/SC: 96 units
simedarby,,2026-09-11,6785-13,87,87,SERENIA ARIYA,,Latest sales - Block SC/SC: 87 units
simedarby,,2026-09-11,6785-14,111,115,SERENIA ARIYA 2,,Latest sales - Block SC/SC: 111 units
simedarby,,2026-09-11,6785-15,107,110,SERENIA AMALIA 2,,
simedarby,,2026-09-11,6785-16,0,60,SERENIA AMALIA 3,,
simedarby,,2026-09-11,6785-17,0,142,SERENIA AMALIA 4,,
simedarby,,2026-09-11,6785-18,87,120,SERENIA AMALIA 1,,
simedarby,,2026-09-11,6785-19,144,144,SERENIA AIORA 1,,
simedarby,,2026-09-11,6785-20,138,138,SERENIA AIORA 2,,
simedarby,,2026-09-11,6785-21,57,84,SERENIA ANIRA 1,,
simedarby,,2026-09-11,6785-22,108,116,SERENIA ANIRA 3,,
simedarby,,2026-09-11,6785-23,86,96,SERENIA ANIRA 2,,Latest sales - Block SC: 86 units
simedarby,,2026-09-11,6785-24,53,72,SERENIA AQILA,,
simedarby,,2026-09-11,6785-25,191,202,SERENIA ANISA 2,,
simedarby,,2026-09-11,6785-26,203,206,SERENIA ANISA 1,,
spsetia,,2026-09-11,10530-12,97,216,TEMASYA PRISMA,,
spsetia,,2026-09-11,10611-24,109,131,TAMAN LAMAN SETIA,,
spsetia,,2026-09-11,10611-25,37,46,LAMAN JENTAYU,,
spsetia,,2026-09-11,10611-26,92,111,TAMAN LAMAN SETIA,,
spsetia,,2026-09-11,10611-27,4,32,TAMAN LAMAN SETIA (EUGENIA 1),,
spsetia,,2026-09-11,10611-28,9,89,TAMAN LAMAN SETIA (CARISSA 1),,
spsetia,,2026-09-11,10611-29,0,22,TAMAN LAMAN SETIA,,
spsetia,,2026-09-11,11461-7,15,22,CASA RICA,,
spsetia,,2026-09-11,11978-4,20,268,SETIA SV2,,
spsetia,,2026-09-11,13243-26,25,40,SETIA ECOHILL,,
spsetia,,2026-09-11,13243-28,5,37,QUEENSVILLE,,
spsetia,,2026-09-11,14331-6,57,70,SETIA ECO TEMPLER,,
spsetia,,2026-09-11,14331-7,378,388,SETIA ECO TEMPLER FASA 1B,,
spsetia,,2026-09-11,14331-8,1,70,SETIA ECO TEMPLER @ RICHMOND GATE,,
spsetia,,2026-09-11,14421-22,71,113,SETIA ECOHILL 2,,
spsetia,,2026-09-11,19700-5,8,12,ARUNDINA,,
spsetia,,2026-09-11,19700-6,26,74,ARUNDINA,,
spsetia,,2026-09-11,19732-10,0,108,TAMAN SUTERA KASIH,,
spsetia,,2026-09-11,19732-6,49,127,AMANSARA NORTH,,
spsetia,,2026-09-11,19732-7,94,154,SETIA SURIA,,
spsetia,,2026-09-11,19732-8,0,179,SETIA SURIA,,
spsetia,,2026-09-11,19732-9,640,640,PANGSAPURI PINANG SETIA,,"Latest sales - Block A: 200 units, Block B: 200 units, Block C: 240 units"
spsetia,,2026-09-11,19740-7,1,54,DAMAIRA,,
spsetia,,2026-09-11,2387-21,40,48,TAMAN RINTING,,
spsetia,,2026-09-11,2387-22,32,56,TAMAN RINTING,,
spsetia,,2026-09-11,2387-23,8,34,TAMAN RINTING,,
spsetia,,2026-09-11,30101-8,27,72,SETIA ALAMSARI,,
spsetia,,2026-09-11,30101-9,37,60,AVALYN,,
spsetia,,2026-09-11,30874-1,232,693,RESIDENSI BUKIT PERSEKUTUAN 1,,
spsetia,,2026-09-11,37-10,10,162,TAMAN SETIA TROPIKA,,
spsetia,,2026-09-11,37-9,10,420,TAMAN SETIA TROPIKA,,"Latest sales - Block A: 2 units, Block C: 1 units, Block G: 2 units, Block H: 1 units, Block J: 2 units, Block L: 2 units"
spsetia,,2026-09-11,4924-79,37,37,BANDAR KINRARA,,
spsetia,,2026-09-11,4924-80,37,38,BANDAR KINRARA,,
spsetia,,2026-09-11,4924-81,28,28,BANDAR KINRARA,,
spsetia,,2026-09-11,4924-82,30,30,BANDAR KINRARA,,
spsetia,,2026-09-11,4924-83,0,18,BANDAR KINRARA,,
spsetia,,2026-09-11,673-12,201,499,RESIDENSI CAMAR,,
spsetia,,2026-09-11,7180-39,52,86,TAMAN PELANGI INDAH,,
spsetia,,2026-09-11,7180-40,26,77,TAMAN PELANGI INDAH,,
spsetia,,2026-09-11,7180-41,0,98,TAMAN PELANGI INDAH,,
spsetia,,2026-09-11,8118-60,341,355,SRI SENJA & SRI EMBUN,,
spsetia,,2026-09-11,8118-74,36,40,AURINIA,,
spsetia,,2026-09-11,8118-75,75,103,LAMAN ALUVIUM,,
spsetia,,2026-09-11,8118-76,68,95,LAMAN ALUVIUM,,
spsetia,,2026-09-11,8118-77,17,30,LAMAN BUKIT,,
spsetia,,2026-09-11,8118-78,111,600,PANGSAPURI SETIA IMPIANA,,
spsetia,,2026-09-11,8118-79,0,108,"RESIDENSI LILI 1 , RESIDENSI LILI 2 , RESIDENSI LILI 3 & RESIDENSI LILI 4",,
spsetia,,2026-09-11,8118-80,102,203,SUMMERA GROVE,,
spsetia,,2026-09-11,8118-81,8,27,SAPPHIRE ÉLAN,,
spsetia,,2026-09-11,8118-82,0,88,LAMAN DANAU,,
spsetia,,2026-09-11,9246-123,27,68,DUTA VILLA,,
spsetia,,2026-09-11,9246-124,94,102,BANDAR SETIA ALAM,,
spsetia,,2026-09-11,9246-125,45,72,LE JARDIN,,
spsetia,,2026-09-11,9246-126,23,100,MUSIKA HOMES,,
spsetia,,2026-09-11,9586-34,19,19,FORESTREE,,
spsetia,,2026-09-11,9586-35,11,11,ROBIN COVE,,
spsetia,,2026-09-11,9586-36,29,29,ROBIN COVE,,
spsetia,,2026-09-11,9586-37,52,67,KINGFISHER,,
spsetia,,2026-09-11,9796-21,77,83,SETIA BAYUEMAS,,
spsetia,,2026-09-11,9796-22,13,42,SETIA BAYUEMAS,,
spsetia,,2026-09-11,9796-23,80,95,SETIA BAYUEMAS,,
spsetia,,2026-09-11,9796-24,13,38,SETIA BAYUEMAS,,
spsetia,,2026-09-11,9796-25,233,561,PANGSAPURI BAYU IMPIAN,,"Latest sales - Block A: 145 units, Block B: 88 units"
spsetia,,2026-09-11,9796-26,27,82,SETIA BAYUEMAS,,
spsetia,,2026-09-11,9796-27,1,69,SETIA BAYUEMAS,,
spsetia,,2026-09-11,9829-28,115,116,SETIA ALAMIMPIAN A10-03,,
spsetia,,2026-09-11,9829-29,33,60,SETIA ALAMIMPIAN,,
spsetia,,2026-09-11,9829-30,84,101,SETIA ALAMIMPIAN,,
spsetia,,2026-09-11,9829-31,40,70,SETIA ALAM IMPIAN,,
spsetia,,2026-09-11,9829-33,6,40,SETIA ALAM IMPIAN,,
spsetia,,2026-09-11,9829-34,32,146,SETIA ALAM IMPIAN,,
spsetia,,2026-09-11,9851-25,6,40,ELYSIAN,,
spsetia,,2026-09-11,9796-19,89,98,SETIA BAYUEMAS,,
spsetia,,2026-09-11,14331-1,227,227,SETIA ECO TEMPLER,"unit count on TEDUH is 227, tracker says 234",
spsetia,,2026-09-11,14331-2,0,0,SETIA ECO TEMPLER,"unit count on TEDUH is 0, tracker says 388",
spsetia,,2026-09-11,14331-3,156,156,SETIA ECO TEMPLER,"unit count on TEDUH is 156, tracker says 168",
spsetia,,2026-09-11,14331-4,147,155,SETIA ECO TEMPLER,,
spsetia,,2026-09-11,14331-5,73,74,SETIA ECO TEMPLER,,
spsetia,,2026-09-11,30101-1,88,88,SETIA ALAMSARI,,
spsetia,,2026-09-11,30101-2,44,44,SETIA ALAMSARI,,
spsetia,,2026-09-11,30101-3,44,44,SETIA ALAMSARI,,
spsetia,,2026-09-11,30101-4,111,114,SETIA ALAMSARI,,
spsetia,,2026-09-11,30101-5,88,88,SETIA ALAMSARI,,
spsetia,,2026-09-11,30101-6,43,44,SETIA ALAMSARI,,
spsetia,,2026-09-11,30101-7,46,60,SETIA ALAMSARI,,
spsetia,,2026-09-11,9796-20,89,97,SETIA BAYUEMAS,,
spsetia,,2026-09-11,37-5,272,272,BANDAR BARU SERI PETALING FASA ZONE P3(RESIDENSI RIMBUNAN),,
spsetia,,2026-09-11,37-6,186,187,SETIA WARISAN TROPIKA,,
spsetia,,2026-09-11,37-7,122,135,SETIA WARISAN TROPIKA,,
spsetia,,2026-09-11,37-8,0,117,SETIA WARISAN TROPIKA (PHASE 3A),,
spsetia,,2026-09-11,12215-6,138,138,SETIA ECO GLADES,"unit count on TEDUH is 138, tracker says 142",
spsetia,,2026-09-11,12215-7,152,152,SETIA ECO GLADES,,Latest sales - Block LH: 1 units
spsetia,,2026-09-11,12215-8,55,60,SETIA MARINA (GLADE 8),,
spsetia,,2026-09-11,12215-9,97,100,SETIA MARINA GLADE 7,,
spsetia,,2026-09-11,14421-6,92,92,ELMERA,,
spsetia,,2026-09-11,14421-7,114,114,BARRAS,,
spsetia,,2026-09-11,14421-8,80,80,AMARUS,"unit count on TEDUH is 80, tracker says 81",
spsetia,,2026-09-11,14421-9,67,67,BACCAS,"unit count on TEDUH is 67, tracker says 68",
spsetia,,2026-09-11,14421-10,48,48,FROSSA,"unit count on TEDUH is 48, tracker says 84",
spsetia,,2026-09-11,14421-11,45,45,SETIA ECOHILL 2,"unit count on TEDUH is 45, tracker says 66",
spsetia,,2026-09-11,14421-12,65,65,ARONIA,"unit count on TEDUH is 65, tracker says 86",
spsetia,,2026-09-11,14421-13,105,105,SETIA ECOHILL 2,,
spsetia,,2026-09-11,14421-14,69,69,ACORUS,,
spsetia,,2026-09-11,14421-15,62,62,ACORUS 2,,
spsetia,,2026-09-11,14421-16,76,76,FARINA,,
spsetia,,2026-09-11,14421-17,25,76,AZOLLA,,
spsetia,,2026-09-11,14421-18,66,66,CARNUS 2,,
spsetia,,2026-09-11,14421-19,2,77,BERONIA,,
spsetia,,2026-09-11,14421-20,78,84,SETIA ECOHILL 2,,
spsetia,,2026-09-11,14421-21,77,99,SETIA ECOHILL 2,,
spsetia,,2026-09-11,19740-1,34,34,KANDARA,,
spsetia,,2026-09-11,19740-2,18,18,ALLIA & KANDARA,"unit count on TEDUH is 18, tracker says 26",
spsetia,,2026-09-11,19740-3,9,9,KAYANA,"unit count on TEDUH is 9, tracker says 36",
spsetia,,2026-09-11,19740-4,29,29,KASTELA,,
spsetia,,2026-09-11,19740-5,8,8,SETIA MAYURI,,
spsetia,,2026-09-11,19740-6,20,26,SETIA MAYURI,,
spsetia,,2026-09-11,19732-4,176,192,AMANSARA NORTH,,
spsetia,,2026-09-11,19732-5,134,180,AMANSARA NORTH,,
ksl,,2026-09-11,13457-2,36,1280,RESIDENSI PUNCAK AUSTIN,,
ksl,,2026-09-11,14641-2,148,1200,RESIDENSI DANAU UTAMA,,
ksl,,2026-09-11,30622-1,148,160,TAMAN PUNCAK TROPICANA,,
ksl,,2026-09-11,30622-2,167,175,TAMAN PUNCAK TROPICANA,,
ksl,,2026-09-11,30622-3,119,132,TAMAN PUNCAK TROPICANA,,
ksl,,2026-09-11,30622-4,100,129,TAMAN PUNCAK TROPICANA,,
ksl,,2026-09-11,31041-1,49,733,RESIDENSI BESTARI,,Latest sales - Block A: 49 units
ksl,,2026-09-11,31063-1,62,230,BANDAR WAWARI,,
ksl,,2026-09-11,31063-2,265,265,BANDAR WAWARI,,
ksl,,2026-09-11,31063-3,265,265,BANDAR WAWARI,,
ksl,,2026-09-11,31063-4,205,1022,RESIDENSI KOMERSIAL PINGGIRAN SUNGAI,,"Latest sales - Block A: 76 units, Block B: 129 units"
ksl,,2026-09-11,31063-5,30,1138,RESIDENSI KOMERSIAL PINGGIRAN SUNGAI,,Latest sales - Block C: 30 units
ksl,,2026-09-11,3390-38,0,71,TAMAN BINTANG 2,,
ksl,,2026-09-11,3390-71,1011,1688,PANGSAPURI KEMPAS INDAH 2 (D' SECRET GARDEN 2),,"Latest sales - Block A: 368 units, Block A1: 301 units, Block B: 342 units"
ksl,,2026-09-11,3390-77,44,612,RAIN TREE RESIDENCE,,"Latest sales - Block A: 33 units, Block B: 9 units, Block C: 2 units"
ksl,,2026-09-11,3390-78,112,181,TAMAN BESTARI INDAH,,
ksl,,2026-09-11,3390-79,85,217,TAMAN BESTARI INDAH,,
ksl,,2026-09-11,3390-80,501,1664,PANGSAPURI KEMPAS INDAH 2 (D' SECRET GARDEN 2),,"Latest sales - Block C: 182 units, Block C1: 56 units, Block C2: 263 units"
ksl,,2026-09-11,3390-81,12,19,TAMAN MELATI,,
ksl,,2026-09-11,3390-82,50,182,TAMAN BESTARI INDAH,,
ksl,,2026-09-11,3390-83,141,864,RESIDENSI ALAM PERMAI,,
ksl,,2026-09-11,3390-84,18,44,TAMAN RAJAWALI,,
ksl,,2026-09-11,3390-85,0,223,TAMAN BESTARI INDAH,,
ksl,,2026-09-11,3390-86,0,176,TAMAN MUTIARA BESTARI,,
ksl,,2026-09-11,4204-16,123,240,TAMAN PULAI BESTARI,,
ksl,,2026-09-11,4204-17,8,196,TAMAN PULAI BESTARI,,
ksl,,2026-09-11,4706-6,0,32,TAMAN BAHAGIA,,
ksl,,2026-09-11,5192-10,20,45,TAMAN PENGKALAN ESAH,,
ksl,,2026-09-11,5192-9,7,61,TAMAN PESONA,,
ksl,,2026-09-11,7777-13,75,91,TAMAN CEMERLANG,,
ksl,,2026-09-11,7777-14,77,101,TAMAN BANANG JAYA,,
ksl,,2026-09-11,7777-15,124,221,TAMAN BANANG JAYA,,
ksl,,2026-09-11,7777-16,59,237,TAMAN MENGKIBOL,,
ksl,,2026-09-11,7777-17,109,176,TAMAN BANANG JAYA,,
ksl,,2026-09-11,7777-18,821,1148,RESIDENSI KOMERSIAL ALMA IDAMAN,,"Latest sales - Block A: 331 units, Block B: 490 units"
ksl,,2026-09-11,3390-73,394,476,PANGSAPURI KSL BUKIT GEMILANG,,"Latest sales - Block A: 199 units, Block B: 195 units"
ksl,,2026-09-11,3390-64,754,1276,RESIDENSI KSL KANGKAR TEBRAU (KSL RESIDENCES 2),,"Latest sales - Block A: 115 units, Block B: 163 units, Block C: 55 units"
johor,,2026-09-11,31366-1,0,621,RESIDENSI PARAGON MAPEL,,
lagenda,,2026-09-11,20128-2,0,18,TAMAN PERMAI JAYA 2,,
scientex,,2026-09-11,30714-3,301,303,SCIENTEX JENJAROM,,
scientex,,2026-09-11,30714-4,258,263,SCIENTEX JENJAROM,,
scientex,,2026-09-11,6575-48,204,234,BANDAR SCIENTEX JASIN PRESINT 2,,
scientex,,2026-09-11,6575-49,261,333,BANDAR SCIENTEX JASIN PRESINT 2,,
scientex,,2026-09-11,6575-52,247,343,BANDAR SCIENTEX JASIN PRESINT 2,,
scientex,,2026-09-11,9294-87,117,283,TAMAN PULAI DUTA 2,,
scientex,,2026-09-11,6331-8,209,209,TAMAN SCIENTEX PARK,,
scientex,,2026-09-11,6331-30,0,220,SCIENTEX BESTARI JAYA,,
simedarby,,2026-09-11,597-14,333,480,RESIDENSI DIAN,,"Latest sales - Block A: 175 units, Block B: 158 units"
simedarby,,2026-09-11,597-15,7,61,RESIDENSI VISTA TIMUR,,
ksl,,2026-09-11,4205-10,7,60,TAMAN MUTIARA GADING,,
ksl,,2026-09-11,4205-11,0,52,TAMAN MUTIARA GADING,,
ksl,,2026-09-11,4205-12,5,60,TAMAN MUTIARA GADING,,
