week,tracker,code,group_idx,unit_type,units,sold
2026-08-08,seputeh,32-16,0,Rumah Pangsa/Kondo,13,2
2026-08-08,seputeh,32-16,1,Rumah Pangsa/Kondo,13,5
2026-08-08,seputeh,32-16,2,Rumah Pangsa/Kondo,21,4
2026-08-08,seputeh,32-16,3,Rumah Pangsa/Kondo,27,10
2026-08-08,seputeh,32-16,4,Rumah Pangsa/Kondo,13,2
2026-08-08,seputeh,32-16,5,Rumah Pangsa/Kondo,12,2
2026-08-08,seputeh,32-16,6,Rumah Pangsa/Kondo,27,10
2026-08-08,seputeh,32-16,7,Rumah Pangsa/Kondo,20,7
2026-08-08,seputeh,30216-1,0,Pangsapuri Servis,154,33
2026-08-08,seputeh,30216-2,0,Pangsapuri Servis,490,44
2026-08-08,seputeh,31078-1,0,Rumah Berpagar & Berpengawal,48,45
2026-08-08,seputeh,31274-1,0,Rumah Pangsa/Kondo,244,1
2026-08-08,seputeh,2463-23,0,Rumah Pangsa/Kondo,293,212
2026-08-08,seputeh,2463-23,1,Rumah Pangsa/Kondo,140,59
2026-08-08,status13,13262-2,0,Pangsapuri Suite,747,36
2026-08-08,status13,13262-2,1,Pangsapuri Suite,797,285
2026-08-08,status13,30590-2,0,Soho,996,113
2026-08-08,status13,5911-33,0,Pangsapuri Servis,686,455
2026-08-08,status13,5911-33,1,Pangsapuri Servis,932,531
2026-08-08,status13,30363-2,0,Pangsapuri Suite,1218,1119
2026-08-08,status13,30821-1,0,Pangsapuri Suite,494,241
2026-08-08,status13,30821-1,1,Pangsapuri Suite,494,250
2026-08-08,status13,30366-1,0,Pangsapuri Servis,482,466
2026-08-08,status13,13074-4,0,Pangsapuri Servis,299,235
2026-08-08,status13,8824-5,0,Pangsapuri Servis,641,157
2026-08-08,status13,8824-5,1,Pangsapuri Servis,655,452
2026-08-08,status13,20253-3,0,Rumah Pangsa/Kondo,757,590
2026-08-08,status13,20253-3,1,Rumah Pangsa/Kondo,743,550
2026-08-08,status13,30876-1,0,Rumah Pangsa/Kondo,551,124
2026-08-08,status13,30250-2,0,Rumah Pangsa/Kondo,333,333
2026-08-08,status13,30250-2,1,Rumah Pangsa/Kondo,328,326
2026-08-09,seputeh,32-16,0,Rumah Pangsa/Kondo,13,2
2026-08-09,seputeh,32-16,1,Rumah Pangsa/Kondo,13,5
2026-08-09,seputeh,32-16,2,Rumah Pangsa/Kondo,21,4
2026-08-09,seputeh,32-16,3,Rumah Pangsa/Kondo,27,10
2026-08-09,seputeh,32-16,4,Rumah Pangsa/Kondo,13,2
2026-08-09,seputeh,32-16,5,Rumah Pangsa/Kondo,12,2
2026-08-09,seputeh,32-16,6,Rumah Pangsa/Kondo,27,10
2026-08-09,seputeh,32-16,7,Rumah Pangsa/Kondo,20,7
2026-08-09,seputeh,30216-1,0,Pangsapuri Servis,154,33
2026-08-09,seputeh,30216-2,0,Pangsapuri Servis,490,44
2026-08-09,seputeh,31078-1,0,Rumah Berpagar & Berpengawal,48,45
2026-08-09,seputeh,31274-1,0,Rumah Pangsa/Kondo,244,1
2026-08-09,seputeh,2463-23,0,Rumah Pangsa/Kondo,293,212
2026-08-09,seputeh,2463-23,1,Rumah Pangsa/Kondo,140,59
2026-08-09,status13,13262-2,0,Pangsapuri Suite,747,36
2026-08-09,status13,13262-2,1,Pangsapuri Suite,797,285
2026-08-09,status13,30590-2,0,Soho,996,113
2026-08-09,status13,5911-33,0,Pangsapuri Servis,686,455
2026-08-09,status13,5911-33,1,Pangsapuri Servis,932,531
2026-08-09,status13,30363-2,0,Pangsapuri Suite,1218,1119
2026-08-09,status13,30821-1,0,Pangsapuri Suite,494,241
2026-08-09,status13,30821-1,1,Pangsapuri Suite,494,250
2026-08-09,status13,30366-1,0,Pangsapuri Servis,482,466
2026-08-09,status13,13074-4,0,Pangsapuri Servis,299,235
2026-08-09,status13,8824-5,0,Pangsapuri Servis,641,157
2026-08-09,status13,8824-5,1,Pangsapuri Servis,655,452
2026-08-09,status13,20253-3,0,Rumah Pangsa/Kondo,757,590
2026-08-09,status13,20253-3,1,Rumah Pangsa/Kondo,743,550
2026-08-09,status13,30876-1,0,Rumah Pangsa/Kondo,551,124
2026-08-09,status13,30250-2,0,Rumah Pangsa/Kondo,333,333
2026-08-09,status13,30250-2,1,Rumah Pangsa/Kondo,328,326
2026-08-10,seputeh,32-16,0,Rumah Pangsa/Kondo,13,2
2026-08-10,seputeh,32-16,1,Rumah Pangsa/Kondo,13,5
2026-08-10,seputeh,32-16,2,Rumah Pangsa/Kondo,21,4
2026-08-10,seputeh,32-16,3,Rumah Pangsa/Kondo,27,10
2026-08-10,seputeh,32-16,4,Rumah Pangsa/Kondo,13,2
2026-08-10,seputeh,32-16,5,Rumah Pangsa/Kondo,12,2
2026-08-10,seputeh,32-16,6,Rumah Pangsa/Kondo,27,10
2026-08-10,seputeh,32-16,7,Rumah Pangsa/Kondo,20,7
2026-08-10,seputeh,30216-1,0,Pangsapuri Servis,154,33
2026-08-10,seputeh,30216-2,0,Pangsapuri Servis,490,44
2026-08-10,seputeh,31078-1,0,Rumah Berpagar & Berpengawal,48,45
2026-08-10,seputeh,31274-1,0,Rumah Pangsa/Kondo,244,1
2026-08-10,seputeh,2463-23,0,Rumah Pangsa/Kondo,293,212
2026-08-10,seputeh,2463-23,1,Rumah Pangsa/Kondo,140,59
2026-08-10,status13,13262-2,0,Pangsapuri Suite,747,36
2026-08-10,status13,13262-2,1,Pangsapuri Suite,797,285
2026-08-10,status13,30590-2,0,Soho,996,113
2026-08-10,status13,5911-33,0,Pangsapuri Servis,686,455
2026-08-10,status13,5911-33,1,Pangsapuri Servis,932,531
2026-08-10,status13,30363-2,0,Pangsapuri Suite,1218,1119
2026-08-10,status13,30821-1,0,Pangsapuri Suite,494,241
2026-08-10,status13,30821-1,1,Pangsapuri Suite,494,250
2026-08-10,status13,30366-1,0,Pangsapuri Servis,482,466
2026-08-10,status13,13074-4,0,Pangsapuri Servis,299,235
2026-08-10,status13,8824-5,0,Pangsapuri Servis,641,158
2026-08-10,status13,8824-5,1,Pangsapuri Servis,655,452
2026-08-10,status13,20253-3,0,Rumah Pangsa/Kondo,757,590
2026-08-10,status13,20253-3,1,Rumah Pangsa/Kondo,743,550
2026-08-10,status13,30876-1,0,Rumah Pangsa/Kondo,551,124
2026-08-10,status13,30250-2,0,Rumah Pangsa/Kondo,333,333
2026-08-10,status13,30250-2,1,Rumah Pangsa/Kondo,328,326
2026-08-11,seputeh,32-16,0,Rumah Pangsa/Kondo,13,2
2026-08-11,seputeh,32-16,1,Rumah Pangsa/Kondo,13,5
2026-08-11,seputeh,32-16,2,Rumah Pangsa/Kondo,21,4
2026-08-11,seputeh,32-16,3,Rumah Pangsa/Kondo,27,10
2026-08-11,seputeh,32-16,4,Rumah Pangsa/Kondo,13,2
2026-08-11,seputeh,32-16,5,Rumah Pangsa/Kondo,12,2
2026-08-11,seputeh,32-16,6,Rumah Pangsa/Kondo,27,10
2026-08-11,seputeh,32-16,7,Rumah Pangsa/Kondo,20,7
2026-08-11,seputeh,30216-1,0,Pangsapuri Servis,154,33
2026-08-11,seputeh,30216-2,0,Pangsapuri Servis,490,45
2026-08-11,seputeh,31078-1,0,Rumah Berpagar & Berpengawal,48,45
2026-08-11,seputeh,31274-1,0,Rumah Pangsa/Kondo,244,1
2026-08-11,seputeh,2463-23,0,Rumah Pangsa/Kondo,293,220
2026-08-11,seputeh,2463-23,1,Rumah Pangsa/Kondo,140,64
2026-08-11,status13,31202-1,0,Pangsapuri Suite,680,94
2026-08-11,status13,31202-1,1,Pangsapuri Suite,630,80
2026-08-11,status13,13262-2,0,Pangsapuri Suite,747,36
2026-08-11,status13,13262-2,1,Pangsapuri Suite,797,290
2026-08-11,status13,30590-2,0,Soho,996,116
2026-08-11,status13,5911-33,0,Pangsapuri Servis,686,457
2026-08-11,status13,5911-33,1,Pangsapuri Servis,932,534
2026-08-11,status13,30363-2,0,Pangsapuri Suite,1218,1120
2026-08-11,status13,30821-1,0,Pangsapuri Suite,494,243
2026-08-11,status13,30821-1,1,Pangsapuri Suite,494,251
2026-08-11,status13,30366-1,0,Pangsapuri Servis,482,467
2026-08-11,status13,13074-4,0,Pangsapuri Servis,299,235
2026-08-11,status13,8824-5,0,Pangsapuri Servis,641,160
2026-08-11,status13,8824-5,1,Pangsapuri Servis,655,453
2026-08-11,status13,20253-3,0,Rumah Pangsa/Kondo,757,590
2026-08-11,status13,20253-3,1,Rumah Pangsa/Kondo,743,552
2026-08-11,status13,30876-1,0,Rumah Pangsa/Kondo,551,123
2026-08-11,status13,30250-2,0,Rumah Pangsa/Kondo,333,333
2026-08-11,status13,30250-2,1,Rumah Pangsa/Kondo,328,326
2026-08-12,seputeh,32-16,0,Rumah Pangsa/Kondo,13,2
2026-08-12,seputeh,32-16,1,Rumah Pangsa/Kondo,13,5
2026-08-12,seputeh,32-16,2,Rumah Pangsa/Kondo,21,4
2026-08-12,seputeh,32-16,3,Rumah Pangsa/Kondo,27,10
2026-08-12,seputeh,32-16,4,Rumah Pangsa/Kondo,13,2
2026-08-12,seputeh,32-16,5,Rumah Pangsa/Kondo,12,2
2026-08-12,seputeh,32-16,6,Rumah Pangsa/Kondo,27,10
2026-08-12,seputeh,32-16,7,Rumah Pangsa/Kondo,20,7
2026-08-12,seputeh,30216-1,0,Pangsapuri Servis,154,33
2026-08-12,seputeh,30216-2,0,Pangsapuri Servis,490,45
2026-08-12,seputeh,31078-1,0,Rumah Berpagar & Berpengawal,48,45
2026-08-12,seputeh,31274-1,0,Rumah Pangsa/Kondo,244,1
2026-08-12,seputeh,2463-23,0,Rumah Pangsa/Kondo,293,222
2026-08-12,seputeh,2463-23,1,Rumah Pangsa/Kondo,140,64
2026-08-12,status13,31202-1,0,Pangsapuri Suite,680,94
2026-08-12,status13,31202-1,1,Pangsapuri Suite,630,80
2026-08-12,status13,13262-2,0,Pangsapuri Suite,747,37
2026-08-12,status13,13262-2,1,Pangsapuri Suite,797,290
2026-08-12,status13,30590-2,0,Soho,996,116
2026-08-12,status13,5911-33,0,Pangsapuri Servis,686,457
2026-08-12,status13,5911-33,1,Pangsapuri Servis,932,535
2026-08-12,status13,30363-2,0,Pangsapuri Suite,1218,1121
2026-08-12,status13,30821-1,0,Pangsapuri Suite,494,243
2026-08-12,status13,30821-1,1,Pangsapuri Suite,494,252
2026-08-12,status13,30366-1,0,Pangsapuri Servis,482,467
2026-08-12,status13,13074-4,0,Pangsapuri Servis,299,236
2026-08-12,status13,8824-5,0,Pangsapuri Servis,641,160
2026-08-12,status13,8824-5,1,Pangsapuri Servis,655,453
2026-08-12,status13,20253-3,0,Rumah Pangsa/Kondo,757,590
2026-08-12,status13,20253-3,1,Rumah Pangsa/Kondo,743,552
2026-08-12,status13,30876-1,0,Rumah Pangsa/Kondo,551,123
2026-08-12,status13,30250-2,0,Rumah Pangsa/Kondo,333,333
2026-08-12,status13,30250-2,1,Rumah Pangsa/Kondo,328,326
2026-08-12,johor,835-14,0,Pangsapuri Servis,715,296
2026-08-12,johor,30946-1,0,Pangsapuri Servis,1950,937
2026-08-12,johor,14523-4,0,Pangsapuri Servis,416,47
2026-08-12,johor,30635-1,0,Pangsapuri Servis,539,326
2026-08-12,johor,30635-1,1,Pangsapuri Servis,539,340
2026-08-12,johor,30635-1,2,Pangsapuri Servis,539,212
2026-08-12,johor,30635-1,3,Pangsapuri Servis,539,174
2026-08-12,johor,31007-1,0,Pangsapuri Servis,848,845
2026-08-12,johor,31100-1,0,Pangsapuri Servis,1527,455
2026-08-12,johor,31100-1,1,Pangsapuri Servis,1257,515
2026-08-12,johor,31100-1,2,Pangsapuri Servis,908,441
2026-08-12,johor,31100-1,3,Pangsapuri Servis,833,0
2026-08-12,johor,31074-1,0,Pangsapuri Servis,858,401
2026-08-12,johor,31074-1,1,Pangsapuri Servis,858,365
2026-08-12,johor,31074-1,2,Pangsapuri Servis,1027,225
2026-08-12,johor,9600-6,0,Pangsapuri Servis,843,485
2026-08-12,johor,9600-6,1,Pangsapuri Servis,890,242
2026-08-12,johor,31031-1,0,Pangsapuri Servis,815,725
2026-08-12,johor,31031-1,1,Pangsapuri Servis,808,666
2026-08-12,johor,30828-3,0,Pangsapuri Servis,996,901
2026-08-12,johor,13531-2,0,Pangsapuri Servis,824,710
2026-08-12,johor,31034-1,0,Soho,540,294
2026-08-12,johor,31034-1,1,Soho,472,90
2026-08-12,johor,31149-1,0,Pangsapuri Servis,637,207
2026-08-12,johor,31149-1,1,Pangsapuri Servis,637,79
2026-08-13,seputeh,32-16,0,Rumah Pangsa/Kondo,13,2
2026-08-13,seputeh,32-16,1,Rumah Pangsa/Kondo,13,5
2026-08-13,seputeh,32-16,2,Rumah Pangsa/Kondo,21,4
2026-08-13,seputeh,32-16,3,Rumah Pangsa/Kondo,27,10
2026-08-13,seputeh,32-16,4,Rumah Pangsa/Kondo,13,2
2026-08-13,seputeh,32-16,5,Rumah Pangsa/Kondo,12,2
2026-08-13,seputeh,32-16,6,Rumah Pangsa/Kondo,27,10
2026-08-13,seputeh,32-16,7,Rumah Pangsa/Kondo,20,7
2026-08-13,seputeh,30216-1,0,Pangsapuri Servis,154,33
2026-08-13,seputeh,30216-2,0,Pangsapuri Servis,490,45
2026-08-13,seputeh,31078-1,0,Rumah Berpagar & Berpengawal,48,45
2026-08-13,seputeh,31274-1,0,Rumah Pangsa/Kondo,244,1
2026-08-13,seputeh,2463-23,0,Rumah Pangsa/Kondo,293,227
2026-08-13,seputeh,2463-23,1,Rumah Pangsa/Kondo,140,66
2026-08-13,status13,31202-1,0,Pangsapuri Suite,680,95
2026-08-13,status13,31202-1,1,Pangsapuri Suite,630,80
2026-08-13,status13,13262-2,0,Pangsapuri Suite,747,37
2026-08-13,status13,13262-2,1,Pangsapuri Suite,797,291
2026-08-13,status13,30590-2,0,Soho,996,116
2026-08-13,status13,5911-33,0,Pangsapuri Servis,686,456
2026-08-13,status13,5911-33,1,Pangsapuri Servis,932,537
2026-08-13,status13,30363-2,0,Pangsapuri Suite,1218,1123
2026-08-13,status13,30821-1,0,Pangsapuri Suite,494,245
2026-08-13,status13,30821-1,1,Pangsapuri Suite,494,253
2026-08-13,status13,30366-1,0,Pangsapuri Servis,482,467
2026-08-13,status13,13074-4,0,Pangsapuri Servis,299,236
2026-08-13,status13,8824-5,0,Pangsapuri Servis,641,162
2026-08-13,status13,8824-5,1,Pangsapuri Servis,655,452
2026-08-13,status13,20253-3,0,Rumah Pangsa/Kondo,757,590
2026-08-13,status13,20253-3,1,Rumah Pangsa/Kondo,743,552
2026-08-13,status13,30876-1,0,Rumah Pangsa/Kondo,551,124
2026-08-13,status13,30250-2,0,Rumah Pangsa/Kondo,333,333
2026-08-13,status13,30250-2,1,Rumah Pangsa/Kondo,328,326
2026-08-13,johor,835-14,0,Pangsapuri Servis,715,296
2026-08-13,johor,30946-1,0,Pangsapuri Servis,1950,938
2026-08-13,johor,14523-4,0,Pangsapuri Servis,416,47
2026-08-13,johor,30635-1,0,Pangsapuri Servis,539,326
2026-08-13,johor,30635-1,1,Pangsapuri Servis,539,340
2026-08-13,johor,30635-1,2,Pangsapuri Servis,539,212
2026-08-13,johor,30635-1,3,Pangsapuri Servis,539,174
2026-08-13,johor,31007-1,0,Pangsapuri Servis,848,845
2026-08-13,johor,31100-1,0,Pangsapuri Servis,1527,455
2026-08-13,johor,31100-1,1,Pangsapuri Servis,1257,515
2026-08-13,johor,31100-1,2,Pangsapuri Servis,908,443
2026-08-13,johor,31100-1,3,Pangsapuri Servis,833,0
2026-08-13,johor,31074-1,0,Pangsapuri Servis,858,401
2026-08-13,johor,31074-1,1,Pangsapuri Servis,858,365
2026-08-13,johor,31074-1,2,Pangsapuri Servis,1027,224
2026-08-13,johor,9600-6,0,Pangsapuri Servis,843,486
2026-08-13,johor,9600-6,1,Pangsapuri Servis,890,242
2026-08-13,johor,31031-1,0,Pangsapuri Servis,815,725
2026-08-13,johor,31031-1,1,Pangsapuri Servis,808,666
2026-08-13,johor,30828-3,0,Pangsapuri Servis,996,902
2026-08-13,johor,13531-2,0,Pangsapuri Servis,824,711
2026-08-13,johor,31034-1,0,Soho,540,294
2026-08-13,johor,31034-1,1,Soho,472,90
2026-08-13,johor,31149-1,0,Pangsapuri Servis,637,209
2026-08-13,johor,31149-1,1,Pangsapuri Servis,637,79
2026-08-14,seputeh,32-16,0,Rumah Pangsa/Kondo,13,2
2026-08-14,seputeh,32-16,1,Rumah Pangsa/Kondo,13,6
2026-08-14,seputeh,32-16,2,Rumah Pangsa/Kondo,21,4
2026-08-14,seputeh,32-16,3,Rumah Pangsa/Kondo,27,10
2026-08-14,seputeh,32-16,4,Rumah Pangsa/Kondo,13,2
2026-08-14,seputeh,32-16,5,Rumah Pangsa/Kondo,12,2
2026-08-14,seputeh,32-16,6,Rumah Pangsa/Kondo,27,10
2026-08-14,seputeh,32-16,7,Rumah Pangsa/Kondo,20,7
2026-08-14,seputeh,30216-1,0,Pangsapuri Servis,154,33
2026-08-14,seputeh,30216-2,0,Pangsapuri Servis,490,45
2026-08-14,seputeh,31078-1,0,Rumah Berpagar & Berpengawal,48,45
2026-08-14,seputeh,31274-1,0,Rumah Pangsa/Kondo,244,1
2026-08-14,seputeh,2463-23,0,Rumah Pangsa/Kondo,293,233
2026-08-14,seputeh,2463-23,1,Rumah Pangsa/Kondo,140,73
2026-08-14,status13,31202-1,0,Pangsapuri Suite,680,96
2026-08-14,status13,31202-1,1,Pangsapuri Suite,630,81
2026-08-14,status13,13262-2,0,Pangsapuri Suite,747,39
2026-08-14,status13,13262-2,1,Pangsapuri Suite,797,295
2026-08-14,status13,30590-2,0,Soho,996,119
2026-08-14,status13,5911-33,0,Pangsapuri Servis,686,459
2026-08-14,status13,5911-33,1,Pangsapuri Servis,932,537
2026-08-14,status13,30363-2,0,Pangsapuri Suite,1218,1125
2026-08-14,status13,30821-1,0,Pangsapuri Suite,494,246
2026-08-14,status13,30821-1,1,Pangsapuri Suite,494,253
2026-08-14,status13,30366-1,0,Pangsapuri Servis,482,467
2026-08-14,status13,13074-4,0,Pangsapuri Servis,299,236
2026-08-14,status13,8824-5,0,Pangsapuri Servis,641,165
2026-08-14,status13,8824-5,1,Pangsapuri Servis,655,453
2026-08-14,status13,20253-3,0,Rumah Pangsa/Kondo,757,590
2026-08-14,status13,20253-3,1,Rumah Pangsa/Kondo,743,552
2026-08-14,status13,30876-1,0,Rumah Pangsa/Kondo,551,125
2026-08-14,status13,30250-2,0,Rumah Pangsa/Kondo,333,333
2026-08-14,status13,30250-2,1,Rumah Pangsa/Kondo,328,326
2026-08-14,johor,835-14,0,Pangsapuri Servis,715,297
2026-08-14,johor,30946-1,0,Pangsapuri Servis,1950,942
2026-08-14,johor,14523-4,0,Pangsapuri Servis,416,47
2026-08-14,johor,30635-1,0,Pangsapuri Servis,539,326
2026-08-14,johor,30635-1,1,Pangsapuri Servis,539,340
2026-08-14,johor,30635-1,2,Pangsapuri Servis,539,212
2026-08-14,johor,30635-1,3,Pangsapuri Servis,539,174
2026-08-14,johor,31007-1,0,Pangsapuri Servis,848,845
2026-08-14,johor,31100-1,0,Pangsapuri Servis,1527,456
2026-08-14,johor,31100-1,1,Pangsapuri Servis,1257,515
2026-08-14,johor,31100-1,2,Pangsapuri Servis,908,446
2026-08-14,johor,31100-1,3,Pangsapuri Servis,833,0
2026-08-14,johor,31074-1,0,Pangsapuri Servis,858,401
2026-08-14,johor,31074-1,1,Pangsapuri Servis,858,365
2026-08-14,johor,31074-1,2,Pangsapuri Servis,1027,224
2026-08-14,johor,9600-6,0,Pangsapuri Servis,843,488
2026-08-14,johor,9600-6,1,Pangsapuri Servis,890,243
2026-08-14,johor,31031-1,0,Pangsapuri Servis,815,725
2026-08-14,johor,31031-1,1,Pangsapuri Servis,808,666
2026-08-14,johor,30828-3,0,Pangsapuri Servis,996,902
2026-08-14,johor,13531-2,0,Pangsapuri Servis,824,714
2026-08-14,johor,31034-1,0,Soho,540,294
2026-08-14,johor,31034-1,1,Soho,472,91
2026-08-14,johor,31149-1,0,Pangsapuri Servis,637,209
2026-08-14,johor,31149-1,1,Pangsapuri Servis,637,82
2026-08-15,seputeh,32-16,0,Rumah Pangsa/Kondo,13,2
2026-08-15,seputeh,32-16,1,Rumah Pangsa/Kondo,13,6
2026-08-15,seputeh,32-16,2,Rumah Pangsa/Kondo,21,4
2026-08-15,seputeh,32-16,3,Rumah Pangsa/Kondo,27,10
2026-08-15,seputeh,32-16,4,Rumah Pangsa/Kondo,13,2
2026-08-15,seputeh,32-16,5,Rumah Pangsa/Kondo,12,2
2026-08-15,seputeh,32-16,6,Rumah Pangsa/Kondo,27,10
2026-08-15,seputeh,32-16,7,Rumah Pangsa/Kondo,20,7
2026-08-15,seputeh,30216-1,0,Pangsapuri Servis,154,33
2026-08-15,seputeh,30216-2,0,Pangsapuri Servis,490,45
2026-08-15,seputeh,31078-1,0,Rumah Berpagar & Berpengawal,48,45
2026-08-15,seputeh,31274-1,0,Rumah Pangsa/Kondo,244,1
2026-08-15,seputeh,2463-23,0,Rumah Pangsa/Kondo,293,237
2026-08-15,seputeh,2463-23,1,Rumah Pangsa/Kondo,140,74
2026-08-15,status13,31202-1,0,Pangsapuri Suite,680,96
2026-08-15,status13,31202-1,1,Pangsapuri Suite,630,81
2026-08-15,status13,13262-2,0,Pangsapuri Suite,747,40
2026-08-15,status13,13262-2,1,Pangsapuri Suite,797,295
2026-08-15,status13,30590-2,0,Soho,996,119
2026-08-15,status13,5911-33,0,Pangsapuri Servis,686,460
2026-08-15,status13,5911-33,1,Pangsapuri Servis,932,538
2026-08-15,status13,30363-2,0,Pangsapuri Suite,1218,1125
2026-08-15,status13,30821-1,0,Pangsapuri Suite,494,248
2026-08-15,status13,30821-1,1,Pangsapuri Suite,494,254
2026-08-15,status13,30366-1,0,Pangsapuri Servis,482,467
2026-08-15,status13,13074-4,0,Pangsapuri Servis,299,236
2026-08-15,status13,8824-5,0,Pangsapuri Servis,641,167
2026-08-15,status13,8824-5,1,Pangsapuri Servis,655,454
2026-08-15,status13,20253-3,0,Rumah Pangsa/Kondo,757,591
2026-08-15,status13,20253-3,1,Rumah Pangsa/Kondo,743,554
2026-08-15,status13,30876-1,0,Rumah Pangsa/Kondo,551,126
2026-08-15,status13,30250-2,0,Rumah Pangsa/Kondo,333,333
2026-08-15,status13,30250-2,1,Rumah Pangsa/Kondo,328,326
2026-08-15,johor,835-14,0,Pangsapuri Servis,715,298
2026-08-15,johor,30946-1,0,Pangsapuri Servis,1950,950
2026-08-15,johor,14523-4,0,Pangsapuri Servis,416,47
2026-08-15,johor,30635-1,0,Pangsapuri Servis,539,326
2026-08-15,johor,30635-1,1,Pangsapuri Servis,539,340
2026-08-15,johor,30635-1,2,Pangsapuri Servis,539,213
2026-08-15,johor,30635-1,3,Pangsapuri Servis,539,175
2026-08-15,johor,31007-1,0,Pangsapuri Servis,848,845
2026-08-15,johor,31100-1,0,Pangsapuri Servis,1527,456
2026-08-15,johor,31100-1,1,Pangsapuri Servis,1257,515
2026-08-15,johor,31100-1,2,Pangsapuri Servis,908,447
2026-08-15,johor,31100-1,3,Pangsapuri Servis,833,0
2026-08-15,johor,31074-1,0,Pangsapuri Servis,858,401
2026-08-15,johor,31074-1,1,Pangsapuri Servis,858,365
2026-08-15,johor,31074-1,2,Pangsapuri Servis,1027,226
2026-08-15,johor,9600-6,0,Pangsapuri Servis,843,491
2026-08-15,johor,9600-6,1,Pangsapuri Servis,890,246
2026-08-15,johor,31031-1,0,Pangsapuri Servis,815,725
2026-08-15,johor,31031-1,1,Pangsapuri Servis,808,666
2026-08-15,johor,30828-3,0,Pangsapuri Servis,996,902
2026-08-15,johor,13531-2,0,Pangsapuri Servis,824,715
2026-08-15,johor,31034-1,0,Soho,540,294
2026-08-15,johor,31034-1,1,Soho,472,91
2026-08-15,johor,31149-1,0,Pangsapuri Servis,637,210
2026-08-15,johor,31149-1,1,Pangsapuri Servis,637,82
2026-08-16,seputeh,32-16,0,Rumah Pangsa/Kondo,13,2
2026-08-16,seputeh,32-16,1,Rumah Pangsa/Kondo,13,6
2026-08-16,seputeh,32-16,2,Rumah Pangsa/Kondo,21,4
2026-08-16,seputeh,32-16,3,Rumah Pangsa/Kondo,27,10
2026-08-16,seputeh,32-16,4,Rumah Pangsa/Kondo,13,2
2026-08-16,seputeh,32-16,5,Rumah Pangsa/Kondo,12,2
2026-08-16,seputeh,32-16,6,Rumah Pangsa/Kondo,27,10
2026-08-16,seputeh,32-16,7,Rumah Pangsa/Kondo,20,7
2026-08-16,seputeh,30216-1,0,Pangsapuri Servis,154,33
2026-08-16,seputeh,30216-2,0,Pangsapuri Servis,490,45
2026-08-16,seputeh,31078-1,0,Rumah Berpagar & Berpengawal,48,45
2026-08-16,seputeh,31274-1,0,Rumah Pangsa/Kondo,244,1
2026-08-16,seputeh,2463-23,0,Rumah Pangsa/Kondo,293,237
2026-08-16,seputeh,2463-23,1,Rumah Pangsa/Kondo,140,74
2026-08-16,status13,31202-1,0,Pangsapuri Suite,680,96
2026-08-16,status13,31202-1,1,Pangsapuri Suite,630,81
2026-08-16,status13,13262-2,0,Pangsapuri Suite,747,40
2026-08-16,status13,13262-2,1,Pangsapuri Suite,797,295
2026-08-16,status13,30590-2,0,Soho,996,119
2026-08-16,status13,5911-33,0,Pangsapuri Servis,686,460
2026-08-16,status13,5911-33,1,Pangsapuri Servis,932,538
2026-08-16,status13,30363-2,0,Pangsapuri Suite,1218,1125
2026-08-16,status13,30821-1,0,Pangsapuri Suite,494,248
2026-08-16,status13,30821-1,1,Pangsapuri Suite,494,254
2026-08-16,status13,30366-1,0,Pangsapuri Servis,482,467
2026-08-16,status13,13074-4,0,Pangsapuri Servis,299,236
2026-08-16,status13,8824-5,0,Pangsapuri Servis,641,167
2026-08-16,status13,8824-5,1,Pangsapuri Servis,655,454
2026-08-16,status13,20253-3,0,Rumah Pangsa/Kondo,757,591
2026-08-16,status13,20253-3,1,Rumah Pangsa/Kondo,743,554
2026-08-16,status13,30876-1,0,Rumah Pangsa/Kondo,551,126
2026-08-16,status13,30250-2,0,Rumah Pangsa/Kondo,333,333
2026-08-16,status13,30250-2,1,Rumah Pangsa/Kondo,328,326
2026-08-16,status13,31332-1,0,Pangsapuri Servis,415,88
2026-08-16,status13,31332-1,1,Pangsapuri Servis,415,51
2026-08-16,johor,835-14,0,Pangsapuri Servis,715,298
2026-08-16,johor,30946-1,0,Pangsapuri Servis,1950,950
2026-08-16,johor,14523-4,0,Pangsapuri Servis,416,47
2026-08-16,johor,30635-1,0,Pangsapuri Servis,539,326
2026-08-16,johor,30635-1,1,Pangsapuri Servis,539,340
2026-08-16,johor,30635-1,2,Pangsapuri Servis,539,213
2026-08-16,johor,30635-1,3,Pangsapuri Servis,539,175
2026-08-16,johor,31007-1,0,Pangsapuri Servis,848,845
2026-08-16,johor,31100-1,0,Pangsapuri Servis,1527,456
2026-08-16,johor,31100-1,1,Pangsapuri Servis,1257,515
2026-08-16,johor,31100-1,2,Pangsapuri Servis,908,447
2026-08-16,johor,31100-1,3,Pangsapuri Servis,833,0
2026-08-16,johor,31074-1,0,Pangsapuri Servis,858,401
2026-08-16,johor,31074-1,1,Pangsapuri Servis,858,365
2026-08-16,johor,31074-1,2,Pangsapuri Servis,1027,226
2026-08-16,johor,9600-6,0,Pangsapuri Servis,843,491
2026-08-16,johor,9600-6,1,Pangsapuri Servis,890,246
2026-08-16,johor,31031-1,0,Pangsapuri Servis,815,725
2026-08-16,johor,31031-1,1,Pangsapuri Servis,808,666
2026-08-16,johor,30828-3,0,Pangsapuri Servis,996,902
2026-08-16,johor,13531-2,0,Pangsapuri Servis,824,715
2026-08-16,johor,31034-1,0,Soho,540,294
2026-08-16,johor,31034-1,1,Soho,472,91
2026-08-16,johor,31149-1,0,Pangsapuri Servis,637,210
2026-08-16,johor,31149-1,1,Pangsapuri Servis,637,82
2026-08-17,seputeh,32-16,0,Rumah Pangsa/Kondo,13,2
2026-08-17,seputeh,32-16,1,Rumah Pangsa/Kondo,13,6
2026-08-17,seputeh,32-16,2,Rumah Pangsa/Kondo,21,4
2026-08-17,seputeh,32-16,3,Rumah Pangsa/Kondo,27,10
2026-08-17,seputeh,32-16,4,Rumah Pangsa/Kondo,13,2
2026-08-17,seputeh,32-16,5,Rumah Pangsa/Kondo,12,2
2026-08-17,seputeh,32-16,6,Rumah Pangsa/Kondo,27,10
2026-08-17,seputeh,32-16,7,Rumah Pangsa/Kondo,20,7
2026-08-17,seputeh,30216-1,0,Pangsapuri Servis,154,33
2026-08-17,seputeh,30216-2,0,Pangsapuri Servis,490,45
2026-08-17,seputeh,31078-1,0,Rumah Berpagar & Berpengawal,48,45
2026-08-17,seputeh,31274-1,0,Rumah Pangsa/Kondo,244,1
2026-08-17,seputeh,2463-23,0,Rumah Pangsa/Kondo,293,237
2026-08-17,seputeh,2463-23,1,Rumah Pangsa/Kondo,140,75
2026-08-17,status13,31202-1,0,Pangsapuri Suite,680,96
2026-08-17,status13,31202-1,1,Pangsapuri Suite,630,81
2026-08-17,status13,13262-2,0,Pangsapuri Suite,747,40
2026-08-17,status13,13262-2,1,Pangsapuri Suite,797,295
2026-08-17,status13,30590-2,0,Soho,996,120
2026-08-17,status13,5911-33,0,Pangsapuri Servis,686,460
2026-08-17,status13,5911-33,1,Pangsapuri Servis,932,538
2026-08-17,status13,30363-2,0,Pangsapuri Suite,1218,1125
2026-08-17,status13,30821-1,0,Pangsapuri Suite,494,248
2026-08-17,status13,30821-1,1,Pangsapuri Suite,494,254
2026-08-17,status13,30366-1,0,Pangsapuri Servis,482,467
2026-08-17,status13,13074-4,0,Pangsapuri Servis,299,236
2026-08-17,status13,8824-5,0,Pangsapuri Servis,641,167
2026-08-17,status13,8824-5,1,Pangsapuri Servis,655,454
2026-08-17,status13,20253-3,0,Rumah Pangsa/Kondo,757,591
2026-08-17,status13,20253-3,1,Rumah Pangsa/Kondo,743,554
2026-08-17,status13,30876-1,0,Rumah Pangsa/Kondo,551,126
2026-08-17,status13,30250-2,0,Rumah Pangsa/Kondo,333,333
2026-08-17,status13,30250-2,1,Rumah Pangsa/Kondo,328,326
2026-08-17,status13,31332-1,0,Pangsapuri Servis,415,88
2026-08-17,status13,31332-1,1,Pangsapuri Servis,415,51
2026-08-17,johor,835-14,0,Pangsapuri Servis,715,298
2026-08-17,johor,30946-1,0,Pangsapuri Servis,1950,950
2026-08-17,johor,14523-4,0,Pangsapuri Servis,416,47
2026-08-17,johor,30635-1,0,Pangsapuri Servis,539,326
2026-08-17,johor,30635-1,1,Pangsapuri Servis,539,340
2026-08-17,johor,30635-1,2,Pangsapuri Servis,539,213
2026-08-17,johor,30635-1,3,Pangsapuri Servis,539,175
2026-08-17,johor,31007-1,0,Pangsapuri Servis,848,845
2026-08-17,johor,31100-1,0,Pangsapuri Servis,1527,456
2026-08-17,johor,31100-1,1,Pangsapuri Servis,1257,515
2026-08-17,johor,31100-1,2,Pangsapuri Servis,908,447
2026-08-17,johor,31100-1,3,Pangsapuri Servis,833,0
2026-08-17,johor,31074-1,0,Pangsapuri Servis,858,401
2026-08-17,johor,31074-1,1,Pangsapuri Servis,858,365
2026-08-17,johor,31074-1,2,Pangsapuri Servis,1027,226
2026-08-17,johor,9600-6,0,Pangsapuri Servis,843,491
2026-08-17,johor,9600-6,1,Pangsapuri Servis,890,246
2026-08-17,johor,31031-1,0,Pangsapuri Servis,815,725
2026-08-17,johor,31031-1,1,Pangsapuri Servis,808,666
2026-08-17,johor,30828-3,0,Pangsapuri Servis,996,902
2026-08-17,johor,13531-2,0,Pangsapuri Servis,824,715
2026-08-17,johor,31034-1,0,Soho,540,294
2026-08-17,johor,31034-1,1,Soho,472,92
2026-08-17,johor,31149-1,0,Pangsapuri Servis,637,210
2026-08-17,johor,31149-1,1,Pangsapuri Servis,637,82
2026-08-18,seputeh,32-16,0,Rumah Pangsa/Kondo,13,2
2026-08-18,seputeh,32-16,1,Rumah Pangsa/Kondo,13,6
2026-08-18,seputeh,32-16,2,Rumah Pangsa/Kondo,21,4
2026-08-18,seputeh,32-16,3,Rumah Pangsa/Kondo,27,10
2026-08-18,seputeh,32-16,4,Rumah Pangsa/Kondo,13,2
2026-08-18,seputeh,32-16,5,Rumah Pangsa/Kondo,12,2
2026-08-18,seputeh,32-16,6,Rumah Pangsa/Kondo,27,10
2026-08-18,seputeh,32-16,7,Rumah Pangsa/Kondo,20,7
2026-08-18,seputeh,30216-1,0,Pangsapuri Servis,154,34
2026-08-18,seputeh,30216-2,0,Pangsapuri Servis,490,46
2026-08-18,seputeh,31078-1,0,Rumah Berpagar & Berpengawal,48,45
2026-08-18,seputeh,31274-1,0,Rumah Pangsa/Kondo,244,1
2026-08-18,seputeh,2463-23,0,Rumah Pangsa/Kondo,293,241
2026-08-18,seputeh,2463-23,1,Rumah Pangsa/Kondo,140,75
2026-08-18,status13,31202-1,0,Pangsapuri Suite,680,97
2026-08-18,status13,31202-1,1,Pangsapuri Suite,630,81
2026-08-18,status13,13262-2,0,Pangsapuri Suite,747,41
2026-08-18,status13,13262-2,1,Pangsapuri Suite,797,296
2026-08-18,status13,30590-2,0,Soho,996,120
2026-08-18,status13,5911-33,0,Pangsapuri Servis,686,460
2026-08-18,status13,5911-33,1,Pangsapuri Servis,932,538
2026-08-18,status13,30363-2,0,Pangsapuri Suite,1218,1125
2026-08-18,status13,30821-1,0,Pangsapuri Suite,494,250
2026-08-18,status13,30821-1,1,Pangsapuri Suite,494,254
2026-08-18,status13,30366-1,0,Pangsapuri Servis,482,467
2026-08-18,status13,13074-4,0,Pangsapuri Servis,299,236
2026-08-18,status13,8824-5,0,Pangsapuri Servis,641,168
2026-08-18,status13,8824-5,1,Pangsapuri Servis,655,454
2026-08-18,status13,20253-3,0,Rumah Pangsa/Kondo,757,592
2026-08-18,status13,20253-3,1,Rumah Pangsa/Kondo,743,554
2026-08-18,status13,30876-1,0,Rumah Pangsa/Kondo,551,126
2026-08-18,status13,30250-2,0,Rumah Pangsa/Kondo,333,333
2026-08-18,status13,30250-2,1,Rumah Pangsa/Kondo,328,326
2026-08-18,status13,31332-1,0,Pangsapuri Servis,415,92
2026-08-18,status13,31332-1,1,Pangsapuri Servis,415,53
2026-08-18,johor,835-14,0,Pangsapuri Servis,715,298
2026-08-18,johor,30946-1,0,Pangsapuri Servis,1950,951
2026-08-18,johor,14523-4,0,Pangsapuri Servis,416,47
2026-08-18,johor,30635-1,0,Pangsapuri Servis,539,326
2026-08-18,johor,30635-1,1,Pangsapuri Servis,539,340
2026-08-18,johor,30635-1,2,Pangsapuri Servis,539,213
2026-08-18,johor,30635-1,3,Pangsapuri Servis,539,175
2026-08-18,johor,31007-1,0,Pangsapuri Servis,848,845
2026-08-18,johor,31100-1,0,Pangsapuri Servis,1527,456
2026-08-18,johor,31100-1,1,Pangsapuri Servis,1257,515
2026-08-18,johor,31100-1,2,Pangsapuri Servis,908,447
2026-08-18,johor,31100-1,3,Pangsapuri Servis,833,0
2026-08-18,johor,31074-1,0,Pangsapuri Servis,858,401
2026-08-18,johor,31074-1,1,Pangsapuri Servis,858,366
2026-08-18,johor,31074-1,2,Pangsapuri Servis,1027,226
2026-08-18,johor,9600-6,0,Pangsapuri Servis,843,491
2026-08-18,johor,9600-6,1,Pangsapuri Servis,890,246
2026-08-18,johor,31031-1,0,Pangsapuri Servis,815,726
2026-08-18,johor,31031-1,1,Pangsapuri Servis,808,667
2026-08-18,johor,30828-3,0,Pangsapuri Servis,996,904
2026-08-18,johor,13531-2,0,Pangsapuri Servis,824,717
2026-08-18,johor,31034-1,0,Soho,540,295
2026-08-18,johor,31034-1,1,Soho,472,93
2026-08-18,johor,31149-1,0,Pangsapuri Servis,637,210
2026-08-18,johor,31149-1,1,Pangsapuri Servis,637,82
2026-08-19,seputeh,32-16,0,Rumah Pangsa/Kondo,13,2
2026-08-19,seputeh,32-16,1,Rumah Pangsa/Kondo,13,6
2026-08-19,seputeh,32-16,2,Rumah Pangsa/Kondo,21,4
2026-08-19,seputeh,32-16,3,Rumah Pangsa/Kondo,27,10
2026-08-19,seputeh,32-16,4,Rumah Pangsa/Kondo,13,2
2026-08-19,seputeh,32-16,5,Rumah Pangsa/Kondo,12,2
2026-08-19,seputeh,32-16,6,Rumah Pangsa/Kondo,27,10
2026-08-19,seputeh,32-16,7,Rumah Pangsa/Kondo,20,7
2026-08-19,seputeh,30216-1,0,Pangsapuri Servis,154,34
2026-08-19,seputeh,30216-2,0,Pangsapuri Servis,490,47
2026-08-19,seputeh,31078-1,0,Rumah Berpagar & Berpengawal,48,45
2026-08-19,seputeh,31274-1,0,Rumah Pangsa/Kondo,244,1
2026-08-19,seputeh,2463-23,0,Rumah Pangsa/Kondo,293,244
2026-08-19,seputeh,2463-23,1,Rumah Pangsa/Kondo,140,75
2026-08-19,status13,31202-1,0,Pangsapuri Suite,680,97
2026-08-19,status13,31202-1,1,Pangsapuri Suite,630,81
2026-08-19,status13,13262-2,0,Pangsapuri Suite,747,44
2026-08-19,status13,13262-2,1,Pangsapuri Suite,797,296
2026-08-19,status13,30590-2,0,Soho,996,120
2026-08-19,status13,5911-33,0,Pangsapuri Servis,686,460
2026-08-19,status13,5911-33,1,Pangsapuri Servis,932,540
2026-08-19,status13,30363-2,0,Pangsapuri Suite,1218,1125
2026-08-19,status13,30821-1,0,Pangsapuri Suite,494,250
2026-08-19,status13,30821-1,1,Pangsapuri Suite,494,254
2026-08-19,status13,30366-1,0,Pangsapuri Servis,482,467
2026-08-19,status13,13074-4,0,Pangsapuri Servis,299,236
2026-08-19,status13,8824-5,0,Pangsapuri Servis,641,170
2026-08-19,status13,8824-5,1,Pangsapuri Servis,655,452
2026-08-19,status13,20253-3,0,Rumah Pangsa/Kondo,757,592
2026-08-19,status13,20253-3,1,Rumah Pangsa/Kondo,743,554
2026-08-19,status13,30876-1,0,Rumah Pangsa/Kondo,551,126
2026-08-19,status13,30250-2,0,Rumah Pangsa/Kondo,333,333
2026-08-19,status13,30250-2,1,Rumah Pangsa/Kondo,328,326
2026-08-19,status13,31332-1,0,Pangsapuri Servis,415,101
2026-08-19,status13,31332-1,1,Pangsapuri Servis,415,59
2026-08-19,johor,835-14,0,Pangsapuri Servis,715,302
2026-08-19,johor,30946-1,0,Pangsapuri Servis,1950,953
2026-08-19,johor,14523-4,0,Pangsapuri Servis,416,47
2026-08-19,johor,30635-1,0,Pangsapuri Servis,539,327
2026-08-19,johor,30635-1,1,Pangsapuri Servis,539,340
2026-08-19,johor,30635-1,2,Pangsapuri Servis,539,213
2026-08-19,johor,30635-1,3,Pangsapuri Servis,539,176
2026-08-19,johor,31007-1,0,Pangsapuri Servis,848,845
2026-08-19,johor,31100-1,0,Pangsapuri Servis,1527,456
2026-08-19,johor,31100-1,1,Pangsapuri Servis,1257,516
2026-08-19,johor,31100-1,2,Pangsapuri Servis,908,447
2026-08-19,johor,31100-1,3,Pangsapuri Servis,833,0
2026-08-19,johor,31074-1,0,Pangsapuri Servis,858,401
2026-08-19,johor,31074-1,1,Pangsapuri Servis,858,367
2026-08-19,johor,31074-1,2,Pangsapuri Servis,1027,228
2026-08-19,johor,9600-6,0,Pangsapuri Servis,843,493
2026-08-19,johor,9600-6,1,Pangsapuri Servis,890,245
2026-08-19,johor,31031-1,0,Pangsapuri Servis,815,727
2026-08-19,johor,31031-1,1,Pangsapuri Servis,808,667
2026-08-19,johor,30828-3,0,Pangsapuri Servis,996,904
2026-08-19,johor,13531-2,0,Pangsapuri Servis,824,717
2026-08-19,johor,31034-1,0,Soho,540,295
2026-08-19,johor,31034-1,1,Soho,472,93
2026-08-19,johor,31149-1,0,Pangsapuri Servis,637,210
2026-08-19,johor,31149-1,1,Pangsapuri Servis,637,82
2026-08-20,seputeh,32-16,0,Rumah Pangsa/Kondo,13,2
2026-08-20,seputeh,32-16,1,Rumah Pangsa/Kondo,13,6
2026-08-20,seputeh,32-16,2,Rumah Pangsa/Kondo,21,4
2026-08-20,seputeh,32-16,3,Rumah Pangsa/Kondo,27,10
2026-08-20,seputeh,32-16,4,Rumah Pangsa/Kondo,13,2
2026-08-20,seputeh,32-16,5,Rumah Pangsa/Kondo,12,2
2026-08-20,seputeh,32-16,6,Rumah Pangsa/Kondo,27,10
2026-08-20,seputeh,32-16,7,Rumah Pangsa/Kondo,20,7
2026-08-20,seputeh,30216-1,0,Pangsapuri Servis,154,35
2026-08-20,seputeh,30216-2,0,Pangsapuri Servis,490,48
2026-08-20,seputeh,31078-1,0,Rumah Berpagar & Berpengawal,48,45
2026-08-20,seputeh,31274-1,0,Rumah Pangsa/Kondo,244,1
2026-08-20,seputeh,2463-23,0,Rumah Pangsa/Kondo,293,248
2026-08-20,seputeh,2463-23,1,Rumah Pangsa/Kondo,140,79
2026-08-20,status13,31202-1,0,Pangsapuri Suite,680,99
2026-08-20,status13,31202-1,1,Pangsapuri Suite,630,81
2026-08-20,status13,13262-2,0,Pangsapuri Suite,747,45
2026-08-20,status13,13262-2,1,Pangsapuri Suite,797,296
2026-08-20,status13,30590-2,0,Soho,996,120
2026-08-20,status13,5911-33,0,Pangsapuri Servis,686,460
2026-08-20,status13,5911-33,1,Pangsapuri Servis,932,540
2026-08-20,status13,30363-2,0,Pangsapuri Suite,1218,1125
2026-08-20,status13,30821-1,0,Pangsapuri Suite,494,251
2026-08-20,status13,30821-1,1,Pangsapuri Suite,494,255
2026-08-20,status13,30366-1,0,Pangsapuri Servis,482,467
2026-08-20,status13,13074-4,0,Pangsapuri Servis,299,236
2026-08-20,status13,8824-5,0,Pangsapuri Servis,641,171
2026-08-20,status13,8824-5,1,Pangsapuri Servis,655,452
2026-08-20,status13,20253-3,0,Rumah Pangsa/Kondo,757,594
2026-08-20,status13,20253-3,1,Rumah Pangsa/Kondo,743,554
2026-08-20,status13,30876-1,0,Rumah Pangsa/Kondo,551,126
2026-08-20,status13,30250-2,0,Rumah Pangsa/Kondo,333,333
2026-08-20,status13,30250-2,1,Rumah Pangsa/Kondo,328,326
2026-08-20,status13,31332-1,0,Pangsapuri Servis,415,113
2026-08-20,status13,31332-1,1,Pangsapuri Servis,415,61
2026-08-20,johor,835-14,0,Pangsapuri Servis,715,302
2026-08-20,johor,30946-1,0,Pangsapuri Servis,1950,953
2026-08-20,johor,14523-4,0,Pangsapuri Servis,416,48
2026-08-20,johor,30635-1,0,Pangsapuri Servis,539,327
2026-08-20,johor,30635-1,1,Pangsapuri Servis,539,340
2026-08-20,johor,30635-1,2,Pangsapuri Servis,539,213
2026-08-20,johor,30635-1,3,Pangsapuri Servis,539,176
2026-08-20,johor,31007-1,0,Pangsapuri Servis,848,845
2026-08-20,johor,31100-1,0,Pangsapuri Servis,1527,456
2026-08-20,johor,31100-1,1,Pangsapuri Servis,1257,516
2026-08-20,johor,31100-1,2,Pangsapuri Servis,908,448
2026-08-20,johor,31100-1,3,Pangsapuri Servis,833,0
2026-08-20,johor,31074-1,0,Pangsapuri Servis,858,402
2026-08-20,johor,31074-1,1,Pangsapuri Servis,858,368
2026-08-20,johor,31074-1,2,Pangsapuri Servis,1027,229
2026-08-20,johor,9600-6,0,Pangsapuri Servis,843,493
2026-08-20,johor,9600-6,1,Pangsapuri Servis,890,246
2026-08-20,johor,31031-1,0,Pangsapuri Servis,815,727
2026-08-20,johor,31031-1,1,Pangsapuri Servis,808,667
2026-08-20,johor,30828-3,0,Pangsapuri Servis,996,905
2026-08-20,johor,13531-2,0,Pangsapuri Servis,824,719
2026-08-20,johor,31034-1,0,Soho,540,296
2026-08-20,johor,31034-1,1,Soho,472,93
2026-08-20,johor,31149-1,0,Pangsapuri Servis,637,211
2026-08-20,johor,31149-1,1,Pangsapuri Servis,637,82
2026-08-21,seputeh,32-16,0,Rumah Pangsa/Kondo,13,2
2026-08-21,seputeh,32-16,1,Rumah Pangsa/Kondo,13,6
2026-08-21,seputeh,32-16,2,Rumah Pangsa/Kondo,21,4
2026-08-21,seputeh,32-16,3,Rumah Pangsa/Kondo,27,10
2026-08-21,seputeh,32-16,4,Rumah Pangsa/Kondo,13,2
2026-08-21,seputeh,32-16,5,Rumah Pangsa/Kondo,12,2
2026-08-21,seputeh,32-16,6,Rumah Pangsa/Kondo,27,10
2026-08-21,seputeh,32-16,7,Rumah Pangsa/Kondo,20,7
2026-08-21,seputeh,30216-1,0,Pangsapuri Servis,154,35
2026-08-21,seputeh,30216-2,0,Pangsapuri Servis,490,48
2026-08-21,seputeh,31078-1,0,Rumah Berpagar & Berpengawal,48,45
2026-08-21,seputeh,31274-1,0,Rumah Pangsa/Kondo,244,1
2026-08-21,seputeh,2463-23,0,Rumah Pangsa/Kondo,293,252
2026-08-21,seputeh,2463-23,1,Rumah Pangsa/Kondo,140,83
2026-08-21,status13,31202-1,0,Pangsapuri Suite,680,100
2026-08-21,status13,31202-1,1,Pangsapuri Suite,630,83
2026-08-21,status13,13262-2,0,Pangsapuri Suite,747,47
2026-08-21,status13,13262-2,1,Pangsapuri Suite,797,297
2026-08-21,status13,30590-2,0,Soho,996,123
2026-08-21,status13,5911-33,0,Pangsapuri Servis,686,460
2026-08-21,status13,5911-33,1,Pangsapuri Servis,932,543
2026-08-21,status13,30363-2,0,Pangsapuri Suite,1218,1125
2026-08-21,status13,30821-1,0,Pangsapuri Suite,494,252
2026-08-21,status13,30821-1,1,Pangsapuri Suite,494,257
2026-08-21,status13,30366-1,0,Pangsapuri Servis,482,467
2026-08-21,status13,13074-4,0,Pangsapuri Servis,299,236
2026-08-21,status13,8824-5,0,Pangsapuri Servis,641,174
2026-08-21,status13,8824-5,1,Pangsapuri Servis,655,452
2026-08-21,status13,20253-3,0,Rumah Pangsa/Kondo,757,595
2026-08-21,status13,20253-3,1,Rumah Pangsa/Kondo,743,556
2026-08-21,status13,30876-1,0,Rumah Pangsa/Kondo,551,127
2026-08-21,status13,30250-2,0,Rumah Pangsa/Kondo,333,333
2026-08-21,status13,30250-2,1,Rumah Pangsa/Kondo,328,326
2026-08-21,status13,31332-1,0,Pangsapuri Servis,415,124
2026-08-21,status13,31332-1,1,Pangsapuri Servis,415,67
2026-08-21,johor,835-14,0,Pangsapuri Servis,715,302
2026-08-21,johor,30946-1,0,Pangsapuri Servis,1950,954
2026-08-21,johor,14523-4,0,Pangsapuri Servis,416,48
2026-08-21,johor,30635-1,0,Pangsapuri Servis,539,327
2026-08-21,johor,30635-1,1,Pangsapuri Servis,539,340
2026-08-21,johor,30635-1,2,Pangsapuri Servis,539,215
2026-08-21,johor,30635-1,3,Pangsapuri Servis,539,176
2026-08-21,johor,31007-1,0,Pangsapuri Servis,848,845
2026-08-21,johor,31100-1,0,Pangsapuri Servis,1527,456
2026-08-21,johor,31100-1,1,Pangsapuri Servis,1257,516
2026-08-21,johor,31100-1,2,Pangsapuri Servis,908,449
2026-08-21,johor,31100-1,3,Pangsapuri Servis,833,0
2026-08-21,johor,31074-1,0,Pangsapuri Servis,858,403
2026-08-21,johor,31074-1,1,Pangsapuri Servis,858,369
2026-08-21,johor,31074-1,2,Pangsapuri Servis,1027,229
2026-08-21,johor,9600-6,0,Pangsapuri Servis,843,494
2026-08-21,johor,9600-6,1,Pangsapuri Servis,890,247
2026-08-21,johor,31031-1,0,Pangsapuri Servis,815,727
2026-08-21,johor,31031-1,1,Pangsapuri Servis,808,667
2026-08-21,johor,30828-3,0,Pangsapuri Servis,996,906
2026-08-21,johor,13531-2,0,Pangsapuri Servis,824,720
2026-08-21,johor,31034-1,0,Soho,540,297
2026-08-21,johor,31034-1,1,Soho,472,93
2026-08-21,johor,31149-1,0,Pangsapuri Servis,637,212
2026-08-21,johor,31149-1,1,Pangsapuri Servis,637,84
2026-08-22,seputeh,32-16,0,Rumah Pangsa/Kondo,13,2
2026-08-22,seputeh,32-16,1,Rumah Pangsa/Kondo,13,6
2026-08-22,seputeh,32-16,2,Rumah Pangsa/Kondo,21,4
2026-08-22,seputeh,32-16,3,Rumah Pangsa/Kondo,27,10
2026-08-22,seputeh,32-16,4,Rumah Pangsa/Kondo,13,2
2026-08-22,seputeh,32-16,5,Rumah Pangsa/Kondo,12,2
2026-08-22,seputeh,32-16,6,Rumah Pangsa/Kondo,27,10
2026-08-22,seputeh,32-16,7,Rumah Pangsa/Kondo,20,7
2026-08-22,seputeh,30216-1,0,Pangsapuri Servis,154,35
2026-08-22,seputeh,30216-2,0,Pangsapuri Servis,490,48
2026-08-22,seputeh,31078-1,0,Rumah Berpagar & Berpengawal,48,45
2026-08-22,seputeh,31274-1,0,Rumah Pangsa/Kondo,244,1
2026-08-22,seputeh,2463-23,0,Rumah Pangsa/Kondo,293,252
2026-08-22,seputeh,2463-23,1,Rumah Pangsa/Kondo,140,83
2026-08-22,status13,31202-1,0,Pangsapuri Suite,680,100
2026-08-22,status13,31202-1,1,Pangsapuri Suite,630,83
2026-08-22,status13,13262-2,0,Pangsapuri Suite,747,47
2026-08-22,status13,13262-2,1,Pangsapuri Suite,797,297
2026-08-22,status13,30590-2,0,Soho,996,123
2026-08-22,status13,5911-33,0,Pangsapuri Servis,686,460
2026-08-22,status13,5911-33,1,Pangsapuri Servis,932,543
2026-08-22,status13,30363-2,0,Pangsapuri Suite,1218,1125
2026-08-22,status13,30821-1,0,Pangsapuri Suite,494,252
2026-08-22,status13,30821-1,1,Pangsapuri Suite,494,257
2026-08-22,status13,30366-1,0,Pangsapuri Servis,482,467
2026-08-22,status13,13074-4,0,Pangsapuri Servis,299,236
2026-08-22,status13,8824-5,0,Pangsapuri Servis,641,174
2026-08-22,status13,8824-5,1,Pangsapuri Servis,655,452
2026-08-22,status13,20253-3,0,Rumah Pangsa/Kondo,757,595
2026-08-22,status13,20253-3,1,Rumah Pangsa/Kondo,743,556
2026-08-22,status13,30876-1,0,Rumah Pangsa/Kondo,551,127
2026-08-22,status13,30250-2,0,Rumah Pangsa/Kondo,333,333
2026-08-22,status13,30250-2,1,Rumah Pangsa/Kondo,328,326
2026-08-22,status13,31332-1,0,Pangsapuri Servis,415,124
2026-08-22,status13,31332-1,1,Pangsapuri Servis,415,67
2026-08-22,johor,835-14,0,Pangsapuri Servis,715,302
2026-08-22,johor,30946-1,0,Pangsapuri Servis,1950,954
2026-08-22,johor,14523-4,0,Pangsapuri Servis,416,48
2026-08-22,johor,30635-1,0,Pangsapuri Servis,539,327
2026-08-22,johor,30635-1,1,Pangsapuri Servis,539,340
2026-08-22,johor,30635-1,2,Pangsapuri Servis,539,215
2026-08-22,johor,30635-1,3,Pangsapuri Servis,539,176
2026-08-22,johor,31007-1,0,Pangsapuri Servis,848,845
2026-08-22,johor,31100-1,0,Pangsapuri Servis,1527,456
2026-08-22,johor,31100-1,1,Pangsapuri Servis,1257,516
2026-08-22,johor,31100-1,2,Pangsapuri Servis,908,449
2026-08-22,johor,31100-1,3,Pangsapuri Servis,833,0
2026-08-22,johor,31074-1,0,Pangsapuri Servis,858,403
2026-08-22,johor,31074-1,1,Pangsapuri Servis,858,369
2026-08-22,johor,31074-1,2,Pangsapuri Servis,1027,229
2026-08-22,johor,9600-6,0,Pangsapuri Servis,843,494
2026-08-22,johor,9600-6,1,Pangsapuri Servis,890,247
2026-08-22,johor,31031-1,0,Pangsapuri Servis,815,727
2026-08-22,johor,31031-1,1,Pangsapuri Servis,808,667
2026-08-22,johor,30828-3,0,Pangsapuri Servis,996,906
2026-08-22,johor,13531-2,0,Pangsapuri Servis,824,720
2026-08-22,johor,31034-1,0,Soho,540,297
2026-08-22,johor,31034-1,1,Soho,472,93
2026-08-22,johor,31149-1,0,Pangsapuri Servis,637,212
2026-08-22,johor,31149-1,1,Pangsapuri Servis,637,84
2026-08-23,seputeh,32-16,0,Rumah Pangsa/Kondo,13,2
2026-08-23,seputeh,32-16,1,Rumah Pangsa/Kondo,13,6
2026-08-23,seputeh,32-16,2,Rumah Pangsa/Kondo,21,4
2026-08-23,seputeh,32-16,3,Rumah Pangsa/Kondo,27,9
2026-08-23,seputeh,32-16,4,Rumah Pangsa/Kondo,13,2
2026-08-23,seputeh,32-16,5,Rumah Pangsa/Kondo,12,2
2026-08-23,seputeh,32-16,6,Rumah Pangsa/Kondo,27,10
2026-08-23,seputeh,32-16,7,Rumah Pangsa/Kondo,20,7
2026-08-23,seputeh,30216-1,0,Pangsapuri Servis,154,35
2026-08-23,seputeh,30216-2,0,Pangsapuri Servis,490,48
2026-08-23,seputeh,31078-1,0,Rumah Berpagar & Berpengawal,48,45
2026-08-23,seputeh,31274-1,0,Rumah Pangsa/Kondo,244,1
2026-08-23,seputeh,2463-23,0,Rumah Pangsa/Kondo,293,254
2026-08-23,seputeh,2463-23,1,Rumah Pangsa/Kondo,140,84
2026-08-23,status13,31202-1,0,Pangsapuri Suite,680,101
2026-08-23,status13,31202-1,1,Pangsapuri Suite,630,83
2026-08-23,status13,13262-2,0,Pangsapuri Suite,747,48
2026-08-23,status13,13262-2,1,Pangsapuri Suite,797,299
2026-08-23,status13,30590-2,0,Soho,996,123
2026-08-23,status13,5911-33,0,Pangsapuri Servis,686,460
2026-08-23,status13,5911-33,1,Pangsapuri Servis,932,545
2026-08-23,status13,30363-2,0,Pangsapuri Suite,1218,1125
2026-08-23,status13,30821-1,0,Pangsapuri Suite,494,255
2026-08-23,status13,30821-1,1,Pangsapuri Suite,494,258
2026-08-23,status13,30366-1,0,Pangsapuri Servis,482,467
2026-08-23,status13,13074-4,0,Pangsapuri Servis,299,236
2026-08-23,status13,8824-5,0,Pangsapuri Servis,641,184
2026-08-23,status13,8824-5,1,Pangsapuri Servis,655,456
2026-08-23,status13,20253-3,0,Rumah Pangsa/Kondo,757,595
2026-08-23,status13,20253-3,1,Rumah Pangsa/Kondo,743,557
2026-08-23,status13,30876-1,0,Rumah Pangsa/Kondo,551,127
2026-08-23,status13,30250-2,0,Rumah Pangsa/Kondo,333,333
2026-08-23,status13,30250-2,1,Rumah Pangsa/Kondo,328,326
2026-08-23,status13,31332-1,0,Pangsapuri Servis,415,130
2026-08-23,status13,31332-1,1,Pangsapuri Servis,415,72
2026-08-23,johor,835-14,0,Pangsapuri Servis,715,303
2026-08-23,johor,30946-1,0,Pangsapuri Servis,1950,959
2026-08-23,johor,14523-4,0,Pangsapuri Servis,416,48
2026-08-23,johor,30635-1,0,Pangsapuri Servis,539,327
2026-08-23,johor,30635-1,1,Pangsapuri Servis,539,340
2026-08-23,johor,30635-1,2,Pangsapuri Servis,539,216
2026-08-23,johor,30635-1,3,Pangsapuri Servis,539,176
2026-08-23,johor,31007-1,0,Pangsapuri Servis,848,845
2026-08-23,johor,31100-1,0,Pangsapuri Servis,1527,456
2026-08-23,johor,31100-1,1,Pangsapuri Servis,1257,516
2026-08-23,johor,31100-1,2,Pangsapuri Servis,908,449
2026-08-23,johor,31100-1,3,Pangsapuri Servis,833,0
2026-08-23,johor,31074-1,0,Pangsapuri Servis,858,403
2026-08-23,johor,31074-1,1,Pangsapuri Servis,858,369
2026-08-23,johor,31074-1,2,Pangsapuri Servis,1027,232
2026-08-23,johor,9600-6,0,Pangsapuri Servis,843,494
2026-08-23,johor,9600-6,1,Pangsapuri Servis,890,253
2026-08-23,johor,31031-1,0,Pangsapuri Servis,815,727
2026-08-23,johor,31031-1,1,Pangsapuri Servis,808,668
2026-08-23,johor,30828-3,0,Pangsapuri Servis,996,906
2026-08-23,johor,13531-2,0,Pangsapuri Servis,824,720
2026-08-23,johor,31034-1,0,Soho,540,297
2026-08-23,johor,31034-1,1,Soho,472,93
2026-08-23,johor,31149-1,0,Pangsapuri Servis,637,212
2026-08-23,johor,31149-1,1,Pangsapuri Servis,637,86
2026-08-24,seputeh,32-16,0,Rumah Pangsa/Kondo,13,2
2026-08-24,seputeh,32-16,1,Rumah Pangsa/Kondo,13,6
2026-08-24,seputeh,32-16,2,Rumah Pangsa/Kondo,21,4
2026-08-24,seputeh,32-16,3,Rumah Pangsa/Kondo,27,9
2026-08-24,seputeh,32-16,4,Rumah Pangsa/Kondo,13,2
2026-08-24,seputeh,32-16,5,Rumah Pangsa/Kondo,12,2
2026-08-24,seputeh,32-16,6,Rumah Pangsa/Kondo,27,10
2026-08-24,seputeh,32-16,7,Rumah Pangsa/Kondo,20,7
2026-08-24,seputeh,30216-1,0,Pangsapuri Servis,154,35
2026-08-24,seputeh,30216-2,0,Pangsapuri Servis,490,48
2026-08-24,seputeh,31078-1,0,Rumah Berpagar & Berpengawal,48,45
2026-08-24,seputeh,31274-1,0,Rumah Pangsa/Kondo,244,1
2026-08-24,seputeh,2463-23,0,Rumah Pangsa/Kondo,293,254
2026-08-24,seputeh,2463-23,1,Rumah Pangsa/Kondo,140,84
2026-08-24,status13,31202-1,0,Pangsapuri Suite,680,101
2026-08-24,status13,31202-1,1,Pangsapuri Suite,630,83
2026-08-24,status13,13262-2,0,Pangsapuri Suite,747,48
2026-08-24,status13,13262-2,1,Pangsapuri Suite,797,299
2026-08-24,status13,30590-2,0,Soho,996,123
2026-08-24,status13,5911-33,0,Pangsapuri Servis,686,460
2026-08-24,status13,5911-33,1,Pangsapuri Servis,932,545
2026-08-24,status13,30363-2,0,Pangsapuri Suite,1218,1125
2026-08-24,status13,30821-1,0,Pangsapuri Suite,494,255
2026-08-24,status13,30821-1,1,Pangsapuri Suite,494,258
2026-08-24,status13,30366-1,0,Pangsapuri Servis,482,467
2026-08-24,status13,13074-4,0,Pangsapuri Servis,299,236
2026-08-24,status13,8824-5,0,Pangsapuri Servis,641,184
2026-08-24,status13,8824-5,1,Pangsapuri Servis,655,456
2026-08-24,status13,20253-3,0,Rumah Pangsa/Kondo,757,595
2026-08-24,status13,20253-3,1,Rumah Pangsa/Kondo,743,557
2026-08-24,status13,30876-1,0,Rumah Pangsa/Kondo,551,127
2026-08-24,status13,30250-2,0,Rumah Pangsa/Kondo,333,333
2026-08-24,status13,30250-2,1,Rumah Pangsa/Kondo,328,326
2026-08-24,status13,31332-1,0,Pangsapuri Servis,415,130
2026-08-24,status13,31332-1,1,Pangsapuri Servis,415,72
2026-08-24,johor,835-14,0,Pangsapuri Servis,715,303
2026-08-24,johor,30946-1,0,Pangsapuri Servis,1950,959
2026-08-24,johor,14523-4,0,Pangsapuri Servis,416,48
2026-08-24,johor,30635-1,0,Pangsapuri Servis,539,327
2026-08-24,johor,30635-1,1,Pangsapuri Servis,539,340
2026-08-24,johor,30635-1,2,Pangsapuri Servis,539,216
2026-08-24,johor,30635-1,3,Pangsapuri Servis,539,176
2026-08-24,johor,31007-1,0,Pangsapuri Servis,848,845
2026-08-24,johor,31100-1,0,Pangsapuri Servis,1527,456
2026-08-24,johor,31100-1,1,Pangsapuri Servis,1257,516
2026-08-24,johor,31100-1,2,Pangsapuri Servis,908,449
2026-08-24,johor,31100-1,3,Pangsapuri Servis,833,0
2026-08-24,johor,31074-1,0,Pangsapuri Servis,858,403
2026-08-24,johor,31074-1,1,Pangsapuri Servis,858,369
2026-08-24,johor,31074-1,2,Pangsapuri Servis,1027,232
2026-08-24,johor,9600-6,0,Pangsapuri Servis,843,494
2026-08-24,johor,9600-6,1,Pangsapuri Servis,890,253
2026-08-24,johor,31031-1,0,Pangsapuri Servis,815,727
2026-08-24,johor,31031-1,1,Pangsapuri Servis,808,668
2026-08-24,johor,30828-3,0,Pangsapuri Servis,996,906
2026-08-24,johor,13531-2,0,Pangsapuri Servis,824,720
2026-08-24,johor,31034-1,0,Soho,540,297
2026-08-24,johor,31034-1,1,Soho,472,93
2026-08-24,johor,31149-1,0,Pangsapuri Servis,637,212
2026-08-24,johor,31149-1,1,Pangsapuri Servis,637,86
2026-08-25,seputeh,32-16,0,Rumah Pangsa/Kondo,13,2
2026-08-25,seputeh,32-16,1,Rumah Pangsa/Kondo,13,6
2026-08-25,seputeh,32-16,2,Rumah Pangsa/Kondo,21,4
2026-08-25,seputeh,32-16,3,Rumah Pangsa/Kondo,27,9
2026-08-25,seputeh,32-16,4,Rumah Pangsa/Kondo,13,2
2026-08-25,seputeh,32-16,5,Rumah Pangsa/Kondo,12,2
2026-08-25,seputeh,32-16,6,Rumah Pangsa/Kondo,27,10
2026-08-25,seputeh,32-16,7,Rumah Pangsa/Kondo,20,7
2026-08-25,seputeh,30216-1,0,Pangsapuri Servis,154,36
2026-08-25,seputeh,30216-2,0,Pangsapuri Servis,490,48
2026-08-25,seputeh,31078-1,0,Rumah Berpagar & Berpengawal,48,45
2026-08-25,seputeh,31274-1,0,Rumah Pangsa/Kondo,244,1
2026-08-25,seputeh,2463-23,0,Rumah Pangsa/Kondo,293,255
2026-08-25,seputeh,2463-23,1,Rumah Pangsa/Kondo,140,84
2026-08-25,status13,31202-1,0,Pangsapuri Suite,680,101
2026-08-25,status13,31202-1,1,Pangsapuri Suite,630,84
2026-08-25,status13,13262-2,0,Pangsapuri Suite,747,49
2026-08-25,status13,13262-2,1,Pangsapuri Suite,797,300
2026-08-25,status13,30590-2,0,Soho,996,124
2026-08-25,status13,5911-33,0,Pangsapuri Servis,686,460
2026-08-25,status13,5911-33,1,Pangsapuri Servis,932,546
2026-08-25,status13,30363-2,0,Pangsapuri Suite,1218,1126
2026-08-25,status13,30821-1,0,Pangsapuri Suite,494,256
2026-08-25,status13,30821-1,1,Pangsapuri Suite,494,259
2026-08-25,status13,30366-1,0,Pangsapuri Servis,482,467
2026-08-25,status13,13074-4,0,Pangsapuri Servis,299,236
2026-08-25,status13,8824-5,0,Pangsapuri Servis,641,184
2026-08-25,status13,8824-5,1,Pangsapuri Servis,655,456
2026-08-25,status13,20253-3,0,Rumah Pangsa/Kondo,757,596
2026-08-25,status13,20253-3,1,Rumah Pangsa/Kondo,743,557
2026-08-25,status13,30876-1,0,Rumah Pangsa/Kondo,551,128
2026-08-25,status13,30250-2,0,Rumah Pangsa/Kondo,333,333
2026-08-25,status13,30250-2,1,Rumah Pangsa/Kondo,328,326
2026-08-25,status13,31332-1,0,Pangsapuri Servis,415,144
2026-08-25,status13,31332-1,1,Pangsapuri Servis,415,78
2026-08-25,johor,835-14,0,Pangsapuri Servis,715,304
2026-08-25,johor,30946-1,0,Pangsapuri Servis,1950,959
2026-08-25,johor,14523-4,0,Pangsapuri Servis,416,48
2026-08-25,johor,30635-1,0,Pangsapuri Servis,539,327
2026-08-25,johor,30635-1,1,Pangsapuri Servis,539,340
2026-08-25,johor,30635-1,2,Pangsapuri Servis,539,216
2026-08-25,johor,30635-1,3,Pangsapuri Servis,539,178
2026-08-25,johor,31007-1,0,Pangsapuri Servis,848,845
2026-08-25,johor,31100-1,0,Pangsapuri Servis,1527,471
2026-08-25,johor,31100-1,1,Pangsapuri Servis,1257,528
2026-08-25,johor,31100-1,2,Pangsapuri Servis,908,491
2026-08-25,johor,31100-1,3,Pangsapuri Servis,833,0
2026-08-25,johor,31074-1,0,Pangsapuri Servis,858,403
2026-08-25,johor,31074-1,1,Pangsapuri Servis,858,369
2026-08-25,johor,31074-1,2,Pangsapuri Servis,1027,232
2026-08-25,johor,9600-6,0,Pangsapuri Servis,843,495
2026-08-25,johor,9600-6,1,Pangsapuri Servis,890,254
2026-08-25,johor,31031-1,0,Pangsapuri Servis,815,727
2026-08-25,johor,31031-1,1,Pangsapuri Servis,808,668
2026-08-25,johor,30828-3,0,Pangsapuri Servis,996,906
2026-08-25,johor,13531-2,0,Pangsapuri Servis,824,723
2026-08-25,johor,31034-1,0,Soho,540,297
2026-08-25,johor,31034-1,1,Soho,472,93
2026-08-25,johor,31149-1,0,Pangsapuri Servis,637,213
2026-08-25,johor,31149-1,1,Pangsapuri Servis,637,86
2026-08-26,seputeh,32-16,0,Rumah Pangsa/Kondo,13,2
2026-08-26,seputeh,32-16,1,Rumah Pangsa/Kondo,13,6
2026-08-26,seputeh,32-16,2,Rumah Pangsa/Kondo,21,4
2026-08-26,seputeh,32-16,3,Rumah Pangsa/Kondo,27,10
2026-08-26,seputeh,32-16,4,Rumah Pangsa/Kondo,13,2
2026-08-26,seputeh,32-16,5,Rumah Pangsa/Kondo,12,2
2026-08-26,seputeh,32-16,6,Rumah Pangsa/Kondo,27,10
2026-08-26,seputeh,32-16,7,Rumah Pangsa/Kondo,20,7
2026-08-26,seputeh,30216-1,0,Pangsapuri Servis,154,36
2026-08-26,seputeh,30216-2,0,Pangsapuri Servis,490,48
2026-08-26,seputeh,31078-1,0,Rumah Berpagar & Berpengawal,48,45
2026-08-26,seputeh,31274-1,0,Rumah Pangsa/Kondo,244,1
2026-08-26,seputeh,2463-23,0,Rumah Pangsa/Kondo,293,256
2026-08-26,seputeh,2463-23,1,Rumah Pangsa/Kondo,140,84
2026-08-26,status13,31202-1,0,Pangsapuri Suite,680,101
2026-08-26,status13,31202-1,1,Pangsapuri Suite,630,85
2026-08-26,status13,13262-2,0,Pangsapuri Suite,747,49
2026-08-26,status13,13262-2,1,Pangsapuri Suite,797,300
2026-08-26,status13,30590-2,0,Soho,996,124
2026-08-26,status13,5911-33,0,Pangsapuri Servis,686,460
2026-08-26,status13,5911-33,1,Pangsapuri Servis,932,546
2026-08-26,status13,30363-2,0,Pangsapuri Suite,1218,1126
2026-08-26,status13,30821-1,0,Pangsapuri Suite,494,257
2026-08-26,status13,30821-1,1,Pangsapuri Suite,494,259
2026-08-26,status13,30366-1,0,Pangsapuri Servis,482,467
2026-08-26,status13,13074-4,0,Pangsapuri Servis,299,237
2026-08-26,status13,8824-5,0,Pangsapuri Servis,641,184
2026-08-26,status13,8824-5,1,Pangsapuri Servis,655,456
2026-08-26,status13,20253-3,0,Rumah Pangsa/Kondo,757,596
2026-08-26,status13,20253-3,1,Rumah Pangsa/Kondo,743,557
2026-08-26,status13,30876-1,0,Rumah Pangsa/Kondo,551,128
2026-08-26,status13,30250-2,0,Rumah Pangsa/Kondo,333,333
2026-08-26,status13,30250-2,1,Rumah Pangsa/Kondo,328,326
2026-08-26,status13,31332-1,0,Pangsapuri Servis,415,150
2026-08-26,status13,31332-1,1,Pangsapuri Servis,415,80
2026-08-26,johor,835-14,0,Pangsapuri Servis,715,304
2026-08-26,johor,30946-1,0,Pangsapuri Servis,1950,961
2026-08-26,johor,14523-4,0,Pangsapuri Servis,416,48
2026-08-26,johor,30635-1,0,Pangsapuri Servis,539,327
2026-08-26,johor,30635-1,1,Pangsapuri Servis,539,340
2026-08-26,johor,30635-1,2,Pangsapuri Servis,539,216
2026-08-26,johor,30635-1,3,Pangsapuri Servis,539,178
2026-08-26,johor,31007-1,0,Pangsapuri Servis,848,845
2026-08-26,johor,31100-1,0,Pangsapuri Servis,1527,472
2026-08-26,johor,31100-1,1,Pangsapuri Servis,1257,529
2026-08-26,johor,31100-1,2,Pangsapuri Servis,908,491
2026-08-26,johor,31100-1,3,Pangsapuri Servis,833,0
2026-08-26,johor,31074-1,0,Pangsapuri Servis,858,403
2026-08-26,johor,31074-1,1,Pangsapuri Servis,858,369
2026-08-26,johor,31074-1,2,Pangsapuri Servis,1027,232
2026-08-26,johor,9600-6,0,Pangsapuri Servis,843,495
2026-08-26,johor,9600-6,1,Pangsapuri Servis,890,254
2026-08-26,johor,31031-1,0,Pangsapuri Servis,815,727
2026-08-26,johor,31031-1,1,Pangsapuri Servis,808,668
2026-08-26,johor,30828-3,0,Pangsapuri Servis,996,906
2026-08-26,johor,13531-2,0,Pangsapuri Servis,824,723
2026-08-26,johor,31034-1,0,Soho,540,297
2026-08-26,johor,31034-1,1,Soho,472,93
2026-08-26,johor,31149-1,0,Pangsapuri Servis,637,213
2026-08-26,johor,31149-1,1,Pangsapuri Servis,637,86
2026-08-26,ukay,9500-8,0,Rumah Pangsa/Kondo,306,95
2026-08-26,ukay,20140-2,0,Rumah Pangsa/Kondo,230,45
2026-08-26,ukay,20140-2,1,Rumah Pangsa/Kondo,216,201
2026-08-26,ukay,20140-2,2,Rumah Pangsa/Kondo,291,97
2026-08-26,ukay,11519-3,0,Rumah Pangsa/Kondo,344,343
2026-08-26,ukay,597-13,0,Pangsapuri Servis,234,228
2026-08-26,ukay,10296-3,0,Rumah Sesebuah,1,1
2026-08-26,ukay,10296-3,1,Rumah Berkembar,2,2
2026-08-26,ukay,10296-3,2,Rumah Teres,45,45
2026-08-26,ukay,10296-3,3,Rumah Berkembar,4,4
2026-08-26,ukay,10296-3,4,Rumah Sesebuah,1,1
2026-08-26,ukay,10296-3,5,Rumah Teres,80,80
2026-08-26,ukay,10296-3,6,Rumah Berkembar,24,24
2026-08-26,ukay,10296-3,7,Rumah Sesebuah,1,1
2026-08-26,ukay,10296-3,8,Rumah Teres,12,12
2026-08-26,ukay,10296-3,9,Rumah Teres,54,54
2026-08-26,ukay,10296-3,10,Rumah Teres,12,12
2026-08-26,ukay,10296-3,11,Rumah Berkembar,18,18
2026-08-26,ukay,10296-3,12,Rumah Sesebuah,1,1
2026-08-26,ukay,10296-3,13,Rumah Sesebuah,1,1
2026-08-26,ukay,10296-3,14,Rumah Berkembar,12,12
2026-08-26,ukay,10296-3,15,Rumah Berkembar,2,2
2026-08-26,ukay,10296-3,16,Rumah Berkembar,2,2
2026-08-26,ukay,10296-3,17,Rumah Sesebuah,1,1
2026-08-26,ukay,12369-1,0,Rumah Teres,32,32
2026-08-26,ukay,12166-1,0,Rumah Sesebuah,3,3
2026-08-26,ukay,12166-1,1,Rumah Sesebuah,10,10
2026-08-26,ukay,12166-1,2,Rumah Sesebuah,61,61
2026-08-26,ukay,9500-7,0,Rumah Teres,7,7
2026-08-26,ukay,9500-7,1,Rumah Teres,7,7
2026-08-26,ukay,9500-7,2,Rumah Teres,12,12
2026-08-26,ukay,9500-7,3,Rumah Pangsa/Kondo,30,30
2026-08-26,ukay,9500-7,4,Rumah Pangsa/Kondo,38,38
2026-08-26,ukay,9500-7,5,Rumah Pangsa/Kondo,36,36
2026-08-26,ukay,9500-7,6,Rumah Pangsa/Kondo,38,38
2026-08-26,ukay,9500-7,7,Rumah Pangsa/Kondo,26,26
2026-08-26,ukay,9500-7,8,Rumah Pangsa/Kondo,28,28
2026-08-26,ukay,11078-3,0,Pangsapuri Servis,2,1
2026-08-26,ukay,11078-3,1,Pangsapuri Servis,8,3
2026-08-26,ukay,11078-3,2,Pangsapuri Servis,2,2
2026-08-26,ukay,11078-3,3,Pangsapuri Servis,8,3
2026-08-26,ukay,11078-3,4,Pangsapuri Servis,48,19
2026-08-26,ukay,11078-3,5,Pangsapuri Servis,48,18
2026-08-26,ukay,11078-3,6,Pangsapuri Servis,128,119
2026-08-26,ukay,11078-3,7,Pangsapuri Servis,20,20
2026-08-26,ukay,11078-3,8,Pangsapuri Servis,32,12
2026-08-26,ukay,12123-1,0,Rumah Teres,50,50
2026-08-26,ukay,12123-1,1,Rumah Pangsa/Kondo,13,13
2026-08-26,ukay,12123-1,2,Rumah Sesebuah,18,18
2026-08-26,ukay,20140-1,0,Rumah Pangsa/Kondo,237,233
2026-08-26,ukay,20140-1,1,Rumah Pangsa/Kondo,226,223
2026-08-26,ukay,12437-2,0,Rumah Teres,41,41
2026-08-26,ukay,12437-2,1,Rumah Teres,40,39
2026-08-26,ukay,12437-2,2,Rumah Teres,25,24
2026-08-26,ukay,11602-1,0,Rumah Teres,11,11
2026-08-27,seputeh,32-16,0,Rumah Pangsa/Kondo,13,2
2026-08-27,seputeh,32-16,1,Rumah Pangsa/Kondo,13,6
2026-08-27,seputeh,32-16,2,Rumah Pangsa/Kondo,21,4
2026-08-27,seputeh,32-16,3,Rumah Pangsa/Kondo,27,10
2026-08-27,seputeh,32-16,4,Rumah Pangsa/Kondo,13,2
2026-08-27,seputeh,32-16,5,Rumah Pangsa/Kondo,12,2
2026-08-27,seputeh,32-16,6,Rumah Pangsa/Kondo,27,10
2026-08-27,seputeh,32-16,7,Rumah Pangsa/Kondo,20,7
2026-08-27,seputeh,30216-1,0,Pangsapuri Servis,154,36
2026-08-27,seputeh,30216-2,0,Pangsapuri Servis,490,48
2026-08-27,seputeh,31078-1,0,Rumah Berpagar & Berpengawal,48,45
2026-08-27,seputeh,31274-1,0,Rumah Pangsa/Kondo,244,1
2026-08-27,seputeh,2463-23,0,Rumah Pangsa/Kondo,293,258
2026-08-27,seputeh,2463-23,1,Rumah Pangsa/Kondo,140,88
2026-08-27,status13,31202-1,0,Pangsapuri Suite,680,101
2026-08-27,status13,31202-1,1,Pangsapuri Suite,630,85
2026-08-27,status13,13262-2,0,Pangsapuri Suite,747,50
2026-08-27,status13,13262-2,1,Pangsapuri Suite,797,303
2026-08-27,status13,30590-2,0,Soho,996,127
2026-08-27,status13,5911-33,0,Pangsapuri Servis,686,460
2026-08-27,status13,5911-33,1,Pangsapuri Servis,932,549
2026-08-27,status13,30363-2,0,Pangsapuri Suite,1218,1126
2026-08-27,status13,30821-1,0,Pangsapuri Suite,494,258
2026-08-27,status13,30821-1,1,Pangsapuri Suite,494,259
2026-08-27,status13,30366-1,0,Pangsapuri Servis,482,467
2026-08-27,status13,13074-4,0,Pangsapuri Servis,299,237
2026-08-27,status13,8824-5,0,Pangsapuri Servis,641,186
2026-08-27,status13,8824-5,1,Pangsapuri Servis,655,456
2026-08-27,status13,20253-3,0,Rumah Pangsa/Kondo,757,597
2026-08-27,status13,20253-3,1,Rumah Pangsa/Kondo,743,558
2026-08-27,status13,30876-1,0,Rumah Pangsa/Kondo,551,132
2026-08-27,status13,30250-2,0,Rumah Pangsa/Kondo,333,333
2026-08-27,status13,30250-2,1,Rumah Pangsa/Kondo,328,326
2026-08-27,status13,31332-1,0,Pangsapuri Servis,415,158
2026-08-27,status13,31332-1,1,Pangsapuri Servis,415,88
2026-08-27,johor,835-14,0,Pangsapuri Servis,715,304
2026-08-27,johor,30946-1,0,Pangsapuri Servis,1950,962
2026-08-27,johor,14523-4,0,Pangsapuri Servis,416,48
2026-08-27,johor,30635-1,0,Pangsapuri Servis,539,327
2026-08-27,johor,30635-1,1,Pangsapuri Servis,539,340
2026-08-27,johor,30635-1,2,Pangsapuri Servis,539,217
2026-08-27,johor,30635-1,3,Pangsapuri Servis,539,178
2026-08-27,johor,31007-1,0,Pangsapuri Servis,848,845
2026-08-27,johor,31100-1,0,Pangsapuri Servis,1527,473
2026-08-27,johor,31100-1,1,Pangsapuri Servis,1257,530
2026-08-27,johor,31100-1,2,Pangsapuri Servis,908,493
2026-08-27,johor,31100-1,3,Pangsapuri Servis,833,0
2026-08-27,johor,31074-1,0,Pangsapuri Servis,858,403
2026-08-27,johor,31074-1,1,Pangsapuri Servis,858,369
2026-08-27,johor,31074-1,2,Pangsapuri Servis,1027,234
2026-08-27,johor,9600-6,0,Pangsapuri Servis,843,497
2026-08-27,johor,9600-6,1,Pangsapuri Servis,890,255
2026-08-27,johor,31031-1,0,Pangsapuri Servis,815,728
2026-08-27,johor,31031-1,1,Pangsapuri Servis,808,668
2026-08-27,johor,30828-3,0,Pangsapuri Servis,996,908
2026-08-27,johor,13531-2,0,Pangsapuri Servis,824,724
2026-08-27,johor,31034-1,0,Soho,540,297
2026-08-27,johor,31034-1,1,Soho,472,93
2026-08-27,johor,31149-1,0,Pangsapuri Servis,637,213
2026-08-27,johor,31149-1,1,Pangsapuri Servis,637,89
2026-08-27,ukay,9500-8,0,Rumah Pangsa/Kondo,306,95
2026-08-27,ukay,20140-2,0,Rumah Pangsa/Kondo,230,45
2026-08-27,ukay,20140-2,1,Rumah Pangsa/Kondo,216,201
2026-08-27,ukay,20140-2,2,Rumah Pangsa/Kondo,291,97
2026-08-27,ukay,11519-3,0,Rumah Pangsa/Kondo,344,343
2026-08-27,ukay,597-13,0,Pangsapuri Servis,234,228
2026-08-27,ukay,10296-3,0,Rumah Sesebuah,1,1
2026-08-27,ukay,10296-3,1,Rumah Berkembar,2,2
2026-08-27,ukay,10296-3,2,Rumah Teres,45,45
2026-08-27,ukay,10296-3,3,Rumah Berkembar,4,4
2026-08-27,ukay,10296-3,4,Rumah Sesebuah,1,1
2026-08-27,ukay,10296-3,5,Rumah Teres,80,80
2026-08-27,ukay,10296-3,6,Rumah Berkembar,24,24
2026-08-27,ukay,10296-3,7,Rumah Sesebuah,1,1
2026-08-27,ukay,10296-3,8,Rumah Teres,12,12
2026-08-27,ukay,10296-3,9,Rumah Teres,54,54
2026-08-27,ukay,10296-3,10,Rumah Teres,12,12
2026-08-27,ukay,10296-3,11,Rumah Berkembar,18,18
2026-08-27,ukay,10296-3,12,Rumah Sesebuah,1,1
2026-08-27,ukay,10296-3,13,Rumah Sesebuah,1,1
2026-08-27,ukay,10296-3,14,Rumah Berkembar,12,12
2026-08-27,ukay,10296-3,15,Rumah Berkembar,2,2
2026-08-27,ukay,10296-3,16,Rumah Berkembar,2,2
2026-08-27,ukay,10296-3,17,Rumah Sesebuah,1,1
2026-08-27,ukay,12369-1,0,Rumah Teres,32,32
2026-08-27,ukay,12166-1,0,Rumah Sesebuah,3,3
2026-08-27,ukay,12166-1,1,Rumah Sesebuah,10,10
2026-08-27,ukay,12166-1,2,Rumah Sesebuah,61,61
2026-08-27,ukay,9500-7,0,Rumah Teres,7,7
2026-08-27,ukay,9500-7,1,Rumah Teres,7,7
2026-08-27,ukay,9500-7,2,Rumah Teres,12,12
2026-08-27,ukay,9500-7,3,Rumah Pangsa/Kondo,30,30
2026-08-27,ukay,9500-7,4,Rumah Pangsa/Kondo,38,38
2026-08-27,ukay,9500-7,5,Rumah Pangsa/Kondo,36,36
2026-08-27,ukay,9500-7,6,Rumah Pangsa/Kondo,38,38
2026-08-27,ukay,9500-7,7,Rumah Pangsa/Kondo,26,26
2026-08-27,ukay,9500-7,8,Rumah Pangsa/Kondo,28,28
2026-08-27,ukay,11078-3,0,Pangsapuri Servis,2,1
2026-08-27,ukay,11078-3,1,Pangsapuri Servis,8,3
2026-08-27,ukay,11078-3,2,Pangsapuri Servis,2,2
2026-08-27,ukay,11078-3,3,Pangsapuri Servis,8,3
2026-08-27,ukay,11078-3,4,Pangsapuri Servis,48,19
2026-08-27,ukay,11078-3,5,Pangsapuri Servis,48,18
2026-08-27,ukay,11078-3,6,Pangsapuri Servis,128,119
2026-08-27,ukay,11078-3,7,Pangsapuri Servis,20,20
2026-08-27,ukay,11078-3,8,Pangsapuri Servis,32,12
2026-08-27,ukay,12123-1,0,Rumah Teres,50,50
2026-08-27,ukay,12123-1,1,Rumah Pangsa/Kondo,13,13
2026-08-27,ukay,12123-1,2,Rumah Sesebuah,18,18
2026-08-27,ukay,20140-1,0,Rumah Pangsa/Kondo,237,233
2026-08-27,ukay,20140-1,1,Rumah Pangsa/Kondo,226,223
2026-08-27,ukay,12437-2,0,Rumah Teres,41,41
2026-08-27,ukay,12437-2,1,Rumah Teres,40,39
2026-08-27,ukay,12437-2,2,Rumah Teres,25,24
2026-08-27,ukay,11602-1,0,Rumah Teres,11,11
2026-08-27,seputeh,30141-2,0,Rumah Pangsa/Kondo,247,0
2026-08-27,seputeh,30141-2,1,Rumah Pangsa/Kondo,248,1
2026-08-28,seputeh,32-16,0,Rumah Pangsa/Kondo,13,2
2026-08-28,seputeh,32-16,1,Rumah Pangsa/Kondo,13,6
2026-08-28,seputeh,32-16,2,Rumah Pangsa/Kondo,21,4
2026-08-28,seputeh,32-16,3,Rumah Pangsa/Kondo,27,10
2026-08-28,seputeh,32-16,4,Rumah Pangsa/Kondo,13,2
2026-08-28,seputeh,32-16,5,Rumah Pangsa/Kondo,12,2
2026-08-28,seputeh,32-16,6,Rumah Pangsa/Kondo,27,10
2026-08-28,seputeh,32-16,7,Rumah Pangsa/Kondo,20,7
2026-08-28,seputeh,30216-1,0,Pangsapuri Servis,154,36
2026-08-28,seputeh,30216-2,0,Pangsapuri Servis,490,49
2026-08-28,seputeh,31078-1,0,Rumah Berpagar & Berpengawal,48,45
2026-08-28,seputeh,31274-1,0,Rumah Pangsa/Kondo,244,1
2026-08-28,seputeh,2463-23,0,Rumah Pangsa/Kondo,293,260
2026-08-28,seputeh,2463-23,1,Rumah Pangsa/Kondo,140,89
2026-08-28,status13,31202-1,0,Pangsapuri Suite,680,102
2026-08-28,status13,31202-1,1,Pangsapuri Suite,630,86
2026-08-28,status13,13262-2,0,Pangsapuri Suite,747,51
2026-08-28,status13,13262-2,1,Pangsapuri Suite,797,304
2026-08-28,status13,30590-2,0,Soho,996,128
2026-08-28,status13,5911-33,0,Pangsapuri Servis,686,460
2026-08-28,status13,5911-33,1,Pangsapuri Servis,932,549
2026-08-28,status13,30363-2,0,Pangsapuri Suite,1218,1126
2026-08-28,status13,30821-1,0,Pangsapuri Suite,494,259
2026-08-28,status13,30821-1,1,Pangsapuri Suite,494,260
2026-08-28,status13,30366-1,0,Pangsapuri Servis,482,467
2026-08-28,status13,13074-4,0,Pangsapuri Servis,299,237
2026-08-28,status13,8824-5,0,Pangsapuri Servis,641,189
2026-08-28,status13,8824-5,1,Pangsapuri Servis,655,458
2026-08-28,status13,20253-3,0,Rumah Pangsa/Kondo,757,598
2026-08-28,status13,20253-3,1,Rumah Pangsa/Kondo,743,559
2026-08-28,status13,30876-1,0,Rumah Pangsa/Kondo,551,134
2026-08-28,status13,30250-2,0,Rumah Pangsa/Kondo,333,333
2026-08-28,status13,30250-2,1,Rumah Pangsa/Kondo,328,326
2026-08-28,status13,31332-1,0,Pangsapuri Servis,415,169
2026-08-28,status13,31332-1,1,Pangsapuri Servis,415,91
2026-08-28,johor,835-14,0,Pangsapuri Servis,715,307
2026-08-28,johor,30946-1,0,Pangsapuri Servis,1950,972
2026-08-28,johor,14523-4,0,Pangsapuri Servis,416,49
2026-08-28,johor,30635-1,0,Pangsapuri Servis,539,327
2026-08-28,johor,30635-1,1,Pangsapuri Servis,539,340
2026-08-28,johor,30635-1,2,Pangsapuri Servis,539,217
2026-08-28,johor,30635-1,3,Pangsapuri Servis,539,178
2026-08-28,johor,31007-1,0,Pangsapuri Servis,848,845
2026-08-28,johor,31100-1,0,Pangsapuri Servis,1527,473
2026-08-28,johor,31100-1,1,Pangsapuri Servis,1257,531
2026-08-28,johor,31100-1,2,Pangsapuri Servis,908,493
2026-08-28,johor,31100-1,3,Pangsapuri Servis,833,0
2026-08-28,johor,31074-1,0,Pangsapuri Servis,858,403
2026-08-28,johor,31074-1,1,Pangsapuri Servis,858,369
2026-08-28,johor,31074-1,2,Pangsapuri Servis,1027,234
2026-08-28,johor,9600-6,0,Pangsapuri Servis,843,499
2026-08-28,johor,9600-6,1,Pangsapuri Servis,890,257
2026-08-28,johor,31031-1,0,Pangsapuri Servis,815,728
2026-08-28,johor,31031-1,1,Pangsapuri Servis,808,668
2026-08-28,johor,30828-3,0,Pangsapuri Servis,996,908
2026-08-28,johor,13531-2,0,Pangsapuri Servis,824,725
2026-08-28,johor,31034-1,0,Soho,540,297
2026-08-28,johor,31034-1,1,Soho,472,93
2026-08-28,johor,31149-1,0,Pangsapuri Servis,637,215
2026-08-28,johor,31149-1,1,Pangsapuri Servis,637,91
2026-08-28,ukay,9500-8,0,Rumah Pangsa/Kondo,306,94
2026-08-28,ukay,20140-2,0,Rumah Pangsa/Kondo,230,45
2026-08-28,ukay,20140-2,1,Rumah Pangsa/Kondo,216,202
2026-08-28,ukay,20140-2,2,Rumah Pangsa/Kondo,291,100
2026-08-28,ukay,11519-3,0,Rumah Pangsa/Kondo,344,343
2026-08-28,ukay,597-13,0,Pangsapuri Servis,234,228
2026-08-28,ukay,10296-3,0,Rumah Sesebuah,1,1
2026-08-28,ukay,10296-3,1,Rumah Berkembar,2,2
2026-08-28,ukay,10296-3,2,Rumah Teres,45,45
2026-08-28,ukay,10296-3,3,Rumah Berkembar,4,4
2026-08-28,ukay,10296-3,4,Rumah Sesebuah,1,1
2026-08-28,ukay,10296-3,5,Rumah Teres,80,80
2026-08-28,ukay,10296-3,6,Rumah Berkembar,24,24
2026-08-28,ukay,10296-3,7,Rumah Sesebuah,1,1
2026-08-28,ukay,10296-3,8,Rumah Teres,12,12
2026-08-28,ukay,10296-3,9,Rumah Teres,54,54
2026-08-28,ukay,10296-3,10,Rumah Teres,12,12
2026-08-28,ukay,10296-3,11,Rumah Berkembar,18,18
2026-08-28,ukay,10296-3,12,Rumah Sesebuah,1,1
2026-08-28,ukay,10296-3,13,Rumah Sesebuah,1,1
2026-08-28,ukay,10296-3,14,Rumah Berkembar,12,12
2026-08-28,ukay,10296-3,15,Rumah Berkembar,2,2
2026-08-28,ukay,10296-3,16,Rumah Berkembar,2,2
2026-08-28,ukay,10296-3,17,Rumah Sesebuah,1,1
2026-08-28,ukay,12369-1,0,Rumah Teres,32,32
2026-08-28,ukay,12166-1,0,Rumah Sesebuah,3,3
2026-08-28,ukay,12166-1,1,Rumah Sesebuah,10,10
2026-08-28,ukay,12166-1,2,Rumah Sesebuah,61,61
2026-08-28,ukay,9500-7,0,Rumah Teres,7,7
2026-08-28,ukay,9500-7,1,Rumah Teres,7,7
2026-08-28,ukay,9500-7,2,Rumah Teres,12,12
2026-08-28,ukay,9500-7,3,Rumah Pangsa/Kondo,30,30
2026-08-28,ukay,9500-7,4,Rumah Pangsa/Kondo,38,38
2026-08-28,ukay,9500-7,5,Rumah Pangsa/Kondo,36,36
2026-08-28,ukay,9500-7,6,Rumah Pangsa/Kondo,38,38
2026-08-28,ukay,9500-7,7,Rumah Pangsa/Kondo,26,26
2026-08-28,ukay,9500-7,8,Rumah Pangsa/Kondo,28,28
2026-08-28,ukay,11078-3,0,Pangsapuri Servis,2,1
2026-08-28,ukay,11078-3,1,Pangsapuri Servis,8,3
2026-08-28,ukay,11078-3,2,Pangsapuri Servis,2,2
2026-08-28,ukay,11078-3,3,Pangsapuri Servis,8,3
2026-08-28,ukay,11078-3,4,Pangsapuri Servis,48,19
2026-08-28,ukay,11078-3,5,Pangsapuri Servis,48,18
2026-08-28,ukay,11078-3,6,Pangsapuri Servis,128,119
2026-08-28,ukay,11078-3,7,Pangsapuri Servis,20,20
2026-08-28,ukay,11078-3,8,Pangsapuri Servis,32,12
2026-08-28,ukay,12123-1,0,Rumah Teres,50,50
2026-08-28,ukay,12123-1,1,Rumah Pangsa/Kondo,13,13
2026-08-28,ukay,12123-1,2,Rumah Sesebuah,18,18
2026-08-28,ukay,20140-1,0,Rumah Pangsa/Kondo,237,233
2026-08-28,ukay,20140-1,1,Rumah Pangsa/Kondo,226,223
2026-08-28,ukay,12437-2,0,Rumah Teres,41,41
2026-08-28,ukay,12437-2,1,Rumah Teres,40,39
2026-08-28,ukay,12437-2,2,Rumah Teres,25,24
2026-08-28,ukay,11602-1,0,Rumah Teres,11,11
2026-08-28,seputeh,30141-2,0,Rumah Pangsa/Kondo,247,0
2026-08-28,seputeh,30141-2,1,Rumah Pangsa/Kondo,248,1
2026-08-29,seputeh,32-16,0,Rumah Pangsa/Kondo,13,2
2026-08-29,seputeh,32-16,1,Rumah Pangsa/Kondo,13,6
2026-08-29,seputeh,32-16,2,Rumah Pangsa/Kondo,21,4
2026-08-29,seputeh,32-16,3,Rumah Pangsa/Kondo,27,10
2026-08-29,seputeh,32-16,4,Rumah Pangsa/Kondo,13,2
2026-08-29,seputeh,32-16,5,Rumah Pangsa/Kondo,12,2
2026-08-29,seputeh,32-16,6,Rumah Pangsa/Kondo,27,10
2026-08-29,seputeh,32-16,7,Rumah Pangsa/Kondo,20,7
2026-08-29,seputeh,30216-1,0,Pangsapuri Servis,154,36
2026-08-29,seputeh,30216-2,0,Pangsapuri Servis,490,49
2026-08-29,seputeh,31078-1,0,Rumah Berpagar & Berpengawal,48,45
2026-08-29,seputeh,31274-1,0,Rumah Pangsa/Kondo,244,1
2026-08-29,seputeh,2463-23,0,Rumah Pangsa/Kondo,293,262
2026-08-29,seputeh,2463-23,1,Rumah Pangsa/Kondo,140,89
2026-08-29,status13,31202-1,0,Pangsapuri Suite,680,102
2026-08-29,status13,31202-1,1,Pangsapuri Suite,630,86
2026-08-29,status13,13262-2,0,Pangsapuri Suite,747,52
2026-08-29,status13,13262-2,1,Pangsapuri Suite,797,305
2026-08-29,status13,30590-2,0,Soho,996,128
2026-08-29,status13,5911-33,0,Pangsapuri Servis,686,461
2026-08-29,status13,5911-33,1,Pangsapuri Servis,932,551
2026-08-29,status13,30363-2,0,Pangsapuri Suite,1218,1127
2026-08-29,status13,30821-1,0,Pangsapuri Suite,494,259
2026-08-29,status13,30821-1,1,Pangsapuri Suite,494,261
2026-08-29,status13,30366-1,0,Pangsapuri Servis,482,467
2026-08-29,status13,13074-4,0,Pangsapuri Servis,299,238
2026-08-29,status13,8824-5,0,Pangsapuri Servis,641,190
2026-08-29,status13,8824-5,1,Pangsapuri Servis,655,457
2026-08-29,status13,20253-3,0,Rumah Pangsa/Kondo,757,598
2026-08-29,status13,20253-3,1,Rumah Pangsa/Kondo,743,562
2026-08-29,status13,30876-1,0,Rumah Pangsa/Kondo,551,134
2026-08-29,status13,30250-2,0,Rumah Pangsa/Kondo,333,333
2026-08-29,status13,30250-2,1,Rumah Pangsa/Kondo,328,326
2026-08-29,status13,31332-1,0,Pangsapuri Servis,415,171
2026-08-29,status13,31332-1,1,Pangsapuri Servis,415,98
2026-08-29,johor,835-14,0,Pangsapuri Servis,715,307
2026-08-29,johor,30946-1,0,Pangsapuri Servis,1950,972
2026-08-29,johor,14523-4,0,Pangsapuri Servis,416,51
2026-08-29,johor,30635-1,0,Pangsapuri Servis,539,327
2026-08-29,johor,30635-1,1,Pangsapuri Servis,539,340
2026-08-29,johor,30635-1,2,Pangsapuri Servis,539,218
2026-08-29,johor,30635-1,3,Pangsapuri Servis,539,179
2026-08-29,johor,31007-1,0,Pangsapuri Servis,848,845
2026-08-29,johor,31100-1,0,Pangsapuri Servis,1527,473
2026-08-29,johor,31100-1,1,Pangsapuri Servis,1257,531
2026-08-29,johor,31100-1,2,Pangsapuri Servis,908,493
2026-08-29,johor,31100-1,3,Pangsapuri Servis,833,0
2026-08-29,johor,31074-1,0,Pangsapuri Servis,858,403
2026-08-29,johor,31074-1,1,Pangsapuri Servis,858,370
2026-08-29,johor,31074-1,2,Pangsapuri Servis,1027,234
2026-08-29,johor,9600-6,0,Pangsapuri Servis,843,499
2026-08-29,johor,9600-6,1,Pangsapuri Servis,890,259
2026-08-29,johor,31031-1,0,Pangsapuri Servis,815,728
2026-08-29,johor,31031-1,1,Pangsapuri Servis,808,669
2026-08-29,johor,30828-3,0,Pangsapuri Servis,996,908
2026-08-29,johor,13531-2,0,Pangsapuri Servis,824,726
2026-08-29,johor,31034-1,0,Soho,540,297
2026-08-29,johor,31034-1,1,Soho,472,93
2026-08-29,johor,31149-1,0,Pangsapuri Servis,637,215
2026-08-29,johor,31149-1,1,Pangsapuri Servis,637,92
2026-08-29,ukay,9500-8,0,Rumah Pangsa/Kondo,306,94
2026-08-29,ukay,20140-2,0,Rumah Pangsa/Kondo,230,45
2026-08-29,ukay,20140-2,1,Rumah Pangsa/Kondo,216,202
2026-08-29,ukay,20140-2,2,Rumah Pangsa/Kondo,291,100
2026-08-29,ukay,11519-3,0,Rumah Pangsa/Kondo,344,343
2026-08-29,ukay,597-13,0,Pangsapuri Servis,234,228
2026-08-29,ukay,10296-3,0,Rumah Sesebuah,1,1
2026-08-29,ukay,10296-3,1,Rumah Berkembar,2,2
2026-08-29,ukay,10296-3,2,Rumah Teres,45,45
2026-08-29,ukay,10296-3,3,Rumah Berkembar,4,4
2026-08-29,ukay,10296-3,4,Rumah Sesebuah,1,1
2026-08-29,ukay,10296-3,5,Rumah Teres,80,80
2026-08-29,ukay,10296-3,6,Rumah Berkembar,24,24
2026-08-29,ukay,10296-3,7,Rumah Sesebuah,1,1
2026-08-29,ukay,10296-3,8,Rumah Teres,12,12
2026-08-29,ukay,10296-3,9,Rumah Teres,54,54
2026-08-29,ukay,10296-3,10,Rumah Teres,12,12
2026-08-29,ukay,10296-3,11,Rumah Berkembar,18,18
2026-08-29,ukay,10296-3,12,Rumah Sesebuah,1,1
2026-08-29,ukay,10296-3,13,Rumah Sesebuah,1,1
2026-08-29,ukay,10296-3,14,Rumah Berkembar,12,12
2026-08-29,ukay,10296-3,15,Rumah Berkembar,2,2
2026-08-29,ukay,10296-3,16,Rumah Berkembar,2,2
2026-08-29,ukay,10296-3,17,Rumah Sesebuah,1,1
2026-08-29,ukay,12369-1,0,Rumah Teres,32,32
2026-08-29,ukay,12166-1,0,Rumah Sesebuah,3,3
2026-08-29,ukay,12166-1,1,Rumah Sesebuah,10,10
2026-08-29,ukay,12166-1,2,Rumah Sesebuah,61,61
2026-08-29,ukay,9500-7,0,Rumah Teres,7,7
2026-08-29,ukay,9500-7,1,Rumah Teres,7,7
2026-08-29,ukay,9500-7,2,Rumah Teres,12,12
2026-08-29,ukay,9500-7,3,Rumah Pangsa/Kondo,30,30
2026-08-29,ukay,9500-7,4,Rumah Pangsa/Kondo,38,38
2026-08-29,ukay,9500-7,5,Rumah Pangsa/Kondo,36,36
2026-08-29,ukay,9500-7,6,Rumah Pangsa/Kondo,38,38
2026-08-29,ukay,9500-7,7,Rumah Pangsa/Kondo,26,26
2026-08-29,ukay,9500-7,8,Rumah Pangsa/Kondo,28,28
2026-08-29,ukay,11078-3,0,Pangsapuri Servis,2,1
2026-08-29,ukay,11078-3,1,Pangsapuri Servis,8,3
2026-08-29,ukay,11078-3,2,Pangsapuri Servis,2,2
2026-08-29,ukay,11078-3,3,Pangsapuri Servis,8,3
2026-08-29,ukay,11078-3,4,Pangsapuri Servis,48,19
2026-08-29,ukay,11078-3,5,Pangsapuri Servis,48,18
2026-08-29,ukay,11078-3,6,Pangsapuri Servis,128,119
2026-08-29,ukay,11078-3,7,Pangsapuri Servis,20,20
2026-08-29,ukay,11078-3,8,Pangsapuri Servis,32,12
2026-08-29,ukay,12123-1,0,Rumah Teres,50,50
2026-08-29,ukay,12123-1,1,Rumah Pangsa/Kondo,13,13
2026-08-29,ukay,12123-1,2,Rumah Sesebuah,18,18
2026-08-29,ukay,20140-1,0,Rumah Pangsa/Kondo,237,233
2026-08-29,ukay,20140-1,1,Rumah Pangsa/Kondo,226,223
2026-08-29,ukay,12437-2,0,Rumah Teres,41,41
2026-08-29,ukay,12437-2,1,Rumah Teres,40,39
2026-08-29,ukay,12437-2,2,Rumah Teres,25,24
2026-08-29,ukay,11602-1,0,Rumah Teres,11,11
2026-08-29,seputeh,30141-2,0,Rumah Pangsa/Kondo,247,0
2026-08-29,seputeh,30141-2,1,Rumah Pangsa/Kondo,248,1
2026-08-30,seputeh,32-16,0,Rumah Pangsa/Kondo,13,2
2026-08-30,seputeh,32-16,1,Rumah Pangsa/Kondo,13,6
2026-08-30,seputeh,32-16,2,Rumah Pangsa/Kondo,21,4
2026-08-30,seputeh,32-16,3,Rumah Pangsa/Kondo,27,10
2026-08-30,seputeh,32-16,4,Rumah Pangsa/Kondo,13,2
2026-08-30,seputeh,32-16,5,Rumah Pangsa/Kondo,12,2
2026-08-30,seputeh,32-16,6,Rumah Pangsa/Kondo,27,10
2026-08-30,seputeh,32-16,7,Rumah Pangsa/Kondo,20,7
2026-08-30,seputeh,30216-1,0,Pangsapuri Servis,154,36
2026-08-30,seputeh,30216-2,0,Pangsapuri Servis,490,49
2026-08-30,seputeh,31078-1,0,Rumah Berpagar & Berpengawal,48,45
2026-08-30,seputeh,31274-1,0,Rumah Pangsa/Kondo,244,1
2026-08-30,seputeh,2463-23,0,Rumah Pangsa/Kondo,293,262
2026-08-30,seputeh,2463-23,1,Rumah Pangsa/Kondo,140,89
2026-08-30,status13,31202-1,0,Pangsapuri Suite,680,102
2026-08-30,status13,31202-1,1,Pangsapuri Suite,630,86
2026-08-30,status13,13262-2,0,Pangsapuri Suite,747,52
2026-08-30,status13,13262-2,1,Pangsapuri Suite,797,305
2026-08-30,status13,30590-2,0,Soho,996,128
2026-08-30,status13,5911-33,0,Pangsapuri Servis,686,461
2026-08-30,status13,5911-33,1,Pangsapuri Servis,932,551
2026-08-30,status13,30363-2,0,Pangsapuri Suite,1218,1127
2026-08-30,status13,30821-1,0,Pangsapuri Suite,494,259
2026-08-30,status13,30821-1,1,Pangsapuri Suite,494,261
2026-08-30,status13,30366-1,0,Pangsapuri Servis,482,467
2026-08-30,status13,13074-4,0,Pangsapuri Servis,299,238
2026-08-30,status13,8824-5,0,Pangsapuri Servis,641,190
2026-08-30,status13,8824-5,1,Pangsapuri Servis,655,457
2026-08-30,status13,20253-3,0,Rumah Pangsa/Kondo,757,598
2026-08-30,status13,20253-3,1,Rumah Pangsa/Kondo,743,562
2026-08-30,status13,30876-1,0,Rumah Pangsa/Kondo,551,134
2026-08-30,status13,30250-2,0,Rumah Pangsa/Kondo,333,333
2026-08-30,status13,30250-2,1,Rumah Pangsa/Kondo,328,326
2026-08-30,status13,31332-1,0,Pangsapuri Servis,415,171
2026-08-30,status13,31332-1,1,Pangsapuri Servis,415,98
2026-08-30,johor,835-14,0,Pangsapuri Servis,715,307
2026-08-30,johor,30946-1,0,Pangsapuri Servis,1950,972
2026-08-30,johor,14523-4,0,Pangsapuri Servis,416,51
2026-08-30,johor,30635-1,0,Pangsapuri Servis,539,327
2026-08-30,johor,30635-1,1,Pangsapuri Servis,539,340
2026-08-30,johor,30635-1,2,Pangsapuri Servis,539,218
2026-08-30,johor,30635-1,3,Pangsapuri Servis,539,179
2026-08-30,johor,31007-1,0,Pangsapuri Servis,848,845
2026-08-30,johor,31100-1,0,Pangsapuri Servis,1527,473
2026-08-30,johor,31100-1,1,Pangsapuri Servis,1257,531
2026-08-30,johor,31100-1,2,Pangsapuri Servis,908,494
2026-08-30,johor,31100-1,3,Pangsapuri Servis,833,0
2026-08-30,johor,31074-1,0,Pangsapuri Servis,858,403
2026-08-30,johor,31074-1,1,Pangsapuri Servis,858,370
2026-08-30,johor,31074-1,2,Pangsapuri Servis,1027,235
2026-08-30,johor,9600-6,0,Pangsapuri Servis,843,499
2026-08-30,johor,9600-6,1,Pangsapuri Servis,890,259
2026-08-30,johor,31031-1,0,Pangsapuri Servis,815,728
2026-08-30,johor,31031-1,1,Pangsapuri Servis,808,669
2026-08-30,johor,30828-3,0,Pangsapuri Servis,996,908
2026-08-30,johor,13531-2,0,Pangsapuri Servis,824,726
2026-08-30,johor,31034-1,0,Soho,540,297
2026-08-30,johor,31034-1,1,Soho,472,93
2026-08-30,johor,31149-1,0,Pangsapuri Servis,637,215
2026-08-30,johor,31149-1,1,Pangsapuri Servis,637,92
2026-08-30,ukay,9500-8,0,Rumah Pangsa/Kondo,306,94
2026-08-30,ukay,20140-2,0,Rumah Pangsa/Kondo,230,45
2026-08-30,ukay,20140-2,1,Rumah Pangsa/Kondo,216,202
2026-08-30,ukay,20140-2,2,Rumah Pangsa/Kondo,291,100
2026-08-30,ukay,11519-3,0,Rumah Pangsa/Kondo,344,343
2026-08-30,ukay,597-13,0,Pangsapuri Servis,234,228
2026-08-30,ukay,10296-3,0,Rumah Sesebuah,1,1
2026-08-30,ukay,10296-3,1,Rumah Berkembar,2,2
2026-08-30,ukay,10296-3,2,Rumah Teres,45,45
2026-08-30,ukay,10296-3,3,Rumah Berkembar,4,4
2026-08-30,ukay,10296-3,4,Rumah Sesebuah,1,1
2026-08-30,ukay,10296-3,5,Rumah Teres,80,80
2026-08-30,ukay,10296-3,6,Rumah Berkembar,24,24
2026-08-30,ukay,10296-3,7,Rumah Sesebuah,1,1
2026-08-30,ukay,10296-3,8,Rumah Teres,12,12
2026-08-30,ukay,10296-3,9,Rumah Teres,54,54
2026-08-30,ukay,10296-3,10,Rumah Teres,12,12
2026-08-30,ukay,10296-3,11,Rumah Berkembar,18,18
2026-08-30,ukay,10296-3,12,Rumah Sesebuah,1,1
2026-08-30,ukay,10296-3,13,Rumah Sesebuah,1,1
2026-08-30,ukay,10296-3,14,Rumah Berkembar,12,12
2026-08-30,ukay,10296-3,15,Rumah Berkembar,2,2
2026-08-30,ukay,10296-3,16,Rumah Berkembar,2,2
2026-08-30,ukay,10296-3,17,Rumah Sesebuah,1,1
2026-08-30,ukay,12369-1,0,Rumah Teres,32,32
2026-08-30,ukay,12166-1,0,Rumah Sesebuah,3,3
2026-08-30,ukay,12166-1,1,Rumah Sesebuah,10,10
2026-08-30,ukay,12166-1,2,Rumah Sesebuah,61,61
2026-08-30,ukay,9500-7,0,Rumah Teres,7,7
2026-08-30,ukay,9500-7,1,Rumah Teres,7,7
2026-08-30,ukay,9500-7,2,Rumah Teres,12,12
2026-08-30,ukay,9500-7,3,Rumah Pangsa/Kondo,30,30
2026-08-30,ukay,9500-7,4,Rumah Pangsa/Kondo,38,38
2026-08-30,ukay,9500-7,5,Rumah Pangsa/Kondo,36,36
2026-08-30,ukay,9500-7,6,Rumah Pangsa/Kondo,38,38
2026-08-30,ukay,9500-7,7,Rumah Pangsa/Kondo,26,26
2026-08-30,ukay,9500-7,8,Rumah Pangsa/Kondo,28,28
2026-08-30,ukay,11078-3,0,Pangsapuri Servis,2,1
2026-08-30,ukay,11078-3,1,Pangsapuri Servis,8,3
2026-08-30,ukay,11078-3,2,Pangsapuri Servis,2,2
2026-08-30,ukay,11078-3,3,Pangsapuri Servis,8,3
2026-08-30,ukay,11078-3,4,Pangsapuri Servis,48,19
2026-08-30,ukay,11078-3,5,Pangsapuri Servis,48,18
2026-08-30,ukay,11078-3,6,Pangsapuri Servis,128,119
2026-08-30,ukay,11078-3,7,Pangsapuri Servis,20,20
2026-08-30,ukay,11078-3,8,Pangsapuri Servis,32,12
2026-08-30,ukay,12123-1,0,Rumah Teres,50,50
2026-08-30,ukay,12123-1,1,Rumah Pangsa/Kondo,13,13
2026-08-30,ukay,12123-1,2,Rumah Sesebuah,18,18
2026-08-30,ukay,20140-1,0,Rumah Pangsa/Kondo,237,233
2026-08-30,ukay,20140-1,1,Rumah Pangsa/Kondo,226,223
2026-08-30,ukay,12437-2,0,Rumah Teres,41,41
2026-08-30,ukay,12437-2,1,Rumah Teres,40,39
2026-08-30,ukay,12437-2,2,Rumah Teres,25,24
2026-08-30,ukay,11602-1,0,Rumah Teres,11,11
2026-08-30,seputeh,30141-2,0,Rumah Pangsa/Kondo,247,0
2026-08-30,seputeh,30141-2,1,Rumah Pangsa/Kondo,248,1
2026-08-31,seputeh,32-16,0,Rumah Pangsa/Kondo,13,2
2026-08-31,seputeh,32-16,1,Rumah Pangsa/Kondo,13,6
2026-08-31,seputeh,32-16,2,Rumah Pangsa/Kondo,21,4
2026-08-31,seputeh,32-16,3,Rumah Pangsa/Kondo,27,10
2026-08-31,seputeh,32-16,4,Rumah Pangsa/Kondo,13,2
2026-08-31,seputeh,32-16,5,Rumah Pangsa/Kondo,12,2
2026-08-31,seputeh,32-16,6,Rumah Pangsa/Kondo,27,10
2026-08-31,seputeh,32-16,7,Rumah Pangsa/Kondo,20,7
2026-08-31,seputeh,30216-1,0,Pangsapuri Servis,154,36
2026-08-31,seputeh,30216-2,0,Pangsapuri Servis,490,49
2026-08-31,seputeh,31078-1,0,Rumah Berpagar & Berpengawal,48,45
2026-08-31,seputeh,31274-1,0,Rumah Pangsa/Kondo,244,1
2026-08-31,seputeh,2463-23,0,Rumah Pangsa/Kondo,293,262
2026-08-31,seputeh,2463-23,1,Rumah Pangsa/Kondo,140,89
2026-08-31,status13,31202-1,0,Pangsapuri Suite,680,102
2026-08-31,status13,31202-1,1,Pangsapuri Suite,630,86
2026-08-31,status13,13262-2,0,Pangsapuri Suite,747,52
2026-08-31,status13,13262-2,1,Pangsapuri Suite,797,305
2026-08-31,status13,30590-2,0,Soho,996,128
2026-08-31,status13,5911-33,0,Pangsapuri Servis,686,461
2026-08-31,status13,5911-33,1,Pangsapuri Servis,932,551
2026-08-31,status13,30363-2,0,Pangsapuri Suite,1218,1127
2026-08-31,status13,30821-1,0,Pangsapuri Suite,494,259
2026-08-31,status13,30821-1,1,Pangsapuri Suite,494,261
2026-08-31,status13,30366-1,0,Pangsapuri Servis,482,467
2026-08-31,status13,13074-4,0,Pangsapuri Servis,299,238
2026-08-31,status13,8824-5,0,Pangsapuri Servis,641,190
2026-08-31,status13,8824-5,1,Pangsapuri Servis,655,457
2026-08-31,status13,20253-3,0,Rumah Pangsa/Kondo,757,598
2026-08-31,status13,20253-3,1,Rumah Pangsa/Kondo,743,562
2026-08-31,status13,30876-1,0,Rumah Pangsa/Kondo,551,134
2026-08-31,status13,30250-2,0,Rumah Pangsa/Kondo,333,333
2026-08-31,status13,30250-2,1,Rumah Pangsa/Kondo,328,326
2026-08-31,status13,31332-1,0,Pangsapuri Servis,415,172
2026-08-31,status13,31332-1,1,Pangsapuri Servis,415,98
2026-08-31,johor,835-14,0,Pangsapuri Servis,715,307
2026-08-31,johor,30946-1,0,Pangsapuri Servis,1950,972
2026-08-31,johor,14523-4,0,Pangsapuri Servis,416,51
2026-08-31,johor,30635-1,0,Pangsapuri Servis,539,327
2026-08-31,johor,30635-1,1,Pangsapuri Servis,539,340
2026-08-31,johor,30635-1,2,Pangsapuri Servis,539,218
2026-08-31,johor,30635-1,3,Pangsapuri Servis,539,179
2026-08-31,johor,31007-1,0,Pangsapuri Servis,848,845
2026-08-31,johor,31100-1,0,Pangsapuri Servis,1527,473
2026-08-31,johor,31100-1,1,Pangsapuri Servis,1257,531
2026-08-31,johor,31100-1,2,Pangsapuri Servis,908,494
2026-08-31,johor,31100-1,3,Pangsapuri Servis,833,0
2026-08-31,johor,31074-1,0,Pangsapuri Servis,858,403
2026-08-31,johor,31074-1,1,Pangsapuri Servis,858,370
2026-08-31,johor,31074-1,2,Pangsapuri Servis,1027,235
2026-08-31,johor,9600-6,0,Pangsapuri Servis,843,499
2026-08-31,johor,9600-6,1,Pangsapuri Servis,890,259
2026-08-31,johor,31031-1,0,Pangsapuri Servis,815,728
2026-08-31,johor,31031-1,1,Pangsapuri Servis,808,669
2026-08-31,johor,30828-3,0,Pangsapuri Servis,996,908
2026-08-31,johor,13531-2,0,Pangsapuri Servis,824,726
2026-08-31,johor,31034-1,0,Soho,540,297
2026-08-31,johor,31034-1,1,Soho,472,93
2026-08-31,johor,31149-1,0,Pangsapuri Servis,637,215
2026-08-31,johor,31149-1,1,Pangsapuri Servis,637,92
2026-08-31,ukay,9500-8,0,Rumah Pangsa/Kondo,306,94
2026-08-31,ukay,20140-2,0,Rumah Pangsa/Kondo,230,45
2026-08-31,ukay,20140-2,1,Rumah Pangsa/Kondo,216,202
2026-08-31,ukay,20140-2,2,Rumah Pangsa/Kondo,291,100
2026-08-31,ukay,11519-3,0,Rumah Pangsa/Kondo,344,343
2026-08-31,ukay,597-13,0,Pangsapuri Servis,234,228
2026-08-31,ukay,10296-3,0,Rumah Sesebuah,1,1
2026-08-31,ukay,10296-3,1,Rumah Berkembar,2,2
2026-08-31,ukay,10296-3,2,Rumah Teres,45,45
2026-08-31,ukay,10296-3,3,Rumah Berkembar,4,4
2026-08-31,ukay,10296-3,4,Rumah Sesebuah,1,1
2026-08-31,ukay,10296-3,5,Rumah Teres,80,80
2026-08-31,ukay,10296-3,6,Rumah Berkembar,24,24
2026-08-31,ukay,10296-3,7,Rumah Sesebuah,1,1
2026-08-31,ukay,10296-3,8,Rumah Teres,12,12
2026-08-31,ukay,10296-3,9,Rumah Teres,54,54
2026-08-31,ukay,10296-3,10,Rumah Teres,12,12
2026-08-31,ukay,10296-3,11,Rumah Berkembar,18,18
2026-08-31,ukay,10296-3,12,Rumah Sesebuah,1,1
2026-08-31,ukay,10296-3,13,Rumah Sesebuah,1,1
2026-08-31,ukay,10296-3,14,Rumah Berkembar,12,12
2026-08-31,ukay,10296-3,15,Rumah Berkembar,2,2
2026-08-31,ukay,10296-3,16,Rumah Berkembar,2,2
2026-08-31,ukay,10296-3,17,Rumah Sesebuah,1,1
2026-08-31,ukay,12369-1,0,Rumah Teres,32,32
2026-08-31,ukay,12166-1,0,Rumah Sesebuah,3,3
2026-08-31,ukay,12166-1,1,Rumah Sesebuah,10,10
2026-08-31,ukay,12166-1,2,Rumah Sesebuah,61,61
2026-08-31,ukay,9500-7,0,Rumah Teres,7,7
2026-08-31,ukay,9500-7,1,Rumah Teres,7,7
2026-08-31,ukay,9500-7,2,Rumah Teres,12,12
2026-08-31,ukay,9500-7,3,Rumah Pangsa/Kondo,30,30
2026-08-31,ukay,9500-7,4,Rumah Pangsa/Kondo,38,38
2026-08-31,ukay,9500-7,5,Rumah Pangsa/Kondo,36,36
2026-08-31,ukay,9500-7,6,Rumah Pangsa/Kondo,38,38
2026-08-31,ukay,9500-7,7,Rumah Pangsa/Kondo,26,26
2026-08-31,ukay,9500-7,8,Rumah Pangsa/Kondo,28,28
2026-08-31,ukay,11078-3,0,Pangsapuri Servis,2,1
2026-08-31,ukay,11078-3,1,Pangsapuri Servis,8,3
2026-08-31,ukay,11078-3,2,Pangsapuri Servis,2,2
2026-08-31,ukay,11078-3,3,Pangsapuri Servis,8,3
2026-08-31,ukay,11078-3,4,Pangsapuri Servis,48,19
2026-08-31,ukay,11078-3,5,Pangsapuri Servis,48,18
2026-08-31,ukay,11078-3,6,Pangsapuri Servis,128,119
2026-08-31,ukay,11078-3,7,Pangsapuri Servis,20,20
2026-08-31,ukay,11078-3,8,Pangsapuri Servis,32,12
2026-08-31,ukay,12123-1,0,Rumah Teres,50,50
2026-08-31,ukay,12123-1,1,Rumah Pangsa/Kondo,13,13
2026-08-31,ukay,12123-1,2,Rumah Sesebuah,18,18
2026-08-31,ukay,20140-1,0,Rumah Pangsa/Kondo,237,233
2026-08-31,ukay,20140-1,1,Rumah Pangsa/Kondo,226,223
2026-08-31,ukay,12437-2,0,Rumah Teres,41,41
2026-08-31,ukay,12437-2,1,Rumah Teres,40,39
2026-08-31,ukay,12437-2,2,Rumah Teres,25,24
2026-08-31,ukay,11602-1,0,Rumah Teres,11,11
2026-08-31,seputeh,30141-2,0,Rumah Pangsa/Kondo,247,0
2026-08-31,seputeh,30141-2,1,Rumah Pangsa/Kondo,248,1
2026-09-01,seputeh,32-16,0,Rumah Pangsa/Kondo,13,2
2026-09-01,seputeh,32-16,1,Rumah Pangsa/Kondo,13,6
2026-09-01,seputeh,32-16,2,Rumah Pangsa/Kondo,21,4
2026-09-01,seputeh,32-16,3,Rumah Pangsa/Kondo,27,10
2026-09-01,seputeh,32-16,4,Rumah Pangsa/Kondo,13,2
2026-09-01,seputeh,32-16,5,Rumah Pangsa/Kondo,12,2
2026-09-01,seputeh,32-16,6,Rumah Pangsa/Kondo,27,10
2026-09-01,seputeh,32-16,7,Rumah Pangsa/Kondo,20,7
2026-09-01,seputeh,30216-1,0,Pangsapuri Servis,154,36
2026-09-01,seputeh,30216-2,0,Pangsapuri Servis,490,49
2026-09-01,seputeh,31078-1,0,Rumah Berpagar & Berpengawal,48,45
2026-09-01,seputeh,31274-1,0,Rumah Pangsa/Kondo,244,1
2026-09-01,seputeh,2463-23,0,Rumah Pangsa/Kondo,293,262
2026-09-01,seputeh,2463-23,1,Rumah Pangsa/Kondo,140,89
2026-09-01,status13,31202-1,0,Pangsapuri Suite,680,102
2026-09-01,status13,31202-1,1,Pangsapuri Suite,630,86
2026-09-01,status13,13262-2,0,Pangsapuri Suite,747,52
2026-09-01,status13,13262-2,1,Pangsapuri Suite,797,305
2026-09-01,status13,30590-2,0,Soho,996,128
2026-09-01,status13,5911-33,0,Pangsapuri Servis,686,461
2026-09-01,status13,5911-33,1,Pangsapuri Servis,932,551
2026-09-01,status13,30363-2,0,Pangsapuri Suite,1218,1127
2026-09-01,status13,30821-1,0,Pangsapuri Suite,494,259
2026-09-01,status13,30821-1,1,Pangsapuri Suite,494,261
2026-09-01,status13,30366-1,0,Pangsapuri Servis,482,467
2026-09-01,status13,13074-4,0,Pangsapuri Servis,299,238
2026-09-01,status13,8824-5,0,Pangsapuri Servis,641,190
2026-09-01,status13,8824-5,1,Pangsapuri Servis,655,457
2026-09-01,status13,20253-3,0,Rumah Pangsa/Kondo,757,598
2026-09-01,status13,20253-3,1,Rumah Pangsa/Kondo,743,562
2026-09-01,status13,30876-1,0,Rumah Pangsa/Kondo,551,134
2026-09-01,status13,30250-2,0,Rumah Pangsa/Kondo,333,333
2026-09-01,status13,30250-2,1,Rumah Pangsa/Kondo,328,326
2026-09-01,status13,31332-1,0,Pangsapuri Servis,415,172
2026-09-01,status13,31332-1,1,Pangsapuri Servis,415,99
2026-09-01,johor,835-14,0,Pangsapuri Servis,715,307
2026-09-01,johor,30946-1,0,Pangsapuri Servis,1950,972
2026-09-01,johor,14523-4,0,Pangsapuri Servis,416,51
2026-09-01,johor,30635-1,0,Pangsapuri Servis,539,327
2026-09-01,johor,30635-1,1,Pangsapuri Servis,539,340
2026-09-01,johor,30635-1,2,Pangsapuri Servis,539,219
2026-09-01,johor,30635-1,3,Pangsapuri Servis,539,179
2026-09-01,johor,31007-1,0,Pangsapuri Servis,848,845
2026-09-01,johor,31100-1,0,Pangsapuri Servis,1527,473
2026-09-01,johor,31100-1,1,Pangsapuri Servis,1257,531
2026-09-01,johor,31100-1,2,Pangsapuri Servis,908,494
2026-09-01,johor,31100-1,3,Pangsapuri Servis,833,0
2026-09-01,johor,31074-1,0,Pangsapuri Servis,858,403
2026-09-01,johor,31074-1,1,Pangsapuri Servis,858,370
2026-09-01,johor,31074-1,2,Pangsapuri Servis,1027,235
2026-09-01,johor,9600-6,0,Pangsapuri Servis,843,499
2026-09-01,johor,9600-6,1,Pangsapuri Servis,890,260
2026-09-01,johor,31031-1,0,Pangsapuri Servis,815,728
2026-09-01,johor,31031-1,1,Pangsapuri Servis,808,669
2026-09-01,johor,30828-3,0,Pangsapuri Servis,996,908
2026-09-01,johor,13531-2,0,Pangsapuri Servis,824,726
2026-09-01,johor,31034-1,0,Soho,540,297
2026-09-01,johor,31034-1,1,Soho,472,93
2026-09-01,johor,31149-1,0,Pangsapuri Servis,637,215
2026-09-01,johor,31149-1,1,Pangsapuri Servis,637,92
2026-09-01,ukay,9500-8,0,Rumah Pangsa/Kondo,306,94
2026-09-01,ukay,20140-2,0,Rumah Pangsa/Kondo,230,45
2026-09-01,ukay,20140-2,1,Rumah Pangsa/Kondo,216,202
2026-09-01,ukay,20140-2,2,Rumah Pangsa/Kondo,291,100
2026-09-01,ukay,11519-3,0,Rumah Pangsa/Kondo,344,343
2026-09-01,ukay,597-13,0,Pangsapuri Servis,234,228
2026-09-01,ukay,10296-3,0,Rumah Sesebuah,1,1
2026-09-01,ukay,10296-3,1,Rumah Berkembar,2,2
2026-09-01,ukay,10296-3,2,Rumah Teres,45,45
2026-09-01,ukay,10296-3,3,Rumah Berkembar,4,4
2026-09-01,ukay,10296-3,4,Rumah Sesebuah,1,1
2026-09-01,ukay,10296-3,5,Rumah Teres,80,80
2026-09-01,ukay,10296-3,6,Rumah Berkembar,24,24
2026-09-01,ukay,10296-3,7,Rumah Sesebuah,1,1
2026-09-01,ukay,10296-3,8,Rumah Teres,12,12
2026-09-01,ukay,10296-3,9,Rumah Teres,54,54
2026-09-01,ukay,10296-3,10,Rumah Teres,12,12
2026-09-01,ukay,10296-3,11,Rumah Berkembar,18,18
2026-09-01,ukay,10296-3,12,Rumah Sesebuah,1,1
2026-09-01,ukay,10296-3,13,Rumah Sesebuah,1,1
2026-09-01,ukay,10296-3,14,Rumah Berkembar,12,12
2026-09-01,ukay,10296-3,15,Rumah Berkembar,2,2
2026-09-01,ukay,10296-3,16,Rumah Berkembar,2,2
2026-09-01,ukay,10296-3,17,Rumah Sesebuah,1,1
2026-09-01,ukay,12369-1,0,Rumah Teres,32,32
2026-09-01,ukay,12166-1,0,Rumah Sesebuah,3,3
2026-09-01,ukay,12166-1,1,Rumah Sesebuah,10,10
2026-09-01,ukay,12166-1,2,Rumah Sesebuah,61,61
2026-09-01,ukay,9500-7,0,Rumah Teres,7,7
2026-09-01,ukay,9500-7,1,Rumah Teres,7,7
2026-09-01,ukay,9500-7,2,Rumah Teres,12,12
2026-09-01,ukay,9500-7,3,Rumah Pangsa/Kondo,30,30
2026-09-01,ukay,9500-7,4,Rumah Pangsa/Kondo,38,38
2026-09-01,ukay,9500-7,5,Rumah Pangsa/Kondo,36,36
2026-09-01,ukay,9500-7,6,Rumah Pangsa/Kondo,38,38
2026-09-01,ukay,9500-7,7,Rumah Pangsa/Kondo,26,26
2026-09-01,ukay,9500-7,8,Rumah Pangsa/Kondo,28,28
2026-09-01,ukay,11078-3,0,Pangsapuri Servis,2,1
2026-09-01,ukay,11078-3,1,Pangsapuri Servis,8,3
2026-09-01,ukay,11078-3,2,Pangsapuri Servis,2,2
2026-09-01,ukay,11078-3,3,Pangsapuri Servis,8,3
2026-09-01,ukay,11078-3,4,Pangsapuri Servis,48,19
2026-09-01,ukay,11078-3,5,Pangsapuri Servis,48,18
2026-09-01,ukay,11078-3,6,Pangsapuri Servis,128,119
2026-09-01,ukay,11078-3,7,Pangsapuri Servis,20,20
2026-09-01,ukay,11078-3,8,Pangsapuri Servis,32,12
2026-09-01,ukay,12123-1,0,Rumah Teres,50,50
2026-09-01,ukay,12123-1,1,Rumah Pangsa/Kondo,13,13
2026-09-01,ukay,12123-1,2,Rumah Sesebuah,18,18
2026-09-01,ukay,20140-1,0,Rumah Pangsa/Kondo,237,233
2026-09-01,ukay,20140-1,1,Rumah Pangsa/Kondo,226,223
2026-09-01,ukay,12437-2,0,Rumah Teres,41,41
2026-09-01,ukay,12437-2,1,Rumah Teres,40,39
2026-09-01,ukay,12437-2,2,Rumah Teres,25,24
2026-09-01,ukay,11602-1,0,Rumah Teres,11,11
2026-09-01,seputeh,30141-2,0,Rumah Pangsa/Kondo,247,0
2026-09-01,seputeh,30141-2,1,Rumah Pangsa/Kondo,248,1
2026-09-01,armani,31112-1,0,Pangsapuri Servis,119,18
2026-09-01,armani,31112-1,1,Suite Homes,67,40
2026-09-01,armani,30135-3,0,Rumah Pangsa/Kondo,328,69
2026-09-01,armani,30705-2,0,Rumah Teres,16,0
2026-09-01,armani,30705-2,1,Rumah Teres,28,2
2026-09-01,armani,30273-1,0,Rumah Bandar,128,90
2026-09-01,armani,30273-1,1,Rumah Bandar,104,21
2026-09-01,armani,30256-2,0,Suite Homes,1440,758
2026-09-01,armani,30256-2,1,Soho,775,240
2026-09-01,armani,6820-8,0,Pangsapuri Servis,306,277
2026-09-01,armani,30727-1,0,Pangsapuri Servis,500,481
2026-09-01,armani,30727-1,1,Soho,148,92
2026-09-01,armani,30727-2,0,Pangsapuri Servis,498,61
2026-09-01,armani,30727-2,1,Soho,500,220
2026-09-01,armani,30339-1,0,Pangsapuri Servis,338,331
2026-09-01,armani,13975-5,0,Rumah Pangsa/Kondo,105,85
2026-09-01,armani,13975-5,1,Rumah Pangsa/Kondo,105,82
2026-09-01,armani,13975-5,2,Rumah Pangsa/Kondo,105,96
2026-09-01,armani,30641-1,0,Pangsapuri Servis,653,647
2026-09-01,armani,13975-6,0,Pangsapuri Servis,387,384
2026-09-01,armani,30799-1,0,Soho,488,12
2026-09-01,armani,30799-1,1,Pangsapuri Servis,496,16
2026-09-01,armani,30393-1,0,Rumah Berkembar,6,0
2026-09-01,armani,30393-1,1,Rumah Teres,2,0
2026-09-01,armani,30393-1,2,Rumah Teres,20,0
2026-09-01,armani,30393-1,3,Rumah Teres,2,0
2026-09-01,armani,30135-2,0,Suite Homes,280,94
2026-09-01,armani,13970-3,0,Rumah Berkembar,116,81
2026-09-01,avaland,30624-1,0,Rumah Pangsa/Kondo,70,70
2026-09-01,avaland,30624-1,1,Rumah Pangsa/Kondo,56,55
2026-09-01,avaland,30162-1,0,Pangsapuri Servis,492,317
2026-09-01,avaland,30162-1,1,Pangsapuri Servis,278,107
2026-09-01,avaland,20185-3,0,Pangsapuri Servis,216,216
2026-09-01,avaland,20185-3,1,Pangsapuri Servis,252,240
2026-09-01,avaland,9490-3,0,Pangsapuri Servis,504,274
2026-09-01,avaland,9490-3,1,Pangsapuri Servis,396,0
2026-09-01,avaland,30240-3,0,Rumah Teres,113,101
2026-09-01,avaland,30240-3,1,Rumah Teres,17,6
2026-09-01,avaland,30240-3,2,Rumah Teres,36,35
2026-09-01,avaland,30240-3,3,Rumah Teres,125,13
2026-09-01,avaland,30240-3,4,Rumah Teres,16,3
2026-09-01,avaland,30240-3,5,Rumah Teres,36,22
2026-09-01,avaland,12047-4,0,Rumah Pangsa/Kondo,303,97
2026-09-01,avaland,12047-4,1,Rumah Pangsa/Kondo,303,135
2026-09-01,avaland,20017-1,0,Rumah Pangsa/Kondo,149,144
2026-09-01,avaland,20017-1,1,Rumah Pangsa/Kondo,77,77
2026-09-01,binastra,31332-1,0,Pangsapuri Servis,415,172
2026-09-01,binastra,31332-1,1,Pangsapuri Servis,415,99
2026-09-01,chinhin,13531-2,0,Pangsapuri Servis,824,726
2026-09-01,chinhin,30632-1,0,Pangsapuri Servis,438,299
2026-09-01,chinhin,30632-1,1,Pangsapuri Servis,349,304
2026-09-01,chinhin,30190-1,0,Pangsapuri Servis,339,335
2026-09-01,chinhin,30190-1,1,Pangsapuri Servis,503,474
2026-09-01,chinhin,30382-1,0,Rumah Pangsa/Kondo,333,322
2026-09-01,chinhin,30382-1,1,Rumah Pangsa/Kondo,491,439
2026-09-01,chinhin,30744-1,0,Pangsapuri Servis,588,482
2026-09-01,chinhin,31096-1,0,Pangsapuri Servis,561,125
2026-09-01,chinhin,31096-1,1,Pangsapuri Servis,472,141
2026-09-01,chinhin,30064-1,0,Pangsapuri Servis,314,313
2026-09-01,chinhin,30064-1,1,Pangsapuri Servis,370,365
2026-09-01,chinhin,30382-3,0,Rumah Pangsa/Kondo,823,822
2026-09-01,chinhin,30907-1,0,Rumah Teres,140,135
2026-09-01,chinhin,30907-1,1,Rumah Teres,12,10
2026-09-01,chinhin,30907-1,2,Rumah Teres,79,76
2026-09-01,chinhin,30629-2,0,Pangsapuri Servis,492,477
2026-09-01,exsim,30784-1,0,Pangsapuri Servis,269,268
2026-09-01,exsim,20011-3,0,Pangsapuri Servis,593,593
2026-09-01,exsim,20011-2,0,Pangsapuri Servis,767,767
2026-09-01,exsim,20011-4,0,Pangsapuri Servis,671,664
2026-09-01,exsim,13666-2,0,Pangsapuri Servis,98,98
2026-09-01,exsim,30370-1,0,Pangsapuri Servis,320,319
2026-09-01,exsim,30789-1,0,Pangsapuri Servis,126,126
2026-09-01,exsim,30571-1,0,Pangsapuri Servis,603,602
2026-09-01,exsim,30914-1,0,Pangsapuri Servis,759,623
2026-09-01,exsim,30830-1,0,Pangsapuri Servis,456,317
2026-09-01,exsim,20011-5,0,Pangsapuri Servis,662,167
2026-09-01,exsim,31007-1,0,Pangsapuri Servis,848,845
2026-09-01,exsim,20084-1,0,Pangsapuri Servis,386,312
2026-09-01,exsim,20084-1,1,Pangsapuri Servis,293,27
2026-09-01,exsim,30741-1,0,Pangsapuri Suite,460,457
2026-09-01,exsim,30741-1,1,Pangsapuri Suite,506,505
2026-09-01,exsim,30741-1,2,Pangsapuri Suite,592,590
2026-09-01,exsim,31088-1,0,Pangsapuri Servis,671,550
2026-09-01,exsim,30741-2,0,Pangsapuri Suite,494,192
2026-09-01,exsim,30741-2,1,Pangsapuri Suite,510,243
2026-09-01,exsim,30357-2,0,Pangsapuri Servis,569,357
2026-09-01,exsim,30357-2,1,Pangsapuri Servis,569,299
2026-09-01,exsim,30357-1,0,Pangsapuri Servis,508,507
2026-09-01,exsim,31100-1,0,Pangsapuri Servis,1527,473
2026-09-01,exsim,31100-1,1,Pangsapuri Servis,1257,531
2026-09-01,exsim,31100-1,2,Pangsapuri Servis,908,494
2026-09-01,exsim,31100-1,3,Pangsapuri Servis,833,0
2026-09-01,exsim,30131-1,0,Soho,424,424
2026-09-01,mahsing,14297-25,0,Rumah Teres,111,109
2026-09-01,mahsing,14297-25,1,Rumah Teres,124,49
2026-09-01,mahsing,12324-2,0,Rumah Pangsa/Kondo,205,205
2026-09-01,mahsing,14297-24,0,Rumah Teres,168,144
2026-09-01,mahsing,12029-4,0,Pangsapuri Servis,833,68
2026-09-01,mahsing,31251-1,0,Rumah Pangsa/Kondo,606,48
2026-09-01,mahsing,5911-33,0,Pangsapuri Servis,686,461
2026-09-01,mahsing,5911-33,1,Pangsapuri Servis,932,551
2026-09-01,mahsing,13262-2,0,Pangsapuri Suite,747,52
2026-09-01,mahsing,13262-2,1,Pangsapuri Suite,797,305
2026-09-01,mahsing,30834-1,0,Pangsapuri Servis,570,423
2026-09-01,mahsing,30834-1,1,Pangsapuri Servis,570,372
2026-09-01,mahsing,30897-1,0,Rumah Teres,249,235
2026-09-01,mahsing,30897-1,1,Rumah Teres,81,79
2026-09-01,mahsing,11202-4,0,Pangsapuri Suite,624,614
2026-09-01,mahsing,11202-4,1,Pangsapuri Suite,624,611
2026-09-01,mahsing,11202-4,2,Pangsapuri Suite,832,646
2026-09-01,mahsing,11998-4,0,Rumah Teres,247,247
2026-09-01,mahsing,11998-4,1,Rumah Teres,149,149
2026-09-01,mahsing,13425-8,0,Pangsapuri Servis,422,333
2026-09-01,mahsing,13425-8,1,Pangsapuri Servis,78,60
2026-09-01,mahsing,13425-8,2,Pangsapuri Servis,499,0
2026-09-01,mahsing,30805-1,0,Pangsapuri Servis,748,457
2026-09-01,mahsing,30805-1,1,Pangsapuri Servis,251,121
2026-09-01,mahsing,10279-5,0,Rumah Teres,123,123
2026-09-01,mahsing,10279-5,1,Rumah Teres,100,100
2026-09-01,mahsing,10279-5,2,Rumah Teres,252,209
2026-09-01,mahsing,10279-5,3,Rumah Teres,116,98
2026-09-01,mahsing,10279-5,4,Rumah Teres,55,38
2026-09-01,mahsing,10279-5,5,Rumah Kluster,108,83
2026-09-01,mahsing,12029-3,0,Pangsapuri Servis,494,228
2026-09-01,mahsing,11430-2,0,Pangsapuri Suite,619,618
2026-09-01,mahsing,9600-6,0,Pangsapuri Servis,843,499
2026-09-01,mahsing,9600-6,1,Pangsapuri Servis,890,260
2026-09-01,mahsing,30440-1,0,Pangsapuri Servis,421,416
2026-09-01,mahsing,30440-1,1,Pangsapuri Servis,619,575
2026-09-01,mahsing,30440-1,2,Pangsapuri Servis,486,479
2026-09-01,majesticgen,30828-2,0,Pangsapuri Servis,732,731
2026-09-01,majesticgen,30828-3,0,Pangsapuri Servis,996,908
2026-09-01,majesticgen,30828-1,0,Pangsapuri Servis,360,354
2026-09-01,majesticgen,30244-1,0,Pangsapuri Servis,478,478
2026-09-01,majesticgen,30990-1,0,Rumah Teres,32,32
2026-09-01,majesticgen,30990-1,1,Rumah Berkembar,2,2
2026-09-01,majesticgen,30990-1,2,Rumah Teres,72,64
2026-09-01,majesticgen,31034-1,0,Soho,540,297
2026-09-01,majesticgen,31034-1,1,Soho,472,93
2026-09-01,majesticgen,30989-1,0,Rumah Teres,73,73
2026-09-01,majesticgen,12069-7,0,Rumah Berpagar & Berpengawal,128,0
2026-09-01,majesticgen,12069-7,1,Rumah Berpagar & Berpengawal,12,0
2026-09-01,malton,31139-1,0,Pangsapuri Servis,562,349
2026-09-01,malton,8950-4,0,Rumah Pangsa/Kondo,526,12
2026-09-01,malton,30667-1,0,Pangsapuri Servis,210,170
2026-09-01,malton,30667-1,1,Pangsapuri Servis,243,222
2026-09-01,malton,14035-6,0,Rumah Pangsa/Kondo,336,328
2026-09-01,malton,14035-4,0,Rumah Pangsa/Kondo,440,292
2026-09-01,malton,14035-4,1,Rumah Pangsa/Kondo,440,353
2026-09-01,malton,14035-4,2,Rumah Pangsa/Kondo,452,333
2026-09-01,maxim,30267-1,0,Rumah Pangsa/Kondo,302,302
2026-09-01,maxim,30267-1,1,Rumah Pangsa/Kondo,302,302
2026-09-01,maxim,31046-1,0,Pangsapuri Suite,558,110
2026-09-01,maxim,31046-1,1,Pangsapuri Suite,558,210
2026-09-01,maxim,31074-1,0,Pangsapuri Servis,858,403
2026-09-01,maxim,31074-1,1,Pangsapuri Servis,858,370
2026-09-01,maxim,31074-1,2,Pangsapuri Servis,1027,235
2026-09-01,maxim,30037-1,0,Pangsapuri Suite,629,629
2026-09-01,maxim,30037-1,1,Pangsapuri Suite,607,607
2026-09-01,maxim,19088-3,0,Rumah Pangsa/Kondo,208,178
2026-09-01,maxim,19088-3,1,Rumah Pangsa/Kondo,208,163
2026-09-01,maxim,19088-3,2,Rumah Pangsa/Kondo,208,181
2026-09-01,platinumvictory,30581-1,0,Pangsapuri Suite,877,862
2026-09-01,platinumvictory,30581-1,1,Pangsapuri Suite,811,809
2026-09-01,platinumvictory,9832-11,0,Pangsapuri Suite,946,469
2026-09-01,platinumvictory,9832-11,1,Pangsapuri Suite,1136,733
2026-09-01,platinumvictory,31008-1,0,Rumah Pangsa/Kondo,198,129
2026-09-01,platinumvictory,31008-1,1,Rumah Pangsa/Kondo,358,161
2026-09-01,platinumvictory,31008-1,2,Rumah Pangsa/Kondo,238,232
2026-09-01,platinumvictory,20253-2,0,Rumah Pangsa/Kondo,500,467
2026-09-01,platinumvictory,20253-3,0,Rumah Pangsa/Kondo,757,598
2026-09-01,platinumvictory,20253-3,1,Rumah Pangsa/Kondo,743,562
2026-09-01,platinumvictory,30937-1,0,Rumah Teres,23,18
2026-09-01,skyworld,31051-1,0,Rumah Pangsa/Kondo,492,457
2026-09-01,skyworld,30176-1,0,Rumah Pangsa/Kondo,448,429
2026-09-01,skyworld,30176-1,1,Rumah Pangsa/Kondo,382,227
2026-09-01,skyworld,30976-1,0,Rumah Pangsa/Kondo,510,240
2026-09-01,skyworld,31075-1,0,Rumah Pangsa/Kondo,583,567
2026-09-01,skyworld,31075-1,1,Rumah Pangsa/Kondo,583,529
2026-09-01,skyworld,31075-1,2,Rumah Pangsa/Kondo,680,249
2026-09-01,skyworld,31075-1,3,Rumah Pangsa/Kondo,542,0
2026-09-01,skyworld,31075-1,4,Rumah Pangsa/Kondo,516,0
2026-09-01,skyworld,31075-1,5,Rumah Pangsa/Kondo,560,0
2026-09-01,skyworld,31075-1,6,Rumah Pangsa/Kondo,518,0
2026-09-01,skyworld,19840-2,0,Pangsapuri Suite,535,466
2026-09-01,skyworld,19840-2,1,Pangsapuri Suite,466,465
2026-09-01,tslaw,31031-1,0,Pangsapuri Servis,815,728
2026-09-01,tslaw,31031-1,1,Pangsapuri Servis,808,669
2026-09-01,tslaw,30331-1,0,Pangsapuri Suite,897,888
2026-09-01,tslaw,30331-1,1,Pangsapuri Suite,941,937
2026-09-01,tslaw,9158-9,0,Rumah Berkembar,38,38
2026-09-01,tslaw,9158-9,1,Rumah Berkembar,2,2
2026-09-01,tslaw,9158-9,2,Rumah Berkembar,2,2
2026-09-01,tslaw,19760-1,0,Pangsapuri Servis,432,431
2026-09-01,tslaw,19760-1,1,Pangsapuri Servis,432,424
2026-09-01,tslaw,19760-1,2,Pangsapuri Servis,432,431
2026-09-01,trinitygroup,30857-1,0,Rumah Pangsa/Kondo,234,1
2026-09-01,trinitygroup,30857-1,1,Rumah Pangsa/Kondo,240,35
2026-09-01,trinitygroup,30857-1,2,Rumah Pangsa/Kondo,240,0
2026-09-01,trinitygroup,20140-2,0,Rumah Pangsa/Kondo,230,45
2026-09-01,trinitygroup,20140-2,1,Rumah Pangsa/Kondo,216,202
2026-09-01,trinitygroup,20140-2,2,Rumah Pangsa/Kondo,291,100
2026-09-01,trinitygroup,10826-4,0,Pangsapuri Servis,157,133
2026-09-01,trinitygroup,10826-4,1,Pangsapuri Servis,80,62
2026-09-01,trinitygroup,10826-4,2,Pangsapuri Servis,298,135
2026-09-01,radium,30363-2,0,Pangsapuri Suite,1218,1127
2026-09-01,radium,30363-1,0,Rumah Pangsa/Kondo,1218,1123
2026-09-01,radium,30821-1,0,Pangsapuri Suite,494,259
2026-09-01,radium,30821-1,1,Pangsapuri Suite,494,261
2026-09-01,radium,30121-1,0,Soho,944,379
2026-09-01,radium,31310-1,0,Rumah Pangsa/Kondo,558,0
2026-09-01,radium,31310-1,1,Rumah Pangsa/Kondo,239,0
2026-09-02,seputeh,32-16,0,Rumah Pangsa/Kondo,13,2
2026-09-02,seputeh,32-16,1,Rumah Pangsa/Kondo,13,6
2026-09-02,seputeh,32-16,2,Rumah Pangsa/Kondo,21,4
2026-09-02,seputeh,32-16,3,Rumah Pangsa/Kondo,27,10
2026-09-02,seputeh,32-16,4,Rumah Pangsa/Kondo,13,2
2026-09-02,seputeh,32-16,5,Rumah Pangsa/Kondo,12,2
2026-09-02,seputeh,32-16,6,Rumah Pangsa/Kondo,27,10
2026-09-02,seputeh,32-16,7,Rumah Pangsa/Kondo,20,7
2026-09-02,seputeh,30216-1,0,Pangsapuri Servis,154,36
2026-09-02,seputeh,30216-2,0,Pangsapuri Servis,490,48
2026-09-02,seputeh,31078-1,0,Rumah Berpagar & Berpengawal,48,45
2026-09-02,seputeh,31274-1,0,Rumah Pangsa/Kondo,244,1
2026-09-02,seputeh,2463-23,0,Rumah Pangsa/Kondo,293,264
2026-09-02,seputeh,2463-23,1,Rumah Pangsa/Kondo,140,89
2026-09-02,status13,31202-1,0,Pangsapuri Suite,680,103
2026-09-02,status13,31202-1,1,Pangsapuri Suite,630,88
2026-09-02,status13,13262-2,0,Pangsapuri Suite,747,53
2026-09-02,status13,13262-2,1,Pangsapuri Suite,797,306
2026-09-02,status13,30590-2,0,Soho,996,129
2026-09-02,status13,5911-33,0,Pangsapuri Servis,686,462
2026-09-02,status13,5911-33,1,Pangsapuri Servis,932,551
2026-09-02,status13,30363-2,0,Pangsapuri Suite,1218,1128
2026-09-02,status13,30821-1,0,Pangsapuri Suite,494,259
2026-09-02,status13,30821-1,1,Pangsapuri Suite,494,260
2026-09-02,status13,30366-1,0,Pangsapuri Servis,482,468
2026-09-02,status13,13074-4,0,Pangsapuri Servis,299,238
2026-09-02,status13,8824-5,0,Pangsapuri Servis,641,191
2026-09-02,status13,8824-5,1,Pangsapuri Servis,655,458
2026-09-02,status13,20253-3,0,Rumah Pangsa/Kondo,757,600
2026-09-02,status13,20253-3,1,Rumah Pangsa/Kondo,743,562
2026-09-02,status13,30876-1,0,Rumah Pangsa/Kondo,551,134
2026-09-02,status13,30250-2,0,Rumah Pangsa/Kondo,333,333
2026-09-02,status13,30250-2,1,Rumah Pangsa/Kondo,328,326
2026-09-02,status13,31332-1,0,Pangsapuri Servis,415,176
2026-09-02,status13,31332-1,1,Pangsapuri Servis,415,104
2026-09-02,johor,835-14,0,Pangsapuri Servis,715,307
2026-09-02,johor,30946-1,0,Pangsapuri Servis,1950,974
2026-09-02,johor,14523-4,0,Pangsapuri Servis,416,51
2026-09-02,johor,30635-1,0,Pangsapuri Servis,539,327
2026-09-02,johor,30635-1,1,Pangsapuri Servis,539,340
2026-09-02,johor,30635-1,2,Pangsapuri Servis,539,219
2026-09-02,johor,30635-1,3,Pangsapuri Servis,539,180
2026-09-02,johor,31007-1,0,Pangsapuri Servis,848,845
2026-09-02,johor,31100-1,0,Pangsapuri Servis,1527,474
2026-09-02,johor,31100-1,1,Pangsapuri Servis,1257,531
2026-09-02,johor,31100-1,2,Pangsapuri Servis,908,495
2026-09-02,johor,31100-1,3,Pangsapuri Servis,833,0
2026-09-02,johor,31074-1,0,Pangsapuri Servis,858,403
2026-09-02,johor,31074-1,1,Pangsapuri Servis,858,370
2026-09-02,johor,31074-1,2,Pangsapuri Servis,1027,237
2026-09-02,johor,9600-6,0,Pangsapuri Servis,843,501
2026-09-02,johor,9600-6,1,Pangsapuri Servis,890,261
2026-09-02,johor,31031-1,0,Pangsapuri Servis,815,728
2026-09-02,johor,31031-1,1,Pangsapuri Servis,808,669
2026-09-02,johor,30828-3,0,Pangsapuri Servis,996,908
2026-09-02,johor,13531-2,0,Pangsapuri Servis,824,726
2026-09-02,johor,31034-1,0,Soho,540,297
2026-09-02,johor,31034-1,1,Soho,472,95
2026-09-02,johor,31149-1,0,Pangsapuri Servis,637,216
2026-09-02,johor,31149-1,1,Pangsapuri Servis,637,92
2026-09-02,ukay,9500-8,0,Rumah Pangsa/Kondo,306,94
2026-09-02,ukay,20140-2,0,Rumah Pangsa/Kondo,230,45
2026-09-02,ukay,20140-2,1,Rumah Pangsa/Kondo,216,202
2026-09-02,ukay,20140-2,2,Rumah Pangsa/Kondo,291,100
2026-09-02,ukay,11519-3,0,Rumah Pangsa/Kondo,344,343
2026-09-02,ukay,597-13,0,Pangsapuri Servis,234,228
2026-09-02,ukay,10296-3,0,Rumah Sesebuah,1,1
2026-09-02,ukay,10296-3,1,Rumah Berkembar,2,2
2026-09-02,ukay,10296-3,2,Rumah Teres,45,45
2026-09-02,ukay,10296-3,3,Rumah Berkembar,4,4
2026-09-02,ukay,10296-3,4,Rumah Sesebuah,1,1
2026-09-02,ukay,10296-3,5,Rumah Teres,80,80
2026-09-02,ukay,10296-3,6,Rumah Berkembar,24,24
2026-09-02,ukay,10296-3,7,Rumah Sesebuah,1,1
2026-09-02,ukay,10296-3,8,Rumah Teres,12,12
2026-09-02,ukay,10296-3,9,Rumah Teres,54,54
2026-09-02,ukay,10296-3,10,Rumah Teres,12,12
2026-09-02,ukay,10296-3,11,Rumah Berkembar,18,18
2026-09-02,ukay,10296-3,12,Rumah Sesebuah,1,1
2026-09-02,ukay,10296-3,13,Rumah Sesebuah,1,1
2026-09-02,ukay,10296-3,14,Rumah Berkembar,12,12
2026-09-02,ukay,10296-3,15,Rumah Berkembar,2,2
2026-09-02,ukay,10296-3,16,Rumah Berkembar,2,2
2026-09-02,ukay,10296-3,17,Rumah Sesebuah,1,1
2026-09-02,ukay,12369-1,0,Rumah Teres,32,32
2026-09-02,ukay,12166-1,0,Rumah Sesebuah,3,3
2026-09-02,ukay,12166-1,1,Rumah Sesebuah,10,10
2026-09-02,ukay,12166-1,2,Rumah Sesebuah,61,61
2026-09-02,ukay,9500-7,0,Rumah Teres,7,7
2026-09-02,ukay,9500-7,1,Rumah Teres,7,7
2026-09-02,ukay,9500-7,2,Rumah Teres,12,12
2026-09-02,ukay,9500-7,3,Rumah Pangsa/Kondo,30,30
2026-09-02,ukay,9500-7,4,Rumah Pangsa/Kondo,38,38
2026-09-02,ukay,9500-7,5,Rumah Pangsa/Kondo,36,36
2026-09-02,ukay,9500-7,6,Rumah Pangsa/Kondo,38,38
2026-09-02,ukay,9500-7,7,Rumah Pangsa/Kondo,26,26
2026-09-02,ukay,9500-7,8,Rumah Pangsa/Kondo,28,28
2026-09-02,ukay,11078-3,0,Pangsapuri Servis,2,1
2026-09-02,ukay,11078-3,1,Pangsapuri Servis,8,3
2026-09-02,ukay,11078-3,2,Pangsapuri Servis,2,2
2026-09-02,ukay,11078-3,3,Pangsapuri Servis,8,3
2026-09-02,ukay,11078-3,4,Pangsapuri Servis,48,19
2026-09-02,ukay,11078-3,5,Pangsapuri Servis,48,18
2026-09-02,ukay,11078-3,6,Pangsapuri Servis,128,119
2026-09-02,ukay,11078-3,7,Pangsapuri Servis,20,20
2026-09-02,ukay,11078-3,8,Pangsapuri Servis,32,12
2026-09-02,ukay,12123-1,0,Rumah Teres,50,50
2026-09-02,ukay,12123-1,1,Rumah Pangsa/Kondo,13,13
2026-09-02,ukay,12123-1,2,Rumah Sesebuah,18,18
2026-09-02,ukay,20140-1,0,Rumah Pangsa/Kondo,237,233
2026-09-02,ukay,20140-1,1,Rumah Pangsa/Kondo,226,223
2026-09-02,ukay,12437-2,0,Rumah Teres,41,41
2026-09-02,ukay,12437-2,1,Rumah Teres,40,39
2026-09-02,ukay,12437-2,2,Rumah Teres,25,24
2026-09-02,ukay,11602-1,0,Rumah Teres,11,11
2026-09-02,seputeh,30141-2,0,Rumah Pangsa/Kondo,247,0
2026-09-02,seputeh,30141-2,1,Rumah Pangsa/Kondo,248,1
2026-09-02,armani,31112-1,0,Pangsapuri Servis,119,18
2026-09-02,armani,31112-1,1,Suite Homes,67,40
2026-09-02,armani,30135-3,0,Rumah Pangsa/Kondo,328,69
2026-09-02,armani,30705-2,0,Rumah Teres,16,0
2026-09-02,armani,30705-2,1,Rumah Teres,28,2
2026-09-02,armani,30273-1,0,Rumah Bandar,128,90
2026-09-02,armani,30273-1,1,Rumah Bandar,104,21
2026-09-02,armani,30256-2,0,Suite Homes,1440,759
2026-09-02,armani,30256-2,1,Soho,775,240
2026-09-02,armani,6820-8,0,Pangsapuri Servis,306,277
2026-09-02,armani,30727-1,0,Pangsapuri Servis,500,481
2026-09-02,armani,30727-1,1,Soho,148,92
2026-09-02,armani,30727-2,0,Pangsapuri Servis,498,61
2026-09-02,armani,30727-2,1,Soho,500,220
2026-09-02,armani,30339-1,0,Pangsapuri Servis,338,331
2026-09-02,armani,13975-5,0,Rumah Pangsa/Kondo,105,85
2026-09-02,armani,13975-5,1,Rumah Pangsa/Kondo,105,82
2026-09-02,armani,13975-5,2,Rumah Pangsa/Kondo,105,96
2026-09-02,armani,30641-1,0,Pangsapuri Servis,653,647
2026-09-02,armani,13975-6,0,Pangsapuri Servis,387,384
2026-09-02,armani,30799-1,0,Soho,488,12
2026-09-02,armani,30799-1,1,Pangsapuri Servis,496,16
2026-09-02,armani,30393-1,0,Rumah Berkembar,6,0
2026-09-02,armani,30393-1,1,Rumah Teres,2,0
2026-09-02,armani,30393-1,2,Rumah Teres,20,0
2026-09-02,armani,30393-1,3,Rumah Teres,2,0
2026-09-02,armani,30135-2,0,Suite Homes,280,95
2026-09-02,armani,13970-3,0,Rumah Berkembar,116,81
2026-09-02,avaland,30624-1,0,Rumah Pangsa/Kondo,70,70
2026-09-02,avaland,30624-1,1,Rumah Pangsa/Kondo,56,55
2026-09-02,avaland,30162-1,0,Pangsapuri Servis,492,317
2026-09-02,avaland,30162-1,1,Pangsapuri Servis,278,107
2026-09-02,avaland,20185-3,0,Pangsapuri Servis,216,216
2026-09-02,avaland,20185-3,1,Pangsapuri Servis,252,240
2026-09-02,avaland,9490-3,0,Pangsapuri Servis,504,274
2026-09-02,avaland,9490-3,1,Pangsapuri Servis,396,0
2026-09-02,avaland,30240-3,0,Rumah Teres,113,101
2026-09-02,avaland,30240-3,1,Rumah Teres,17,6
2026-09-02,avaland,30240-3,2,Rumah Teres,36,35
2026-09-02,avaland,30240-3,3,Rumah Teres,125,13
2026-09-02,avaland,30240-3,4,Rumah Teres,16,3
2026-09-02,avaland,30240-3,5,Rumah Teres,36,22
2026-09-02,avaland,12047-4,0,Rumah Pangsa/Kondo,303,97
2026-09-02,avaland,12047-4,1,Rumah Pangsa/Kondo,303,135
2026-09-02,avaland,20017-1,0,Rumah Pangsa/Kondo,149,144
2026-09-02,avaland,20017-1,1,Rumah Pangsa/Kondo,77,77
2026-09-02,binastra,31332-1,0,Pangsapuri Servis,415,176
2026-09-02,binastra,31332-1,1,Pangsapuri Servis,415,104
2026-09-02,chinhin,13531-2,0,Pangsapuri Servis,824,726
2026-09-02,chinhin,30632-1,0,Pangsapuri Servis,438,299
2026-09-02,chinhin,30632-1,1,Pangsapuri Servis,349,304
2026-09-02,chinhin,30190-1,0,Pangsapuri Servis,339,335
2026-09-02,chinhin,30190-1,1,Pangsapuri Servis,503,474
2026-09-02,chinhin,30382-1,0,Rumah Pangsa/Kondo,333,322
2026-09-02,chinhin,30382-1,1,Rumah Pangsa/Kondo,491,439
2026-09-02,chinhin,30744-1,0,Pangsapuri Servis,588,482
2026-09-02,chinhin,31096-1,0,Pangsapuri Servis,561,127
2026-09-02,chinhin,31096-1,1,Pangsapuri Servis,472,143
2026-09-02,chinhin,30064-1,0,Pangsapuri Servis,314,313
2026-09-02,chinhin,30064-1,1,Pangsapuri Servis,370,365
2026-09-02,chinhin,30382-3,0,Rumah Pangsa/Kondo,823,822
2026-09-02,chinhin,30907-1,0,Rumah Teres,140,135
2026-09-02,chinhin,30907-1,1,Rumah Teres,12,10
2026-09-02,chinhin,30907-1,2,Rumah Teres,79,76
2026-09-02,chinhin,30629-2,0,Pangsapuri Servis,492,477
2026-09-02,exsim,30784-1,0,Pangsapuri Servis,269,268
2026-09-02,exsim,20011-3,0,Pangsapuri Servis,593,593
2026-09-02,exsim,20011-2,0,Pangsapuri Servis,767,767
2026-09-02,exsim,20011-4,0,Pangsapuri Servis,671,664
2026-09-02,exsim,13666-2,0,Pangsapuri Servis,98,98
2026-09-02,exsim,30370-1,0,Pangsapuri Servis,320,319
2026-09-02,exsim,30789-1,0,Pangsapuri Servis,126,126
2026-09-02,exsim,30571-1,0,Pangsapuri Servis,603,602
2026-09-02,exsim,30914-1,0,Pangsapuri Servis,759,625
2026-09-02,exsim,30830-1,0,Pangsapuri Servis,456,317
2026-09-02,exsim,20011-5,0,Pangsapuri Servis,662,174
2026-09-02,exsim,31007-1,0,Pangsapuri Servis,848,845
2026-09-02,exsim,20084-1,0,Pangsapuri Servis,386,312
2026-09-02,exsim,20084-1,1,Pangsapuri Servis,293,27
2026-09-02,exsim,30741-1,0,Pangsapuri Suite,460,457
2026-09-02,exsim,30741-1,1,Pangsapuri Suite,506,505
2026-09-02,exsim,30741-1,2,Pangsapuri Suite,592,590
2026-09-02,exsim,31088-1,0,Pangsapuri Servis,671,550
2026-09-02,exsim,30741-2,0,Pangsapuri Suite,494,192
2026-09-02,exsim,30741-2,1,Pangsapuri Suite,510,243
2026-09-02,exsim,30357-2,0,Pangsapuri Servis,569,358
2026-09-02,exsim,30357-2,1,Pangsapuri Servis,569,299
2026-09-02,exsim,30357-1,0,Pangsapuri Servis,508,507
2026-09-02,exsim,31100-1,0,Pangsapuri Servis,1527,474
2026-09-02,exsim,31100-1,1,Pangsapuri Servis,1257,531
2026-09-02,exsim,31100-1,2,Pangsapuri Servis,908,495
2026-09-02,exsim,31100-1,3,Pangsapuri Servis,833,0
2026-09-02,exsim,30131-1,0,Soho,424,424
2026-09-02,mahsing,14297-25,0,Rumah Teres,111,109
2026-09-02,mahsing,14297-25,1,Rumah Teres,124,49
2026-09-02,mahsing,12324-1,0,Rumah Pangsa/Kondo,172,172
2026-09-02,mahsing,12324-1,1,Rumah Pangsa/Kondo,205,205
2026-09-02,mahsing,14297-24,0,Rumah Teres,168,144
2026-09-02,mahsing,12029-4,0,Pangsapuri Servis,833,70
2026-09-02,mahsing,31251-1,0,Rumah Pangsa/Kondo,606,48
2026-09-02,mahsing,5911-33,0,Pangsapuri Servis,686,462
2026-09-02,mahsing,5911-33,1,Pangsapuri Servis,932,551
2026-09-02,mahsing,13262-2,0,Pangsapuri Suite,747,53
2026-09-02,mahsing,13262-2,1,Pangsapuri Suite,797,306
2026-09-02,mahsing,30834-1,0,Pangsapuri Servis,570,423
2026-09-02,mahsing,30834-1,1,Pangsapuri Servis,570,372
2026-09-02,mahsing,30897-1,0,Rumah Teres,249,237
2026-09-02,mahsing,30897-1,1,Rumah Teres,81,79
2026-09-02,mahsing,30897-1,2,Rumah Teres,26,20
2026-09-02,mahsing,30897-1,3,Rumah Teres,126,120
2026-09-02,mahsing,30897-1,4,Rumah Teres,104,96
2026-09-02,mahsing,30897-1,5,Rumah Teres,44,22
2026-09-02,mahsing,30897-1,6,Rumah Teres,85,54
2026-09-02,mahsing,30897-1,7,Rumah Teres,102,16
2026-09-02,mahsing,11202-4,0,Pangsapuri Suite,624,614
2026-09-02,mahsing,11202-4,1,Pangsapuri Suite,624,611
2026-09-02,mahsing,11202-4,2,Pangsapuri Suite,832,646
2026-09-02,mahsing,11998-4,0,Rumah Teres,247,247
2026-09-02,mahsing,11998-4,1,Rumah Teres,149,149
2026-09-02,mahsing,13425-8,0,Pangsapuri Servis,422,333
2026-09-02,mahsing,13425-8,1,Pangsapuri Servis,78,60
2026-09-02,mahsing,13425-8,2,Pangsapuri Servis,499,0
2026-09-02,mahsing,30805-1,0,Pangsapuri Servis,748,457
2026-09-02,mahsing,30805-1,1,Pangsapuri Servis,251,121
2026-09-02,mahsing,10279-5,0,Rumah Teres,123,123
2026-09-02,mahsing,10279-5,1,Rumah Teres,100,100
2026-09-02,mahsing,10279-5,2,Rumah Teres,252,209
2026-09-02,mahsing,10279-5,3,Rumah Teres,116,98
2026-09-02,mahsing,10279-5,4,Rumah Teres,55,38
2026-09-02,mahsing,10279-5,5,Rumah Kluster,108,83
2026-09-02,mahsing,12029-3,0,Pangsapuri Servis,494,228
2026-09-02,mahsing,11430-2,0,Pangsapuri Suite,619,618
2026-09-02,mahsing,9600-6,0,Pangsapuri Servis,843,501
2026-09-02,mahsing,9600-6,1,Pangsapuri Servis,890,261
2026-09-02,mahsing,30440-1,0,Pangsapuri Servis,421,416
2026-09-02,mahsing,30440-1,1,Pangsapuri Servis,619,575
2026-09-02,mahsing,30440-1,2,Pangsapuri Servis,486,480
2026-09-02,majesticgen,30828-2,0,Pangsapuri Servis,732,731
2026-09-02,majesticgen,30828-3,0,Pangsapuri Servis,996,908
2026-09-02,majesticgen,30828-1,0,Pangsapuri Servis,360,354
2026-09-02,majesticgen,30244-1,0,Pangsapuri Servis,478,478
2026-09-02,majesticgen,30990-1,0,Rumah Teres,32,32
2026-09-02,majesticgen,30990-1,1,Rumah Berkembar,2,2
2026-09-02,majesticgen,30990-1,2,Rumah Teres,72,64
2026-09-02,majesticgen,31034-1,0,Soho,540,297
2026-09-02,majesticgen,31034-1,1,Soho,472,95
2026-09-02,majesticgen,30989-1,0,Rumah Teres,73,73
2026-09-02,majesticgen,12069-7,0,Rumah Berpagar & Berpengawal,128,0
2026-09-02,majesticgen,12069-7,1,Rumah Berpagar & Berpengawal,12,0
2026-09-02,malton,31139-1,0,Pangsapuri Servis,562,349
2026-09-02,malton,8950-4,0,Rumah Pangsa/Kondo,526,12
2026-09-02,malton,30667-1,0,Pangsapuri Servis,210,170
2026-09-02,malton,30667-1,1,Pangsapuri Servis,243,222
2026-09-02,malton,14035-6,0,Rumah Pangsa/Kondo,336,328
2026-09-02,malton,14035-4,0,Rumah Pangsa/Kondo,440,292
2026-09-02,malton,14035-4,1,Rumah Pangsa/Kondo,440,354
2026-09-02,malton,14035-4,2,Rumah Pangsa/Kondo,452,334
2026-09-02,maxim,30267-1,0,Rumah Pangsa/Kondo,302,302
2026-09-02,maxim,30267-1,1,Rumah Pangsa/Kondo,302,302
2026-09-02,maxim,31046-1,0,Pangsapuri Suite,558,110
2026-09-02,maxim,31046-1,1,Pangsapuri Suite,558,211
2026-09-02,maxim,31074-1,0,Pangsapuri Servis,858,403
2026-09-02,maxim,31074-1,1,Pangsapuri Servis,858,370
2026-09-02,maxim,31074-1,2,Pangsapuri Servis,1027,237
2026-09-02,maxim,30037-1,0,Pangsapuri Suite,629,629
2026-09-02,maxim,30037-1,1,Pangsapuri Suite,607,607
2026-09-02,maxim,19088-3,0,Rumah Pangsa/Kondo,208,178
2026-09-02,maxim,19088-3,1,Rumah Pangsa/Kondo,208,164
2026-09-02,maxim,19088-3,2,Rumah Pangsa/Kondo,208,181
2026-09-02,platinumvictory,30581-1,0,Pangsapuri Suite,877,862
2026-09-02,platinumvictory,30581-1,1,Pangsapuri Suite,811,810
2026-09-02,platinumvictory,9832-11,0,Pangsapuri Suite,946,469
2026-09-02,platinumvictory,9832-11,1,Pangsapuri Suite,1136,733
2026-09-02,platinumvictory,31008-1,0,Rumah Pangsa/Kondo,198,129
2026-09-02,platinumvictory,31008-1,1,Rumah Pangsa/Kondo,358,161
2026-09-02,platinumvictory,31008-1,2,Rumah Pangsa/Kondo,238,232
2026-09-02,platinumvictory,20253-2,0,Rumah Pangsa/Kondo,500,467
2026-09-02,platinumvictory,20253-3,0,Rumah Pangsa/Kondo,757,600
2026-09-02,platinumvictory,20253-3,1,Rumah Pangsa/Kondo,743,562
2026-09-02,platinumvictory,30937-1,0,Rumah Teres,23,18
2026-09-02,skyworld,31051-1,0,Rumah Pangsa/Kondo,492,457
2026-09-02,skyworld,30176-1,0,Rumah Pangsa/Kondo,448,429
2026-09-02,skyworld,30176-1,1,Rumah Pangsa/Kondo,382,227
2026-09-02,skyworld,30976-1,0,Rumah Pangsa/Kondo,510,240
2026-09-02,skyworld,31075-1,0,Rumah Pangsa/Kondo,583,567
2026-09-02,skyworld,31075-1,1,Rumah Pangsa/Kondo,583,529
2026-09-02,skyworld,31075-1,2,Rumah Pangsa/Kondo,680,251
2026-09-02,skyworld,31075-1,3,Rumah Pangsa/Kondo,542,0
2026-09-02,skyworld,31075-1,4,Rumah Pangsa/Kondo,516,0
2026-09-02,skyworld,31075-1,5,Rumah Pangsa/Kondo,560,0
2026-09-02,skyworld,31075-1,6,Rumah Pangsa/Kondo,518,0
2026-09-02,skyworld,19840-2,0,Pangsapuri Suite,535,466
2026-09-02,skyworld,19840-2,1,Pangsapuri Suite,466,465
2026-09-02,tslaw,31031-1,0,Pangsapuri Servis,815,728
2026-09-02,tslaw,31031-1,1,Pangsapuri Servis,808,669
2026-09-02,tslaw,30331-1,0,Pangsapuri Suite,897,888
2026-09-02,tslaw,30331-1,1,Pangsapuri Suite,941,937
2026-09-02,tslaw,9158-9,0,Rumah Berkembar,38,38
2026-09-02,tslaw,9158-9,1,Rumah Berkembar,2,2
2026-09-02,tslaw,9158-9,2,Rumah Berkembar,2,2
2026-09-02,tslaw,19760-1,0,Pangsapuri Servis,432,431
2026-09-02,tslaw,19760-1,1,Pangsapuri Servis,432,424
2026-09-02,tslaw,19760-1,2,Pangsapuri Servis,432,431
2026-09-02,trinitygroup,30857-1,0,Rumah Pangsa/Kondo,234,1
2026-09-02,trinitygroup,30857-1,1,Rumah Pangsa/Kondo,240,35
2026-09-02,trinitygroup,30857-1,2,Rumah Pangsa/Kondo,240,0
2026-09-02,trinitygroup,20140-2,0,Rumah Pangsa/Kondo,230,45
2026-09-02,trinitygroup,20140-2,1,Rumah Pangsa/Kondo,216,202
2026-09-02,trinitygroup,20140-2,2,Rumah Pangsa/Kondo,291,100
2026-09-02,trinitygroup,10826-4,0,Pangsapuri Servis,157,134
2026-09-02,trinitygroup,10826-4,1,Pangsapuri Servis,80,62
2026-09-02,trinitygroup,10826-4,2,Pangsapuri Servis,298,136
2026-09-02,radium,30363-2,0,Pangsapuri Suite,1218,1128
2026-09-02,radium,30363-1,0,Rumah Pangsa/Kondo,1218,1124
2026-09-02,radium,30821-1,0,Pangsapuri Suite,494,259
2026-09-02,radium,30821-1,1,Pangsapuri Suite,494,260
2026-09-02,radium,30121-1,0,Soho,944,379
2026-09-02,radium,31310-1,0,Rumah Pangsa/Kondo,558,0
2026-09-02,radium,31310-1,1,Rumah Pangsa/Kondo,239,0
2026-09-03,seputeh,32-16,0,Rumah Pangsa/Kondo,13,2
2026-09-03,seputeh,32-16,1,Rumah Pangsa/Kondo,13,6
2026-09-03,seputeh,32-16,2,Rumah Pangsa/Kondo,21,4
2026-09-03,seputeh,32-16,3,Rumah Pangsa/Kondo,27,10
2026-09-03,seputeh,32-16,4,Rumah Pangsa/Kondo,13,2
2026-09-03,seputeh,32-16,5,Rumah Pangsa/Kondo,12,2
2026-09-03,seputeh,32-16,6,Rumah Pangsa/Kondo,27,10
2026-09-03,seputeh,32-16,7,Rumah Pangsa/Kondo,20,7
2026-09-03,seputeh,30216-1,0,Pangsapuri Servis,154,36
2026-09-03,seputeh,30216-2,0,Pangsapuri Servis,490,48
2026-09-03,seputeh,31078-1,0,Rumah Berpagar & Berpengawal,48,45
2026-09-03,seputeh,31274-1,0,Rumah Pangsa/Kondo,244,1
2026-09-03,seputeh,2463-23,0,Rumah Pangsa/Kondo,293,264
2026-09-03,seputeh,2463-23,1,Rumah Pangsa/Kondo,140,89
2026-09-03,status13,31202-1,0,Pangsapuri Suite,680,103
2026-09-03,status13,31202-1,1,Pangsapuri Suite,630,88
2026-09-03,status13,13262-2,0,Pangsapuri Suite,747,53
2026-09-03,status13,13262-2,1,Pangsapuri Suite,797,306
2026-09-03,status13,30590-2,0,Soho,996,129
2026-09-03,status13,5911-33,0,Pangsapuri Servis,686,462
2026-09-03,status13,5911-33,1,Pangsapuri Servis,932,551
2026-09-03,status13,30363-2,0,Pangsapuri Suite,1218,1128
2026-09-03,status13,30821-1,0,Pangsapuri Suite,494,259
2026-09-03,status13,30821-1,1,Pangsapuri Suite,494,260
2026-09-03,status13,30366-1,0,Pangsapuri Servis,482,468
2026-09-03,status13,13074-4,0,Pangsapuri Servis,299,238
2026-09-03,status13,8824-5,0,Pangsapuri Servis,641,191
2026-09-03,status13,8824-5,1,Pangsapuri Servis,655,458
2026-09-03,status13,20253-3,0,Rumah Pangsa/Kondo,757,600
2026-09-03,status13,20253-3,1,Rumah Pangsa/Kondo,743,562
2026-09-03,status13,30876-1,0,Rumah Pangsa/Kondo,551,134
2026-09-03,status13,30250-2,0,Rumah Pangsa/Kondo,333,333
2026-09-03,status13,30250-2,1,Rumah Pangsa/Kondo,328,326
2026-09-03,status13,31332-1,0,Pangsapuri Servis,415,176
2026-09-03,status13,31332-1,1,Pangsapuri Servis,415,104
2026-09-03,johor,835-14,0,Pangsapuri Servis,715,307
2026-09-03,johor,30946-1,0,Pangsapuri Servis,1950,974
2026-09-03,johor,14523-4,0,Pangsapuri Servis,416,51
2026-09-03,johor,30635-1,0,Pangsapuri Servis,539,327
2026-09-03,johor,30635-1,1,Pangsapuri Servis,539,340
2026-09-03,johor,30635-1,2,Pangsapuri Servis,539,219
2026-09-03,johor,30635-1,3,Pangsapuri Servis,539,180
2026-09-03,johor,31007-1,0,Pangsapuri Servis,848,845
2026-09-03,johor,31100-1,0,Pangsapuri Servis,1527,474
2026-09-03,johor,31100-1,1,Pangsapuri Servis,1257,531
2026-09-03,johor,31100-1,2,Pangsapuri Servis,908,495
2026-09-03,johor,31100-1,3,Pangsapuri Servis,833,0
2026-09-03,johor,31074-1,0,Pangsapuri Servis,858,403
2026-09-03,johor,31074-1,1,Pangsapuri Servis,858,370
2026-09-03,johor,31074-1,2,Pangsapuri Servis,1027,237
2026-09-03,johor,9600-6,0,Pangsapuri Servis,843,501
2026-09-03,johor,9600-6,1,Pangsapuri Servis,890,261
2026-09-03,johor,31031-1,0,Pangsapuri Servis,815,728
2026-09-03,johor,31031-1,1,Pangsapuri Servis,808,669
2026-09-03,johor,30828-3,0,Pangsapuri Servis,996,908
2026-09-03,johor,13531-2,0,Pangsapuri Servis,824,726
2026-09-03,johor,31034-1,0,Soho,540,297
2026-09-03,johor,31034-1,1,Soho,472,95
2026-09-03,johor,31149-1,0,Pangsapuri Servis,637,216
2026-09-03,johor,31149-1,1,Pangsapuri Servis,637,92
2026-09-03,ukay,9500-8,0,Rumah Pangsa/Kondo,306,94
2026-09-03,ukay,20140-2,0,Rumah Pangsa/Kondo,230,45
2026-09-03,ukay,20140-2,1,Rumah Pangsa/Kondo,216,202
2026-09-03,ukay,20140-2,2,Rumah Pangsa/Kondo,291,100
2026-09-03,ukay,11519-3,0,Rumah Pangsa/Kondo,344,343
2026-09-03,ukay,597-13,0,Pangsapuri Servis,234,228
2026-09-03,ukay,10296-3,0,Rumah Sesebuah,1,1
2026-09-03,ukay,10296-3,1,Rumah Berkembar,2,2
2026-09-03,ukay,10296-3,2,Rumah Teres,45,45
2026-09-03,ukay,10296-3,3,Rumah Berkembar,4,4
2026-09-03,ukay,10296-3,4,Rumah Sesebuah,1,1
2026-09-03,ukay,10296-3,5,Rumah Teres,80,80
2026-09-03,ukay,10296-3,6,Rumah Berkembar,24,24
2026-09-03,ukay,10296-3,7,Rumah Sesebuah,1,1
2026-09-03,ukay,10296-3,8,Rumah Teres,12,12
2026-09-03,ukay,10296-3,9,Rumah Teres,54,54
2026-09-03,ukay,10296-3,10,Rumah Teres,12,12
2026-09-03,ukay,10296-3,11,Rumah Berkembar,18,18
2026-09-03,ukay,10296-3,12,Rumah Sesebuah,1,1
2026-09-03,ukay,10296-3,13,Rumah Sesebuah,1,1
2026-09-03,ukay,10296-3,14,Rumah Berkembar,12,12
2026-09-03,ukay,10296-3,15,Rumah Berkembar,2,2
2026-09-03,ukay,10296-3,16,Rumah Berkembar,2,2
2026-09-03,ukay,10296-3,17,Rumah Sesebuah,1,1
2026-09-03,ukay,12369-1,0,Rumah Teres,32,32
2026-09-03,ukay,12166-1,0,Rumah Sesebuah,3,3
2026-09-03,ukay,12166-1,1,Rumah Sesebuah,10,10
2026-09-03,ukay,12166-1,2,Rumah Sesebuah,61,61
2026-09-03,ukay,9500-7,0,Rumah Teres,7,7
2026-09-03,ukay,9500-7,1,Rumah Teres,7,7
2026-09-03,ukay,9500-7,2,Rumah Teres,12,12
2026-09-03,ukay,9500-7,3,Rumah Pangsa/Kondo,30,30
2026-09-03,ukay,9500-7,4,Rumah Pangsa/Kondo,38,38
2026-09-03,ukay,9500-7,5,Rumah Pangsa/Kondo,36,36
2026-09-03,ukay,9500-7,6,Rumah Pangsa/Kondo,38,38
2026-09-03,ukay,9500-7,7,Rumah Pangsa/Kondo,26,26
2026-09-03,ukay,9500-7,8,Rumah Pangsa/Kondo,28,28
2026-09-03,ukay,11078-3,0,Pangsapuri Servis,2,1
2026-09-03,ukay,11078-3,1,Pangsapuri Servis,8,3
2026-09-03,ukay,11078-3,2,Pangsapuri Servis,2,2
2026-09-03,ukay,11078-3,3,Pangsapuri Servis,8,3
2026-09-03,ukay,11078-3,4,Pangsapuri Servis,48,19
2026-09-03,ukay,11078-3,5,Pangsapuri Servis,48,18
2026-09-03,ukay,11078-3,6,Pangsapuri Servis,128,119
2026-09-03,ukay,11078-3,7,Pangsapuri Servis,20,20
2026-09-03,ukay,11078-3,8,Pangsapuri Servis,32,12
2026-09-03,ukay,12123-1,0,Rumah Teres,50,50
2026-09-03,ukay,12123-1,1,Rumah Pangsa/Kondo,13,13
2026-09-03,ukay,12123-1,2,Rumah Sesebuah,18,18
2026-09-03,ukay,20140-1,0,Rumah Pangsa/Kondo,237,233
2026-09-03,ukay,20140-1,1,Rumah Pangsa/Kondo,226,223
2026-09-03,ukay,12437-2,0,Rumah Teres,41,41
2026-09-03,ukay,12437-2,1,Rumah Teres,40,39
2026-09-03,ukay,12437-2,2,Rumah Teres,25,24
2026-09-03,ukay,11602-1,0,Rumah Teres,11,11
2026-09-03,seputeh,30141-2,0,Rumah Pangsa/Kondo,247,0
2026-09-03,seputeh,30141-2,1,Rumah Pangsa/Kondo,248,1
2026-09-03,armani,31112-1,0,Pangsapuri Servis,119,18
2026-09-03,armani,31112-1,1,Suite Homes,67,40
2026-09-03,armani,30135-3,0,Rumah Pangsa/Kondo,328,69
2026-09-03,armani,30705-2,0,Rumah Teres,16,0
2026-09-03,armani,30705-2,1,Rumah Teres,28,2
2026-09-03,armani,30273-1,0,Rumah Bandar,128,90
2026-09-03,armani,30273-1,1,Rumah Bandar,104,21
2026-09-03,armani,30256-2,0,Suite Homes,1440,759
2026-09-03,armani,30256-2,1,Soho,775,240
2026-09-03,armani,6820-8,0,Pangsapuri Servis,306,277
2026-09-03,armani,30727-1,0,Pangsapuri Servis,500,481
2026-09-03,armani,30727-1,1,Soho,148,92
2026-09-03,armani,30727-2,0,Pangsapuri Servis,498,61
2026-09-03,armani,30727-2,1,Soho,500,220
2026-09-03,armani,30339-1,0,Pangsapuri Servis,338,331
2026-09-03,armani,13975-5,0,Rumah Pangsa/Kondo,105,85
2026-09-03,armani,13975-5,1,Rumah Pangsa/Kondo,105,82
2026-09-03,armani,13975-5,2,Rumah Pangsa/Kondo,105,96
2026-09-03,armani,30641-1,0,Pangsapuri Servis,653,647
2026-09-03,armani,13975-6,0,Pangsapuri Servis,387,384
2026-09-03,armani,30799-1,0,Soho,488,12
2026-09-03,armani,30799-1,1,Pangsapuri Servis,496,16
2026-09-03,armani,30393-1,0,Rumah Berkembar,6,0
2026-09-03,armani,30393-1,1,Rumah Teres,2,0
2026-09-03,armani,30393-1,2,Rumah Teres,20,0
2026-09-03,armani,30393-1,3,Rumah Teres,2,0
2026-09-03,armani,30135-2,0,Suite Homes,280,95
2026-09-03,armani,13970-3,0,Rumah Berkembar,116,81
2026-09-03,avaland,30624-1,0,Rumah Pangsa/Kondo,70,70
2026-09-03,avaland,30624-1,1,Rumah Pangsa/Kondo,56,55
2026-09-03,avaland,30162-1,0,Pangsapuri Servis,492,317
2026-09-03,avaland,30162-1,1,Pangsapuri Servis,278,107
2026-09-03,avaland,20185-3,0,Pangsapuri Servis,216,216
2026-09-03,avaland,20185-3,1,Pangsapuri Servis,252,240
2026-09-03,avaland,9490-3,0,Pangsapuri Servis,504,274
2026-09-03,avaland,9490-3,1,Pangsapuri Servis,396,0
2026-09-03,avaland,30240-3,0,Rumah Teres,113,101
2026-09-03,avaland,30240-3,1,Rumah Teres,17,6
2026-09-03,avaland,30240-3,2,Rumah Teres,36,35
2026-09-03,avaland,30240-3,3,Rumah Teres,125,13
2026-09-03,avaland,30240-3,4,Rumah Teres,16,3
2026-09-03,avaland,30240-3,5,Rumah Teres,36,22
2026-09-03,avaland,12047-4,0,Rumah Pangsa/Kondo,303,97
2026-09-03,avaland,12047-4,1,Rumah Pangsa/Kondo,303,135
2026-09-03,avaland,20017-1,0,Rumah Pangsa/Kondo,149,144
2026-09-03,avaland,20017-1,1,Rumah Pangsa/Kondo,77,77
2026-09-03,binastra,31332-1,0,Pangsapuri Servis,415,176
2026-09-03,binastra,31332-1,1,Pangsapuri Servis,415,104
2026-09-03,chinhin,13531-2,0,Pangsapuri Servis,824,726
2026-09-03,chinhin,30632-1,0,Pangsapuri Servis,438,299
2026-09-03,chinhin,30632-1,1,Pangsapuri Servis,349,304
2026-09-03,chinhin,30190-1,0,Pangsapuri Servis,339,335
2026-09-03,chinhin,30190-1,1,Pangsapuri Servis,503,474
2026-09-03,chinhin,30382-1,0,Rumah Pangsa/Kondo,333,322
2026-09-03,chinhin,30382-1,1,Rumah Pangsa/Kondo,491,439
2026-09-03,chinhin,30744-1,0,Pangsapuri Servis,588,482
2026-09-03,chinhin,31096-1,0,Pangsapuri Servis,561,127
2026-09-03,chinhin,31096-1,1,Pangsapuri Servis,472,143
2026-09-03,chinhin,30064-1,0,Pangsapuri Servis,314,313
2026-09-03,chinhin,30064-1,1,Pangsapuri Servis,370,365
2026-09-03,chinhin,30382-3,0,Rumah Pangsa/Kondo,823,822
2026-09-03,chinhin,30907-1,0,Rumah Teres,140,135
2026-09-03,chinhin,30907-1,1,Rumah Teres,12,10
2026-09-03,chinhin,30907-1,2,Rumah Teres,79,76
2026-09-03,chinhin,30629-2,0,Pangsapuri Servis,492,477
2026-09-03,exsim,30784-1,0,Pangsapuri Servis,269,268
2026-09-03,exsim,20011-3,0,Pangsapuri Servis,593,593
2026-09-03,exsim,20011-2,0,Pangsapuri Servis,767,767
2026-09-03,exsim,20011-4,0,Pangsapuri Servis,671,664
2026-09-03,exsim,13666-2,0,Pangsapuri Servis,98,98
2026-09-03,exsim,30370-1,0,Pangsapuri Servis,320,319
2026-09-03,exsim,30789-1,0,Pangsapuri Servis,126,126
2026-09-03,exsim,30571-1,0,Pangsapuri Servis,603,602
2026-09-03,exsim,30914-1,0,Pangsapuri Servis,759,625
2026-09-03,exsim,30830-1,0,Pangsapuri Servis,456,317
2026-09-03,exsim,20011-5,0,Pangsapuri Servis,662,174
2026-09-03,exsim,31007-1,0,Pangsapuri Servis,848,845
2026-09-03,exsim,20084-1,0,Pangsapuri Servis,386,312
2026-09-03,exsim,20084-1,1,Pangsapuri Servis,293,27
2026-09-03,exsim,30741-1,0,Pangsapuri Suite,460,457
2026-09-03,exsim,30741-1,1,Pangsapuri Suite,506,505
2026-09-03,exsim,30741-1,2,Pangsapuri Suite,592,590
2026-09-03,exsim,31088-1,0,Pangsapuri Servis,671,550
2026-09-03,exsim,30741-2,0,Pangsapuri Suite,494,192
2026-09-03,exsim,30741-2,1,Pangsapuri Suite,510,243
2026-09-03,exsim,30357-2,0,Pangsapuri Servis,569,358
2026-09-03,exsim,30357-2,1,Pangsapuri Servis,569,299
2026-09-03,exsim,30357-1,0,Pangsapuri Servis,508,507
2026-09-03,exsim,31100-1,0,Pangsapuri Servis,1527,474
2026-09-03,exsim,31100-1,1,Pangsapuri Servis,1257,531
2026-09-03,exsim,31100-1,2,Pangsapuri Servis,908,495
2026-09-03,exsim,31100-1,3,Pangsapuri Servis,833,0
2026-09-03,exsim,30131-1,0,Soho,424,424
2026-09-03,mahsing,14297-25,0,Rumah Teres,111,109
2026-09-03,mahsing,14297-25,1,Rumah Teres,124,49
2026-09-03,mahsing,12324-1,0,Rumah Pangsa/Kondo,172,172
2026-09-03,mahsing,12324-1,1,Rumah Pangsa/Kondo,205,205
2026-09-03,mahsing,14297-24,0,Rumah Teres,168,144
2026-09-03,mahsing,12029-4,0,Pangsapuri Servis,833,70
2026-09-03,mahsing,31251-1,0,Rumah Pangsa/Kondo,606,48
2026-09-03,mahsing,5911-33,0,Pangsapuri Servis,686,462
2026-09-03,mahsing,5911-33,1,Pangsapuri Servis,932,551
2026-09-03,mahsing,13262-2,0,Pangsapuri Suite,747,53
2026-09-03,mahsing,13262-2,1,Pangsapuri Suite,797,306
2026-09-03,mahsing,30834-1,0,Pangsapuri Servis,570,423
2026-09-03,mahsing,30834-1,1,Pangsapuri Servis,570,372
2026-09-03,mahsing,30897-1,0,Rumah Teres,249,237
2026-09-03,mahsing,30897-1,1,Rumah Teres,81,79
2026-09-03,mahsing,30897-1,2,Rumah Teres,26,20
2026-09-03,mahsing,30897-1,3,Rumah Teres,126,120
2026-09-03,mahsing,30897-1,4,Rumah Teres,104,96
2026-09-03,mahsing,30897-1,5,Rumah Teres,44,22
2026-09-03,mahsing,30897-1,6,Rumah Teres,85,54
2026-09-03,mahsing,30897-1,7,Rumah Teres,102,16
2026-09-03,mahsing,11202-4,0,Pangsapuri Suite,624,614
2026-09-03,mahsing,11202-4,1,Pangsapuri Suite,624,611
2026-09-03,mahsing,11202-4,2,Pangsapuri Suite,832,646
2026-09-03,mahsing,11998-4,0,Rumah Teres,247,247
2026-09-03,mahsing,11998-4,1,Rumah Teres,149,149
2026-09-03,mahsing,13425-8,0,Pangsapuri Servis,422,333
2026-09-03,mahsing,13425-8,1,Pangsapuri Servis,78,60
2026-09-03,mahsing,13425-8,2,Pangsapuri Servis,499,0
2026-09-03,mahsing,30805-1,0,Pangsapuri Servis,748,457
2026-09-03,mahsing,30805-1,1,Pangsapuri Servis,251,121
2026-09-03,mahsing,10279-5,0,Rumah Teres,123,123
2026-09-03,mahsing,10279-5,1,Rumah Teres,100,100
2026-09-03,mahsing,10279-5,2,Rumah Teres,252,209
2026-09-03,mahsing,10279-5,3,Rumah Teres,116,98
2026-09-03,mahsing,10279-5,4,Rumah Teres,55,38
2026-09-03,mahsing,10279-5,5,Rumah Kluster,108,83
2026-09-03,mahsing,12029-3,0,Pangsapuri Servis,494,228
2026-09-03,mahsing,11430-2,0,Pangsapuri Suite,619,618
2026-09-03,mahsing,9600-6,0,Pangsapuri Servis,843,501
2026-09-03,mahsing,9600-6,1,Pangsapuri Servis,890,261
2026-09-03,mahsing,30440-1,0,Pangsapuri Servis,421,416
2026-09-03,mahsing,30440-1,1,Pangsapuri Servis,619,575
2026-09-03,mahsing,30440-1,2,Pangsapuri Servis,486,480
2026-09-03,majesticgen,30828-2,0,Pangsapuri Servis,732,731
2026-09-03,majesticgen,30828-3,0,Pangsapuri Servis,996,908
2026-09-03,majesticgen,30828-1,0,Pangsapuri Servis,360,354
2026-09-03,majesticgen,30244-1,0,Pangsapuri Servis,478,478
2026-09-03,majesticgen,30990-1,0,Rumah Teres,32,32
2026-09-03,majesticgen,30990-1,1,Rumah Berkembar,2,2
2026-09-03,majesticgen,30990-1,2,Rumah Teres,72,64
2026-09-03,majesticgen,31034-1,0,Soho,540,297
2026-09-03,majesticgen,31034-1,1,Soho,472,95
2026-09-03,majesticgen,30989-1,0,Rumah Teres,73,73
2026-09-03,majesticgen,12069-7,0,Rumah Berpagar & Berpengawal,128,0
2026-09-03,majesticgen,12069-7,1,Rumah Berpagar & Berpengawal,12,0
2026-09-03,malton,31139-1,0,Pangsapuri Servis,562,349
2026-09-03,malton,8950-4,0,Rumah Pangsa/Kondo,526,12
2026-09-03,malton,30667-1,0,Pangsapuri Servis,210,170
2026-09-03,malton,30667-1,1,Pangsapuri Servis,243,222
2026-09-03,malton,14035-6,0,Rumah Pangsa/Kondo,336,328
2026-09-03,malton,14035-4,0,Rumah Pangsa/Kondo,440,292
2026-09-03,malton,14035-4,1,Rumah Pangsa/Kondo,440,354
2026-09-03,malton,14035-4,2,Rumah Pangsa/Kondo,452,334
2026-09-03,maxim,30267-1,0,Rumah Pangsa/Kondo,302,302
2026-09-03,maxim,30267-1,1,Rumah Pangsa/Kondo,302,302
2026-09-03,maxim,31046-1,0,Pangsapuri Suite,558,110
2026-09-03,maxim,31046-1,1,Pangsapuri Suite,558,211
2026-09-03,maxim,31074-1,0,Pangsapuri Servis,858,403
2026-09-03,maxim,31074-1,1,Pangsapuri Servis,858,370
2026-09-03,maxim,31074-1,2,Pangsapuri Servis,1027,237
2026-09-03,maxim,30037-1,0,Pangsapuri Suite,629,629
2026-09-03,maxim,30037-1,1,Pangsapuri Suite,607,607
2026-09-03,maxim,19088-3,0,Rumah Pangsa/Kondo,208,178
2026-09-03,maxim,19088-3,1,Rumah Pangsa/Kondo,208,164
2026-09-03,maxim,19088-3,2,Rumah Pangsa/Kondo,208,181
2026-09-03,platinumvictory,30581-1,0,Pangsapuri Suite,877,862
2026-09-03,platinumvictory,30581-1,1,Pangsapuri Suite,811,810
2026-09-03,platinumvictory,9832-11,0,Pangsapuri Suite,946,469
2026-09-03,platinumvictory,9832-11,1,Pangsapuri Suite,1136,733
2026-09-03,platinumvictory,31008-1,0,Rumah Pangsa/Kondo,198,129
2026-09-03,platinumvictory,31008-1,1,Rumah Pangsa/Kondo,358,161
2026-09-03,platinumvictory,31008-1,2,Rumah Pangsa/Kondo,238,232
2026-09-03,platinumvictory,20253-2,0,Rumah Pangsa/Kondo,500,467
2026-09-03,platinumvictory,20253-3,0,Rumah Pangsa/Kondo,757,600
2026-09-03,platinumvictory,20253-3,1,Rumah Pangsa/Kondo,743,562
2026-09-03,platinumvictory,30937-1,0,Rumah Teres,23,18
2026-09-03,skyworld,31051-1,0,Rumah Pangsa/Kondo,492,457
2026-09-03,skyworld,30176-1,0,Rumah Pangsa/Kondo,448,429
2026-09-03,skyworld,30176-1,1,Rumah Pangsa/Kondo,382,227
2026-09-03,skyworld,30976-1,0,Rumah Pangsa/Kondo,510,240
2026-09-03,skyworld,31075-1,0,Rumah Pangsa/Kondo,583,567
2026-09-03,skyworld,31075-1,1,Rumah Pangsa/Kondo,583,529
2026-09-03,skyworld,31075-1,2,Rumah Pangsa/Kondo,680,251
2026-09-03,skyworld,31075-1,3,Rumah Pangsa/Kondo,542,0
2026-09-03,skyworld,31075-1,4,Rumah Pangsa/Kondo,516,0
2026-09-03,skyworld,31075-1,5,Rumah Pangsa/Kondo,560,0
2026-09-03,skyworld,31075-1,6,Rumah Pangsa/Kondo,518,0
2026-09-03,skyworld,19840-2,0,Pangsapuri Suite,535,466
2026-09-03,skyworld,19840-2,1,Pangsapuri Suite,466,465
2026-09-03,tslaw,31031-1,0,Pangsapuri Servis,815,728
2026-09-03,tslaw,31031-1,1,Pangsapuri Servis,808,669
2026-09-03,tslaw,30331-1,0,Pangsapuri Suite,897,888
2026-09-03,tslaw,30331-1,1,Pangsapuri Suite,941,937
2026-09-03,tslaw,9158-9,0,Rumah Berkembar,38,38
2026-09-03,tslaw,9158-9,1,Rumah Berkembar,2,2
2026-09-03,tslaw,9158-9,2,Rumah Berkembar,2,2
2026-09-03,tslaw,19760-1,0,Pangsapuri Servis,432,431
2026-09-03,tslaw,19760-1,1,Pangsapuri Servis,432,424
2026-09-03,tslaw,19760-1,2,Pangsapuri Servis,432,431
2026-09-03,trinitygroup,30857-1,0,Rumah Pangsa/Kondo,234,1
2026-09-03,trinitygroup,30857-1,1,Rumah Pangsa/Kondo,240,35
2026-09-03,trinitygroup,30857-1,2,Rumah Pangsa/Kondo,240,0
2026-09-03,trinitygroup,20140-2,0,Rumah Pangsa/Kondo,230,45
2026-09-03,trinitygroup,20140-2,1,Rumah Pangsa/Kondo,216,202
2026-09-03,trinitygroup,20140-2,2,Rumah Pangsa/Kondo,291,100
2026-09-03,trinitygroup,10826-4,0,Pangsapuri Servis,157,134
2026-09-03,trinitygroup,10826-4,1,Pangsapuri Servis,80,62
2026-09-03,trinitygroup,10826-4,2,Pangsapuri Servis,298,136
2026-09-03,radium,30363-2,0,Pangsapuri Suite,1218,1128
2026-09-03,radium,30363-1,0,Rumah Pangsa/Kondo,1218,1124
2026-09-03,radium,30821-1,0,Pangsapuri Suite,494,259
2026-09-03,radium,30821-1,1,Pangsapuri Suite,494,260
2026-09-03,radium,30121-1,0,Soho,944,379
2026-09-03,radium,31310-1,0,Rumah Pangsa/Kondo,558,0
2026-09-03,radium,31310-1,1,Rumah Pangsa/Kondo,239,0
2026-09-04,seputeh,32-16,0,Rumah Pangsa/Kondo,13,2
2026-09-04,seputeh,32-16,1,Rumah Pangsa/Kondo,13,6
2026-09-04,seputeh,32-16,2,Rumah Pangsa/Kondo,21,4
2026-09-04,seputeh,32-16,3,Rumah Pangsa/Kondo,27,10
2026-09-04,seputeh,32-16,4,Rumah Pangsa/Kondo,13,2
2026-09-04,seputeh,32-16,5,Rumah Pangsa/Kondo,12,2
2026-09-04,seputeh,32-16,6,Rumah Pangsa/Kondo,27,10
2026-09-04,seputeh,32-16,7,Rumah Pangsa/Kondo,20,7
2026-09-04,seputeh,30216-1,0,Pangsapuri Servis,154,36
2026-09-04,seputeh,30216-2,0,Pangsapuri Servis,490,51
2026-09-04,seputeh,31078-1,0,Rumah Berpagar & Berpengawal,48,45
2026-09-04,seputeh,31274-1,0,Rumah Pangsa/Kondo,244,1
2026-09-04,seputeh,2463-23,0,Rumah Pangsa/Kondo,293,264
2026-09-04,seputeh,2463-23,1,Rumah Pangsa/Kondo,140,89
2026-09-04,status13,31202-1,0,Pangsapuri Suite,680,104
2026-09-04,status13,31202-1,1,Pangsapuri Suite,630,88
2026-09-04,status13,13262-2,0,Pangsapuri Suite,747,57
2026-09-04,status13,13262-2,1,Pangsapuri Suite,797,308
2026-09-04,status13,30590-2,0,Soho,996,131
2026-09-04,status13,5911-33,0,Pangsapuri Servis,686,462
2026-09-04,status13,5911-33,1,Pangsapuri Servis,932,551
2026-09-04,status13,30363-2,0,Pangsapuri Suite,1218,1128
2026-09-04,status13,30821-1,0,Pangsapuri Suite,494,261
2026-09-04,status13,30821-1,1,Pangsapuri Suite,494,260
2026-09-04,status13,30366-1,0,Pangsapuri Servis,482,469
2026-09-04,status13,13074-4,0,Pangsapuri Servis,299,238
2026-09-04,status13,8824-5,0,Pangsapuri Servis,641,193
2026-09-04,status13,8824-5,1,Pangsapuri Servis,655,460
2026-09-04,status13,20253-3,0,Rumah Pangsa/Kondo,757,600
2026-09-04,status13,20253-3,1,Rumah Pangsa/Kondo,743,563
2026-09-04,status13,30876-1,0,Rumah Pangsa/Kondo,551,138
2026-09-04,status13,30250-2,0,Rumah Pangsa/Kondo,333,333
2026-09-04,status13,30250-2,1,Rumah Pangsa/Kondo,328,326
2026-09-04,status13,31332-1,0,Pangsapuri Servis,415,189
2026-09-04,status13,31332-1,1,Pangsapuri Servis,415,114
2026-09-04,johor,835-14,0,Pangsapuri Servis,715,310
2026-09-04,johor,30946-1,0,Pangsapuri Servis,1950,975
2026-09-04,johor,14523-4,0,Pangsapuri Servis,416,52
2026-09-04,johor,30635-1,0,Pangsapuri Servis,539,328
2026-09-04,johor,30635-1,1,Pangsapuri Servis,539,340
2026-09-04,johor,30635-1,2,Pangsapuri Servis,539,220
2026-09-04,johor,30635-1,3,Pangsapuri Servis,539,180
2026-09-04,johor,31007-1,0,Pangsapuri Servis,848,845
2026-09-04,johor,31100-1,0,Pangsapuri Servis,1527,475
2026-09-04,johor,31100-1,1,Pangsapuri Servis,1257,531
2026-09-04,johor,31100-1,2,Pangsapuri Servis,908,497
2026-09-04,johor,31100-1,3,Pangsapuri Servis,833,0
2026-09-04,johor,31074-1,0,Pangsapuri Servis,858,403
2026-09-04,johor,31074-1,1,Pangsapuri Servis,858,371
2026-09-04,johor,31074-1,2,Pangsapuri Servis,1027,237
2026-09-04,johor,9600-6,0,Pangsapuri Servis,843,501
2026-09-04,johor,9600-6,1,Pangsapuri Servis,890,261
2026-09-04,johor,31031-1,0,Pangsapuri Servis,815,728
2026-09-04,johor,31031-1,1,Pangsapuri Servis,808,672
2026-09-04,johor,30828-3,0,Pangsapuri Servis,996,908
2026-09-04,johor,13531-2,0,Pangsapuri Servis,824,727
2026-09-04,johor,31034-1,0,Soho,540,297
2026-09-04,johor,31034-1,1,Soho,472,96
2026-09-04,johor,31149-1,0,Pangsapuri Servis,637,219
2026-09-04,johor,31149-1,1,Pangsapuri Servis,637,95
2026-09-04,ukay,9500-8,0,Rumah Pangsa/Kondo,306,93
2026-09-04,ukay,20140-2,0,Rumah Pangsa/Kondo,230,45
2026-09-04,ukay,20140-2,1,Rumah Pangsa/Kondo,216,203
2026-09-04,ukay,20140-2,2,Rumah Pangsa/Kondo,291,100
2026-09-04,ukay,11519-3,0,Rumah Pangsa/Kondo,344,343
2026-09-04,ukay,597-13,0,Pangsapuri Servis,234,228
2026-09-04,ukay,10296-3,0,Rumah Sesebuah,1,1
2026-09-04,ukay,10296-3,1,Rumah Berkembar,2,2
2026-09-04,ukay,10296-3,2,Rumah Teres,45,45
2026-09-04,ukay,10296-3,3,Rumah Berkembar,4,4
2026-09-04,ukay,10296-3,4,Rumah Sesebuah,1,1
2026-09-04,ukay,10296-3,5,Rumah Teres,80,80
2026-09-04,ukay,10296-3,6,Rumah Berkembar,24,24
2026-09-04,ukay,10296-3,7,Rumah Sesebuah,1,1
2026-09-04,ukay,10296-3,8,Rumah Teres,12,12
2026-09-04,ukay,10296-3,9,Rumah Teres,54,54
2026-09-04,ukay,10296-3,10,Rumah Teres,12,12
2026-09-04,ukay,10296-3,11,Rumah Berkembar,18,18
2026-09-04,ukay,10296-3,12,Rumah Sesebuah,1,1
2026-09-04,ukay,10296-3,13,Rumah Sesebuah,1,1
2026-09-04,ukay,10296-3,14,Rumah Berkembar,12,12
2026-09-04,ukay,10296-3,15,Rumah Berkembar,2,2
2026-09-04,ukay,10296-3,16,Rumah Berkembar,2,2
2026-09-04,ukay,10296-3,17,Rumah Sesebuah,1,1
2026-09-04,ukay,12369-1,0,Rumah Teres,32,32
2026-09-04,ukay,12369-2,0,Rumah Berkembar,7,7
2026-09-04,ukay,12166-1,0,Rumah Sesebuah,3,3
2026-09-04,ukay,12166-1,1,Rumah Sesebuah,10,10
2026-09-04,ukay,12166-1,2,Rumah Sesebuah,61,61
2026-09-04,ukay,9500-7,0,Rumah Teres,7,7
2026-09-04,ukay,9500-7,1,Rumah Teres,7,7
2026-09-04,ukay,9500-7,2,Rumah Teres,12,12
2026-09-04,ukay,9500-7,3,Rumah Pangsa/Kondo,30,30
2026-09-04,ukay,9500-7,4,Rumah Pangsa/Kondo,38,38
2026-09-04,ukay,9500-7,5,Rumah Pangsa/Kondo,36,36
2026-09-04,ukay,9500-7,6,Rumah Pangsa/Kondo,38,38
2026-09-04,ukay,9500-7,7,Rumah Pangsa/Kondo,26,26
2026-09-04,ukay,9500-7,8,Rumah Pangsa/Kondo,28,28
2026-09-04,ukay,11078-3,0,Pangsapuri Servis,2,1
2026-09-04,ukay,11078-3,1,Pangsapuri Servis,8,3
2026-09-04,ukay,11078-3,2,Pangsapuri Servis,2,2
2026-09-04,ukay,11078-3,3,Pangsapuri Servis,8,3
2026-09-04,ukay,11078-3,4,Pangsapuri Servis,48,19
2026-09-04,ukay,11078-3,5,Pangsapuri Servis,48,18
2026-09-04,ukay,11078-3,6,Pangsapuri Servis,128,119
2026-09-04,ukay,11078-3,7,Pangsapuri Servis,20,20
2026-09-04,ukay,11078-3,8,Pangsapuri Servis,32,12
2026-09-04,ukay,12123-1,0,Rumah Teres,50,50
2026-09-04,ukay,12123-1,1,Rumah Pangsa/Kondo,13,13
2026-09-04,ukay,12123-1,2,Rumah Sesebuah,18,18
2026-09-04,ukay,20140-1,0,Rumah Pangsa/Kondo,237,233
2026-09-04,ukay,20140-1,1,Rumah Pangsa/Kondo,226,223
2026-09-04,ukay,12437-2,0,Rumah Teres,41,41
2026-09-04,ukay,12437-2,1,Rumah Teres,40,39
2026-09-04,ukay,12437-2,2,Rumah Teres,25,24
2026-09-04,ukay,11602-1,0,Rumah Teres,11,11
2026-09-04,seputeh,30141-2,0,Rumah Pangsa/Kondo,247,3
2026-09-04,seputeh,30141-2,1,Rumah Pangsa/Kondo,248,5
2026-09-04,armani,31112-1,0,Pangsapuri Servis,119,18
2026-09-04,armani,31112-1,1,Suite Homes,67,40
2026-09-04,armani,30135-3,0,Rumah Pangsa/Kondo,328,72
2026-09-04,armani,30705-2,0,Rumah Teres,16,0
2026-09-04,armani,30705-2,1,Rumah Teres,28,2
2026-09-04,armani,30273-1,0,Rumah Bandar,128,90
2026-09-04,armani,30273-1,1,Rumah Bandar,104,22
2026-09-04,armani,30256-2,0,Suite Homes,1440,761
2026-09-04,armani,30256-2,1,Soho,775,245
2026-09-04,armani,6820-8,0,Pangsapuri Servis,306,277
2026-09-04,armani,30727-1,0,Pangsapuri Servis,500,481
2026-09-04,armani,30727-1,1,Soho,148,92
2026-09-04,armani,30727-2,0,Pangsapuri Servis,498,62
2026-09-04,armani,30727-2,1,Soho,500,222
2026-09-04,armani,30339-1,0,Pangsapuri Servis,338,331
2026-09-04,armani,13975-5,0,Rumah Pangsa/Kondo,105,85
2026-09-04,armani,13975-5,1,Rumah Pangsa/Kondo,105,82
2026-09-04,armani,13975-5,2,Rumah Pangsa/Kondo,105,99
2026-09-04,armani,30641-1,0,Pangsapuri Servis,653,647
2026-09-04,armani,13975-6,0,Pangsapuri Servis,387,384
2026-09-04,armani,30799-1,0,Soho,488,13
2026-09-04,armani,30799-1,1,Pangsapuri Servis,496,16
2026-09-04,armani,30393-1,0,Rumah Berkembar,6,0
2026-09-04,armani,30393-1,1,Rumah Teres,2,0
2026-09-04,armani,30393-1,2,Rumah Teres,20,0
2026-09-04,armani,30393-1,3,Rumah Teres,2,0
2026-09-04,armani,30135-2,0,Suite Homes,280,96
2026-09-04,armani,13970-3,0,Rumah Berkembar,116,81
2026-09-04,avaland,30624-1,0,Rumah Pangsa/Kondo,70,70
2026-09-04,avaland,30624-1,1,Rumah Pangsa/Kondo,56,55
2026-09-04,avaland,30162-1,0,Pangsapuri Servis,492,317
2026-09-04,avaland,30162-1,1,Pangsapuri Servis,278,108
2026-09-04,avaland,20185-3,0,Pangsapuri Servis,216,216
2026-09-04,avaland,20185-3,1,Pangsapuri Servis,252,241
2026-09-04,avaland,9490-3,0,Pangsapuri Servis,504,275
2026-09-04,avaland,9490-3,1,Pangsapuri Servis,396,0
2026-09-04,avaland,30240-3,0,Rumah Teres,113,101
2026-09-04,avaland,30240-3,1,Rumah Teres,17,6
2026-09-04,avaland,30240-3,2,Rumah Teres,36,35
2026-09-04,avaland,30240-3,3,Rumah Teres,125,13
2026-09-04,avaland,30240-3,4,Rumah Teres,16,3
2026-09-04,avaland,30240-3,5,Rumah Teres,36,22
2026-09-04,avaland,12047-4,0,Rumah Pangsa/Kondo,303,97
2026-09-04,avaland,12047-4,1,Rumah Pangsa/Kondo,303,135
2026-09-04,avaland,20017-1,0,Rumah Pangsa/Kondo,149,144
2026-09-04,avaland,20017-1,1,Rumah Pangsa/Kondo,77,77
2026-09-04,binastra,31332-1,0,Pangsapuri Servis,415,189
2026-09-04,binastra,31332-1,1,Pangsapuri Servis,415,114
2026-09-04,chinhin,13531-2,0,Pangsapuri Servis,824,727
2026-09-04,chinhin,30632-1,0,Pangsapuri Servis,438,299
2026-09-04,chinhin,30632-1,1,Pangsapuri Servis,349,304
2026-09-04,chinhin,30190-1,0,Pangsapuri Servis,339,335
2026-09-04,chinhin,30190-1,1,Pangsapuri Servis,503,474
2026-09-04,chinhin,30382-1,0,Rumah Pangsa/Kondo,333,322
2026-09-04,chinhin,30382-1,1,Rumah Pangsa/Kondo,491,439
2026-09-04,chinhin,30744-1,0,Pangsapuri Servis,588,482
2026-09-04,chinhin,31096-1,0,Pangsapuri Servis,561,130
2026-09-04,chinhin,31096-1,1,Pangsapuri Servis,472,145
2026-09-04,chinhin,30064-1,0,Pangsapuri Servis,314,313
2026-09-04,chinhin,30064-1,1,Pangsapuri Servis,370,365
2026-09-04,chinhin,30382-3,0,Rumah Pangsa/Kondo,823,822
2026-09-04,chinhin,30907-1,0,Rumah Teres,140,135
2026-09-04,chinhin,30907-1,1,Rumah Teres,12,10
2026-09-04,chinhin,30907-1,2,Rumah Teres,79,76
2026-09-04,chinhin,30629-2,0,Pangsapuri Servis,492,477
2026-09-04,exsim,30784-1,0,Pangsapuri Servis,269,268
2026-09-04,exsim,20011-3,0,Pangsapuri Servis,593,593
2026-09-04,exsim,20011-2,0,Pangsapuri Servis,767,767
2026-09-04,exsim,20011-4,0,Pangsapuri Servis,671,664
2026-09-04,exsim,13666-2,0,Pangsapuri Servis,98,98
2026-09-04,exsim,30370-1,0,Pangsapuri Servis,320,319
2026-09-04,exsim,30789-1,0,Pangsapuri Servis,126,126
2026-09-04,exsim,30571-1,0,Pangsapuri Servis,603,602
2026-09-04,exsim,30914-1,0,Pangsapuri Servis,759,625
2026-09-04,exsim,30830-1,0,Pangsapuri Servis,456,317
2026-09-04,exsim,20011-5,0,Pangsapuri Servis,662,181
2026-09-04,exsim,31007-1,0,Pangsapuri Servis,848,845
2026-09-04,exsim,20084-1,0,Pangsapuri Servis,386,312
2026-09-04,exsim,20084-1,1,Pangsapuri Servis,293,27
2026-09-04,exsim,30741-1,0,Pangsapuri Suite,460,457
2026-09-04,exsim,30741-1,1,Pangsapuri Suite,506,505
2026-09-04,exsim,30741-1,2,Pangsapuri Suite,592,590
2026-09-04,exsim,31088-1,0,Pangsapuri Servis,671,553
2026-09-04,exsim,30741-2,0,Pangsapuri Suite,494,193
2026-09-04,exsim,30741-2,1,Pangsapuri Suite,510,245
2026-09-04,exsim,30357-2,0,Pangsapuri Servis,569,358
2026-09-04,exsim,30357-2,1,Pangsapuri Servis,569,300
2026-09-04,exsim,30357-1,0,Pangsapuri Servis,508,507
2026-09-04,exsim,31100-1,0,Pangsapuri Servis,1527,475
2026-09-04,exsim,31100-1,1,Pangsapuri Servis,1257,531
2026-09-04,exsim,31100-1,2,Pangsapuri Servis,908,497
2026-09-04,exsim,31100-1,3,Pangsapuri Servis,833,0
2026-09-04,exsim,30131-1,0,Soho,424,424
2026-09-04,mahsing,14297-25,0,Rumah Teres,111,109
2026-09-04,mahsing,14297-25,1,Rumah Teres,124,49
2026-09-04,mahsing,12324-1,0,Rumah Pangsa/Kondo,172,172
2026-09-04,mahsing,12324-1,1,Rumah Pangsa/Kondo,205,205
2026-09-04,mahsing,14297-24,0,Rumah Teres,168,144
2026-09-04,mahsing,12029-4,0,Pangsapuri Servis,833,73
2026-09-04,mahsing,31251-1,0,Rumah Pangsa/Kondo,606,50
2026-09-04,mahsing,5911-33,0,Pangsapuri Servis,686,462
2026-09-04,mahsing,5911-33,1,Pangsapuri Servis,932,551
2026-09-04,mahsing,13262-2,0,Pangsapuri Suite,747,57
2026-09-04,mahsing,13262-2,1,Pangsapuri Suite,797,308
2026-09-04,mahsing,30834-1,0,Pangsapuri Servis,570,424
2026-09-04,mahsing,30834-1,1,Pangsapuri Servis,570,372
2026-09-04,mahsing,30897-1,0,Rumah Teres,249,244
2026-09-04,mahsing,30897-1,1,Rumah Teres,81,79
2026-09-04,mahsing,30897-1,2,Rumah Teres,26,20
2026-09-04,mahsing,30897-1,3,Rumah Teres,126,120
2026-09-04,mahsing,30897-1,4,Rumah Teres,104,96
2026-09-04,mahsing,30897-1,5,Rumah Teres,44,23
2026-09-04,mahsing,30897-1,6,Rumah Teres,85,54
2026-09-04,mahsing,30897-1,7,Rumah Teres,102,16
2026-09-04,mahsing,11202-4,0,Pangsapuri Suite,624,614
2026-09-04,mahsing,11202-4,1,Pangsapuri Suite,624,611
2026-09-04,mahsing,11202-4,2,Pangsapuri Suite,832,648
2026-09-04,mahsing,11998-4,0,Rumah Teres,247,247
2026-09-04,mahsing,11998-4,1,Rumah Teres,149,149
2026-09-04,mahsing,13425-8,0,Pangsapuri Servis,422,333
2026-09-04,mahsing,13425-8,1,Pangsapuri Servis,78,61
2026-09-04,mahsing,13425-8,2,Pangsapuri Servis,499,0
2026-09-04,mahsing,30805-1,0,Pangsapuri Servis,748,460
2026-09-04,mahsing,30805-1,1,Pangsapuri Servis,251,121
2026-09-04,mahsing,10279-5,0,Rumah Teres,123,123
2026-09-04,mahsing,10279-5,1,Rumah Teres,100,100
2026-09-04,mahsing,10279-5,2,Rumah Teres,252,209
2026-09-04,mahsing,10279-5,3,Rumah Teres,116,98
2026-09-04,mahsing,10279-5,4,Rumah Teres,55,39
2026-09-04,mahsing,10279-5,5,Rumah Kluster,108,83
2026-09-04,mahsing,12029-3,0,Pangsapuri Servis,494,232
2026-09-04,mahsing,11430-2,0,Pangsapuri Suite,619,618
2026-09-04,mahsing,9600-6,0,Pangsapuri Servis,843,501
2026-09-04,mahsing,9600-6,1,Pangsapuri Servis,890,261
2026-09-04,mahsing,30440-1,0,Pangsapuri Servis,421,416
2026-09-04,mahsing,30440-1,1,Pangsapuri Servis,619,578
2026-09-04,mahsing,30440-1,2,Pangsapuri Servis,486,480
2026-09-04,majesticgen,30828-2,0,Pangsapuri Servis,732,731
2026-09-04,majesticgen,30828-3,0,Pangsapuri Servis,996,908
2026-09-04,majesticgen,30828-1,0,Pangsapuri Servis,360,355
2026-09-04,majesticgen,30244-1,0,Pangsapuri Servis,478,478
2026-09-04,majesticgen,30990-1,0,Rumah Teres,32,32
2026-09-04,majesticgen,30990-1,1,Rumah Berkembar,2,2
2026-09-04,majesticgen,30990-1,2,Rumah Teres,72,64
2026-09-04,majesticgen,31034-1,0,Soho,540,297
2026-09-04,majesticgen,31034-1,1,Soho,472,96
2026-09-04,majesticgen,30989-1,0,Rumah Teres,73,73
2026-09-04,majesticgen,12069-7,0,Rumah Berpagar & Berpengawal,128,0
2026-09-04,majesticgen,12069-7,1,Rumah Berpagar & Berpengawal,12,0
2026-09-04,malton,31139-1,0,Pangsapuri Servis,562,349
2026-09-04,malton,8950-4,0,Rumah Pangsa/Kondo,526,13
2026-09-04,malton,30667-1,0,Pangsapuri Servis,210,170
2026-09-04,malton,30667-1,1,Pangsapuri Servis,243,223
2026-09-04,malton,14035-6,0,Rumah Pangsa/Kondo,336,329
2026-09-04,malton,14035-4,0,Rumah Pangsa/Kondo,440,292
2026-09-04,malton,14035-4,1,Rumah Pangsa/Kondo,440,355
2026-09-04,malton,14035-4,2,Rumah Pangsa/Kondo,452,334
2026-09-04,maxim,30267-1,0,Rumah Pangsa/Kondo,302,302
2026-09-04,maxim,30267-1,1,Rumah Pangsa/Kondo,302,302
2026-09-04,maxim,31046-1,0,Pangsapuri Suite,558,111
2026-09-04,maxim,31046-1,1,Pangsapuri Suite,558,214
2026-09-04,maxim,31074-1,0,Pangsapuri Servis,858,403
2026-09-04,maxim,31074-1,1,Pangsapuri Servis,858,371
2026-09-04,maxim,31074-1,2,Pangsapuri Servis,1027,237
2026-09-04,maxim,30037-1,0,Pangsapuri Suite,629,629
2026-09-04,maxim,30037-1,1,Pangsapuri Suite,607,607
2026-09-04,maxim,19088-3,0,Rumah Pangsa/Kondo,208,178
2026-09-04,maxim,19088-3,1,Rumah Pangsa/Kondo,208,164
2026-09-04,maxim,19088-3,2,Rumah Pangsa/Kondo,208,181
2026-09-04,platinumvictory,30581-1,0,Pangsapuri Suite,877,862
2026-09-04,platinumvictory,30581-1,1,Pangsapuri Suite,811,810
2026-09-04,platinumvictory,9832-11,0,Pangsapuri Suite,946,469
2026-09-04,platinumvictory,9832-11,1,Pangsapuri Suite,1136,737
2026-09-04,platinumvictory,31008-1,0,Rumah Pangsa/Kondo,198,129
2026-09-04,platinumvictory,31008-1,1,Rumah Pangsa/Kondo,358,163
2026-09-04,platinumvictory,31008-1,2,Rumah Pangsa/Kondo,238,232
2026-09-04,platinumvictory,20253-2,0,Rumah Pangsa/Kondo,500,467
2026-09-04,platinumvictory,20253-3,0,Rumah Pangsa/Kondo,757,600
2026-09-04,platinumvictory,20253-3,1,Rumah Pangsa/Kondo,743,563
2026-09-04,platinumvictory,30937-1,0,Rumah Teres,23,18
2026-09-04,skyworld,31051-1,0,Rumah Pangsa/Kondo,492,457
2026-09-04,skyworld,30176-1,0,Rumah Pangsa/Kondo,448,429
2026-09-04,skyworld,30176-1,1,Rumah Pangsa/Kondo,382,227
2026-09-04,skyworld,30976-1,0,Rumah Pangsa/Kondo,510,241
2026-09-04,skyworld,31075-1,0,Rumah Pangsa/Kondo,583,567
2026-09-04,skyworld,31075-1,1,Rumah Pangsa/Kondo,583,530
2026-09-04,skyworld,31075-1,2,Rumah Pangsa/Kondo,680,254
2026-09-04,skyworld,31075-1,3,Rumah Pangsa/Kondo,542,0
2026-09-04,skyworld,31075-1,4,Rumah Pangsa/Kondo,516,0
2026-09-04,skyworld,31075-1,5,Rumah Pangsa/Kondo,560,0
2026-09-04,skyworld,31075-1,6,Rumah Pangsa/Kondo,518,0
2026-09-04,skyworld,19840-2,0,Pangsapuri Suite,535,467
2026-09-04,skyworld,19840-2,1,Pangsapuri Suite,466,465
2026-09-04,tslaw,31031-1,0,Pangsapuri Servis,815,728
2026-09-04,tslaw,31031-1,1,Pangsapuri Servis,808,672
2026-09-04,tslaw,30331-1,0,Pangsapuri Suite,897,888
2026-09-04,tslaw,30331-1,1,Pangsapuri Suite,941,937
2026-09-04,tslaw,9158-9,0,Rumah Berkembar,38,38
2026-09-04,tslaw,9158-9,1,Rumah Berkembar,2,2
2026-09-04,tslaw,9158-9,2,Rumah Berkembar,2,2
2026-09-04,tslaw,19760-1,0,Pangsapuri Servis,432,431
2026-09-04,tslaw,19760-1,1,Pangsapuri Servis,432,424
2026-09-04,tslaw,19760-1,2,Pangsapuri Servis,432,431
2026-09-04,trinitygroup,30857-1,0,Rumah Pangsa/Kondo,234,1
2026-09-04,trinitygroup,30857-1,1,Rumah Pangsa/Kondo,240,35
2026-09-04,trinitygroup,30857-1,2,Rumah Pangsa/Kondo,240,0
2026-09-04,trinitygroup,20140-2,0,Rumah Pangsa/Kondo,230,45
2026-09-04,trinitygroup,20140-2,1,Rumah Pangsa/Kondo,216,203
2026-09-04,trinitygroup,20140-2,2,Rumah Pangsa/Kondo,291,100
2026-09-04,trinitygroup,10826-4,0,Pangsapuri Servis,157,134
2026-09-04,trinitygroup,10826-4,1,Pangsapuri Servis,80,62
2026-09-04,trinitygroup,10826-4,2,Pangsapuri Servis,298,137
2026-09-04,radium,30363-2,0,Pangsapuri Suite,1218,1128
2026-09-04,radium,30363-1,0,Rumah Pangsa/Kondo,1218,1124
2026-09-04,radium,30821-1,0,Pangsapuri Suite,494,261
2026-09-04,radium,30821-1,1,Pangsapuri Suite,494,260
2026-09-04,radium,30121-1,0,Soho,944,380
2026-09-04,radium,31310-1,0,Rumah Pangsa/Kondo,558,0
2026-09-04,radium,31310-1,1,Rumah Pangsa/Kondo,239,0
2026-09-05,seputeh,32-16,0,Rumah Pangsa/Kondo,13,2
2026-09-05,seputeh,32-16,1,Rumah Pangsa/Kondo,13,6
2026-09-05,seputeh,32-16,2,Rumah Pangsa/Kondo,21,4
2026-09-05,seputeh,32-16,3,Rumah Pangsa/Kondo,27,10
2026-09-05,seputeh,32-16,4,Rumah Pangsa/Kondo,13,2
2026-09-05,seputeh,32-16,5,Rumah Pangsa/Kondo,12,2
2026-09-05,seputeh,32-16,6,Rumah Pangsa/Kondo,27,10
2026-09-05,seputeh,32-16,7,Rumah Pangsa/Kondo,20,7
2026-09-05,seputeh,30216-1,0,Pangsapuri Servis,154,36
2026-09-05,seputeh,30216-2,0,Pangsapuri Servis,490,52
2026-09-05,seputeh,31078-1,0,Rumah Berpagar & Berpengawal,48,45
2026-09-05,seputeh,31274-1,0,Rumah Pangsa/Kondo,244,1
2026-09-05,seputeh,2463-23,0,Rumah Pangsa/Kondo,293,266
2026-09-05,seputeh,2463-23,1,Rumah Pangsa/Kondo,140,90
2026-09-05,status13,31202-1,0,Pangsapuri Suite,680,106
2026-09-05,status13,31202-1,1,Pangsapuri Suite,630,88
2026-09-05,status13,13262-2,0,Pangsapuri Suite,747,58
2026-09-05,status13,13262-2,1,Pangsapuri Suite,797,312
2026-09-05,status13,30590-2,0,Soho,996,131
2026-09-05,status13,5911-33,0,Pangsapuri Servis,686,462
2026-09-05,status13,5911-33,1,Pangsapuri Servis,932,553
2026-09-05,status13,30363-2,0,Pangsapuri Suite,1218,1128
2026-09-05,status13,30821-1,0,Pangsapuri Suite,494,261
2026-09-05,status13,30821-1,1,Pangsapuri Suite,494,262
2026-09-05,status13,30366-1,0,Pangsapuri Servis,482,470
2026-09-05,status13,13074-4,0,Pangsapuri Servis,299,238
2026-09-05,status13,8824-5,0,Pangsapuri Servis,641,195
2026-09-05,status13,8824-5,1,Pangsapuri Servis,655,461
2026-09-05,status13,20253-3,0,Rumah Pangsa/Kondo,757,601
2026-09-05,status13,20253-3,1,Rumah Pangsa/Kondo,743,564
2026-09-05,status13,30876-1,0,Rumah Pangsa/Kondo,551,138
2026-09-05,status13,30250-2,0,Rumah Pangsa/Kondo,333,333
2026-09-05,status13,30250-2,1,Rumah Pangsa/Kondo,328,326
2026-09-05,status13,31332-1,0,Pangsapuri Servis,415,193
2026-09-05,status13,31332-1,1,Pangsapuri Servis,415,120
2026-09-05,johor,835-14,0,Pangsapuri Servis,715,310
2026-09-05,johor,30946-1,0,Pangsapuri Servis,1950,980
2026-09-05,johor,14523-4,0,Pangsapuri Servis,416,52
2026-09-05,johor,30635-1,0,Pangsapuri Servis,539,329
2026-09-05,johor,30635-1,1,Pangsapuri Servis,539,340
2026-09-05,johor,30635-1,2,Pangsapuri Servis,539,220
2026-09-05,johor,30635-1,3,Pangsapuri Servis,539,180
2026-09-05,johor,31007-1,0,Pangsapuri Servis,848,845
2026-09-05,johor,31100-1,0,Pangsapuri Servis,1527,477
2026-09-05,johor,31100-1,1,Pangsapuri Servis,1257,532
2026-09-05,johor,31100-1,2,Pangsapuri Servis,908,500
2026-09-05,johor,31100-1,3,Pangsapuri Servis,833,0
2026-09-05,johor,31074-1,0,Pangsapuri Servis,858,404
2026-09-05,johor,31074-1,1,Pangsapuri Servis,858,372
2026-09-05,johor,31074-1,2,Pangsapuri Servis,1027,238
2026-09-05,johor,9600-6,0,Pangsapuri Servis,843,502
2026-09-05,johor,9600-6,1,Pangsapuri Servis,890,261
2026-09-05,johor,31031-1,0,Pangsapuri Servis,815,728
2026-09-05,johor,31031-1,1,Pangsapuri Servis,808,672
2026-09-05,johor,30828-3,0,Pangsapuri Servis,996,910
2026-09-05,johor,13531-2,0,Pangsapuri Servis,824,729
2026-09-05,johor,31034-1,0,Soho,540,297
2026-09-05,johor,31034-1,1,Soho,472,96
2026-09-05,johor,31149-1,0,Pangsapuri Servis,637,220
2026-09-05,johor,31149-1,1,Pangsapuri Servis,637,97
2026-09-05,ukay,9500-8,0,Rumah Pangsa/Kondo,306,93
2026-09-05,ukay,20140-2,0,Rumah Pangsa/Kondo,230,45
2026-09-05,ukay,20140-2,1,Rumah Pangsa/Kondo,216,203
2026-09-05,ukay,20140-2,2,Rumah Pangsa/Kondo,291,100
2026-09-05,ukay,11519-3,0,Rumah Pangsa/Kondo,344,343
2026-09-05,ukay,597-13,0,Pangsapuri Servis,234,228
2026-09-05,ukay,10296-3,0,Rumah Sesebuah,1,1
2026-09-05,ukay,10296-3,1,Rumah Berkembar,2,2
2026-09-05,ukay,10296-3,2,Rumah Teres,45,45
2026-09-05,ukay,10296-3,3,Rumah Berkembar,4,4
2026-09-05,ukay,10296-3,4,Rumah Sesebuah,1,1
2026-09-05,ukay,10296-3,5,Rumah Teres,80,80
2026-09-05,ukay,10296-3,6,Rumah Berkembar,24,24
2026-09-05,ukay,10296-3,7,Rumah Sesebuah,1,1
2026-09-05,ukay,10296-3,8,Rumah Teres,12,12
2026-09-05,ukay,10296-3,9,Rumah Teres,54,54
2026-09-05,ukay,10296-3,10,Rumah Teres,12,12
2026-09-05,ukay,10296-3,11,Rumah Berkembar,18,18
2026-09-05,ukay,10296-3,12,Rumah Sesebuah,1,1
2026-09-05,ukay,10296-3,13,Rumah Sesebuah,1,1
2026-09-05,ukay,10296-3,14,Rumah Berkembar,12,12
2026-09-05,ukay,10296-3,15,Rumah Berkembar,2,2
2026-09-05,ukay,10296-3,16,Rumah Berkembar,2,2
2026-09-05,ukay,10296-3,17,Rumah Sesebuah,1,1
2026-09-05,ukay,12369-1,0,Rumah Teres,32,32
2026-09-05,ukay,12369-2,0,Rumah Berkembar,7,7
2026-09-05,ukay,12166-1,0,Rumah Sesebuah,3,3
2026-09-05,ukay,12166-1,1,Rumah Sesebuah,10,10
2026-09-05,ukay,12166-1,2,Rumah Sesebuah,61,61
2026-09-05,ukay,9500-7,0,Rumah Teres,7,7
2026-09-05,ukay,9500-7,1,Rumah Teres,7,7
2026-09-05,ukay,9500-7,2,Rumah Teres,12,12
2026-09-05,ukay,9500-7,3,Rumah Pangsa/Kondo,30,30
2026-09-05,ukay,9500-7,4,Rumah Pangsa/Kondo,38,38
2026-09-05,ukay,9500-7,5,Rumah Pangsa/Kondo,36,36
2026-09-05,ukay,9500-7,6,Rumah Pangsa/Kondo,38,38
2026-09-05,ukay,9500-7,7,Rumah Pangsa/Kondo,26,26
2026-09-05,ukay,9500-7,8,Rumah Pangsa/Kondo,28,28
2026-09-05,ukay,11078-3,0,Pangsapuri Servis,2,1
2026-09-05,ukay,11078-3,1,Pangsapuri Servis,8,3
2026-09-05,ukay,11078-3,2,Pangsapuri Servis,2,2
2026-09-05,ukay,11078-3,3,Pangsapuri Servis,8,3
2026-09-05,ukay,11078-3,4,Pangsapuri Servis,48,19
2026-09-05,ukay,11078-3,5,Pangsapuri Servis,48,18
2026-09-05,ukay,11078-3,6,Pangsapuri Servis,128,119
2026-09-05,ukay,11078-3,7,Pangsapuri Servis,20,20
2026-09-05,ukay,11078-3,8,Pangsapuri Servis,32,12
2026-09-05,ukay,12123-1,0,Rumah Teres,50,50
2026-09-05,ukay,12123-1,1,Rumah Pangsa/Kondo,13,13
2026-09-05,ukay,12123-1,2,Rumah Sesebuah,18,18
2026-09-05,ukay,20140-1,0,Rumah Pangsa/Kondo,237,233
2026-09-05,ukay,20140-1,1,Rumah Pangsa/Kondo,226,223
2026-09-05,ukay,12437-2,0,Rumah Teres,41,41
2026-09-05,ukay,12437-2,1,Rumah Teres,40,39
2026-09-05,ukay,12437-2,2,Rumah Teres,25,24
2026-09-05,ukay,11602-1,0,Rumah Teres,11,11
2026-09-05,seputeh,30141-2,0,Rumah Pangsa/Kondo,247,3
2026-09-05,seputeh,30141-2,1,Rumah Pangsa/Kondo,248,5
2026-09-05,armani,31112-1,0,Pangsapuri Servis,119,18
2026-09-05,armani,31112-1,1,Suite Homes,67,40
2026-09-05,armani,30135-3,0,Rumah Pangsa/Kondo,328,73
2026-09-05,armani,30705-2,0,Rumah Teres,16,0
2026-09-05,armani,30705-2,1,Rumah Teres,28,2
2026-09-05,armani,30273-1,0,Rumah Bandar,128,90
2026-09-05,armani,30273-1,1,Rumah Bandar,104,22
2026-09-05,armani,30256-2,0,Suite Homes,1440,761
2026-09-05,armani,30256-2,1,Soho,775,245
2026-09-05,armani,6820-8,0,Pangsapuri Servis,306,277
2026-09-05,armani,30727-1,0,Pangsapuri Servis,500,481
2026-09-05,armani,30727-1,1,Soho,148,92
2026-09-05,armani,30727-2,0,Pangsapuri Servis,498,63
2026-09-05,armani,30727-2,1,Soho,500,222
2026-09-05,armani,30339-1,0,Pangsapuri Servis,338,331
2026-09-05,armani,13975-5,0,Rumah Pangsa/Kondo,105,85
2026-09-05,armani,13975-5,1,Rumah Pangsa/Kondo,105,82
2026-09-05,armani,13975-5,2,Rumah Pangsa/Kondo,105,99
2026-09-05,armani,30641-1,0,Pangsapuri Servis,653,647
2026-09-05,armani,13975-6,0,Pangsapuri Servis,387,384
2026-09-05,armani,30799-1,0,Soho,488,13
2026-09-05,armani,30799-1,1,Pangsapuri Servis,496,19
2026-09-05,armani,30393-1,0,Rumah Berkembar,6,0
2026-09-05,armani,30393-1,1,Rumah Teres,2,0
2026-09-05,armani,30393-1,2,Rumah Teres,20,0
2026-09-05,armani,30393-1,3,Rumah Teres,2,0
2026-09-05,armani,30135-2,0,Suite Homes,280,96
2026-09-05,armani,13970-3,0,Rumah Berkembar,116,81
2026-09-05,avaland,30624-1,0,Rumah Pangsa/Kondo,70,70
2026-09-05,avaland,30624-1,1,Rumah Pangsa/Kondo,56,55
2026-09-05,avaland,30162-1,0,Pangsapuri Servis,492,317
2026-09-05,avaland,30162-1,1,Pangsapuri Servis,278,109
2026-09-05,avaland,20185-3,0,Pangsapuri Servis,216,216
2026-09-05,avaland,20185-3,1,Pangsapuri Servis,252,241
2026-09-05,avaland,9490-3,0,Pangsapuri Servis,504,277
2026-09-05,avaland,9490-3,1,Pangsapuri Servis,396,0
2026-09-05,avaland,30240-3,0,Rumah Teres,113,101
2026-09-05,avaland,30240-3,1,Rumah Teres,17,6
2026-09-05,avaland,30240-3,2,Rumah Teres,36,35
2026-09-05,avaland,30240-3,3,Rumah Teres,125,14
2026-09-05,avaland,30240-3,4,Rumah Teres,16,3
2026-09-05,avaland,30240-3,5,Rumah Teres,36,22
2026-09-05,avaland,12047-4,0,Rumah Pangsa/Kondo,303,97
2026-09-05,avaland,12047-4,1,Rumah Pangsa/Kondo,303,134
2026-09-05,avaland,20017-1,0,Rumah Pangsa/Kondo,149,144
2026-09-05,avaland,20017-1,1,Rumah Pangsa/Kondo,77,77
2026-09-05,binastra,31332-1,0,Pangsapuri Servis,415,193
2026-09-05,binastra,31332-1,1,Pangsapuri Servis,415,120
2026-09-05,chinhin,13531-2,0,Pangsapuri Servis,824,729
2026-09-05,chinhin,30632-1,0,Pangsapuri Servis,438,299
2026-09-05,chinhin,30632-1,1,Pangsapuri Servis,349,304
2026-09-05,chinhin,30190-1,0,Pangsapuri Servis,339,335
2026-09-05,chinhin,30190-1,1,Pangsapuri Servis,503,474
2026-09-05,chinhin,30382-1,0,Rumah Pangsa/Kondo,333,322
2026-09-05,chinhin,30382-1,1,Rumah Pangsa/Kondo,491,439
2026-09-05,chinhin,30744-1,0,Pangsapuri Servis,588,482
2026-09-05,chinhin,31096-1,0,Pangsapuri Servis,561,130
2026-09-05,chinhin,31096-1,1,Pangsapuri Servis,472,145
2026-09-05,chinhin,30064-1,0,Pangsapuri Servis,314,313
2026-09-05,chinhin,30064-1,1,Pangsapuri Servis,370,365
2026-09-05,chinhin,30382-3,0,Rumah Pangsa/Kondo,823,822
2026-09-05,chinhin,30907-1,0,Rumah Teres,140,135
2026-09-05,chinhin,30907-1,1,Rumah Teres,12,10
2026-09-05,chinhin,30907-1,2,Rumah Teres,79,76
2026-09-05,chinhin,30629-2,0,Pangsapuri Servis,492,477
2026-09-05,exsim,30784-1,0,Pangsapuri Servis,269,268
2026-09-05,exsim,20011-3,0,Pangsapuri Servis,593,593
2026-09-05,exsim,20011-2,0,Pangsapuri Servis,767,767
2026-09-05,exsim,20011-4,0,Pangsapuri Servis,671,664
2026-09-05,exsim,13666-2,0,Pangsapuri Servis,98,98
2026-09-05,exsim,30370-1,0,Pangsapuri Servis,320,319
2026-09-05,exsim,30789-1,0,Pangsapuri Servis,126,126
2026-09-05,exsim,30571-1,0,Pangsapuri Servis,603,602
2026-09-05,exsim,30914-1,0,Pangsapuri Servis,759,625
2026-09-05,exsim,30830-1,0,Pangsapuri Servis,456,317
2026-09-05,exsim,20011-5,0,Pangsapuri Servis,662,192
2026-09-05,exsim,31007-1,0,Pangsapuri Servis,848,845
2026-09-05,exsim,20084-1,0,Pangsapuri Servis,386,312
2026-09-05,exsim,20084-1,1,Pangsapuri Servis,293,27
2026-09-05,exsim,30741-1,0,Pangsapuri Suite,460,457
2026-09-05,exsim,30741-1,1,Pangsapuri Suite,506,505
2026-09-05,exsim,30741-1,2,Pangsapuri Suite,592,590
2026-09-05,exsim,31088-1,0,Pangsapuri Servis,671,554
2026-09-05,exsim,30741-2,0,Pangsapuri Suite,494,194
2026-09-05,exsim,30741-2,1,Pangsapuri Suite,510,245
2026-09-05,exsim,30357-2,0,Pangsapuri Servis,569,358
2026-09-05,exsim,30357-2,1,Pangsapuri Servis,569,300
2026-09-05,exsim,30357-1,0,Pangsapuri Servis,508,507
2026-09-05,exsim,31100-1,0,Pangsapuri Servis,1527,477
2026-09-05,exsim,31100-1,1,Pangsapuri Servis,1257,532
2026-09-05,exsim,31100-1,2,Pangsapuri Servis,908,500
2026-09-05,exsim,31100-1,3,Pangsapuri Servis,833,0
2026-09-05,exsim,30131-1,0,Soho,424,424
2026-09-05,mahsing,14297-25,0,Rumah Teres,111,109
2026-09-05,mahsing,14297-25,1,Rumah Teres,124,49
2026-09-05,mahsing,12324-1,0,Rumah Pangsa/Kondo,172,172
2026-09-05,mahsing,12324-1,1,Rumah Pangsa/Kondo,205,205
2026-09-05,mahsing,14297-24,0,Rumah Teres,168,144
2026-09-05,mahsing,12029-4,0,Pangsapuri Servis,833,75
2026-09-05,mahsing,31251-1,0,Rumah Pangsa/Kondo,606,50
2026-09-05,mahsing,5911-33,0,Pangsapuri Servis,686,462
2026-09-05,mahsing,5911-33,1,Pangsapuri Servis,932,553
2026-09-05,mahsing,13262-2,0,Pangsapuri Suite,747,58
2026-09-05,mahsing,13262-2,1,Pangsapuri Suite,797,312
2026-09-05,mahsing,30834-1,0,Pangsapuri Servis,570,424
2026-09-05,mahsing,30834-1,1,Pangsapuri Servis,570,372
2026-09-05,mahsing,30897-1,0,Rumah Teres,249,244
2026-09-05,mahsing,30897-1,1,Rumah Teres,81,79
2026-09-05,mahsing,30897-1,2,Rumah Teres,26,20
2026-09-05,mahsing,30897-1,3,Rumah Teres,126,120
2026-09-05,mahsing,30897-1,4,Rumah Teres,104,96
2026-09-05,mahsing,30897-1,5,Rumah Teres,44,23
2026-09-05,mahsing,30897-1,6,Rumah Teres,85,54
2026-09-05,mahsing,30897-1,7,Rumah Teres,102,16
2026-09-05,mahsing,11202-4,0,Pangsapuri Suite,624,614
2026-09-05,mahsing,11202-4,1,Pangsapuri Suite,624,611
2026-09-05,mahsing,11202-4,2,Pangsapuri Suite,832,648
2026-09-05,mahsing,11998-4,0,Rumah Teres,247,247
2026-09-05,mahsing,11998-4,1,Rumah Teres,149,149
2026-09-05,mahsing,13425-8,0,Pangsapuri Servis,422,333
2026-09-05,mahsing,13425-8,1,Pangsapuri Servis,78,62
2026-09-05,mahsing,13425-8,2,Pangsapuri Servis,499,0
2026-09-05,mahsing,30805-1,0,Pangsapuri Servis,748,460
2026-09-05,mahsing,30805-1,1,Pangsapuri Servis,251,121
2026-09-05,mahsing,10279-5,0,Rumah Teres,123,123
2026-09-05,mahsing,10279-5,1,Rumah Teres,100,100
2026-09-05,mahsing,10279-5,2,Rumah Teres,252,209
2026-09-05,mahsing,10279-5,3,Rumah Teres,116,98
2026-09-05,mahsing,10279-5,4,Rumah Teres,55,39
2026-09-05,mahsing,10279-5,5,Rumah Kluster,108,83
2026-09-05,mahsing,12029-3,0,Pangsapuri Servis,494,233
2026-09-05,mahsing,11430-2,0,Pangsapuri Suite,619,618
2026-09-05,mahsing,9600-6,0,Pangsapuri Servis,843,502
2026-09-05,mahsing,9600-6,1,Pangsapuri Servis,890,261
2026-09-05,mahsing,30440-1,0,Pangsapuri Servis,421,416
2026-09-05,mahsing,30440-1,1,Pangsapuri Servis,619,579
2026-09-05,mahsing,30440-1,2,Pangsapuri Servis,486,481
2026-09-05,majesticgen,30828-2,0,Pangsapuri Servis,732,731
2026-09-05,majesticgen,30828-3,0,Pangsapuri Servis,996,910
2026-09-05,majesticgen,30828-1,0,Pangsapuri Servis,360,355
2026-09-05,majesticgen,30244-1,0,Pangsapuri Servis,478,478
2026-09-05,majesticgen,30990-1,0,Rumah Teres,32,32
2026-09-05,majesticgen,30990-1,1,Rumah Berkembar,2,2
2026-09-05,majesticgen,30990-1,2,Rumah Teres,72,64
2026-09-05,majesticgen,31034-1,0,Soho,540,297
2026-09-05,majesticgen,31034-1,1,Soho,472,96
2026-09-05,majesticgen,30989-1,0,Rumah Teres,73,73
2026-09-05,majesticgen,12069-7,0,Rumah Berpagar & Berpengawal,128,0
2026-09-05,majesticgen,12069-7,1,Rumah Berpagar & Berpengawal,12,0
2026-09-05,malton,31139-1,0,Pangsapuri Servis,562,349
2026-09-05,malton,8950-4,0,Rumah Pangsa/Kondo,526,13
2026-09-05,malton,30667-1,0,Pangsapuri Servis,210,170
2026-09-05,malton,30667-1,1,Pangsapuri Servis,243,223
2026-09-05,malton,14035-6,0,Rumah Pangsa/Kondo,336,329
2026-09-05,malton,14035-4,0,Rumah Pangsa/Kondo,440,292
2026-09-05,malton,14035-4,1,Rumah Pangsa/Kondo,440,356
2026-09-05,malton,14035-4,2,Rumah Pangsa/Kondo,452,334
2026-09-05,maxim,30267-1,0,Rumah Pangsa/Kondo,302,302
2026-09-05,maxim,30267-1,1,Rumah Pangsa/Kondo,302,302
2026-09-05,maxim,31046-1,0,Pangsapuri Suite,558,111
2026-09-05,maxim,31046-1,1,Pangsapuri Suite,558,215
2026-09-05,maxim,31074-1,0,Pangsapuri Servis,858,404
2026-09-05,maxim,31074-1,1,Pangsapuri Servis,858,372
2026-09-05,maxim,31074-1,2,Pangsapuri Servis,1027,238
2026-09-05,maxim,30037-1,0,Pangsapuri Suite,629,629
2026-09-05,maxim,30037-1,1,Pangsapuri Suite,607,607
2026-09-05,maxim,19088-3,0,Rumah Pangsa/Kondo,208,178
2026-09-05,maxim,19088-3,1,Rumah Pangsa/Kondo,208,164
2026-09-05,maxim,19088-3,2,Rumah Pangsa/Kondo,208,181
2026-09-05,platinumvictory,30581-1,0,Pangsapuri Suite,877,863
2026-09-05,platinumvictory,30581-1,1,Pangsapuri Suite,811,810
2026-09-05,platinumvictory,9832-11,0,Pangsapuri Suite,946,469
2026-09-05,platinumvictory,9832-11,1,Pangsapuri Suite,1136,738
2026-09-05,platinumvictory,31008-1,0,Rumah Pangsa/Kondo,198,130
2026-09-05,platinumvictory,31008-1,1,Rumah Pangsa/Kondo,358,163
2026-09-05,platinumvictory,31008-1,2,Rumah Pangsa/Kondo,238,232
2026-09-05,platinumvictory,20253-2,0,Rumah Pangsa/Kondo,500,467
2026-09-05,platinumvictory,20253-3,0,Rumah Pangsa/Kondo,757,601
2026-09-05,platinumvictory,20253-3,1,Rumah Pangsa/Kondo,743,564
2026-09-05,platinumvictory,30937-1,0,Rumah Teres,23,18
2026-09-05,skyworld,31051-1,0,Rumah Pangsa/Kondo,492,457
2026-09-05,skyworld,30176-1,0,Rumah Pangsa/Kondo,448,429
2026-09-05,skyworld,30176-1,1,Rumah Pangsa/Kondo,382,227
2026-09-05,skyworld,30976-1,0,Rumah Pangsa/Kondo,510,241
2026-09-05,skyworld,31075-1,0,Rumah Pangsa/Kondo,583,567
2026-09-05,skyworld,31075-1,1,Rumah Pangsa/Kondo,583,530
2026-09-05,skyworld,31075-1,2,Rumah Pangsa/Kondo,680,257
2026-09-05,skyworld,31075-1,3,Rumah Pangsa/Kondo,542,0
2026-09-05,skyworld,31075-1,4,Rumah Pangsa/Kondo,516,0
2026-09-05,skyworld,31075-1,5,Rumah Pangsa/Kondo,560,0
2026-09-05,skyworld,31075-1,6,Rumah Pangsa/Kondo,518,0
2026-09-05,skyworld,19840-2,0,Pangsapuri Suite,535,467
2026-09-05,skyworld,19840-2,1,Pangsapuri Suite,466,465
2026-09-05,tslaw,31031-1,0,Pangsapuri Servis,815,728
2026-09-05,tslaw,31031-1,1,Pangsapuri Servis,808,672
2026-09-05,tslaw,30331-1,0,Pangsapuri Suite,897,888
2026-09-05,tslaw,30331-1,1,Pangsapuri Suite,941,937
2026-09-05,tslaw,9158-9,0,Rumah Berkembar,38,38
2026-09-05,tslaw,9158-9,1,Rumah Berkembar,2,2
2026-09-05,tslaw,9158-9,2,Rumah Berkembar,2,2
2026-09-05,tslaw,19760-1,0,Pangsapuri Servis,432,431
2026-09-05,tslaw,19760-1,1,Pangsapuri Servis,432,424
2026-09-05,tslaw,19760-1,2,Pangsapuri Servis,432,431
2026-09-05,trinitygroup,30857-1,0,Rumah Pangsa/Kondo,234,1
2026-09-05,trinitygroup,30857-1,1,Rumah Pangsa/Kondo,240,35
2026-09-05,trinitygroup,30857-1,2,Rumah Pangsa/Kondo,240,0
2026-09-05,trinitygroup,20140-2,0,Rumah Pangsa/Kondo,230,45
2026-09-05,trinitygroup,20140-2,1,Rumah Pangsa/Kondo,216,203
2026-09-05,trinitygroup,20140-2,2,Rumah Pangsa/Kondo,291,100
2026-09-05,trinitygroup,10826-4,0,Pangsapuri Servis,157,134
2026-09-05,trinitygroup,10826-4,1,Pangsapuri Servis,80,62
2026-09-05,trinitygroup,10826-4,2,Pangsapuri Servis,298,138
2026-09-05,radium,30363-2,0,Pangsapuri Suite,1218,1128
2026-09-05,radium,30363-1,0,Rumah Pangsa/Kondo,1218,1124
2026-09-05,radium,30821-1,0,Pangsapuri Suite,494,261
2026-09-05,radium,30821-1,1,Pangsapuri Suite,494,262
2026-09-05,radium,30121-1,0,Soho,944,380
2026-09-05,radium,31310-1,0,Rumah Pangsa/Kondo,558,0
2026-09-05,radium,31310-1,1,Rumah Pangsa/Kondo,239,0
2026-09-06,seputeh,32-16,0,Rumah Pangsa/Kondo,13,2
2026-09-06,seputeh,32-16,1,Rumah Pangsa/Kondo,13,6
2026-09-06,seputeh,32-16,2,Rumah Pangsa/Kondo,21,4
2026-09-06,seputeh,32-16,3,Rumah Pangsa/Kondo,27,10
2026-09-06,seputeh,32-16,4,Rumah Pangsa/Kondo,13,2
2026-09-06,seputeh,32-16,5,Rumah Pangsa/Kondo,12,2
2026-09-06,seputeh,32-16,6,Rumah Pangsa/Kondo,27,10
2026-09-06,seputeh,32-16,7,Rumah Pangsa/Kondo,20,7
2026-09-06,seputeh,30216-1,0,Pangsapuri Servis,154,36
2026-09-06,seputeh,30216-2,0,Pangsapuri Servis,490,52
2026-09-06,seputeh,31078-1,0,Rumah Berpagar & Berpengawal,48,45
2026-09-06,seputeh,31274-1,0,Rumah Pangsa/Kondo,244,1
2026-09-06,seputeh,2463-23,0,Rumah Pangsa/Kondo,293,266
2026-09-06,seputeh,2463-23,1,Rumah Pangsa/Kondo,140,90
2026-09-06,status13,31202-1,0,Pangsapuri Suite,680,106
2026-09-06,status13,31202-1,1,Pangsapuri Suite,630,88
2026-09-06,status13,13262-2,0,Pangsapuri Suite,747,58
2026-09-06,status13,13262-2,1,Pangsapuri Suite,797,312
2026-09-06,status13,30590-2,0,Soho,996,131
2026-09-06,status13,5911-33,0,Pangsapuri Servis,686,462
2026-09-06,status13,5911-33,1,Pangsapuri Servis,932,553
2026-09-06,status13,30363-2,0,Pangsapuri Suite,1218,1128
2026-09-06,status13,30821-1,0,Pangsapuri Suite,494,261
2026-09-06,status13,30821-1,1,Pangsapuri Suite,494,262
2026-09-06,status13,30366-1,0,Pangsapuri Servis,482,470
2026-09-06,status13,13074-4,0,Pangsapuri Servis,299,238
2026-09-06,status13,8824-5,0,Pangsapuri Servis,641,195
2026-09-06,status13,8824-5,1,Pangsapuri Servis,655,461
2026-09-06,status13,20253-3,0,Rumah Pangsa/Kondo,757,601
2026-09-06,status13,20253-3,1,Rumah Pangsa/Kondo,743,564
2026-09-06,status13,30876-1,0,Rumah Pangsa/Kondo,551,138
2026-09-06,status13,30250-2,0,Rumah Pangsa/Kondo,333,333
2026-09-06,status13,30250-2,1,Rumah Pangsa/Kondo,328,326
2026-09-06,status13,31332-1,0,Pangsapuri Servis,415,193
2026-09-06,status13,31332-1,1,Pangsapuri Servis,415,120
2026-09-06,johor,835-14,0,Pangsapuri Servis,715,310
2026-09-06,johor,30946-1,0,Pangsapuri Servis,1950,980
2026-09-06,johor,14523-4,0,Pangsapuri Servis,416,52
2026-09-06,johor,30635-1,0,Pangsapuri Servis,539,329
2026-09-06,johor,30635-1,1,Pangsapuri Servis,539,340
2026-09-06,johor,30635-1,2,Pangsapuri Servis,539,220
2026-09-06,johor,30635-1,3,Pangsapuri Servis,539,180
2026-09-06,johor,31007-1,0,Pangsapuri Servis,848,845
2026-09-06,johor,31100-1,0,Pangsapuri Servis,1527,477
2026-09-06,johor,31100-1,1,Pangsapuri Servis,1257,532
2026-09-06,johor,31100-1,2,Pangsapuri Servis,908,500
2026-09-06,johor,31100-1,3,Pangsapuri Servis,833,0
2026-09-06,johor,31074-1,0,Pangsapuri Servis,858,404
2026-09-06,johor,31074-1,1,Pangsapuri Servis,858,372
2026-09-06,johor,31074-1,2,Pangsapuri Servis,1027,238
2026-09-06,johor,9600-6,0,Pangsapuri Servis,843,502
2026-09-06,johor,9600-6,1,Pangsapuri Servis,890,262
2026-09-06,johor,31031-1,0,Pangsapuri Servis,815,728
2026-09-06,johor,31031-1,1,Pangsapuri Servis,808,672
2026-09-06,johor,30828-3,0,Pangsapuri Servis,996,910
2026-09-06,johor,13531-2,0,Pangsapuri Servis,824,729
2026-09-06,johor,31034-1,0,Soho,540,297
2026-09-06,johor,31034-1,1,Soho,472,96
2026-09-06,johor,31149-1,0,Pangsapuri Servis,637,220
2026-09-06,johor,31149-1,1,Pangsapuri Servis,637,97
2026-09-06,ukay,9500-8,0,Rumah Pangsa/Kondo,306,93
2026-09-06,ukay,20140-2,0,Rumah Pangsa/Kondo,230,45
2026-09-06,ukay,20140-2,1,Rumah Pangsa/Kondo,216,203
2026-09-06,ukay,20140-2,2,Rumah Pangsa/Kondo,291,100
2026-09-06,ukay,11519-3,0,Rumah Pangsa/Kondo,344,343
2026-09-06,ukay,597-13,0,Pangsapuri Servis,234,228
2026-09-06,ukay,10296-3,0,Rumah Sesebuah,1,1
2026-09-06,ukay,10296-3,1,Rumah Berkembar,2,2
2026-09-06,ukay,10296-3,2,Rumah Teres,45,45
2026-09-06,ukay,10296-3,3,Rumah Berkembar,4,4
2026-09-06,ukay,10296-3,4,Rumah Sesebuah,1,1
2026-09-06,ukay,10296-3,5,Rumah Teres,80,80
2026-09-06,ukay,10296-3,6,Rumah Berkembar,24,24
2026-09-06,ukay,10296-3,7,Rumah Sesebuah,1,1
2026-09-06,ukay,10296-3,8,Rumah Teres,12,12
2026-09-06,ukay,10296-3,9,Rumah Teres,54,54
2026-09-06,ukay,10296-3,10,Rumah Teres,12,12
2026-09-06,ukay,10296-3,11,Rumah Berkembar,18,18
2026-09-06,ukay,10296-3,12,Rumah Sesebuah,1,1
2026-09-06,ukay,10296-3,13,Rumah Sesebuah,1,1
2026-09-06,ukay,10296-3,14,Rumah Berkembar,12,12
2026-09-06,ukay,10296-3,15,Rumah Berkembar,2,2
2026-09-06,ukay,10296-3,16,Rumah Berkembar,2,2
2026-09-06,ukay,10296-3,17,Rumah Sesebuah,1,1
2026-09-06,ukay,12369-1,0,Rumah Teres,32,32
2026-09-06,ukay,12369-2,0,Rumah Berkembar,7,7
2026-09-06,ukay,12166-1,0,Rumah Sesebuah,3,3
2026-09-06,ukay,12166-1,1,Rumah Sesebuah,10,10
2026-09-06,ukay,12166-1,2,Rumah Sesebuah,61,61
2026-09-06,ukay,9500-7,0,Rumah Teres,7,7
2026-09-06,ukay,9500-7,1,Rumah Teres,7,7
2026-09-06,ukay,9500-7,2,Rumah Teres,12,12
2026-09-06,ukay,9500-7,3,Rumah Pangsa/Kondo,30,30
2026-09-06,ukay,9500-7,4,Rumah Pangsa/Kondo,38,38
2026-09-06,ukay,9500-7,5,Rumah Pangsa/Kondo,36,36
2026-09-06,ukay,9500-7,6,Rumah Pangsa/Kondo,38,38
2026-09-06,ukay,9500-7,7,Rumah Pangsa/Kondo,26,26
2026-09-06,ukay,9500-7,8,Rumah Pangsa/Kondo,28,28
2026-09-06,ukay,11078-3,0,Pangsapuri Servis,2,1
2026-09-06,ukay,11078-3,1,Pangsapuri Servis,8,3
2026-09-06,ukay,11078-3,2,Pangsapuri Servis,2,2
2026-09-06,ukay,11078-3,3,Pangsapuri Servis,8,3
2026-09-06,ukay,11078-3,4,Pangsapuri Servis,48,19
2026-09-06,ukay,11078-3,5,Pangsapuri Servis,48,18
2026-09-06,ukay,11078-3,6,Pangsapuri Servis,128,119
2026-09-06,ukay,11078-3,7,Pangsapuri Servis,20,20
2026-09-06,ukay,11078-3,8,Pangsapuri Servis,32,12
2026-09-06,ukay,12123-1,0,Rumah Teres,50,50
2026-09-06,ukay,12123-1,1,Rumah Pangsa/Kondo,13,13
2026-09-06,ukay,12123-1,2,Rumah Sesebuah,18,18
2026-09-06,ukay,20140-1,0,Rumah Pangsa/Kondo,237,233
2026-09-06,ukay,20140-1,1,Rumah Pangsa/Kondo,226,223
2026-09-06,ukay,12437-2,0,Rumah Teres,41,41
2026-09-06,ukay,12437-2,1,Rumah Teres,40,39
2026-09-06,ukay,12437-2,2,Rumah Teres,25,24
2026-09-06,ukay,11602-1,0,Rumah Teres,11,11
2026-09-06,seputeh,30141-2,0,Rumah Pangsa/Kondo,247,3
2026-09-06,seputeh,30141-2,1,Rumah Pangsa/Kondo,248,5
2026-09-06,armani,31112-1,0,Pangsapuri Servis,119,18
2026-09-06,armani,31112-1,1,Suite Homes,67,40
2026-09-06,armani,30135-3,0,Rumah Pangsa/Kondo,328,73
2026-09-06,armani,30705-2,0,Rumah Teres,16,0
2026-09-06,armani,30705-2,1,Rumah Teres,28,2
2026-09-06,armani,30273-1,0,Rumah Bandar,128,90
2026-09-06,armani,30273-1,1,Rumah Bandar,104,22
2026-09-06,armani,30256-2,0,Suite Homes,1440,761
2026-09-06,armani,30256-2,1,Soho,775,245
2026-09-06,armani,6820-8,0,Pangsapuri Servis,306,277
2026-09-06,armani,30727-1,0,Pangsapuri Servis,500,481
2026-09-06,armani,30727-1,1,Soho,148,92
2026-09-06,armani,30727-2,0,Pangsapuri Servis,498,63
2026-09-06,armani,30727-2,1,Soho,500,222
2026-09-06,armani,30339-1,0,Pangsapuri Servis,338,331
2026-09-06,armani,13975-5,0,Rumah Pangsa/Kondo,105,85
2026-09-06,armani,13975-5,1,Rumah Pangsa/Kondo,105,82
2026-09-06,armani,13975-5,2,Rumah Pangsa/Kondo,105,99
2026-09-06,armani,30641-1,0,Pangsapuri Servis,653,647
2026-09-06,armani,13975-6,0,Pangsapuri Servis,387,384
2026-09-06,armani,30799-1,0,Soho,488,13
2026-09-06,armani,30799-1,1,Pangsapuri Servis,496,19
2026-09-06,armani,30393-1,0,Rumah Berkembar,6,0
2026-09-06,armani,30393-1,1,Rumah Teres,2,0
2026-09-06,armani,30393-1,2,Rumah Teres,20,0
2026-09-06,armani,30393-1,3,Rumah Teres,2,0
2026-09-06,armani,30135-2,0,Suite Homes,280,96
2026-09-06,armani,13970-3,0,Rumah Berkembar,116,81
2026-09-06,avaland,30624-1,0,Rumah Pangsa/Kondo,70,70
2026-09-06,avaland,30624-1,1,Rumah Pangsa/Kondo,56,55
2026-09-06,avaland,30162-1,0,Pangsapuri Servis,492,317
2026-09-06,avaland,30162-1,1,Pangsapuri Servis,278,109
2026-09-06,avaland,20185-3,0,Pangsapuri Servis,216,216
2026-09-06,avaland,20185-3,1,Pangsapuri Servis,252,241
2026-09-06,avaland,9490-3,0,Pangsapuri Servis,504,277
2026-09-06,avaland,9490-3,1,Pangsapuri Servis,396,0
2026-09-06,avaland,30240-3,0,Rumah Teres,113,101
2026-09-06,avaland,30240-3,1,Rumah Teres,17,6
2026-09-06,avaland,30240-3,2,Rumah Teres,36,35
2026-09-06,avaland,30240-3,3,Rumah Teres,125,14
2026-09-06,avaland,30240-3,4,Rumah Teres,16,3
2026-09-06,avaland,30240-3,5,Rumah Teres,36,22
2026-09-06,avaland,12047-4,0,Rumah Pangsa/Kondo,303,97
2026-09-06,avaland,12047-4,1,Rumah Pangsa/Kondo,303,134
2026-09-06,avaland,20017-1,0,Rumah Pangsa/Kondo,149,144
2026-09-06,avaland,20017-1,1,Rumah Pangsa/Kondo,77,77
2026-09-06,binastra,31332-1,0,Pangsapuri Servis,415,193
2026-09-06,binastra,31332-1,1,Pangsapuri Servis,415,120
2026-09-06,chinhin,13531-2,0,Pangsapuri Servis,824,729
2026-09-06,chinhin,30632-1,0,Pangsapuri Servis,438,299
2026-09-06,chinhin,30632-1,1,Pangsapuri Servis,349,304
2026-09-06,chinhin,30190-1,0,Pangsapuri Servis,339,335
2026-09-06,chinhin,30190-1,1,Pangsapuri Servis,503,474
2026-09-06,chinhin,30382-1,0,Rumah Pangsa/Kondo,333,322
2026-09-06,chinhin,30382-1,1,Rumah Pangsa/Kondo,491,439
2026-09-06,chinhin,30744-1,0,Pangsapuri Servis,588,482
2026-09-06,chinhin,31096-1,0,Pangsapuri Servis,561,130
2026-09-06,chinhin,31096-1,1,Pangsapuri Servis,472,145
2026-09-06,chinhin,30064-1,0,Pangsapuri Servis,314,313
2026-09-06,chinhin,30064-1,1,Pangsapuri Servis,370,365
2026-09-06,chinhin,30382-3,0,Rumah Pangsa/Kondo,823,822
2026-09-06,chinhin,30907-1,0,Rumah Teres,140,135
2026-09-06,chinhin,30907-1,1,Rumah Teres,12,10
2026-09-06,chinhin,30907-1,2,Rumah Teres,79,76
2026-09-06,chinhin,30629-2,0,Pangsapuri Servis,492,477
2026-09-06,exsim,30784-1,0,Pangsapuri Servis,269,268
2026-09-06,exsim,20011-3,0,Pangsapuri Servis,593,593
2026-09-06,exsim,20011-2,0,Pangsapuri Servis,767,767
2026-09-06,exsim,20011-4,0,Pangsapuri Servis,671,664
2026-09-06,exsim,13666-2,0,Pangsapuri Servis,98,98
2026-09-06,exsim,30370-1,0,Pangsapuri Servis,320,319
2026-09-06,exsim,30789-1,0,Pangsapuri Servis,126,126
2026-09-06,exsim,30571-1,0,Pangsapuri Servis,603,602
2026-09-06,exsim,30914-1,0,Pangsapuri Servis,759,628
2026-09-06,exsim,30830-1,0,Pangsapuri Servis,456,317
2026-09-06,exsim,20011-5,0,Pangsapuri Servis,662,192
2026-09-06,exsim,31007-1,0,Pangsapuri Servis,848,845
2026-09-06,exsim,20084-1,0,Pangsapuri Servis,386,312
2026-09-06,exsim,20084-1,1,Pangsapuri Servis,293,27
2026-09-06,exsim,30741-1,0,Pangsapuri Suite,460,457
2026-09-06,exsim,30741-1,1,Pangsapuri Suite,506,505
2026-09-06,exsim,30741-1,2,Pangsapuri Suite,592,590
2026-09-06,exsim,31088-1,0,Pangsapuri Servis,671,554
2026-09-06,exsim,30741-2,0,Pangsapuri Suite,494,194
2026-09-06,exsim,30741-2,1,Pangsapuri Suite,510,245
2026-09-06,exsim,30357-2,0,Pangsapuri Servis,569,358
2026-09-06,exsim,30357-2,1,Pangsapuri Servis,569,300
2026-09-06,exsim,30357-1,0,Pangsapuri Servis,508,507
2026-09-06,exsim,31100-1,0,Pangsapuri Servis,1527,477
2026-09-06,exsim,31100-1,1,Pangsapuri Servis,1257,532
2026-09-06,exsim,31100-1,2,Pangsapuri Servis,908,500
2026-09-06,exsim,31100-1,3,Pangsapuri Servis,833,0
2026-09-06,exsim,30131-1,0,Soho,424,424
2026-09-06,mahsing,14297-25,0,Rumah Teres,111,109
2026-09-06,mahsing,14297-25,1,Rumah Teres,124,49
2026-09-06,mahsing,12324-1,0,Rumah Pangsa/Kondo,172,172
2026-09-06,mahsing,12324-1,1,Rumah Pangsa/Kondo,205,205
2026-09-06,mahsing,14297-24,0,Rumah Teres,168,144
2026-09-06,mahsing,12029-4,0,Pangsapuri Servis,833,75
2026-09-06,mahsing,31251-1,0,Rumah Pangsa/Kondo,606,50
2026-09-06,mahsing,5911-33,0,Pangsapuri Servis,686,462
2026-09-06,mahsing,5911-33,1,Pangsapuri Servis,932,553
2026-09-06,mahsing,13262-2,0,Pangsapuri Suite,747,58
2026-09-06,mahsing,13262-2,1,Pangsapuri Suite,797,312
2026-09-06,mahsing,30834-1,0,Pangsapuri Servis,570,424
2026-09-06,mahsing,30834-1,1,Pangsapuri Servis,570,372
2026-09-06,mahsing,30897-1,0,Rumah Teres,249,244
2026-09-06,mahsing,30897-1,1,Rumah Teres,81,79
2026-09-06,mahsing,30897-1,2,Rumah Teres,26,20
2026-09-06,mahsing,30897-1,3,Rumah Teres,126,120
2026-09-06,mahsing,30897-1,4,Rumah Teres,104,96
2026-09-06,mahsing,30897-1,5,Rumah Teres,44,23
2026-09-06,mahsing,30897-1,6,Rumah Teres,85,54
2026-09-06,mahsing,30897-1,7,Rumah Teres,102,16
2026-09-06,mahsing,11202-4,0,Pangsapuri Suite,624,614
2026-09-06,mahsing,11202-4,1,Pangsapuri Suite,624,611
2026-09-06,mahsing,11202-4,2,Pangsapuri Suite,832,648
2026-09-06,mahsing,11998-4,0,Rumah Teres,247,247
2026-09-06,mahsing,11998-4,1,Rumah Teres,149,149
2026-09-06,mahsing,13425-8,0,Pangsapuri Servis,422,333
2026-09-06,mahsing,13425-8,1,Pangsapuri Servis,78,62
2026-09-06,mahsing,13425-8,2,Pangsapuri Servis,499,0
2026-09-06,mahsing,30805-1,0,Pangsapuri Servis,748,460
2026-09-06,mahsing,30805-1,1,Pangsapuri Servis,251,121
2026-09-06,mahsing,10279-5,0,Rumah Teres,123,123
2026-09-06,mahsing,10279-5,1,Rumah Teres,100,100
2026-09-06,mahsing,10279-5,2,Rumah Teres,252,209
2026-09-06,mahsing,10279-5,3,Rumah Teres,116,98
2026-09-06,mahsing,10279-5,4,Rumah Teres,55,39
2026-09-06,mahsing,10279-5,5,Rumah Kluster,108,83
2026-09-06,mahsing,12029-3,0,Pangsapuri Servis,494,233
2026-09-06,mahsing,11430-2,0,Pangsapuri Suite,619,618
2026-09-06,mahsing,9600-6,0,Pangsapuri Servis,843,502
2026-09-06,mahsing,9600-6,1,Pangsapuri Servis,890,262
2026-09-06,mahsing,30440-1,0,Pangsapuri Servis,421,416
2026-09-06,mahsing,30440-1,1,Pangsapuri Servis,619,579
2026-09-06,mahsing,30440-1,2,Pangsapuri Servis,486,481
2026-09-06,majesticgen,30828-2,0,Pangsapuri Servis,732,731
2026-09-06,majesticgen,30828-3,0,Pangsapuri Servis,996,910
2026-09-06,majesticgen,30828-1,0,Pangsapuri Servis,360,355
2026-09-06,majesticgen,30244-1,0,Pangsapuri Servis,478,478
2026-09-06,majesticgen,30990-1,0,Rumah Teres,32,32
2026-09-06,majesticgen,30990-1,1,Rumah Berkembar,2,2
2026-09-06,majesticgen,30990-1,2,Rumah Teres,72,64
2026-09-06,majesticgen,31034-1,0,Soho,540,297
2026-09-06,majesticgen,31034-1,1,Soho,472,96
2026-09-06,majesticgen,30989-1,0,Rumah Teres,73,73
2026-09-06,majesticgen,12069-7,0,Rumah Berpagar & Berpengawal,128,0
2026-09-06,majesticgen,12069-7,1,Rumah Berpagar & Berpengawal,12,0
2026-09-06,malton,31139-1,0,Pangsapuri Servis,562,351
2026-09-06,malton,8950-4,0,Rumah Pangsa/Kondo,526,13
2026-09-06,malton,30667-1,0,Pangsapuri Servis,210,170
2026-09-06,malton,30667-1,1,Pangsapuri Servis,243,223
2026-09-06,malton,14035-6,0,Rumah Pangsa/Kondo,336,329
2026-09-06,malton,14035-4,0,Rumah Pangsa/Kondo,440,292
2026-09-06,malton,14035-4,1,Rumah Pangsa/Kondo,440,356
2026-09-06,malton,14035-4,2,Rumah Pangsa/Kondo,452,334
2026-09-06,maxim,30267-1,0,Rumah Pangsa/Kondo,302,302
2026-09-06,maxim,30267-1,1,Rumah Pangsa/Kondo,302,302
2026-09-06,maxim,31046-1,0,Pangsapuri Suite,558,111
2026-09-06,maxim,31046-1,1,Pangsapuri Suite,558,215
2026-09-06,maxim,31074-1,0,Pangsapuri Servis,858,404
2026-09-06,maxim,31074-1,1,Pangsapuri Servis,858,372
2026-09-06,maxim,31074-1,2,Pangsapuri Servis,1027,238
2026-09-06,maxim,30037-1,0,Pangsapuri Suite,629,629
2026-09-06,maxim,30037-1,1,Pangsapuri Suite,607,607
2026-09-06,maxim,19088-3,0,Rumah Pangsa/Kondo,208,178
2026-09-06,maxim,19088-3,1,Rumah Pangsa/Kondo,208,164
2026-09-06,maxim,19088-3,2,Rumah Pangsa/Kondo,208,181
2026-09-06,platinumvictory,30581-1,0,Pangsapuri Suite,877,863
2026-09-06,platinumvictory,30581-1,1,Pangsapuri Suite,811,810
2026-09-06,platinumvictory,9832-11,0,Pangsapuri Suite,946,469
2026-09-06,platinumvictory,9832-11,1,Pangsapuri Suite,1136,738
2026-09-06,platinumvictory,31008-1,0,Rumah Pangsa/Kondo,198,130
2026-09-06,platinumvictory,31008-1,1,Rumah Pangsa/Kondo,358,163
2026-09-06,platinumvictory,31008-1,2,Rumah Pangsa/Kondo,238,232
2026-09-06,platinumvictory,20253-2,0,Rumah Pangsa/Kondo,500,467
2026-09-06,platinumvictory,20253-3,0,Rumah Pangsa/Kondo,757,601
2026-09-06,platinumvictory,20253-3,1,Rumah Pangsa/Kondo,743,564
2026-09-06,platinumvictory,30937-1,0,Rumah Teres,23,18
2026-09-06,skyworld,31051-1,0,Rumah Pangsa/Kondo,492,457
2026-09-06,skyworld,30176-1,0,Rumah Pangsa/Kondo,448,429
2026-09-06,skyworld,30176-1,1,Rumah Pangsa/Kondo,382,227
2026-09-06,skyworld,30976-1,0,Rumah Pangsa/Kondo,510,241
2026-09-06,skyworld,31075-1,0,Rumah Pangsa/Kondo,583,567
2026-09-06,skyworld,31075-1,1,Rumah Pangsa/Kondo,583,530
2026-09-06,skyworld,31075-1,2,Rumah Pangsa/Kondo,680,257
2026-09-06,skyworld,31075-1,3,Rumah Pangsa/Kondo,542,0
2026-09-06,skyworld,31075-1,4,Rumah Pangsa/Kondo,516,0
2026-09-06,skyworld,31075-1,5,Rumah Pangsa/Kondo,560,0
2026-09-06,skyworld,31075-1,6,Rumah Pangsa/Kondo,518,0
2026-09-06,skyworld,19840-2,0,Pangsapuri Suite,535,467
2026-09-06,skyworld,19840-2,1,Pangsapuri Suite,466,465
2026-09-06,tslaw,31031-1,0,Pangsapuri Servis,815,728
2026-09-06,tslaw,31031-1,1,Pangsapuri Servis,808,672
2026-09-06,tslaw,30331-1,0,Pangsapuri Suite,897,888
2026-09-06,tslaw,30331-1,1,Pangsapuri Suite,941,937
2026-09-06,tslaw,9158-9,0,Rumah Berkembar,38,38
2026-09-06,tslaw,9158-9,1,Rumah Berkembar,2,2
2026-09-06,tslaw,9158-9,2,Rumah Berkembar,2,2
2026-09-06,tslaw,19760-1,0,Pangsapuri Servis,432,431
2026-09-06,tslaw,19760-1,1,Pangsapuri Servis,432,424
2026-09-06,tslaw,19760-1,2,Pangsapuri Servis,432,431
2026-09-06,trinitygroup,30857-1,0,Rumah Pangsa/Kondo,234,1
2026-09-06,trinitygroup,30857-1,1,Rumah Pangsa/Kondo,240,35
2026-09-06,trinitygroup,30857-1,2,Rumah Pangsa/Kondo,240,0
2026-09-06,trinitygroup,20140-2,0,Rumah Pangsa/Kondo,230,45
2026-09-06,trinitygroup,20140-2,1,Rumah Pangsa/Kondo,216,203
2026-09-06,trinitygroup,20140-2,2,Rumah Pangsa/Kondo,291,100
2026-09-06,trinitygroup,10826-4,0,Pangsapuri Servis,157,134
2026-09-06,trinitygroup,10826-4,1,Pangsapuri Servis,80,62
2026-09-06,trinitygroup,10826-4,2,Pangsapuri Servis,298,138
2026-09-06,radium,30363-2,0,Pangsapuri Suite,1218,1128
2026-09-06,radium,30363-1,0,Rumah Pangsa/Kondo,1218,1124
2026-09-06,radium,30821-1,0,Pangsapuri Suite,494,261
2026-09-06,radium,30821-1,1,Pangsapuri Suite,494,262
2026-09-06,radium,30121-1,0,Soho,944,380
2026-09-06,radium,31310-1,0,Rumah Pangsa/Kondo,558,0
2026-09-06,radium,31310-1,1,Rumah Pangsa/Kondo,239,0
2026-09-07,seputeh,32-16,0,Rumah Pangsa/Kondo,13,2
2026-09-07,seputeh,32-16,1,Rumah Pangsa/Kondo,13,6
2026-09-07,seputeh,32-16,2,Rumah Pangsa/Kondo,21,4
2026-09-07,seputeh,32-16,3,Rumah Pangsa/Kondo,27,10
2026-09-07,seputeh,32-16,4,Rumah Pangsa/Kondo,13,2
2026-09-07,seputeh,32-16,5,Rumah Pangsa/Kondo,12,2
2026-09-07,seputeh,32-16,6,Rumah Pangsa/Kondo,27,10
2026-09-07,seputeh,32-16,7,Rumah Pangsa/Kondo,20,7
2026-09-07,seputeh,30216-1,0,Pangsapuri Servis,154,36
2026-09-07,seputeh,30216-2,0,Pangsapuri Servis,490,52
2026-09-07,seputeh,31078-1,0,Rumah Berpagar & Berpengawal,48,45
2026-09-07,seputeh,31274-1,0,Rumah Pangsa/Kondo,244,1
2026-09-07,seputeh,2463-23,0,Rumah Pangsa/Kondo,293,266
2026-09-07,seputeh,2463-23,1,Rumah Pangsa/Kondo,140,90
2026-09-07,status13,31202-1,0,Pangsapuri Suite,680,106
2026-09-07,status13,31202-1,1,Pangsapuri Suite,630,88
2026-09-07,status13,13262-2,0,Pangsapuri Suite,747,58
2026-09-07,status13,13262-2,1,Pangsapuri Suite,797,312
2026-09-07,status13,30590-2,0,Soho,996,131
2026-09-07,status13,5911-33,0,Pangsapuri Servis,686,462
2026-09-07,status13,5911-33,1,Pangsapuri Servis,932,553
2026-09-07,status13,30363-2,0,Pangsapuri Suite,1218,1128
2026-09-07,status13,30821-1,0,Pangsapuri Suite,494,261
2026-09-07,status13,30821-1,1,Pangsapuri Suite,494,262
2026-09-07,status13,30366-1,0,Pangsapuri Servis,482,470
2026-09-07,status13,13074-4,0,Pangsapuri Servis,299,238
2026-09-07,status13,8824-5,0,Pangsapuri Servis,641,196
2026-09-07,status13,8824-5,1,Pangsapuri Servis,655,461
2026-09-07,status13,20253-3,0,Rumah Pangsa/Kondo,757,601
2026-09-07,status13,20253-3,1,Rumah Pangsa/Kondo,743,564
2026-09-07,status13,30876-1,0,Rumah Pangsa/Kondo,551,138
2026-09-07,status13,30250-2,0,Rumah Pangsa/Kondo,333,333
2026-09-07,status13,30250-2,1,Rumah Pangsa/Kondo,328,326
2026-09-07,status13,31332-1,0,Pangsapuri Servis,415,194
2026-09-07,status13,31332-1,1,Pangsapuri Servis,415,124
2026-09-07,johor,835-14,0,Pangsapuri Servis,715,310
2026-09-07,johor,30946-1,0,Pangsapuri Servis,1950,980
2026-09-07,johor,14523-4,0,Pangsapuri Servis,416,52
2026-09-07,johor,30635-1,0,Pangsapuri Servis,539,329
2026-09-07,johor,30635-1,1,Pangsapuri Servis,539,340
2026-09-07,johor,30635-1,2,Pangsapuri Servis,539,220
2026-09-07,johor,30635-1,3,Pangsapuri Servis,539,180
2026-09-07,johor,31007-1,0,Pangsapuri Servis,848,845
2026-09-07,johor,31100-1,0,Pangsapuri Servis,1527,477
2026-09-07,johor,31100-1,1,Pangsapuri Servis,1257,532
2026-09-07,johor,31100-1,2,Pangsapuri Servis,908,500
2026-09-07,johor,31100-1,3,Pangsapuri Servis,833,0
2026-09-07,johor,31074-1,0,Pangsapuri Servis,858,404
2026-09-07,johor,31074-1,1,Pangsapuri Servis,858,372
2026-09-07,johor,31074-1,2,Pangsapuri Servis,1027,238
2026-09-07,johor,9600-6,0,Pangsapuri Servis,843,502
2026-09-07,johor,9600-6,1,Pangsapuri Servis,890,262
2026-09-07,johor,31031-1,0,Pangsapuri Servis,815,728
2026-09-07,johor,31031-1,1,Pangsapuri Servis,808,672
2026-09-07,johor,30828-3,0,Pangsapuri Servis,996,910
2026-09-07,johor,13531-2,0,Pangsapuri Servis,824,729
2026-09-07,johor,31034-1,0,Soho,540,297
2026-09-07,johor,31034-1,1,Soho,472,96
2026-09-07,johor,31149-1,0,Pangsapuri Servis,637,220
2026-09-07,johor,31149-1,1,Pangsapuri Servis,637,97
2026-09-07,ukay,9500-8,0,Rumah Pangsa/Kondo,306,93
2026-09-07,ukay,20140-2,0,Rumah Pangsa/Kondo,230,45
2026-09-07,ukay,20140-2,1,Rumah Pangsa/Kondo,216,203
2026-09-07,ukay,20140-2,2,Rumah Pangsa/Kondo,291,100
2026-09-07,ukay,11519-3,0,Rumah Pangsa/Kondo,344,343
2026-09-07,ukay,597-13,0,Pangsapuri Servis,234,228
2026-09-07,ukay,10296-3,0,Rumah Sesebuah,1,1
2026-09-07,ukay,10296-3,1,Rumah Berkembar,2,2
2026-09-07,ukay,10296-3,2,Rumah Teres,45,45
2026-09-07,ukay,10296-3,3,Rumah Berkembar,4,4
2026-09-07,ukay,10296-3,4,Rumah Sesebuah,1,1
2026-09-07,ukay,10296-3,5,Rumah Teres,80,80
2026-09-07,ukay,10296-3,6,Rumah Berkembar,24,24
2026-09-07,ukay,10296-3,7,Rumah Sesebuah,1,1
2026-09-07,ukay,10296-3,8,Rumah Teres,12,12
2026-09-07,ukay,10296-3,9,Rumah Teres,54,54
2026-09-07,ukay,10296-3,10,Rumah Teres,12,12
2026-09-07,ukay,10296-3,11,Rumah Berkembar,18,18
2026-09-07,ukay,10296-3,12,Rumah Sesebuah,1,1
2026-09-07,ukay,10296-3,13,Rumah Sesebuah,1,1
2026-09-07,ukay,10296-3,14,Rumah Berkembar,12,12
2026-09-07,ukay,10296-3,15,Rumah Berkembar,2,2
2026-09-07,ukay,10296-3,16,Rumah Berkembar,2,2
2026-09-07,ukay,10296-3,17,Rumah Sesebuah,1,1
2026-09-07,ukay,12369-1,0,Rumah Teres,32,32
2026-09-07,ukay,12369-2,0,Rumah Berkembar,7,7
2026-09-07,ukay,12166-1,0,Rumah Sesebuah,3,3
2026-09-07,ukay,12166-1,1,Rumah Sesebuah,10,10
2026-09-07,ukay,12166-1,2,Rumah Sesebuah,61,61
2026-09-07,ukay,9500-7,0,Rumah Teres,7,7
2026-09-07,ukay,9500-7,1,Rumah Teres,7,7
2026-09-07,ukay,9500-7,2,Rumah Teres,12,12
2026-09-07,ukay,9500-7,3,Rumah Pangsa/Kondo,30,30
2026-09-07,ukay,9500-7,4,Rumah Pangsa/Kondo,38,38
2026-09-07,ukay,9500-7,5,Rumah Pangsa/Kondo,36,36
2026-09-07,ukay,9500-7,6,Rumah Pangsa/Kondo,38,38
2026-09-07,ukay,9500-7,7,Rumah Pangsa/Kondo,26,26
2026-09-07,ukay,9500-7,8,Rumah Pangsa/Kondo,28,28
2026-09-07,ukay,11078-3,0,Pangsapuri Servis,2,1
2026-09-07,ukay,11078-3,1,Pangsapuri Servis,8,3
2026-09-07,ukay,11078-3,2,Pangsapuri Servis,2,2
2026-09-07,ukay,11078-3,3,Pangsapuri Servis,8,3
2026-09-07,ukay,11078-3,4,Pangsapuri Servis,48,19
2026-09-07,ukay,11078-3,5,Pangsapuri Servis,48,18
2026-09-07,ukay,11078-3,6,Pangsapuri Servis,128,119
2026-09-07,ukay,11078-3,7,Pangsapuri Servis,20,20
2026-09-07,ukay,11078-3,8,Pangsapuri Servis,32,12
2026-09-07,ukay,12123-1,0,Rumah Teres,50,50
2026-09-07,ukay,12123-1,1,Rumah Pangsa/Kondo,13,13
2026-09-07,ukay,12123-1,2,Rumah Sesebuah,18,18
2026-09-07,ukay,20140-1,0,Rumah Pangsa/Kondo,237,233
2026-09-07,ukay,20140-1,1,Rumah Pangsa/Kondo,226,223
2026-09-07,ukay,12437-2,0,Rumah Teres,41,41
2026-09-07,ukay,12437-2,1,Rumah Teres,40,39
2026-09-07,ukay,12437-2,2,Rumah Teres,25,24
2026-09-07,ukay,11602-1,0,Rumah Teres,11,11
2026-09-07,seputeh,30141-2,0,Rumah Pangsa/Kondo,247,3
2026-09-07,seputeh,30141-2,1,Rumah Pangsa/Kondo,248,5
2026-09-07,armani,31112-1,0,Pangsapuri Servis,119,18
2026-09-07,armani,31112-1,1,Suite Homes,67,40
2026-09-07,armani,30135-3,0,Rumah Pangsa/Kondo,328,73
2026-09-07,armani,30705-2,0,Rumah Teres,16,0
2026-09-07,armani,30705-2,1,Rumah Teres,28,2
2026-09-07,armani,30273-1,0,Rumah Bandar,128,90
2026-09-07,armani,30273-1,1,Rumah Bandar,104,22
2026-09-07,armani,30256-2,0,Suite Homes,1440,761
2026-09-07,armani,30256-2,1,Soho,775,245
2026-09-07,armani,6820-8,0,Pangsapuri Servis,306,277
2026-09-07,armani,30727-1,0,Pangsapuri Servis,500,481
2026-09-07,armani,30727-1,1,Soho,148,92
2026-09-07,armani,30727-2,0,Pangsapuri Servis,498,63
2026-09-07,armani,30727-2,1,Soho,500,222
2026-09-07,armani,30339-1,0,Pangsapuri Servis,338,331
2026-09-07,armani,13975-5,0,Rumah Pangsa/Kondo,105,85
2026-09-07,armani,13975-5,1,Rumah Pangsa/Kondo,105,82
2026-09-07,armani,13975-5,2,Rumah Pangsa/Kondo,105,99
2026-09-07,armani,30641-1,0,Pangsapuri Servis,653,647
2026-09-07,armani,13975-6,0,Pangsapuri Servis,387,384
2026-09-07,armani,30799-1,0,Soho,488,13
2026-09-07,armani,30799-1,1,Pangsapuri Servis,496,19
2026-09-07,armani,30393-1,0,Rumah Berkembar,6,0
2026-09-07,armani,30393-1,1,Rumah Teres,2,0
2026-09-07,armani,30393-1,2,Rumah Teres,20,0
2026-09-07,armani,30393-1,3,Rumah Teres,2,0
2026-09-07,armani,30135-2,0,Suite Homes,280,96
2026-09-07,armani,13970-3,0,Rumah Berkembar,116,81
2026-09-07,avaland,30624-1,0,Rumah Pangsa/Kondo,70,70
2026-09-07,avaland,30624-1,1,Rumah Pangsa/Kondo,56,55
2026-09-07,avaland,30162-1,0,Pangsapuri Servis,492,317
2026-09-07,avaland,30162-1,1,Pangsapuri Servis,278,109
2026-09-07,avaland,20185-3,0,Pangsapuri Servis,216,216
2026-09-07,avaland,20185-3,1,Pangsapuri Servis,252,241
2026-09-07,avaland,9490-3,0,Pangsapuri Servis,504,277
2026-09-07,avaland,9490-3,1,Pangsapuri Servis,396,0
2026-09-07,avaland,30240-3,0,Rumah Teres,113,101
2026-09-07,avaland,30240-3,1,Rumah Teres,17,6
2026-09-07,avaland,30240-3,2,Rumah Teres,36,35
2026-09-07,avaland,30240-3,3,Rumah Teres,125,14
2026-09-07,avaland,30240-3,4,Rumah Teres,16,3
2026-09-07,avaland,30240-3,5,Rumah Teres,36,22
2026-09-07,avaland,12047-4,0,Rumah Pangsa/Kondo,303,97
2026-09-07,avaland,12047-4,1,Rumah Pangsa/Kondo,303,134
2026-09-07,avaland,20017-1,0,Rumah Pangsa/Kondo,149,144
2026-09-07,avaland,20017-1,1,Rumah Pangsa/Kondo,77,77
2026-09-07,binastra,31332-1,0,Pangsapuri Servis,415,194
2026-09-07,binastra,31332-1,1,Pangsapuri Servis,415,124
2026-09-07,chinhin,13531-2,0,Pangsapuri Servis,824,729
2026-09-07,chinhin,30632-1,0,Pangsapuri Servis,438,299
2026-09-07,chinhin,30632-1,1,Pangsapuri Servis,349,304
2026-09-07,chinhin,30190-1,0,Pangsapuri Servis,339,335
2026-09-07,chinhin,30190-1,1,Pangsapuri Servis,503,474
2026-09-07,chinhin,30382-1,0,Rumah Pangsa/Kondo,333,322
2026-09-07,chinhin,30382-1,1,Rumah Pangsa/Kondo,491,439
2026-09-07,chinhin,30744-1,0,Pangsapuri Servis,588,482
2026-09-07,chinhin,31096-1,0,Pangsapuri Servis,561,130
2026-09-07,chinhin,31096-1,1,Pangsapuri Servis,472,146
2026-09-07,chinhin,30064-1,0,Pangsapuri Servis,314,313
2026-09-07,chinhin,30064-1,1,Pangsapuri Servis,370,365
2026-09-07,chinhin,30382-3,0,Rumah Pangsa/Kondo,823,822
2026-09-07,chinhin,30907-1,0,Rumah Teres,140,135
2026-09-07,chinhin,30907-1,1,Rumah Teres,12,10
2026-09-07,chinhin,30907-1,2,Rumah Teres,79,76
2026-09-07,chinhin,30629-2,0,Pangsapuri Servis,492,477
2026-09-07,exsim,30784-1,0,Pangsapuri Servis,269,268
2026-09-07,exsim,20011-3,0,Pangsapuri Servis,593,593
2026-09-07,exsim,20011-2,0,Pangsapuri Servis,767,767
2026-09-07,exsim,20011-4,0,Pangsapuri Servis,671,664
2026-09-07,exsim,13666-2,0,Pangsapuri Servis,98,98
2026-09-07,exsim,30370-1,0,Pangsapuri Servis,320,319
2026-09-07,exsim,30789-1,0,Pangsapuri Servis,126,126
2026-09-07,exsim,30571-1,0,Pangsapuri Servis,603,602
2026-09-07,exsim,30914-1,0,Pangsapuri Servis,759,629
2026-09-07,exsim,30830-1,0,Pangsapuri Servis,456,317
2026-09-07,exsim,20011-5,0,Pangsapuri Servis,662,192
2026-09-07,exsim,31007-1,0,Pangsapuri Servis,848,845
2026-09-07,exsim,20084-1,0,Pangsapuri Servis,386,312
2026-09-07,exsim,20084-1,1,Pangsapuri Servis,293,27
2026-09-07,exsim,30741-1,0,Pangsapuri Suite,460,457
2026-09-07,exsim,30741-1,1,Pangsapuri Suite,506,505
2026-09-07,exsim,30741-1,2,Pangsapuri Suite,592,590
2026-09-07,exsim,31088-1,0,Pangsapuri Servis,671,554
2026-09-07,exsim,30741-2,0,Pangsapuri Suite,494,194
2026-09-07,exsim,30741-2,1,Pangsapuri Suite,510,245
2026-09-07,exsim,30357-2,0,Pangsapuri Servis,569,358
2026-09-07,exsim,30357-2,1,Pangsapuri Servis,569,300
2026-09-07,exsim,30357-1,0,Pangsapuri Servis,508,507
2026-09-07,exsim,31100-1,0,Pangsapuri Servis,1527,477
2026-09-07,exsim,31100-1,1,Pangsapuri Servis,1257,532
2026-09-07,exsim,31100-1,2,Pangsapuri Servis,908,500
2026-09-07,exsim,31100-1,3,Pangsapuri Servis,833,0
2026-09-07,exsim,30131-1,0,Soho,424,424
2026-09-07,mahsing,14297-25,0,Rumah Teres,111,109
2026-09-07,mahsing,14297-25,1,Rumah Teres,124,49
2026-09-07,mahsing,12324-1,0,Rumah Pangsa/Kondo,172,172
2026-09-07,mahsing,12324-1,1,Rumah Pangsa/Kondo,205,205
2026-09-07,mahsing,14297-24,0,Rumah Teres,168,144
2026-09-07,mahsing,12029-4,0,Pangsapuri Servis,833,75
2026-09-07,mahsing,31251-1,0,Rumah Pangsa/Kondo,606,50
2026-09-07,mahsing,5911-33,0,Pangsapuri Servis,686,462
2026-09-07,mahsing,5911-33,1,Pangsapuri Servis,932,553
2026-09-07,mahsing,13262-2,0,Pangsapuri Suite,747,58
2026-09-07,mahsing,13262-2,1,Pangsapuri Suite,797,312
2026-09-07,mahsing,30834-1,0,Pangsapuri Servis,570,424
2026-09-07,mahsing,30834-1,1,Pangsapuri Servis,570,372
2026-09-07,mahsing,30897-1,0,Rumah Teres,249,244
2026-09-07,mahsing,30897-1,1,Rumah Teres,81,79
2026-09-07,mahsing,30897-1,2,Rumah Teres,26,20
2026-09-07,mahsing,30897-1,3,Rumah Teres,126,120
2026-09-07,mahsing,30897-1,4,Rumah Teres,104,96
2026-09-07,mahsing,30897-1,5,Rumah Teres,44,23
2026-09-07,mahsing,30897-1,6,Rumah Teres,85,54
2026-09-07,mahsing,30897-1,7,Rumah Teres,102,16
2026-09-07,mahsing,11202-4,0,Pangsapuri Suite,624,614
2026-09-07,mahsing,11202-4,1,Pangsapuri Suite,624,611
2026-09-07,mahsing,11202-4,2,Pangsapuri Suite,832,648
2026-09-07,mahsing,11998-4,0,Rumah Teres,247,247
2026-09-07,mahsing,11998-4,1,Rumah Teres,149,149
2026-09-07,mahsing,13425-8,0,Pangsapuri Servis,422,333
2026-09-07,mahsing,13425-8,1,Pangsapuri Servis,78,62
2026-09-07,mahsing,13425-8,2,Pangsapuri Servis,499,0
2026-09-07,mahsing,30805-1,0,Pangsapuri Servis,748,460
2026-09-07,mahsing,30805-1,1,Pangsapuri Servis,251,121
2026-09-07,mahsing,10279-5,0,Rumah Teres,123,123
2026-09-07,mahsing,10279-5,1,Rumah Teres,100,100
2026-09-07,mahsing,10279-5,2,Rumah Teres,252,209
2026-09-07,mahsing,10279-5,3,Rumah Teres,116,98
2026-09-07,mahsing,10279-5,4,Rumah Teres,55,39
2026-09-07,mahsing,10279-5,5,Rumah Kluster,108,83
2026-09-07,mahsing,12029-3,0,Pangsapuri Servis,494,233
2026-09-07,mahsing,11430-2,0,Pangsapuri Suite,619,618
2026-09-07,mahsing,9600-6,0,Pangsapuri Servis,843,502
2026-09-07,mahsing,9600-6,1,Pangsapuri Servis,890,262
2026-09-07,mahsing,30440-1,0,Pangsapuri Servis,421,416
2026-09-07,mahsing,30440-1,1,Pangsapuri Servis,619,579
2026-09-07,mahsing,30440-1,2,Pangsapuri Servis,486,481
2026-09-07,majesticgen,30828-2,0,Pangsapuri Servis,732,731
2026-09-07,majesticgen,30828-3,0,Pangsapuri Servis,996,910
2026-09-07,majesticgen,30828-1,0,Pangsapuri Servis,360,355
2026-09-07,majesticgen,30244-1,0,Pangsapuri Servis,478,478
2026-09-07,majesticgen,30990-1,0,Rumah Teres,32,32
2026-09-07,majesticgen,30990-1,1,Rumah Berkembar,2,2
2026-09-07,majesticgen,30990-1,2,Rumah Teres,72,64
2026-09-07,majesticgen,31034-1,0,Soho,540,297
2026-09-07,majesticgen,31034-1,1,Soho,472,96
2026-09-07,majesticgen,30989-1,0,Rumah Teres,73,73
2026-09-07,majesticgen,12069-7,0,Rumah Berpagar & Berpengawal,128,0
2026-09-07,majesticgen,12069-7,1,Rumah Berpagar & Berpengawal,12,0
2026-09-07,malton,31139-1,0,Pangsapuri Servis,562,351
2026-09-07,malton,8950-4,0,Rumah Pangsa/Kondo,526,13
2026-09-07,malton,30667-1,0,Pangsapuri Servis,210,170
2026-09-07,malton,30667-1,1,Pangsapuri Servis,243,223
2026-09-07,malton,14035-6,0,Rumah Pangsa/Kondo,336,329
2026-09-07,malton,14035-4,0,Rumah Pangsa/Kondo,440,292
2026-09-07,malton,14035-4,1,Rumah Pangsa/Kondo,440,356
2026-09-07,malton,14035-4,2,Rumah Pangsa/Kondo,452,334
2026-09-07,maxim,30267-1,0,Rumah Pangsa/Kondo,302,302
2026-09-07,maxim,30267-1,1,Rumah Pangsa/Kondo,302,302
2026-09-07,maxim,31046-1,0,Pangsapuri Suite,558,111
2026-09-07,maxim,31046-1,1,Pangsapuri Suite,558,215
2026-09-07,maxim,31074-1,0,Pangsapuri Servis,858,404
2026-09-07,maxim,31074-1,1,Pangsapuri Servis,858,372
2026-09-07,maxim,31074-1,2,Pangsapuri Servis,1027,238
2026-09-07,maxim,30037-1,0,Pangsapuri Suite,629,629
2026-09-07,maxim,30037-1,1,Pangsapuri Suite,607,607
2026-09-07,maxim,19088-3,0,Rumah Pangsa/Kondo,208,178
2026-09-07,maxim,19088-3,1,Rumah Pangsa/Kondo,208,164
2026-09-07,maxim,19088-3,2,Rumah Pangsa/Kondo,208,181
2026-09-07,platinumvictory,30581-1,0,Pangsapuri Suite,877,863
2026-09-07,platinumvictory,30581-1,1,Pangsapuri Suite,811,810
2026-09-07,platinumvictory,9832-11,0,Pangsapuri Suite,946,469
2026-09-07,platinumvictory,9832-11,1,Pangsapuri Suite,1136,738
2026-09-07,platinumvictory,31008-1,0,Rumah Pangsa/Kondo,198,130
2026-09-07,platinumvictory,31008-1,1,Rumah Pangsa/Kondo,358,163
2026-09-07,platinumvictory,31008-1,2,Rumah Pangsa/Kondo,238,232
2026-09-07,platinumvictory,20253-2,0,Rumah Pangsa/Kondo,500,467
2026-09-07,platinumvictory,20253-3,0,Rumah Pangsa/Kondo,757,601
2026-09-07,platinumvictory,20253-3,1,Rumah Pangsa/Kondo,743,564
2026-09-07,platinumvictory,30937-1,0,Rumah Teres,23,18
2026-09-07,skyworld,31051-1,0,Rumah Pangsa/Kondo,492,457
2026-09-07,skyworld,30176-1,0,Rumah Pangsa/Kondo,448,429
2026-09-07,skyworld,30176-1,1,Rumah Pangsa/Kondo,382,227
2026-09-07,skyworld,30976-1,0,Rumah Pangsa/Kondo,510,241
2026-09-07,skyworld,31075-1,0,Rumah Pangsa/Kondo,583,567
2026-09-07,skyworld,31075-1,1,Rumah Pangsa/Kondo,583,530
2026-09-07,skyworld,31075-1,2,Rumah Pangsa/Kondo,680,257
2026-09-07,skyworld,31075-1,3,Rumah Pangsa/Kondo,542,0
2026-09-07,skyworld,31075-1,4,Rumah Pangsa/Kondo,516,0
2026-09-07,skyworld,31075-1,5,Rumah Pangsa/Kondo,560,0
2026-09-07,skyworld,31075-1,6,Rumah Pangsa/Kondo,518,0
2026-09-07,skyworld,19840-2,0,Pangsapuri Suite,535,467
2026-09-07,skyworld,19840-2,1,Pangsapuri Suite,466,465
2026-09-07,tslaw,31031-1,0,Pangsapuri Servis,815,728
2026-09-07,tslaw,31031-1,1,Pangsapuri Servis,808,672
2026-09-07,tslaw,30331-1,0,Pangsapuri Suite,897,888
2026-09-07,tslaw,30331-1,1,Pangsapuri Suite,941,937
2026-09-07,tslaw,9158-9,0,Rumah Berkembar,38,38
2026-09-07,tslaw,9158-9,1,Rumah Berkembar,2,2
2026-09-07,tslaw,9158-9,2,Rumah Berkembar,2,2
2026-09-07,tslaw,19760-1,0,Pangsapuri Servis,432,431
2026-09-07,tslaw,19760-1,1,Pangsapuri Servis,432,424
2026-09-07,tslaw,19760-1,2,Pangsapuri Servis,432,431
2026-09-07,trinitygroup,30857-1,0,Rumah Pangsa/Kondo,234,1
2026-09-07,trinitygroup,30857-1,1,Rumah Pangsa/Kondo,240,35
2026-09-07,trinitygroup,30857-1,2,Rumah Pangsa/Kondo,240,0
2026-09-07,trinitygroup,20140-2,0,Rumah Pangsa/Kondo,230,45
2026-09-07,trinitygroup,20140-2,1,Rumah Pangsa/Kondo,216,203
2026-09-07,trinitygroup,20140-2,2,Rumah Pangsa/Kondo,291,100
2026-09-07,trinitygroup,10826-4,0,Pangsapuri Servis,157,134
2026-09-07,trinitygroup,10826-4,1,Pangsapuri Servis,80,62
2026-09-07,trinitygroup,10826-4,2,Pangsapuri Servis,298,138
2026-09-07,radium,30363-2,0,Pangsapuri Suite,1218,1128
2026-09-07,radium,30363-1,0,Rumah Pangsa/Kondo,1218,1124
2026-09-07,radium,30821-1,0,Pangsapuri Suite,494,261
2026-09-07,radium,30821-1,1,Pangsapuri Suite,494,262
2026-09-07,radium,30121-1,0,Soho,944,380
2026-09-07,radium,31310-1,0,Rumah Pangsa/Kondo,558,0
2026-09-07,radium,31310-1,1,Rumah Pangsa/Kondo,239,0
2026-09-08,seputeh,32-16,0,Rumah Pangsa/Kondo,13,2
2026-09-08,seputeh,32-16,1,Rumah Pangsa/Kondo,13,6
2026-09-08,seputeh,32-16,2,Rumah Pangsa/Kondo,21,4
2026-09-08,seputeh,32-16,3,Rumah Pangsa/Kondo,27,10
2026-09-08,seputeh,32-16,4,Rumah Pangsa/Kondo,13,2
2026-09-08,seputeh,32-16,5,Rumah Pangsa/Kondo,12,2
2026-09-08,seputeh,32-16,6,Rumah Pangsa/Kondo,27,10
2026-09-08,seputeh,32-16,7,Rumah Pangsa/Kondo,20,7
2026-09-08,seputeh,30216-1,0,Pangsapuri Servis,154,36
2026-09-08,seputeh,30216-2,0,Pangsapuri Servis,490,52
2026-09-08,seputeh,31078-1,0,Rumah Berpagar & Berpengawal,48,45
2026-09-08,seputeh,31274-1,0,Rumah Pangsa/Kondo,244,1
2026-09-08,seputeh,2463-23,0,Rumah Pangsa/Kondo,293,266
2026-09-08,seputeh,2463-23,1,Rumah Pangsa/Kondo,140,90
2026-09-08,status13,31202-1,0,Pangsapuri Suite,680,109
2026-09-08,status13,31202-1,1,Pangsapuri Suite,630,89
2026-09-08,status13,13262-2,0,Pangsapuri Suite,747,59
2026-09-08,status13,13262-2,1,Pangsapuri Suite,797,313
2026-09-08,status13,30590-2,0,Soho,996,134
2026-09-08,status13,5911-33,0,Pangsapuri Servis,686,462
2026-09-08,status13,5911-33,1,Pangsapuri Servis,932,555
2026-09-08,status13,30363-2,0,Pangsapuri Suite,1218,1128
2026-09-08,status13,30821-1,0,Pangsapuri Suite,494,262
2026-09-08,status13,30821-1,1,Pangsapuri Suite,494,262
2026-09-08,status13,30366-1,0,Pangsapuri Servis,482,470
2026-09-08,status13,13074-4,0,Pangsapuri Servis,299,238
2026-09-08,status13,8824-5,0,Pangsapuri Servis,641,196
2026-09-08,status13,8824-5,1,Pangsapuri Servis,655,462
2026-09-08,status13,20253-3,0,Rumah Pangsa/Kondo,757,602
2026-09-08,status13,20253-3,1,Rumah Pangsa/Kondo,743,564
2026-09-08,status13,30876-1,0,Rumah Pangsa/Kondo,551,138
2026-09-08,status13,30250-2,0,Rumah Pangsa/Kondo,333,333
2026-09-08,status13,30250-2,1,Rumah Pangsa/Kondo,328,326
2026-09-08,status13,31332-1,0,Pangsapuri Servis,415,197
2026-09-08,status13,31332-1,1,Pangsapuri Servis,415,126
2026-09-08,johor,835-14,0,Pangsapuri Servis,715,311
2026-09-08,johor,30946-1,0,Pangsapuri Servis,1950,981
2026-09-08,johor,14523-4,0,Pangsapuri Servis,416,53
2026-09-08,johor,30635-1,0,Pangsapuri Servis,539,330
2026-09-08,johor,30635-1,1,Pangsapuri Servis,539,340
2026-09-08,johor,30635-1,2,Pangsapuri Servis,539,220
2026-09-08,johor,30635-1,3,Pangsapuri Servis,539,180
2026-09-08,johor,31007-1,0,Pangsapuri Servis,848,845
2026-09-08,johor,31100-1,0,Pangsapuri Servis,1527,478
2026-09-08,johor,31100-1,1,Pangsapuri Servis,1257,533
2026-09-08,johor,31100-1,2,Pangsapuri Servis,908,500
2026-09-08,johor,31100-1,3,Pangsapuri Servis,833,0
2026-09-08,johor,31074-1,0,Pangsapuri Servis,858,404
2026-09-08,johor,31074-1,1,Pangsapuri Servis,858,372
2026-09-08,johor,31074-1,2,Pangsapuri Servis,1027,240
2026-09-08,johor,9600-6,0,Pangsapuri Servis,843,502
2026-09-08,johor,9600-6,1,Pangsapuri Servis,890,263
2026-09-08,johor,31031-1,0,Pangsapuri Servis,815,728
2026-09-08,johor,31031-1,1,Pangsapuri Servis,808,673
2026-09-08,johor,30828-3,0,Pangsapuri Servis,996,910
2026-09-08,johor,13531-2,0,Pangsapuri Servis,824,730
2026-09-08,johor,31034-1,0,Soho,540,297
2026-09-08,johor,31034-1,1,Soho,472,96
2026-09-08,johor,31149-1,0,Pangsapuri Servis,637,221
2026-09-08,johor,31149-1,1,Pangsapuri Servis,637,97
2026-09-08,ukay,9500-8,0,Rumah Pangsa/Kondo,306,93
2026-09-08,ukay,20140-2,0,Rumah Pangsa/Kondo,230,45
2026-09-08,ukay,20140-2,1,Rumah Pangsa/Kondo,216,203
2026-09-08,ukay,20140-2,2,Rumah Pangsa/Kondo,291,100
2026-09-08,ukay,11519-3,0,Rumah Pangsa/Kondo,344,343
2026-09-08,ukay,597-13,0,Pangsapuri Servis,234,228
2026-09-08,ukay,10296-3,0,Rumah Sesebuah,1,1
2026-09-08,ukay,10296-3,1,Rumah Berkembar,2,2
2026-09-08,ukay,10296-3,2,Rumah Teres,45,45
2026-09-08,ukay,10296-3,3,Rumah Berkembar,4,4
2026-09-08,ukay,10296-3,4,Rumah Sesebuah,1,1
2026-09-08,ukay,10296-3,5,Rumah Teres,80,80
2026-09-08,ukay,10296-3,6,Rumah Berkembar,24,24
2026-09-08,ukay,10296-3,7,Rumah Sesebuah,1,1
2026-09-08,ukay,10296-3,8,Rumah Teres,12,12
2026-09-08,ukay,10296-3,9,Rumah Teres,54,54
2026-09-08,ukay,10296-3,10,Rumah Teres,12,12
2026-09-08,ukay,10296-3,11,Rumah Berkembar,18,18
2026-09-08,ukay,10296-3,12,Rumah Sesebuah,1,1
2026-09-08,ukay,10296-3,13,Rumah Sesebuah,1,1
2026-09-08,ukay,10296-3,14,Rumah Berkembar,12,12
2026-09-08,ukay,10296-3,15,Rumah Berkembar,2,2
2026-09-08,ukay,10296-3,16,Rumah Berkembar,2,2
2026-09-08,ukay,10296-3,17,Rumah Sesebuah,1,1
2026-09-08,ukay,12369-1,0,Rumah Teres,32,32
2026-09-08,ukay,12369-2,0,Rumah Berkembar,7,7
2026-09-08,ukay,12166-1,0,Rumah Sesebuah,3,3
2026-09-08,ukay,12166-1,1,Rumah Sesebuah,10,10
2026-09-08,ukay,12166-1,2,Rumah Sesebuah,61,61
2026-09-08,ukay,9500-7,0,Rumah Teres,7,7
2026-09-08,ukay,9500-7,1,Rumah Teres,7,7
2026-09-08,ukay,9500-7,2,Rumah Teres,12,12
2026-09-08,ukay,9500-7,3,Rumah Pangsa/Kondo,30,30
2026-09-08,ukay,9500-7,4,Rumah Pangsa/Kondo,38,38
2026-09-08,ukay,9500-7,5,Rumah Pangsa/Kondo,36,36
2026-09-08,ukay,9500-7,6,Rumah Pangsa/Kondo,38,38
2026-09-08,ukay,9500-7,7,Rumah Pangsa/Kondo,26,26
2026-09-08,ukay,9500-7,8,Rumah Pangsa/Kondo,28,28
2026-09-08,ukay,11078-3,0,Pangsapuri Servis,2,1
2026-09-08,ukay,11078-3,1,Pangsapuri Servis,8,3
2026-09-08,ukay,11078-3,2,Pangsapuri Servis,2,2
2026-09-08,ukay,11078-3,3,Pangsapuri Servis,8,3
2026-09-08,ukay,11078-3,4,Pangsapuri Servis,48,19
2026-09-08,ukay,11078-3,5,Pangsapuri Servis,48,18
2026-09-08,ukay,11078-3,6,Pangsapuri Servis,128,119
2026-09-08,ukay,11078-3,7,Pangsapuri Servis,20,20
2026-09-08,ukay,11078-3,8,Pangsapuri Servis,32,12
2026-09-08,ukay,12123-1,0,Rumah Teres,50,50
2026-09-08,ukay,12123-1,1,Rumah Pangsa/Kondo,13,13
2026-09-08,ukay,12123-1,2,Rumah Sesebuah,18,18
2026-09-08,ukay,20140-1,0,Rumah Pangsa/Kondo,237,233
2026-09-08,ukay,20140-1,1,Rumah Pangsa/Kondo,226,223
2026-09-08,ukay,12437-2,0,Rumah Teres,41,41
2026-09-08,ukay,12437-2,1,Rumah Teres,40,39
2026-09-08,ukay,12437-2,2,Rumah Teres,25,24
2026-09-08,ukay,11602-1,0,Rumah Teres,11,11
2026-09-08,seputeh,30141-2,0,Rumah Pangsa/Kondo,247,11
2026-09-08,seputeh,30141-2,1,Rumah Pangsa/Kondo,248,9
2026-09-08,armani,31112-1,0,Pangsapuri Servis,119,18
2026-09-08,armani,31112-1,1,Suite Homes,67,40
2026-09-08,armani,30135-3,0,Rumah Pangsa/Kondo,328,73
2026-09-08,armani,30705-2,0,Rumah Teres,16,0
2026-09-08,armani,30705-2,1,Rumah Teres,28,2
2026-09-08,armani,30273-1,0,Rumah Bandar,128,90
2026-09-08,armani,30273-1,1,Rumah Bandar,104,22
2026-09-08,armani,30256-2,0,Suite Homes,1440,762
2026-09-08,armani,30256-2,1,Soho,775,246
2026-09-08,armani,6820-8,0,Pangsapuri Servis,306,277
2026-09-08,armani,30727-1,0,Pangsapuri Servis,500,481
2026-09-08,armani,30727-1,1,Soho,148,92
2026-09-08,armani,30727-2,0,Pangsapuri Servis,498,64
2026-09-08,armani,30727-2,1,Soho,500,222
2026-09-08,armani,30339-1,0,Pangsapuri Servis,338,331
2026-09-08,armani,13975-5,0,Rumah Pangsa/Kondo,105,85
2026-09-08,armani,13975-5,1,Rumah Pangsa/Kondo,105,82
2026-09-08,armani,13975-5,2,Rumah Pangsa/Kondo,105,99
2026-09-08,armani,30641-1,0,Pangsapuri Servis,653,647
2026-09-08,armani,13975-6,0,Pangsapuri Servis,387,384
2026-09-08,armani,30799-1,0,Soho,488,13
2026-09-08,armani,30799-1,1,Pangsapuri Servis,496,19
2026-09-08,armani,30393-1,0,Rumah Berkembar,6,0
2026-09-08,armani,30393-1,1,Rumah Teres,2,0
2026-09-08,armani,30393-1,2,Rumah Teres,20,0
2026-09-08,armani,30393-1,3,Rumah Teres,2,0
2026-09-08,armani,30135-2,0,Suite Homes,280,97
2026-09-08,armani,13970-3,0,Rumah Berkembar,116,81
2026-09-08,avaland,30624-1,0,Rumah Pangsa/Kondo,70,70
2026-09-08,avaland,30624-1,1,Rumah Pangsa/Kondo,56,55
2026-09-08,avaland,30162-1,0,Pangsapuri Servis,492,317
2026-09-08,avaland,30162-1,1,Pangsapuri Servis,278,109
2026-09-08,avaland,20185-3,0,Pangsapuri Servis,216,216
2026-09-08,avaland,20185-3,1,Pangsapuri Servis,252,241
2026-09-08,avaland,9490-3,0,Pangsapuri Servis,504,277
2026-09-08,avaland,9490-3,1,Pangsapuri Servis,396,0
2026-09-08,avaland,30240-3,0,Rumah Teres,113,101
2026-09-08,avaland,30240-3,1,Rumah Teres,17,6
2026-09-08,avaland,30240-3,2,Rumah Teres,36,35
2026-09-08,avaland,30240-3,3,Rumah Teres,125,14
2026-09-08,avaland,30240-3,4,Rumah Teres,16,3
2026-09-08,avaland,30240-3,5,Rumah Teres,36,22
2026-09-08,avaland,12047-4,0,Rumah Pangsa/Kondo,303,97
2026-09-08,avaland,12047-4,1,Rumah Pangsa/Kondo,303,134
2026-09-08,avaland,20017-1,0,Rumah Pangsa/Kondo,149,144
2026-09-08,avaland,20017-1,1,Rumah Pangsa/Kondo,77,77
2026-09-08,binastra,31332-1,0,Pangsapuri Servis,415,197
2026-09-08,binastra,31332-1,1,Pangsapuri Servis,415,126
2026-09-08,chinhin,13531-2,0,Pangsapuri Servis,824,730
2026-09-08,chinhin,30632-1,0,Pangsapuri Servis,438,299
2026-09-08,chinhin,30632-1,1,Pangsapuri Servis,349,304
2026-09-08,chinhin,30190-1,0,Pangsapuri Servis,339,335
2026-09-08,chinhin,30190-1,1,Pangsapuri Servis,503,474
2026-09-08,chinhin,30382-1,0,Rumah Pangsa/Kondo,333,322
2026-09-08,chinhin,30382-1,1,Rumah Pangsa/Kondo,491,439
2026-09-08,chinhin,30744-1,0,Pangsapuri Servis,588,483
2026-09-08,chinhin,31096-1,0,Pangsapuri Servis,561,130
2026-09-08,chinhin,31096-1,1,Pangsapuri Servis,472,148
2026-09-08,chinhin,30064-1,0,Pangsapuri Servis,314,313
2026-09-08,chinhin,30064-1,1,Pangsapuri Servis,370,365
2026-09-08,chinhin,30382-3,0,Rumah Pangsa/Kondo,823,822
2026-09-08,chinhin,30907-1,0,Rumah Teres,140,135
2026-09-08,chinhin,30907-1,1,Rumah Teres,12,10
2026-09-08,chinhin,30907-1,2,Rumah Teres,79,76
2026-09-08,chinhin,30629-2,0,Pangsapuri Servis,492,477
2026-09-08,exsim,30784-1,0,Pangsapuri Servis,269,268
2026-09-08,exsim,20011-3,0,Pangsapuri Servis,593,593
2026-09-08,exsim,20011-2,0,Pangsapuri Servis,767,767
2026-09-08,exsim,20011-4,0,Pangsapuri Servis,671,664
2026-09-08,exsim,13666-2,0,Pangsapuri Servis,98,98
2026-09-08,exsim,30370-1,0,Pangsapuri Servis,320,319
2026-09-08,exsim,30789-1,0,Pangsapuri Servis,126,126
2026-09-08,exsim,30571-1,0,Pangsapuri Servis,603,602
2026-09-08,exsim,30914-1,0,Pangsapuri Servis,759,630
2026-09-08,exsim,30830-1,0,Pangsapuri Servis,456,317
2026-09-08,exsim,20011-5,0,Pangsapuri Servis,662,199
2026-09-08,exsim,31007-1,0,Pangsapuri Servis,848,845
2026-09-08,exsim,20084-1,0,Pangsapuri Servis,386,312
2026-09-08,exsim,20084-1,1,Pangsapuri Servis,293,27
2026-09-08,exsim,30741-1,0,Pangsapuri Suite,460,457
2026-09-08,exsim,30741-1,1,Pangsapuri Suite,506,505
2026-09-08,exsim,30741-1,2,Pangsapuri Suite,592,590
2026-09-08,exsim,31088-1,0,Pangsapuri Servis,671,555
2026-09-08,exsim,30741-2,0,Pangsapuri Suite,494,194
2026-09-08,exsim,30741-2,1,Pangsapuri Suite,510,245
2026-09-08,exsim,30357-2,0,Pangsapuri Servis,569,358
2026-09-08,exsim,30357-2,1,Pangsapuri Servis,569,300
2026-09-08,exsim,30357-1,0,Pangsapuri Servis,508,507
2026-09-08,exsim,31100-1,0,Pangsapuri Servis,1527,478
2026-09-08,exsim,31100-1,1,Pangsapuri Servis,1257,533
2026-09-08,exsim,31100-1,2,Pangsapuri Servis,908,500
2026-09-08,exsim,31100-1,3,Pangsapuri Servis,833,0
2026-09-08,exsim,30131-1,0,Soho,424,424
2026-09-08,mahsing,14297-25,0,Rumah Teres,111,109
2026-09-08,mahsing,14297-25,1,Rumah Teres,124,49
2026-09-08,mahsing,12324-1,0,Rumah Pangsa/Kondo,172,172
2026-09-08,mahsing,12324-1,1,Rumah Pangsa/Kondo,205,205
2026-09-08,mahsing,14297-24,0,Rumah Teres,168,144
2026-09-08,mahsing,12029-4,0,Pangsapuri Servis,833,75
2026-09-08,mahsing,31251-1,0,Rumah Pangsa/Kondo,606,52
2026-09-08,mahsing,5911-33,0,Pangsapuri Servis,686,462
2026-09-08,mahsing,5911-33,1,Pangsapuri Servis,932,555
2026-09-08,mahsing,13262-2,0,Pangsapuri Suite,747,59
2026-09-08,mahsing,13262-2,1,Pangsapuri Suite,797,313
2026-09-08,mahsing,30834-1,0,Pangsapuri Servis,570,425
2026-09-08,mahsing,30834-1,1,Pangsapuri Servis,570,373
2026-09-08,mahsing,30897-1,0,Rumah Teres,249,244
2026-09-08,mahsing,30897-1,1,Rumah Teres,81,79
2026-09-08,mahsing,30897-1,2,Rumah Teres,26,20
2026-09-08,mahsing,30897-1,3,Rumah Teres,126,120
2026-09-08,mahsing,30897-1,4,Rumah Teres,104,96
2026-09-08,mahsing,30897-1,5,Rumah Teres,44,23
2026-09-08,mahsing,30897-1,6,Rumah Teres,85,54
2026-09-08,mahsing,30897-1,7,Rumah Teres,102,16
2026-09-08,mahsing,11202-4,0,Pangsapuri Suite,624,614
2026-09-08,mahsing,11202-4,1,Pangsapuri Suite,624,611
2026-09-08,mahsing,11202-4,2,Pangsapuri Suite,832,648
2026-09-08,mahsing,11998-4,0,Rumah Teres,247,247
2026-09-08,mahsing,11998-4,1,Rumah Teres,149,149
2026-09-08,mahsing,13425-8,0,Pangsapuri Servis,422,333
2026-09-08,mahsing,13425-8,1,Pangsapuri Servis,78,62
2026-09-08,mahsing,13425-8,2,Pangsapuri Servis,499,0
2026-09-08,mahsing,30805-1,0,Pangsapuri Servis,748,461
2026-09-08,mahsing,30805-1,1,Pangsapuri Servis,251,121
2026-09-08,mahsing,10279-5,0,Rumah Teres,123,123
2026-09-08,mahsing,10279-5,1,Rumah Teres,100,100
2026-09-08,mahsing,10279-5,2,Rumah Teres,252,209
2026-09-08,mahsing,10279-5,3,Rumah Teres,116,98
2026-09-08,mahsing,10279-5,4,Rumah Teres,55,39
2026-09-08,mahsing,10279-5,5,Rumah Kluster,108,83
2026-09-08,mahsing,12029-3,0,Pangsapuri Servis,494,233
2026-09-08,mahsing,11430-2,0,Pangsapuri Suite,619,618
2026-09-08,mahsing,9600-6,0,Pangsapuri Servis,843,502
2026-09-08,mahsing,9600-6,1,Pangsapuri Servis,890,263
2026-09-08,mahsing,30440-1,0,Pangsapuri Servis,421,416
2026-09-08,mahsing,30440-1,1,Pangsapuri Servis,619,579
2026-09-08,mahsing,30440-1,2,Pangsapuri Servis,486,481
2026-09-08,majesticgen,30828-2,0,Pangsapuri Servis,732,731
2026-09-08,majesticgen,30828-3,0,Pangsapuri Servis,996,910
2026-09-08,majesticgen,30828-1,0,Pangsapuri Servis,360,355
2026-09-08,majesticgen,30244-1,0,Pangsapuri Servis,478,478
2026-09-08,majesticgen,30990-1,0,Rumah Teres,32,32
2026-09-08,majesticgen,30990-1,1,Rumah Berkembar,2,2
2026-09-08,majesticgen,30990-1,2,Rumah Teres,72,64
2026-09-08,majesticgen,31034-1,0,Soho,540,297
2026-09-08,majesticgen,31034-1,1,Soho,472,96
2026-09-08,majesticgen,30989-1,0,Rumah Teres,73,73
2026-09-08,majesticgen,12069-7,0,Rumah Berpagar & Berpengawal,128,0
2026-09-08,majesticgen,12069-7,1,Rumah Berpagar & Berpengawal,12,0
2026-09-08,malton,31139-1,0,Pangsapuri Servis,562,353
2026-09-08,malton,8950-4,0,Rumah Pangsa/Kondo,526,13
2026-09-08,malton,30667-1,0,Pangsapuri Servis,210,170
2026-09-08,malton,30667-1,1,Pangsapuri Servis,243,223
2026-09-08,malton,14035-6,0,Rumah Pangsa/Kondo,336,329
2026-09-08,malton,14035-4,0,Rumah Pangsa/Kondo,440,293
2026-09-08,malton,14035-4,1,Rumah Pangsa/Kondo,440,356
2026-09-08,malton,14035-4,2,Rumah Pangsa/Kondo,452,334
2026-09-08,maxim,30267-1,0,Rumah Pangsa/Kondo,302,302
2026-09-08,maxim,30267-1,1,Rumah Pangsa/Kondo,302,302
2026-09-08,maxim,31046-1,0,Pangsapuri Suite,558,112
2026-09-08,maxim,31046-1,1,Pangsapuri Suite,558,214
2026-09-08,maxim,31074-1,0,Pangsapuri Servis,858,404
2026-09-08,maxim,31074-1,1,Pangsapuri Servis,858,372
2026-09-08,maxim,31074-1,2,Pangsapuri Servis,1027,240
2026-09-08,maxim,30037-1,0,Pangsapuri Suite,629,629
2026-09-08,maxim,30037-1,1,Pangsapuri Suite,607,607
2026-09-08,maxim,19088-3,0,Rumah Pangsa/Kondo,208,178
2026-09-08,maxim,19088-3,1,Rumah Pangsa/Kondo,208,165
2026-09-08,maxim,19088-3,2,Rumah Pangsa/Kondo,208,182
2026-09-08,platinumvictory,30581-1,0,Pangsapuri Suite,877,863
2026-09-08,platinumvictory,30581-1,1,Pangsapuri Suite,811,810
2026-09-08,platinumvictory,9832-11,0,Pangsapuri Suite,946,470
2026-09-08,platinumvictory,9832-11,1,Pangsapuri Suite,1136,740
2026-09-08,platinumvictory,31008-1,0,Rumah Pangsa/Kondo,198,130
2026-09-08,platinumvictory,31008-1,1,Rumah Pangsa/Kondo,358,163
2026-09-08,platinumvictory,31008-1,2,Rumah Pangsa/Kondo,238,232
2026-09-08,platinumvictory,20253-2,0,Rumah Pangsa/Kondo,500,467
2026-09-08,platinumvictory,20253-3,0,Rumah Pangsa/Kondo,757,602
2026-09-08,platinumvictory,20253-3,1,Rumah Pangsa/Kondo,743,564
2026-09-08,platinumvictory,30937-1,0,Rumah Teres,23,18
2026-09-08,skyworld,31051-1,0,Rumah Pangsa/Kondo,492,457
2026-09-08,skyworld,30176-1,0,Rumah Pangsa/Kondo,448,429
2026-09-08,skyworld,30176-1,1,Rumah Pangsa/Kondo,382,227
2026-09-08,skyworld,30976-1,0,Rumah Pangsa/Kondo,510,241
2026-09-08,skyworld,31075-1,0,Rumah Pangsa/Kondo,583,567
2026-09-08,skyworld,31075-1,1,Rumah Pangsa/Kondo,583,531
2026-09-08,skyworld,31075-1,2,Rumah Pangsa/Kondo,680,260
2026-09-08,skyworld,31075-1,3,Rumah Pangsa/Kondo,542,0
2026-09-08,skyworld,31075-1,4,Rumah Pangsa/Kondo,516,0
2026-09-08,skyworld,31075-1,5,Rumah Pangsa/Kondo,560,0
2026-09-08,skyworld,31075-1,6,Rumah Pangsa/Kondo,518,0
2026-09-08,skyworld,19840-2,0,Pangsapuri Suite,535,467
2026-09-08,skyworld,19840-2,1,Pangsapuri Suite,466,465
2026-09-08,tslaw,31031-1,0,Pangsapuri Servis,815,728
2026-09-08,tslaw,31031-1,1,Pangsapuri Servis,808,673
2026-09-08,tslaw,30331-1,0,Pangsapuri Suite,897,888
2026-09-08,tslaw,30331-1,1,Pangsapuri Suite,941,937
2026-09-08,tslaw,9158-9,0,Rumah Berkembar,38,38
2026-09-08,tslaw,9158-9,1,Rumah Berkembar,2,2
2026-09-08,tslaw,9158-9,2,Rumah Berkembar,2,2
2026-09-08,tslaw,19760-1,0,Pangsapuri Servis,432,431
2026-09-08,tslaw,19760-1,1,Pangsapuri Servis,432,424
2026-09-08,tslaw,19760-1,2,Pangsapuri Servis,432,431
2026-09-08,trinitygroup,30857-1,0,Rumah Pangsa/Kondo,234,1
2026-09-08,trinitygroup,30857-1,1,Rumah Pangsa/Kondo,240,35
2026-09-08,trinitygroup,30857-1,2,Rumah Pangsa/Kondo,240,0
2026-09-08,trinitygroup,20140-2,0,Rumah Pangsa/Kondo,230,45
2026-09-08,trinitygroup,20140-2,1,Rumah Pangsa/Kondo,216,203
2026-09-08,trinitygroup,20140-2,2,Rumah Pangsa/Kondo,291,100
2026-09-08,trinitygroup,10826-4,0,Pangsapuri Servis,157,134
2026-09-08,trinitygroup,10826-4,1,Pangsapuri Servis,80,62
2026-09-08,trinitygroup,10826-4,2,Pangsapuri Servis,298,138
2026-09-08,radium,30363-2,0,Pangsapuri Suite,1218,1128
2026-09-08,radium,30363-1,0,Rumah Pangsa/Kondo,1218,1124
2026-09-08,radium,30821-1,0,Pangsapuri Suite,494,262
2026-09-08,radium,30821-1,1,Pangsapuri Suite,494,262
2026-09-08,radium,30121-1,0,Soho,944,381
2026-09-08,radium,31310-1,0,Rumah Pangsa/Kondo,558,0
2026-09-08,radium,31310-1,1,Rumah Pangsa/Kondo,239,0
2026-09-09,seputeh,32-16,0,Rumah Pangsa/Kondo,13,2
2026-09-09,seputeh,32-16,1,Rumah Pangsa/Kondo,13,6
2026-09-09,seputeh,32-16,2,Rumah Pangsa/Kondo,21,4
2026-09-09,seputeh,32-16,3,Rumah Pangsa/Kondo,27,10
2026-09-09,seputeh,32-16,4,Rumah Pangsa/Kondo,13,2
2026-09-09,seputeh,32-16,5,Rumah Pangsa/Kondo,12,2
2026-09-09,seputeh,32-16,6,Rumah Pangsa/Kondo,27,10
2026-09-09,seputeh,32-16,7,Rumah Pangsa/Kondo,20,7
2026-09-09,seputeh,30216-1,0,Pangsapuri Servis,154,36
2026-09-09,seputeh,30216-2,0,Pangsapuri Servis,490,54
2026-09-09,seputeh,31078-1,0,Rumah Berpagar & Berpengawal,48,45
2026-09-09,seputeh,31274-1,0,Rumah Pangsa/Kondo,244,1
2026-09-09,seputeh,2463-23,0,Rumah Pangsa/Kondo,293,267
2026-09-09,seputeh,2463-23,1,Rumah Pangsa/Kondo,140,90
2026-09-09,status13,31202-1,0,Pangsapuri Suite,680,110
2026-09-09,status13,31202-1,1,Pangsapuri Suite,630,90
2026-09-09,status13,13262-2,0,Pangsapuri Suite,747,63
2026-09-09,status13,13262-2,1,Pangsapuri Suite,797,316
2026-09-09,status13,30590-2,0,Soho,996,134
2026-09-09,status13,5911-33,0,Pangsapuri Servis,686,462
2026-09-09,status13,5911-33,1,Pangsapuri Servis,932,555
2026-09-09,status13,30363-2,0,Pangsapuri Suite,1218,1128
2026-09-09,status13,30821-1,0,Pangsapuri Suite,494,261
2026-09-09,status13,30821-1,1,Pangsapuri Suite,494,263
2026-09-09,status13,30366-1,0,Pangsapuri Servis,482,470
2026-09-09,status13,13074-4,0,Pangsapuri Servis,299,238
2026-09-09,status13,8824-5,0,Pangsapuri Servis,641,197
2026-09-09,status13,8824-5,1,Pangsapuri Servis,655,464
2026-09-09,status13,20253-3,0,Rumah Pangsa/Kondo,757,602
2026-09-09,status13,20253-3,1,Rumah Pangsa/Kondo,743,565
2026-09-09,status13,30876-1,0,Rumah Pangsa/Kondo,551,140
2026-09-09,status13,30250-2,0,Rumah Pangsa/Kondo,333,333
2026-09-09,status13,30250-2,1,Rumah Pangsa/Kondo,328,326
2026-09-09,status13,31332-1,0,Pangsapuri Servis,415,202
2026-09-09,status13,31332-1,1,Pangsapuri Servis,415,133
2026-09-09,johor,835-14,0,Pangsapuri Servis,715,312
2026-09-09,johor,30946-1,0,Pangsapuri Servis,1950,981
2026-09-09,johor,14523-4,0,Pangsapuri Servis,416,53
2026-09-09,johor,30635-1,0,Pangsapuri Servis,539,330
2026-09-09,johor,30635-1,1,Pangsapuri Servis,539,340
2026-09-09,johor,30635-1,2,Pangsapuri Servis,539,221
2026-09-09,johor,30635-1,3,Pangsapuri Servis,539,180
2026-09-09,johor,31007-1,0,Pangsapuri Servis,848,845
2026-09-09,johor,31100-1,0,Pangsapuri Servis,1527,481
2026-09-09,johor,31100-1,1,Pangsapuri Servis,1257,533
2026-09-09,johor,31100-1,2,Pangsapuri Servis,908,502
2026-09-09,johor,31100-1,3,Pangsapuri Servis,833,0
2026-09-09,johor,31074-1,0,Pangsapuri Servis,858,405
2026-09-09,johor,31074-1,1,Pangsapuri Servis,858,372
2026-09-09,johor,31074-1,2,Pangsapuri Servis,1027,243
2026-09-09,johor,9600-6,0,Pangsapuri Servis,843,504
2026-09-09,johor,9600-6,1,Pangsapuri Servis,890,265
2026-09-09,johor,31031-1,0,Pangsapuri Servis,815,728
2026-09-09,johor,31031-1,1,Pangsapuri Servis,808,673
2026-09-09,johor,30828-3,0,Pangsapuri Servis,996,912
2026-09-09,johor,13531-2,0,Pangsapuri Servis,824,729
2026-09-09,johor,31034-1,0,Soho,540,298
2026-09-09,johor,31034-1,1,Soho,472,97
2026-09-09,johor,31149-1,0,Pangsapuri Servis,637,221
2026-09-09,johor,31149-1,1,Pangsapuri Servis,637,97
2026-09-09,ukay,9500-8,0,Rumah Pangsa/Kondo,306,94
2026-09-09,ukay,20140-2,0,Rumah Pangsa/Kondo,230,45
2026-09-09,ukay,20140-2,1,Rumah Pangsa/Kondo,216,203
2026-09-09,ukay,20140-2,2,Rumah Pangsa/Kondo,291,100
2026-09-09,ukay,11519-3,0,Rumah Pangsa/Kondo,344,343
2026-09-09,ukay,597-13,0,Pangsapuri Servis,234,228
2026-09-09,ukay,10296-3,0,Rumah Sesebuah,1,1
2026-09-09,ukay,10296-3,1,Rumah Berkembar,2,2
2026-09-09,ukay,10296-3,2,Rumah Teres,45,45
2026-09-09,ukay,10296-3,3,Rumah Berkembar,4,4
2026-09-09,ukay,10296-3,4,Rumah Sesebuah,1,1
2026-09-09,ukay,10296-3,5,Rumah Teres,80,80
2026-09-09,ukay,10296-3,6,Rumah Berkembar,24,24
2026-09-09,ukay,10296-3,7,Rumah Sesebuah,1,1
2026-09-09,ukay,10296-3,8,Rumah Teres,12,12
2026-09-09,ukay,10296-3,9,Rumah Teres,54,54
2026-09-09,ukay,10296-3,10,Rumah Teres,12,12
2026-09-09,ukay,10296-3,11,Rumah Berkembar,18,18
2026-09-09,ukay,10296-3,12,Rumah Sesebuah,1,1
2026-09-09,ukay,10296-3,13,Rumah Sesebuah,1,1
2026-09-09,ukay,10296-3,14,Rumah Berkembar,12,12
2026-09-09,ukay,10296-3,15,Rumah Berkembar,2,2
2026-09-09,ukay,10296-3,16,Rumah Berkembar,2,2
2026-09-09,ukay,10296-3,17,Rumah Sesebuah,1,1
2026-09-09,ukay,12369-1,0,Rumah Teres,32,32
2026-09-09,ukay,12369-2,0,Rumah Berkembar,7,7
2026-09-09,ukay,12166-1,0,Rumah Sesebuah,3,3
2026-09-09,ukay,12166-1,1,Rumah Sesebuah,10,10
2026-09-09,ukay,12166-1,2,Rumah Sesebuah,61,61
2026-09-09,ukay,9500-7,0,Rumah Teres,7,7
2026-09-09,ukay,9500-7,1,Rumah Teres,7,7
2026-09-09,ukay,9500-7,2,Rumah Teres,12,12
2026-09-09,ukay,9500-7,3,Rumah Pangsa/Kondo,30,30
2026-09-09,ukay,9500-7,4,Rumah Pangsa/Kondo,38,38
2026-09-09,ukay,9500-7,5,Rumah Pangsa/Kondo,36,36
2026-09-09,ukay,9500-7,6,Rumah Pangsa/Kondo,38,38
2026-09-09,ukay,9500-7,7,Rumah Pangsa/Kondo,26,26
2026-09-09,ukay,9500-7,8,Rumah Pangsa/Kondo,28,28
2026-09-09,ukay,11078-3,0,Pangsapuri Servis,2,1
2026-09-09,ukay,11078-3,1,Pangsapuri Servis,8,3
2026-09-09,ukay,11078-3,2,Pangsapuri Servis,2,2
2026-09-09,ukay,11078-3,3,Pangsapuri Servis,8,3
2026-09-09,ukay,11078-3,4,Pangsapuri Servis,48,19
2026-09-09,ukay,11078-3,5,Pangsapuri Servis,48,18
2026-09-09,ukay,11078-3,6,Pangsapuri Servis,128,119
2026-09-09,ukay,11078-3,7,Pangsapuri Servis,20,20
2026-09-09,ukay,11078-3,8,Pangsapuri Servis,32,12
2026-09-09,ukay,12123-1,0,Rumah Teres,50,50
2026-09-09,ukay,12123-1,1,Rumah Pangsa/Kondo,13,13
2026-09-09,ukay,12123-1,2,Rumah Sesebuah,18,18
2026-09-09,ukay,20140-1,0,Rumah Pangsa/Kondo,237,233
2026-09-09,ukay,20140-1,1,Rumah Pangsa/Kondo,226,223
2026-09-09,ukay,12437-2,0,Rumah Teres,41,41
2026-09-09,ukay,12437-2,1,Rumah Teres,40,39
2026-09-09,ukay,12437-2,2,Rumah Teres,25,24
2026-09-09,ukay,11602-1,0,Rumah Teres,11,11
2026-09-09,seputeh,30141-2,0,Rumah Pangsa/Kondo,247,16
2026-09-09,seputeh,30141-2,1,Rumah Pangsa/Kondo,248,9
2026-09-09,armani,31112-1,0,Pangsapuri Servis,119,18
2026-09-09,armani,31112-1,1,Suite Homes,67,40
2026-09-09,armani,30135-3,0,Rumah Pangsa/Kondo,328,73
2026-09-09,armani,30705-2,0,Rumah Teres,16,0
2026-09-09,armani,30705-2,1,Rumah Teres,28,2
2026-09-09,armani,30273-1,0,Rumah Bandar,128,90
2026-09-09,armani,30273-1,1,Rumah Bandar,104,22
2026-09-09,armani,30256-2,0,Suite Homes,1440,764
2026-09-09,armani,30256-2,1,Soho,775,247
2026-09-09,armani,6820-8,0,Pangsapuri Servis,306,277
2026-09-09,armani,30727-1,0,Pangsapuri Servis,500,481
2026-09-09,armani,30727-1,1,Soho,148,92
2026-09-09,armani,30727-2,0,Pangsapuri Servis,498,64
2026-09-09,armani,30727-2,1,Soho,500,222
2026-09-09,armani,30339-1,0,Pangsapuri Servis,338,331
2026-09-09,armani,13975-5,0,Rumah Pangsa/Kondo,105,86
2026-09-09,armani,13975-5,1,Rumah Pangsa/Kondo,105,82
2026-09-09,armani,13975-5,2,Rumah Pangsa/Kondo,105,100
2026-09-09,armani,30641-1,0,Pangsapuri Servis,653,647
2026-09-09,armani,13975-6,0,Pangsapuri Servis,387,384
2026-09-09,armani,30799-1,0,Soho,488,13
2026-09-09,armani,30799-1,1,Pangsapuri Servis,496,20
2026-09-09,armani,30393-1,0,Rumah Berkembar,6,0
2026-09-09,armani,30393-1,1,Rumah Teres,2,0
2026-09-09,armani,30393-1,2,Rumah Teres,20,0
2026-09-09,armani,30393-1,3,Rumah Teres,2,0
2026-09-09,armani,30135-2,0,Suite Homes,280,97
2026-09-09,armani,13970-3,0,Rumah Berkembar,116,81
2026-09-09,avaland,30624-1,0,Rumah Pangsa/Kondo,70,70
2026-09-09,avaland,30624-1,1,Rumah Pangsa/Kondo,56,55
2026-09-09,avaland,30162-1,0,Pangsapuri Servis,492,317
2026-09-09,avaland,30162-1,1,Pangsapuri Servis,278,109
2026-09-09,avaland,20185-3,0,Pangsapuri Servis,216,216
2026-09-09,avaland,20185-3,1,Pangsapuri Servis,252,241
2026-09-09,avaland,9490-3,0,Pangsapuri Servis,504,277
2026-09-09,avaland,9490-3,1,Pangsapuri Servis,396,0
2026-09-09,avaland,30240-3,0,Rumah Teres,113,101
2026-09-09,avaland,30240-3,1,Rumah Teres,17,6
2026-09-09,avaland,30240-3,2,Rumah Teres,36,35
2026-09-09,avaland,30240-3,3,Rumah Teres,125,14
2026-09-09,avaland,30240-3,4,Rumah Teres,16,3
2026-09-09,avaland,30240-3,5,Rumah Teres,36,22
2026-09-09,avaland,12047-4,0,Rumah Pangsa/Kondo,303,97
2026-09-09,avaland,12047-4,1,Rumah Pangsa/Kondo,303,134
2026-09-09,avaland,20017-1,0,Rumah Pangsa/Kondo,149,144
2026-09-09,avaland,20017-1,1,Rumah Pangsa/Kondo,77,77
2026-09-09,binastra,31332-1,0,Pangsapuri Servis,415,202
2026-09-09,binastra,31332-1,1,Pangsapuri Servis,415,133
2026-09-09,chinhin,13531-2,0,Pangsapuri Servis,824,729
2026-09-09,chinhin,30632-1,0,Pangsapuri Servis,438,299
2026-09-09,chinhin,30632-1,1,Pangsapuri Servis,349,304
2026-09-09,chinhin,30190-1,0,Pangsapuri Servis,339,335
2026-09-09,chinhin,30190-1,1,Pangsapuri Servis,503,474
2026-09-09,chinhin,30382-1,0,Rumah Pangsa/Kondo,333,322
2026-09-09,chinhin,30382-1,1,Rumah Pangsa/Kondo,491,439
2026-09-09,chinhin,30744-1,0,Pangsapuri Servis,588,483
2026-09-09,chinhin,31096-1,0,Pangsapuri Servis,561,131
2026-09-09,chinhin,31096-1,1,Pangsapuri Servis,472,148
2026-09-09,chinhin,30064-1,0,Pangsapuri Servis,314,313
2026-09-09,chinhin,30064-1,1,Pangsapuri Servis,370,365
2026-09-09,chinhin,30382-3,0,Rumah Pangsa/Kondo,823,822
2026-09-09,chinhin,30907-1,0,Rumah Teres,140,135
2026-09-09,chinhin,30907-1,1,Rumah Teres,12,10
2026-09-09,chinhin,30907-1,2,Rumah Teres,79,76
2026-09-09,chinhin,30629-2,0,Pangsapuri Servis,492,477
2026-09-09,exsim,30784-1,0,Pangsapuri Servis,269,268
2026-09-09,exsim,20011-3,0,Pangsapuri Servis,593,593
2026-09-09,exsim,20011-2,0,Pangsapuri Servis,767,767
2026-09-09,exsim,20011-4,0,Pangsapuri Servis,671,664
2026-09-09,exsim,13666-2,0,Pangsapuri Servis,98,98
2026-09-09,exsim,30370-1,0,Pangsapuri Servis,320,319
2026-09-09,exsim,30789-1,0,Pangsapuri Servis,126,126
2026-09-09,exsim,30571-1,0,Pangsapuri Servis,603,602
2026-09-09,exsim,30914-1,0,Pangsapuri Servis,759,631
2026-09-09,exsim,30830-1,0,Pangsapuri Servis,456,317
2026-09-09,exsim,20011-5,0,Pangsapuri Servis,662,201
2026-09-09,exsim,31007-1,0,Pangsapuri Servis,848,845
2026-09-09,exsim,20084-1,0,Pangsapuri Servis,386,312
2026-09-09,exsim,20084-1,1,Pangsapuri Servis,293,27
2026-09-09,exsim,30741-1,0,Pangsapuri Suite,460,457
2026-09-09,exsim,30741-1,1,Pangsapuri Suite,506,505
2026-09-09,exsim,30741-1,2,Pangsapuri Suite,592,590
2026-09-09,exsim,31088-1,0,Pangsapuri Servis,671,556
2026-09-09,exsim,30741-2,0,Pangsapuri Suite,494,195
2026-09-09,exsim,30741-2,1,Pangsapuri Suite,510,246
2026-09-09,exsim,30357-2,0,Pangsapuri Servis,569,358
2026-09-09,exsim,30357-2,1,Pangsapuri Servis,569,300
2026-09-09,exsim,30357-1,0,Pangsapuri Servis,508,507
2026-09-09,exsim,31100-1,0,Pangsapuri Servis,1527,481
2026-09-09,exsim,31100-1,1,Pangsapuri Servis,1257,533
2026-09-09,exsim,31100-1,2,Pangsapuri Servis,908,502
2026-09-09,exsim,31100-1,3,Pangsapuri Servis,833,0
2026-09-09,exsim,30131-1,0,Soho,424,424
2026-09-09,mahsing,14297-25,0,Rumah Teres,111,109
2026-09-09,mahsing,14297-25,1,Rumah Teres,124,49
2026-09-09,mahsing,12324-1,0,Rumah Pangsa/Kondo,172,172
2026-09-09,mahsing,12324-1,1,Rumah Pangsa/Kondo,205,205
2026-09-09,mahsing,14297-24,0,Rumah Teres,168,144
2026-09-09,mahsing,12029-4,0,Pangsapuri Servis,833,74
2026-09-09,mahsing,31251-1,0,Rumah Pangsa/Kondo,606,52
2026-09-09,mahsing,5911-33,0,Pangsapuri Servis,686,462
2026-09-09,mahsing,5911-33,1,Pangsapuri Servis,932,555
2026-09-09,mahsing,13262-2,0,Pangsapuri Suite,747,63
2026-09-09,mahsing,13262-2,1,Pangsapuri Suite,797,316
2026-09-09,mahsing,30834-1,0,Pangsapuri Servis,570,426
2026-09-09,mahsing,30834-1,1,Pangsapuri Servis,570,374
2026-09-09,mahsing,30897-1,0,Rumah Teres,249,244
2026-09-09,mahsing,30897-1,1,Rumah Teres,81,79
2026-09-09,mahsing,30897-1,2,Rumah Teres,26,20
2026-09-09,mahsing,30897-1,3,Rumah Teres,126,120
2026-09-09,mahsing,30897-1,4,Rumah Teres,104,96
2026-09-09,mahsing,30897-1,5,Rumah Teres,44,23
2026-09-09,mahsing,30897-1,6,Rumah Teres,85,54
2026-09-09,mahsing,30897-1,7,Rumah Teres,102,16
2026-09-09,mahsing,11202-4,0,Pangsapuri Suite,624,614
2026-09-09,mahsing,11202-4,1,Pangsapuri Suite,624,611
2026-09-09,mahsing,11202-4,2,Pangsapuri Suite,832,648
2026-09-09,mahsing,11998-4,0,Rumah Teres,247,247
2026-09-09,mahsing,11998-4,1,Rumah Teres,149,149
2026-09-09,mahsing,13425-8,0,Pangsapuri Servis,422,333
2026-09-09,mahsing,13425-8,1,Pangsapuri Servis,78,62
2026-09-09,mahsing,13425-8,2,Pangsapuri Servis,499,0
2026-09-09,mahsing,30805-1,0,Pangsapuri Servis,748,463
2026-09-09,mahsing,30805-1,1,Pangsapuri Servis,251,121
2026-09-09,mahsing,10279-5,0,Rumah Teres,123,123
2026-09-09,mahsing,10279-5,1,Rumah Teres,100,100
2026-09-09,mahsing,10279-5,2,Rumah Teres,252,209
2026-09-09,mahsing,10279-5,3,Rumah Teres,116,98
2026-09-09,mahsing,10279-5,4,Rumah Teres,55,39
2026-09-09,mahsing,10279-5,5,Rumah Kluster,108,83
2026-09-09,mahsing,12029-3,0,Pangsapuri Servis,494,233
2026-09-09,mahsing,11430-2,0,Pangsapuri Suite,619,618
2026-09-09,mahsing,9600-6,0,Pangsapuri Servis,843,504
2026-09-09,mahsing,9600-6,1,Pangsapuri Servis,890,265
2026-09-09,mahsing,30440-1,0,Pangsapuri Servis,421,416
2026-09-09,mahsing,30440-1,1,Pangsapuri Servis,619,579
2026-09-09,mahsing,30440-1,2,Pangsapuri Servis,486,481
2026-09-09,majesticgen,30828-2,0,Pangsapuri Servis,732,731
2026-09-09,majesticgen,30828-3,0,Pangsapuri Servis,996,912
2026-09-09,majesticgen,30828-1,0,Pangsapuri Servis,360,355
2026-09-09,majesticgen,30244-1,0,Pangsapuri Servis,478,478
2026-09-09,majesticgen,30990-1,0,Rumah Teres,32,32
2026-09-09,majesticgen,30990-1,1,Rumah Berkembar,2,2
2026-09-09,majesticgen,30990-1,2,Rumah Teres,72,64
2026-09-09,majesticgen,31034-1,0,Soho,540,298
2026-09-09,majesticgen,31034-1,1,Soho,472,97
2026-09-09,majesticgen,30989-1,0,Rumah Teres,73,73
2026-09-09,majesticgen,12069-7,0,Rumah Berpagar & Berpengawal,128,0
2026-09-09,majesticgen,12069-7,1,Rumah Berpagar & Berpengawal,12,0
2026-09-09,malton,31139-1,0,Pangsapuri Servis,562,354
2026-09-09,malton,8950-4,0,Rumah Pangsa/Kondo,526,15
2026-09-09,malton,30667-1,0,Pangsapuri Servis,210,170
2026-09-09,malton,30667-1,1,Pangsapuri Servis,243,225
2026-09-09,malton,14035-6,0,Rumah Pangsa/Kondo,336,329
2026-09-09,malton,14035-4,0,Rumah Pangsa/Kondo,440,293
2026-09-09,malton,14035-4,1,Rumah Pangsa/Kondo,440,357
2026-09-09,malton,14035-4,2,Rumah Pangsa/Kondo,452,334
2026-09-09,maxim,30267-1,0,Rumah Pangsa/Kondo,302,302
2026-09-09,maxim,30267-1,1,Rumah Pangsa/Kondo,302,302
2026-09-09,maxim,31046-1,0,Pangsapuri Suite,558,112
2026-09-09,maxim,31046-1,1,Pangsapuri Suite,558,214
2026-09-09,maxim,31074-1,0,Pangsapuri Servis,858,405
2026-09-09,maxim,31074-1,1,Pangsapuri Servis,858,372
2026-09-09,maxim,31074-1,2,Pangsapuri Servis,1027,243
2026-09-09,maxim,30037-1,0,Pangsapuri Suite,629,629
2026-09-09,maxim,30037-1,1,Pangsapuri Suite,607,607
2026-09-09,maxim,19088-3,0,Rumah Pangsa/Kondo,208,178
2026-09-09,maxim,19088-3,1,Rumah Pangsa/Kondo,208,165
2026-09-09,maxim,19088-3,2,Rumah Pangsa/Kondo,208,182
2026-09-09,platinumvictory,30581-1,0,Pangsapuri Suite,877,863
2026-09-09,platinumvictory,30581-1,1,Pangsapuri Suite,811,810
2026-09-09,platinumvictory,9832-11,0,Pangsapuri Suite,946,471
2026-09-09,platinumvictory,9832-11,1,Pangsapuri Suite,1136,740
2026-09-09,platinumvictory,31008-1,0,Rumah Pangsa/Kondo,198,130
2026-09-09,platinumvictory,31008-1,1,Rumah Pangsa/Kondo,358,163
2026-09-09,platinumvictory,31008-1,2,Rumah Pangsa/Kondo,238,232
2026-09-09,platinumvictory,20253-2,0,Rumah Pangsa/Kondo,500,467
2026-09-09,platinumvictory,20253-3,0,Rumah Pangsa/Kondo,757,602
2026-09-09,platinumvictory,20253-3,1,Rumah Pangsa/Kondo,743,565
2026-09-09,platinumvictory,30937-1,0,Rumah Teres,23,18
2026-09-09,skyworld,31051-1,0,Rumah Pangsa/Kondo,492,457
2026-09-09,skyworld,30176-1,0,Rumah Pangsa/Kondo,448,429
2026-09-09,skyworld,30176-1,1,Rumah Pangsa/Kondo,382,227
2026-09-09,skyworld,30976-1,0,Rumah Pangsa/Kondo,510,242
2026-09-09,skyworld,31075-1,0,Rumah Pangsa/Kondo,583,568
2026-09-09,skyworld,31075-1,1,Rumah Pangsa/Kondo,583,531
2026-09-09,skyworld,31075-1,2,Rumah Pangsa/Kondo,680,262
2026-09-09,skyworld,31075-1,3,Rumah Pangsa/Kondo,542,0
2026-09-09,skyworld,31075-1,4,Rumah Pangsa/Kondo,516,0
2026-09-09,skyworld,31075-1,5,Rumah Pangsa/Kondo,560,0
2026-09-09,skyworld,31075-1,6,Rumah Pangsa/Kondo,518,0
2026-09-09,skyworld,19840-2,0,Pangsapuri Suite,535,467
2026-09-09,skyworld,19840-2,1,Pangsapuri Suite,466,465
2026-09-09,tslaw,31031-1,0,Pangsapuri Servis,815,728
2026-09-09,tslaw,31031-1,1,Pangsapuri Servis,808,673
2026-09-09,tslaw,30331-1,0,Pangsapuri Suite,897,888
2026-09-09,tslaw,30331-1,1,Pangsapuri Suite,941,937
2026-09-09,tslaw,9158-9,0,Rumah Berkembar,38,38
2026-09-09,tslaw,9158-9,1,Rumah Berkembar,2,2
2026-09-09,tslaw,9158-9,2,Rumah Berkembar,2,2
2026-09-09,tslaw,19760-1,0,Pangsapuri Servis,432,431
2026-09-09,tslaw,19760-1,1,Pangsapuri Servis,432,424
2026-09-09,tslaw,19760-1,2,Pangsapuri Servis,432,431
2026-09-09,trinitygroup,30857-1,0,Rumah Pangsa/Kondo,234,1
2026-09-09,trinitygroup,30857-1,1,Rumah Pangsa/Kondo,240,35
2026-09-09,trinitygroup,30857-1,2,Rumah Pangsa/Kondo,240,0
2026-09-09,trinitygroup,20140-2,0,Rumah Pangsa/Kondo,230,45
2026-09-09,trinitygroup,20140-2,1,Rumah Pangsa/Kondo,216,203
2026-09-09,trinitygroup,20140-2,2,Rumah Pangsa/Kondo,291,100
2026-09-09,trinitygroup,10826-4,0,Pangsapuri Servis,157,134
2026-09-09,trinitygroup,10826-4,1,Pangsapuri Servis,80,62
2026-09-09,trinitygroup,10826-4,2,Pangsapuri Servis,298,139
2026-09-09,radium,30363-2,0,Pangsapuri Suite,1218,1128
2026-09-09,radium,30363-1,0,Rumah Pangsa/Kondo,1218,1128
2026-09-09,radium,30821-1,0,Pangsapuri Suite,494,261
2026-09-09,radium,30821-1,1,Pangsapuri Suite,494,263
2026-09-09,radium,30121-1,0,Soho,944,383
2026-09-09,radium,31310-1,0,Rumah Pangsa/Kondo,558,0
2026-09-09,radium,31310-1,1,Rumah Pangsa/Kondo,239,0
2026-09-10,seputeh,32-16,0,Rumah Pangsa/Kondo,13,2
2026-09-10,seputeh,32-16,1,Rumah Pangsa/Kondo,13,6
2026-09-10,seputeh,32-16,2,Rumah Pangsa/Kondo,21,4
2026-09-10,seputeh,32-16,3,Rumah Pangsa/Kondo,27,10
2026-09-10,seputeh,32-16,4,Rumah Pangsa/Kondo,13,2
2026-09-10,seputeh,32-16,5,Rumah Pangsa/Kondo,12,2
2026-09-10,seputeh,32-16,6,Rumah Pangsa/Kondo,27,10
2026-09-10,seputeh,32-16,7,Rumah Pangsa/Kondo,20,7
2026-09-10,seputeh,30216-1,0,Pangsapuri Servis,154,36
2026-09-10,seputeh,30216-2,0,Pangsapuri Servis,490,55
2026-09-10,seputeh,31078-1,0,Rumah Berpagar & Berpengawal,48,45
2026-09-10,seputeh,31274-1,0,Rumah Pangsa/Kondo,244,1
2026-09-10,seputeh,2463-23,0,Rumah Pangsa/Kondo,293,267
2026-09-10,seputeh,2463-23,1,Rumah Pangsa/Kondo,140,90
2026-09-10,status13,31202-1,0,Pangsapuri Suite,680,112
2026-09-10,status13,31202-1,1,Pangsapuri Suite,630,92
2026-09-10,status13,13262-2,0,Pangsapuri Suite,747,64
2026-09-10,status13,13262-2,1,Pangsapuri Suite,797,316
2026-09-10,status13,30590-2,0,Soho,996,134
2026-09-10,status13,5911-33,0,Pangsapuri Servis,686,462
2026-09-10,status13,5911-33,1,Pangsapuri Servis,932,557
2026-09-10,status13,30363-2,0,Pangsapuri Suite,1218,1128
2026-09-10,status13,30821-1,0,Pangsapuri Suite,494,262
2026-09-10,status13,30821-1,1,Pangsapuri Suite,494,263
2026-09-10,status13,30366-1,0,Pangsapuri Servis,482,470
2026-09-10,status13,13074-4,0,Pangsapuri Servis,299,238
2026-09-10,status13,8824-5,0,Pangsapuri Servis,641,201
2026-09-10,status13,8824-5,1,Pangsapuri Servis,655,466
2026-09-10,status13,20253-3,0,Rumah Pangsa/Kondo,757,604
2026-09-10,status13,20253-3,1,Rumah Pangsa/Kondo,743,565
2026-09-10,status13,30876-1,0,Rumah Pangsa/Kondo,551,141
2026-09-10,status13,30250-2,0,Rumah Pangsa/Kondo,333,333
2026-09-10,status13,30250-2,1,Rumah Pangsa/Kondo,328,326
2026-09-10,status13,31332-1,0,Pangsapuri Servis,415,209
2026-09-10,status13,31332-1,1,Pangsapuri Servis,415,142
2026-09-10,johor,835-14,0,Pangsapuri Servis,715,313
2026-09-10,johor,30946-1,0,Pangsapuri Servis,1950,981
2026-09-10,johor,14523-4,0,Pangsapuri Servis,416,53
2026-09-10,johor,30635-1,0,Pangsapuri Servis,539,330
2026-09-10,johor,30635-1,1,Pangsapuri Servis,539,340
2026-09-10,johor,30635-1,2,Pangsapuri Servis,539,221
2026-09-10,johor,30635-1,3,Pangsapuri Servis,539,180
2026-09-10,johor,31007-1,0,Pangsapuri Servis,848,845
2026-09-10,johor,31100-1,0,Pangsapuri Servis,1527,483
2026-09-10,johor,31100-1,1,Pangsapuri Servis,1257,534
2026-09-10,johor,31100-1,2,Pangsapuri Servis,908,503
2026-09-10,johor,31100-1,3,Pangsapuri Servis,833,0
2026-09-10,johor,31074-1,0,Pangsapuri Servis,858,406
2026-09-10,johor,31074-1,1,Pangsapuri Servis,858,373
2026-09-10,johor,31074-1,2,Pangsapuri Servis,1027,243
2026-09-10,johor,9600-6,0,Pangsapuri Servis,843,505
2026-09-10,johor,9600-6,1,Pangsapuri Servis,890,267
2026-09-10,johor,31031-1,0,Pangsapuri Servis,815,728
2026-09-10,johor,31031-1,1,Pangsapuri Servis,808,673
2026-09-10,johor,30828-3,0,Pangsapuri Servis,996,914
2026-09-10,johor,13531-2,0,Pangsapuri Servis,824,731
2026-09-10,johor,31034-1,0,Soho,540,298
2026-09-10,johor,31034-1,1,Soho,472,97
2026-09-10,johor,31149-1,0,Pangsapuri Servis,637,221
2026-09-10,johor,31149-1,1,Pangsapuri Servis,637,98
2026-09-10,ukay,9500-8,0,Rumah Pangsa/Kondo,306,94
2026-09-10,ukay,20140-2,0,Rumah Pangsa/Kondo,230,45
2026-09-10,ukay,20140-2,1,Rumah Pangsa/Kondo,216,203
2026-09-10,ukay,20140-2,2,Rumah Pangsa/Kondo,291,100
2026-09-10,ukay,11519-3,0,Rumah Pangsa/Kondo,344,343
2026-09-10,ukay,597-13,0,Pangsapuri Servis,234,228
2026-09-10,ukay,10296-3,0,Rumah Sesebuah,1,1
2026-09-10,ukay,10296-3,1,Rumah Berkembar,2,2
2026-09-10,ukay,10296-3,2,Rumah Teres,45,45
2026-09-10,ukay,10296-3,3,Rumah Berkembar,4,4
2026-09-10,ukay,10296-3,4,Rumah Sesebuah,1,1
2026-09-10,ukay,10296-3,5,Rumah Teres,80,80
2026-09-10,ukay,10296-3,6,Rumah Berkembar,24,24
2026-09-10,ukay,10296-3,7,Rumah Sesebuah,1,1
2026-09-10,ukay,10296-3,8,Rumah Teres,12,12
2026-09-10,ukay,10296-3,9,Rumah Teres,54,54
2026-09-10,ukay,10296-3,10,Rumah Teres,12,12
2026-09-10,ukay,10296-3,11,Rumah Berkembar,18,18
2026-09-10,ukay,10296-3,12,Rumah Sesebuah,1,1
2026-09-10,ukay,10296-3,13,Rumah Sesebuah,1,1
2026-09-10,ukay,10296-3,14,Rumah Berkembar,12,12
2026-09-10,ukay,10296-3,15,Rumah Berkembar,2,2
2026-09-10,ukay,10296-3,16,Rumah Berkembar,2,2
2026-09-10,ukay,10296-3,17,Rumah Sesebuah,1,1
2026-09-10,ukay,12369-1,0,Rumah Teres,32,32
2026-09-10,ukay,12369-2,0,Rumah Berkembar,7,7
2026-09-10,ukay,12166-1,0,Rumah Sesebuah,3,3
2026-09-10,ukay,12166-1,1,Rumah Sesebuah,10,10
2026-09-10,ukay,12166-1,2,Rumah Sesebuah,61,61
2026-09-10,ukay,9500-7,0,Rumah Teres,7,7
2026-09-10,ukay,9500-7,1,Rumah Teres,7,7
2026-09-10,ukay,9500-7,2,Rumah Teres,12,12
2026-09-10,ukay,9500-7,3,Rumah Pangsa/Kondo,30,30
2026-09-10,ukay,9500-7,4,Rumah Pangsa/Kondo,38,38
2026-09-10,ukay,9500-7,5,Rumah Pangsa/Kondo,36,36
2026-09-10,ukay,9500-7,6,Rumah Pangsa/Kondo,38,38
2026-09-10,ukay,9500-7,7,Rumah Pangsa/Kondo,26,26
2026-09-10,ukay,9500-7,8,Rumah Pangsa/Kondo,28,28
2026-09-10,ukay,11078-3,0,Pangsapuri Servis,2,1
2026-09-10,ukay,11078-3,1,Pangsapuri Servis,8,3
2026-09-10,ukay,11078-3,2,Pangsapuri Servis,2,2
2026-09-10,ukay,11078-3,3,Pangsapuri Servis,8,3
2026-09-10,ukay,11078-3,4,Pangsapuri Servis,48,19
2026-09-10,ukay,11078-3,5,Pangsapuri Servis,48,18
2026-09-10,ukay,11078-3,6,Pangsapuri Servis,128,119
2026-09-10,ukay,11078-3,7,Pangsapuri Servis,20,20
2026-09-10,ukay,11078-3,8,Pangsapuri Servis,32,12
2026-09-10,ukay,12123-1,0,Rumah Teres,50,50
2026-09-10,ukay,12123-1,1,Rumah Pangsa/Kondo,13,13
2026-09-10,ukay,12123-1,2,Rumah Sesebuah,18,18
2026-09-10,ukay,20140-1,0,Rumah Pangsa/Kondo,237,233
2026-09-10,ukay,20140-1,1,Rumah Pangsa/Kondo,226,223
2026-09-10,ukay,12437-2,0,Rumah Teres,41,41
2026-09-10,ukay,12437-2,1,Rumah Teres,40,39
2026-09-10,ukay,12437-2,2,Rumah Teres,25,24
2026-09-10,ukay,11602-1,0,Rumah Teres,11,11
2026-09-10,seputeh,30141-2,0,Rumah Pangsa/Kondo,247,20
2026-09-10,seputeh,30141-2,1,Rumah Pangsa/Kondo,248,13
2026-09-10,armani,31112-1,0,Pangsapuri Servis,119,19
2026-09-10,armani,31112-1,1,Suite Homes,67,40
2026-09-10,armani,30135-3,0,Rumah Pangsa/Kondo,328,74
2026-09-10,armani,30705-2,0,Rumah Teres,16,0
2026-09-10,armani,30705-2,1,Rumah Teres,28,2
2026-09-10,armani,30273-1,0,Rumah Bandar,128,90
2026-09-10,armani,30273-1,1,Rumah Bandar,104,22
2026-09-10,armani,30256-2,0,Suite Homes,1440,765
2026-09-10,armani,30256-2,1,Soho,775,247
2026-09-10,armani,6820-8,0,Pangsapuri Servis,306,277
2026-09-10,armani,30727-1,0,Pangsapuri Servis,500,481
2026-09-10,armani,30727-1,1,Soho,148,93
2026-09-10,armani,30727-2,0,Pangsapuri Servis,498,65
2026-09-10,armani,30727-2,1,Soho,500,223
2026-09-10,armani,30339-1,0,Pangsapuri Servis,338,331
2026-09-10,armani,13975-5,0,Rumah Pangsa/Kondo,105,86
2026-09-10,armani,13975-5,1,Rumah Pangsa/Kondo,105,82
2026-09-10,armani,13975-5,2,Rumah Pangsa/Kondo,105,100
2026-09-10,armani,30641-1,0,Pangsapuri Servis,653,647
2026-09-10,armani,13975-6,0,Pangsapuri Servis,387,384
2026-09-10,armani,30799-1,0,Soho,488,13
2026-09-10,armani,30799-1,1,Pangsapuri Servis,496,21
2026-09-10,armani,30393-1,0,Rumah Berkembar,6,0
2026-09-10,armani,30393-1,1,Rumah Teres,2,0
2026-09-10,armani,30393-1,2,Rumah Teres,20,0
2026-09-10,armani,30393-1,3,Rumah Teres,2,0
2026-09-10,armani,30135-2,0,Suite Homes,280,97
2026-09-10,armani,13970-3,0,Rumah Berkembar,116,81
2026-09-10,avaland,30624-1,0,Rumah Pangsa/Kondo,70,70
2026-09-10,avaland,30624-1,1,Rumah Pangsa/Kondo,56,55
2026-09-10,avaland,30162-1,0,Pangsapuri Servis,492,317
2026-09-10,avaland,30162-1,1,Pangsapuri Servis,278,110
2026-09-10,avaland,20185-3,0,Pangsapuri Servis,216,216
2026-09-10,avaland,20185-3,1,Pangsapuri Servis,252,242
2026-09-10,avaland,9490-3,0,Pangsapuri Servis,504,277
2026-09-10,avaland,9490-3,1,Pangsapuri Servis,396,0
2026-09-10,avaland,30240-3,0,Rumah Teres,113,101
2026-09-10,avaland,30240-3,1,Rumah Teres,17,6
2026-09-10,avaland,30240-3,2,Rumah Teres,36,35
2026-09-10,avaland,30240-3,3,Rumah Teres,125,14
2026-09-10,avaland,30240-3,4,Rumah Teres,16,3
2026-09-10,avaland,30240-3,5,Rumah Teres,36,22
2026-09-10,avaland,12047-4,0,Rumah Pangsa/Kondo,303,99
2026-09-10,avaland,12047-4,1,Rumah Pangsa/Kondo,303,134
2026-09-10,avaland,20017-1,0,Rumah Pangsa/Kondo,149,144
2026-09-10,avaland,20017-1,1,Rumah Pangsa/Kondo,77,77
2026-09-10,binastra,31332-1,0,Pangsapuri Servis,415,209
2026-09-10,binastra,31332-1,1,Pangsapuri Servis,415,142
2026-09-10,chinhin,13531-2,0,Pangsapuri Servis,824,731
2026-09-10,chinhin,30632-1,0,Pangsapuri Servis,438,300
2026-09-10,chinhin,30632-1,1,Pangsapuri Servis,349,304
2026-09-10,chinhin,30190-1,0,Pangsapuri Servis,339,335
2026-09-10,chinhin,30190-1,1,Pangsapuri Servis,503,474
2026-09-10,chinhin,30382-1,0,Rumah Pangsa/Kondo,333,322
2026-09-10,chinhin,30382-1,1,Rumah Pangsa/Kondo,491,439
2026-09-10,chinhin,30744-1,0,Pangsapuri Servis,588,483
2026-09-10,chinhin,31096-1,0,Pangsapuri Servis,561,131
2026-09-10,chinhin,31096-1,1,Pangsapuri Servis,472,149
2026-09-10,chinhin,30064-1,0,Pangsapuri Servis,314,313
2026-09-10,chinhin,30064-1,1,Pangsapuri Servis,370,365
2026-09-10,chinhin,30382-3,0,Rumah Pangsa/Kondo,823,822
2026-09-10,chinhin,30907-1,0,Rumah Teres,140,135
2026-09-10,chinhin,30907-1,1,Rumah Teres,12,10
2026-09-10,chinhin,30907-1,2,Rumah Teres,79,76
2026-09-10,chinhin,30629-2,0,Pangsapuri Servis,492,477
2026-09-10,exsim,30784-1,0,Pangsapuri Servis,269,268
2026-09-10,exsim,20011-3,0,Pangsapuri Servis,593,593
2026-09-10,exsim,31064-1,0,Pangsapuri Servis,440,51
2026-09-10,exsim,31064-2,0,Pangsapuri Servis,492,1
2026-09-10,exsim,20011-2,0,Pangsapuri Servis,767,767
2026-09-10,exsim,20011-4,0,Pangsapuri Servis,671,664
2026-09-10,exsim,13666-2,0,Pangsapuri Servis,98,98
2026-09-10,exsim,30370-1,0,Pangsapuri Servis,320,319
2026-09-10,exsim,30789-1,0,Pangsapuri Servis,126,126
2026-09-10,exsim,30571-1,0,Pangsapuri Servis,603,602
2026-09-10,exsim,30914-1,0,Pangsapuri Servis,759,633
2026-09-10,exsim,30830-1,0,Pangsapuri Servis,456,318
2026-09-10,exsim,20011-5,0,Pangsapuri Servis,662,202
2026-09-10,exsim,31007-1,0,Pangsapuri Servis,848,845
2026-09-10,exsim,20084-1,0,Pangsapuri Servis,386,312
2026-09-10,exsim,20084-1,1,Pangsapuri Servis,293,27
2026-09-10,exsim,30741-1,0,Pangsapuri Suite,460,457
2026-09-10,exsim,30741-1,1,Pangsapuri Suite,506,505
2026-09-10,exsim,30741-1,2,Pangsapuri Suite,592,590
2026-09-10,exsim,31088-1,0,Pangsapuri Servis,671,556
2026-09-10,exsim,30741-2,0,Pangsapuri Suite,494,195
2026-09-10,exsim,30741-2,1,Pangsapuri Suite,510,246
2026-09-10,exsim,30357-2,0,Pangsapuri Servis,569,358
2026-09-10,exsim,30357-2,1,Pangsapuri Servis,569,300
2026-09-10,exsim,30357-1,0,Pangsapuri Servis,508,507
2026-09-10,exsim,31100-1,0,Pangsapuri Servis,1527,483
2026-09-10,exsim,31100-1,1,Pangsapuri Servis,1257,534
2026-09-10,exsim,31100-1,2,Pangsapuri Servis,908,503
2026-09-10,exsim,31100-1,3,Pangsapuri Servis,833,0
2026-09-10,exsim,30131-1,0,Soho,424,424
2026-09-10,mahsing,14297-25,0,Rumah Teres,111,109
2026-09-10,mahsing,14297-25,1,Rumah Teres,124,49
2026-09-10,mahsing,12324-1,0,Rumah Pangsa/Kondo,172,172
2026-09-10,mahsing,12324-1,1,Rumah Pangsa/Kondo,205,205
2026-09-10,mahsing,14297-24,0,Rumah Teres,168,144
2026-09-10,mahsing,12029-4,0,Pangsapuri Servis,833,77
2026-09-10,mahsing,31251-1,0,Rumah Pangsa/Kondo,606,53
2026-09-10,mahsing,5911-33,0,Pangsapuri Servis,686,462
2026-09-10,mahsing,5911-33,1,Pangsapuri Servis,932,557
2026-09-10,mahsing,13262-2,0,Pangsapuri Suite,747,64
2026-09-10,mahsing,13262-2,1,Pangsapuri Suite,797,316
2026-09-10,mahsing,30834-1,0,Pangsapuri Servis,570,426
2026-09-10,mahsing,30834-1,1,Pangsapuri Servis,570,374
2026-09-10,mahsing,30897-1,0,Rumah Teres,249,244
2026-09-10,mahsing,30897-1,1,Rumah Teres,81,79
2026-09-10,mahsing,30897-1,2,Rumah Teres,26,21
2026-09-10,mahsing,30897-1,3,Rumah Teres,126,120
2026-09-10,mahsing,30897-1,4,Rumah Teres,104,96
2026-09-10,mahsing,30897-1,5,Rumah Teres,44,23
2026-09-10,mahsing,30897-1,6,Rumah Teres,85,54
2026-09-10,mahsing,30897-1,7,Rumah Teres,102,16
2026-09-10,mahsing,11202-4,0,Pangsapuri Suite,624,614
2026-09-10,mahsing,11202-4,1,Pangsapuri Suite,624,611
2026-09-10,mahsing,11202-4,2,Pangsapuri Suite,832,649
2026-09-10,mahsing,11998-4,0,Rumah Teres,247,247
2026-09-10,mahsing,11998-4,1,Rumah Teres,149,149
2026-09-10,mahsing,13425-8,0,Pangsapuri Servis,422,333
2026-09-10,mahsing,13425-8,1,Pangsapuri Servis,78,62
2026-09-10,mahsing,13425-8,2,Pangsapuri Servis,499,0
2026-09-10,mahsing,30805-1,0,Pangsapuri Servis,748,464
2026-09-10,mahsing,30805-1,1,Pangsapuri Servis,251,121
2026-09-10,mahsing,10279-5,0,Rumah Teres,123,123
2026-09-10,mahsing,10279-5,1,Rumah Teres,100,100
2026-09-10,mahsing,10279-5,2,Rumah Teres,252,209
2026-09-10,mahsing,10279-5,3,Rumah Teres,116,98
2026-09-10,mahsing,10279-5,4,Rumah Teres,55,39
2026-09-10,mahsing,10279-5,5,Rumah Kluster,108,83
2026-09-10,mahsing,12029-3,0,Pangsapuri Servis,494,233
2026-09-10,mahsing,11430-2,0,Pangsapuri Suite,619,618
2026-09-10,mahsing,9600-6,0,Pangsapuri Servis,843,505
2026-09-10,mahsing,9600-6,1,Pangsapuri Servis,890,267
2026-09-10,mahsing,30440-1,0,Pangsapuri Servis,421,416
2026-09-10,mahsing,30440-1,1,Pangsapuri Servis,619,580
2026-09-10,mahsing,30440-1,2,Pangsapuri Servis,486,481
2026-09-10,majesticgen,30828-2,0,Pangsapuri Servis,732,731
2026-09-10,majesticgen,30828-3,0,Pangsapuri Servis,996,914
2026-09-10,majesticgen,30828-1,0,Pangsapuri Servis,360,355
2026-09-10,majesticgen,30244-1,0,Pangsapuri Servis,478,478
2026-09-10,majesticgen,30990-1,0,Rumah Teres,32,32
2026-09-10,majesticgen,30990-1,1,Rumah Berkembar,2,2
2026-09-10,majesticgen,30990-1,2,Rumah Teres,72,65
2026-09-10,majesticgen,31034-1,0,Soho,540,298
2026-09-10,majesticgen,31034-1,1,Soho,472,97
2026-09-10,majesticgen,30989-1,0,Rumah Teres,73,73
2026-09-10,majesticgen,12069-7,0,Rumah Berpagar & Berpengawal,128,0
2026-09-10,majesticgen,12069-7,1,Rumah Berpagar & Berpengawal,12,0
2026-09-10,malton,31139-1,0,Pangsapuri Servis,562,355
2026-09-10,malton,8950-4,0,Rumah Pangsa/Kondo,526,15
2026-09-10,malton,30667-1,0,Pangsapuri Servis,210,170
2026-09-10,malton,30667-1,1,Pangsapuri Servis,243,225
2026-09-10,malton,14035-6,0,Rumah Pangsa/Kondo,336,329
2026-09-10,malton,14035-4,0,Rumah Pangsa/Kondo,440,293
2026-09-10,malton,14035-4,1,Rumah Pangsa/Kondo,440,357
2026-09-10,malton,14035-4,2,Rumah Pangsa/Kondo,452,334
2026-09-10,maxim,30267-1,0,Rumah Pangsa/Kondo,302,302
2026-09-10,maxim,30267-1,1,Rumah Pangsa/Kondo,302,302
2026-09-10,maxim,31046-1,0,Pangsapuri Suite,558,112
2026-09-10,maxim,31046-1,1,Pangsapuri Suite,558,214
2026-09-10,maxim,31074-1,0,Pangsapuri Servis,858,406
2026-09-10,maxim,31074-1,1,Pangsapuri Servis,858,373
2026-09-10,maxim,31074-1,2,Pangsapuri Servis,1027,243
2026-09-10,maxim,30037-1,0,Pangsapuri Suite,629,629
2026-09-10,maxim,30037-1,1,Pangsapuri Suite,607,607
2026-09-10,maxim,19088-3,0,Rumah Pangsa/Kondo,208,179
2026-09-10,maxim,19088-3,1,Rumah Pangsa/Kondo,208,165
2026-09-10,maxim,19088-3,2,Rumah Pangsa/Kondo,208,183
2026-09-10,platinumvictory,30581-1,0,Pangsapuri Suite,877,863
2026-09-10,platinumvictory,30581-1,1,Pangsapuri Suite,811,810
2026-09-10,platinumvictory,9832-11,0,Pangsapuri Suite,946,475
2026-09-10,platinumvictory,9832-11,1,Pangsapuri Suite,1136,741
2026-09-10,platinumvictory,31008-1,0,Rumah Pangsa/Kondo,198,130
2026-09-10,platinumvictory,31008-1,1,Rumah Pangsa/Kondo,358,164
2026-09-10,platinumvictory,31008-1,2,Rumah Pangsa/Kondo,238,232
2026-09-10,platinumvictory,20253-2,0,Rumah Pangsa/Kondo,500,467
2026-09-10,platinumvictory,20253-3,0,Rumah Pangsa/Kondo,757,604
2026-09-10,platinumvictory,20253-3,1,Rumah Pangsa/Kondo,743,565
2026-09-10,platinumvictory,30937-1,0,Rumah Teres,23,18
2026-09-10,skyworld,31051-1,0,Rumah Pangsa/Kondo,492,457
2026-09-10,skyworld,30176-1,0,Rumah Pangsa/Kondo,448,429
2026-09-10,skyworld,30176-1,1,Rumah Pangsa/Kondo,382,227
2026-09-10,skyworld,30976-1,0,Rumah Pangsa/Kondo,510,242
2026-09-10,skyworld,31075-1,0,Rumah Pangsa/Kondo,583,569
2026-09-10,skyworld,31075-1,1,Rumah Pangsa/Kondo,583,531
2026-09-10,skyworld,31075-1,2,Rumah Pangsa/Kondo,680,269
2026-09-10,skyworld,31075-1,3,Rumah Pangsa/Kondo,542,0
2026-09-10,skyworld,31075-1,4,Rumah Pangsa/Kondo,516,0
2026-09-10,skyworld,31075-1,5,Rumah Pangsa/Kondo,560,0
2026-09-10,skyworld,31075-1,6,Rumah Pangsa/Kondo,518,0
2026-09-10,skyworld,19840-2,0,Pangsapuri Suite,535,468
2026-09-10,skyworld,19840-2,1,Pangsapuri Suite,466,465
2026-09-10,tslaw,31031-1,0,Pangsapuri Servis,815,728
2026-09-10,tslaw,31031-1,1,Pangsapuri Servis,808,673
2026-09-10,tslaw,30331-1,0,Pangsapuri Suite,897,888
2026-09-10,tslaw,30331-1,1,Pangsapuri Suite,941,937
2026-09-10,tslaw,9158-9,0,Rumah Berkembar,38,38
2026-09-10,tslaw,9158-9,1,Rumah Berkembar,2,2
2026-09-10,tslaw,9158-9,2,Rumah Berkembar,2,2
2026-09-10,tslaw,19760-1,0,Pangsapuri Servis,432,431
2026-09-10,tslaw,19760-1,1,Pangsapuri Servis,432,424
2026-09-10,tslaw,19760-1,2,Pangsapuri Servis,432,431
2026-09-10,trinitygroup,30857-1,0,Rumah Pangsa/Kondo,234,1
2026-09-10,trinitygroup,30857-1,1,Rumah Pangsa/Kondo,240,35
2026-09-10,trinitygroup,30857-1,2,Rumah Pangsa/Kondo,240,0
2026-09-10,trinitygroup,20140-2,0,Rumah Pangsa/Kondo,230,45
2026-09-10,trinitygroup,20140-2,1,Rumah Pangsa/Kondo,216,203
2026-09-10,trinitygroup,20140-2,2,Rumah Pangsa/Kondo,291,100
2026-09-10,trinitygroup,10826-4,0,Pangsapuri Servis,157,134
2026-09-10,trinitygroup,10826-4,1,Pangsapuri Servis,80,62
2026-09-10,trinitygroup,10826-4,2,Pangsapuri Servis,298,139
2026-09-10,radium,30363-2,0,Pangsapuri Suite,1218,1128
2026-09-10,radium,30363-1,0,Rumah Pangsa/Kondo,1218,1128
2026-09-10,radium,30821-1,0,Pangsapuri Suite,494,262
2026-09-10,radium,30821-1,1,Pangsapuri Suite,494,263
2026-09-10,radium,30121-1,0,Soho,944,383
2026-09-10,radium,31310-1,0,Rumah Pangsa/Kondo,558,0
2026-09-10,radium,31310-1,1,Rumah Pangsa/Kondo,239,0
2026-09-10,cpiland,19991-1,0,Pangsapuri Servis,255,255
2026-09-10,cpiland,19991-1,1,Pangsapuri Servis,396,392
2026-09-10,cpiland,14377-1,0,Rumah Teres,65,65
2026-09-10,cpiland,14377-1,1,Rumah Teres,49,49
2026-09-10,cpiland,30965-1,0,Rumah Sesebuah,12,11
2026-09-10,cpiland,30965-1,1,Rumah Berkembar,36,36
2026-09-10,cpiland,30965-1,2,Rumah Sesebuah,10,3
2026-09-10,cpiland,30965-1,3,Rumah Sesebuah,2,2
2026-09-10,cpiland,20179-1,0,Pangsapuri Suite,596,596
2026-09-10,cpiland,12287-1,0,Pangsapuri Servis,166,166
2026-09-10,cpiland,30260-1,0,Pangsapuri Servis,748,748
2026-09-10,cpiland,31202-1,0,Pangsapuri Suite,680,112
2026-09-10,cpiland,31202-1,1,Pangsapuri Suite,630,92
2026-09-10,cpiland,19301-1,0,Rumah Pangsa/Kondo,576,576
2026-09-10,cpiland,19795-1,0,Rumah Teres,11,11
2026-09-10,lbs,11018-3,0,Rumah Berkembar,30,28
2026-09-10,lbs,11018-4,0,Rumah Berkembar,33,2
2026-09-10,lbs,19183-13,0,Rumah Pangsa/Kondo,524,492
2026-09-10,lbs,19183-13,1,Rumah Pangsa/Kondo,524,492
2026-09-10,lbs,19398-5,0,Pangsapuri Servis,595,592
2026-09-10,lbs,19398-6,0,Pangsapuri Servis,393,393
2026-09-10,lbs,19533-5,0,Rumah Teres,317,317
2026-09-10,lbs,19533-5,1,Rumah Teres,96,96
2026-09-10,lbs,19533-5,2,Rumah Teres,76,76
2026-09-10,lbs,19533-5,3,Rumah Bandar,328,323
2026-09-10,lbs,19533-6,0,Rumah Pangsa/Kondo,621,0
2026-09-10,lbs,19533-6,1,Rumah Pangsa/Kondo,621,0
2026-09-10,lbs,19924-3,0,Rumah Pangsa/Kondo,1171,0
2026-09-10,lbs,8695-14,0,Rumah Bandar,84,76
2026-09-10,lbs,8695-14,1,Rumah Pangsa/Kondo,337,233
2026-09-10,lbs,30027-1,0,Pangsapuri Servis,527,451
2026-09-10,lbs,30027-1,1,Pangsapuri Servis,527,439
2026-09-10,lbs,30401-1,0,Pangsapuri Servis,658,456
2026-09-10,lbs,30401-1,1,Rumah Pangsa/Kondo,47,19
2026-09-10,lbs,19632-1,0,Rumah Kluster,46,46
2026-09-10,lbs,19632-1,1,Rumah Kluster,22,22
2026-09-10,lbs,19632-1,2,Rumah Teres,10,10
2026-09-10,lbs,19632-1,3,Rumah Teres,61,61
2026-09-10,lbs,19632-1,4,Rumah Teres,48,47
2026-09-10,lbs,19632-1,5,Rumah Kluster,26,26
2026-09-10,lbs,19632-1,6,Rumah Kluster,26,26
2026-09-10,lbs,19632-1,7,Rumah Teres,64,61
2026-09-10,lbs,19632-1,8,Rumah Kluster,26,26
2026-09-10,lbs,19632-1,9,Rumah Kluster,26,23
2026-09-10,lbs,19632-1,10,Rumah Teres,32,31
2026-09-10,lbs,19632-1,11,Rumah Kluster,56,56
2026-09-10,lbs,19632-1,12,Rumah Kluster,28,28
2026-09-10,lbs,19632-1,13,Rumah Teres,32,31
2026-09-10,lbs,19632-1,14,Rumah Teres,64,62
2026-09-10,lbs,19632-1,15,Rumah Kluster,30,30
2026-09-10,lbs,19632-1,16,Rumah Kluster,60,60
2026-09-10,lbs,19632-1,17,Rumah Teres,30,28
2026-09-10,lbs,19632-1,18,Rumah Teres,32,32
2026-09-10,lbs,19632-1,19,Rumah Teres,32,26
2026-09-10,lbs,11482-10,0,Rumah Teres,7,7
2026-09-10,lbs,11482-10,1,Rumah Teres,69,27
2026-09-10,lbs,11482-12,0,Pangsapuri Servis,608,312
2026-09-10,lbs,11482-11,0,Rumah Teres,3,0
2026-09-10,lbs,11482-11,1,Rumah Teres,76,0
2026-09-10,lbs,20162-1,0,Pangsapuri Servis,725,638
2026-09-10,lbs,20162-2,0,Pangsapuri Servis,580,493
2026-09-10,lbs,20162-2,1,Pangsapuri Servis,145,145
2026-09-10,lbs,11482-8,0,Rumah Berkembar,20,20
2026-09-10,lbs,11482-8,1,Rumah Berkembar,14,14
2026-09-10,lbs,11482-8,2,Rumah Berkembar,18,18
2026-09-10,lbs,11482-7,0,Rumah Pangsa/Kondo,176,176
2026-09-10,lbs,11482-7,1,Rumah Pangsa/Kondo,138,138
2026-09-10,lbs,11482-5,0,Rumah Teres,34,34
2026-09-10,lbs,11482-5,1,Rumah Teres,13,13
2026-09-10,lbs,11482-5,2,Rumah Teres,19,19
2026-09-10,lbs,11482-5,3,Rumah Teres,18,18
2026-09-10,lbs,11482-9,0,Pangsapuri Servis,373,209
2026-09-10,lbs,11482-9,1,Pangsapuri Servis,373,245
2026-09-10,lbs,19183-11,0,Rumah Bandar,20,16
2026-09-10,lbs,19183-11,1,Rumah Teres,298,298
2026-09-10,lbs,19183-11,2,Rumah Teres,248,30
2026-09-10,lbs,19183-11,3,Rumah Teres,33,20
2026-09-10,lbs,19183-11,4,Rumah Teres,284,18
2026-09-10,lbs,19183-11,5,Rumah Teres,38,37
2026-09-10,lbs,19183-11,6,Rumah Bandar,230,27
2026-09-10,lbs,7702-44,0,Rumah Teres,34,33
2026-09-10,lbs,7702-44,1,Rumah Teres,39,39
2026-09-10,lbs,7702-44,2,Rumah Teres,29,28
2026-09-10,lbs,7702-44,3,Rumah Teres,26,25
2026-09-10,lbs,7702-44,4,Rumah Teres,27,25
2026-09-10,lbs,8945-4,0,Pangsapuri Servis,211,211
2026-09-10,lbs,8945-4,1,Pangsapuri Servis,220,220
2026-09-10,lbs,8945-4,2,Pangsapuri Servis,220,220
2026-09-10,lbs,8945-4,3,Pangsapuri Servis,215,215
2026-09-10,lbs,8945-4,4,Pangsapuri Servis,264,264
2026-09-10,lbs,8945-4,5,Pangsapuri Servis,253,253
2026-09-10,lbs,8945-4,6,Pangsapuri Servis,188,188
2026-09-10,lbs,8945-4,7,Pangsapuri Servis,211,211
2026-09-10,lbs,8945-4,8,Pangsapuri Servis,155,155
2026-09-10,lbs,8945-4,9,Pangsapuri Servis,212,212
2026-09-10,lbs,8945-3,0,Pangsapuri Servis,491,491
2026-09-10,lagenda,11225-11,0,Rumah Teres,36,35
2026-09-10,lagenda,11225-11,1,Rumah Teres,700,676
2026-09-10,lagenda,11225-11,2,Rumah Teres,82,81
2026-09-10,lagenda,11225-11,3,Rumah Teres,13,13
2026-09-10,lagenda,11225-12,0,Rumah Teres,577,286
2026-09-10,lagenda,11225-12,1,Rumah Teres,54,45
2026-09-10,lagenda,11225-12,2,Rumah Teres,16,15
2026-09-10,lagenda,11225-12,3,Rumah Teres,44,41
2026-09-10,lagenda,11225-13,0,Rumah Teres,674,602
2026-09-10,lagenda,11225-13,1,Rumah Teres,65,58
2026-09-10,lagenda,11225-13,2,Rumah Teres,35,34
2026-09-10,lagenda,11225-13,3,Rumah Teres,44,44
2026-09-10,lagenda,11225-14,0,Rumah Teres,51,1
2026-09-10,lagenda,11225-14,1,Rumah Kluster,24,3
2026-09-10,lagenda,14283-16,0,Rumah Teres,932,739
2026-09-10,lagenda,14283-17,0,Rumah Teres,773,579
2026-09-10,lagenda,14283-18,0,Rumah Teres,1048,0
2026-09-10,lagenda,14283-19,0,Rumah Kluster,664,297
2026-09-10,lagenda,14283-20,0,Rumah Teres,588,16
2026-09-10,lagenda,14283-20,1,Rumah Sesebuah,4,1
2026-09-10,lagenda,14283-20,2,Rumah Kluster,388,114
2026-09-10,lagenda,19599-2,0,Rumah Teres,1009,997
2026-09-10,lagenda,19599-3,0,Rumah Kluster,936,150
2026-09-10,lagenda,19599-4,0,Rumah Kluster,268,0
2026-09-10,lagenda,19599-4,1,Rumah Teres,686,0
2026-09-10,lagenda,19599-5,0,Rumah Teres,379,53
2026-09-10,lagenda,19599-6,0,Rumah Teres,1540,48
2026-09-10,lagenda,20081-2,0,Rumah Teres,374,373
2026-09-10,lagenda,20081-2,1,Rumah Teres,265,263
2026-09-10,lagenda,20081-3,0,Rumah Teres,104,26
2026-09-10,lagenda,30102-3,0,Rumah Kluster,156,147
2026-09-10,lagenda,30102-3,1,Rumah Teres,480,360
2026-09-10,lagenda,30102-4,0,Rumah Teres,398,396
2026-09-10,lagenda,30155-1,0,Rumah Pangsa/Kondo,542,432
2026-09-10,lagenda,30155-1,1,Rumah Pangsa/Kondo,542,477
2026-09-10,lagenda,30155-2,0,Rumah Pangsa/Kondo,542,7
2026-09-10,lagenda,30155-2,1,Rumah Pangsa/Kondo,542,0
2026-09-10,lagenda,30223-1,0,Rumah Teres,608,606
2026-09-10,lagenda,30223-2,0,Rumah Teres,190,184
2026-09-10,lagenda,30223-2,1,Rumah Teres,102,22
2026-09-10,lagenda,30223-2,2,Rumah Teres,25,12
2026-09-10,lagenda,30223-2,3,Rumah Teres,25,11
2026-09-10,lagenda,30223-2,4,Rumah Teres,17,17
2026-09-10,lagenda,30223-3,0,Rumah Teres,893,748
2026-09-10,lagenda,30223-4,0,Rumah Teres,60,0
2026-09-10,lagenda,30223-4,1,Rumah Teres,1858,1716
2026-09-10,lagenda,30223-5,0,Rumah Teres,575,82
2026-09-10,lagenda,30223-5,1,Rumah Teres,85,18
2026-09-10,lagenda,30223-5,2,Rumah Kluster,496,265
2026-09-10,lagenda,30223-5,3,Rumah Teres,38,0
2026-09-10,lagenda,30223-5,4,Rumah Teres,38,0
2026-09-10,lagenda,30223-5,5,Rumah Teres,147,0
2026-09-10,lagenda,30223-6,0,Rumah Teres,800,454
2026-09-10,lagenda,30223-7,0,Rumah Teres,1112,1
2026-09-10,lagenda,30223-7,1,Rumah Teres,901,2
2026-09-10,lagenda,30348-3,0,Rumah Teres,15,15
2026-09-10,lagenda,30348-3,1,Rumah Teres,39,38
2026-09-10,lagenda,30348-3,2,Rumah Teres,147,147
2026-09-10,lagenda,30348-4,0,Rumah Bandar,46,24
2026-09-10,lagenda,30348-4,1,Rumah Bandar,44,20
2026-09-10,lagenda,30348-4,2,Rumah Bandar,56,34
2026-09-10,lagenda,30348-5,0,Rumah Pangsa/Kondo,196,171
2026-09-10,lagenda,30377-1,0,Rumah Teres,857,740
2026-09-10,lagenda,30377-1,1,Rumah Teres,592,505
2026-09-10,lagenda,30781-1,0,Rumah Teres,124,0
2026-09-10,lagenda,7213-8,0,Rumah Sesebuah,42,6
2026-09-10,lagenda,7213-8,1,Rumah Sesebuah,7,4
2026-09-10,lagenda,19950-2,0,Rumah Teres,49,3
2026-09-10,lagenda,19950-2,1,Rumah Teres,7,0
2026-09-10,lagenda,19950-1,0,Rumah Teres,397,218
2026-09-10,lagenda,14283-14,0,Rumah Sesebuah,18,0
2026-09-10,lagenda,14283-14,1,Rumah Kluster,1080,781
2026-09-10,lagenda,14283-13,0,Rumah Teres,1417,1126
2026-09-10,lagenda,14283-13,1,Rumah Sesebuah,6,0
2026-09-10,lagenda,14283-13,2,Rumah Kluster,360,309
2026-09-10,lagenda,14283-15,0,Rumah Kluster,668,620
2026-09-10,lagenda,14283-9,0,Rumah Teres,63,40
2026-09-10,lagenda,14283-9,1,Rumah Teres,34,24
2026-09-10,lagenda,14283-9,2,Rumah Teres,206,140
2026-09-10,lagenda,11225-9,0,Rumah Bandar,96,85
2026-09-10,lagenda,11225-9,1,Rumah Sesebuah,2,1
2026-09-10,lagenda,11225-9,2,Rumah Teres,144,33
2026-09-10,setiaawan,11590-4,0,Soho,664,633
2026-09-10,setiaawan,11590-4,1,Soho,1360,1277
2026-09-10,setiaawan,11590-5,0,Soho,664,616
2026-09-10,setiaawan,11590-5,1,Pangsapuri Servis,468,387
2026-09-10,setiaawan,30428-1,0,Rumah Pangsa/Kondo,136,65
2026-09-10,setiaawan,30428-1,1,Rumah Pangsa/Kondo,108,32
2026-09-10,setiaawan,30428-1,2,Rumah Pangsa/Kondo,214,86
2026-09-10,setiaawan,30428-1,3,Rumah Pangsa/Kondo,190,41
2026-09-10,setiaawan,30442-1,0,Rumah Berkembar,2,2
2026-09-10,setiaawan,30442-1,1,Rumah Teres,372,365
2026-09-10,setiaawan,30442-2,0,Rumah Sesebuah,1,0
2026-09-10,setiaawan,30442-2,1,Rumah Kluster,404,82
2026-09-10,setiaawan,30442-2,2,Rumah Teres,52,0
2026-09-10,setiaawan,30552-1,0,Pangsapuri Servis,407,384
2026-09-10,setiaawan,30552-1,1,Pangsapuri Servis,451,445
2026-09-10,setiaawan,30552-2,0,Pangsapuri Servis,394,355
2026-09-10,setiaawan,30783-1,0,Rumah Teres,79,72
2026-09-10,setiaawan,30783-1,1,Rumah Teres,34,30
2026-09-10,setiaawan,30783-1,2,Rumah Teres,49,41
2026-09-10,setiaawan,30783-1,3,Rumah Teres,94,62
2026-09-10,setiaawan,30783-2,0,Rumah Teres,97,0
2026-09-10,setiaawan,31070-1,0,Soho,486,75
2026-09-10,setiaawan,31070-1,1,Pangsapuri Servis,540,537
2026-09-10,setiaawan,31070-1,2,Pangsapuri Servis,400,78
2026-09-10,setiaawan,31070-1,3,Pangsapuri Servis,400,279
2026-09-10,setiaawan,31070-1,4,Pangsapuri Servis,216,66
2026-09-10,setiaawan,9994-4,0,Rumah Pangsa/Kondo,150,46
2026-09-10,setiaawan,9994-4,1,Rumah Pangsa/Kondo,150,111
2026-09-10,setiaawan,9994-3,0,Rumah Pangsa/Kondo,360,220
2026-09-10,setiaawan,9994-3,1,Rumah Pangsa/Kondo,300,252
2026-09-10,setiaawan,10346-2,0,Rumah Berkembar,36,18
2026-09-10,setiaawan,10346-2,1,Rumah Berkembar,40,11
2026-09-10,setiaawan,10346-2,2,Rumah Berkembar,44,7
2026-09-10,setiaawan,19314-1,0,Rumah Pangsa/Kondo,290,289
2026-09-10,setiaawan,19314-1,1,Rumah Pangsa/Kondo,414,406
2026-09-10,setiaawan,19314-1,2,Rumah Pangsa/Kondo,414,135
2026-09-10,setiaawan,19314-1,3,Rumah Pangsa/Kondo,414,395
2026-09-10,setiaawan,19314-1,4,Rumah Pangsa/Kondo,538,396
2026-09-10,mbworld,30688-1,0,Pangsapuri Servis,911,486
2026-09-10,mbworld,30688-1,1,Pangsapuri Servis,388,260
2026-09-10,mbworld,30946-1,0,Pangsapuri Servis,1950,981
2026-09-10,mbworld,20101-2,0,Pangsapuri Servis,449,296
2026-09-10,mbworld,20101-2,1,Pangsapuri Servis,449,367
2026-09-10,mbworld,20101-2,2,Pangsapuri Servis,449,373
2026-09-10,mbworld,20101-2,3,Pangsapuri Servis,449,329
2026-09-10,mbworld,19932-2,0,Pangsapuri Servis,326,54
2026-09-10,mbworld,19932-2,1,Pangsapuri Servis,323,84
2026-09-10,mbworld,30588-4,0,Pangsapuri Servis,449,109
2026-09-10,mbworld,30588-1,0,Pangsapuri Servis,550,518
2026-09-10,mbworld,30588-1,1,Pangsapuri Servis,496,466
2026-09-10,mbworld,30588-2,0,Rumah Teres,63,63
2026-09-10,mbworld,30588-3,0,Rumah Pangsa/Kondo,105,91
2026-09-10,mbworld,30981-1,0,Pangsapuri Servis,326,234
2026-09-10,mbworld,30981-1,1,Pangsapuri Servis,319,217
2026-09-10,mbworld,30981-1,2,Pangsapuri Servis,300,182
2026-09-10,mbworld,19387-2,0,Rumah Pangsa/Kondo,278,236
2026-09-10,mbworld,14589-11,0,Rumah Teres,134,70
2026-09-10,sks,12327-2,0,Rumah Pangsa/Kondo,114,114
2026-09-10,sks,12327-2,1,Rumah Pangsa/Kondo,110,110
2026-09-10,sks,12381-1,0,Rumah Pangsa/Kondo,231,231
2026-09-10,sks,12381-1,1,Rumah Pangsa/Kondo,210,210
2026-09-10,sks,12381-1,2,Rumah Pangsa/Kondo,208,208
2026-09-10,sks,12381-1,3,Rumah Pangsa/Kondo,204,204
2026-09-10,sks,13203-1,0,Pangsapuri Servis,231,231
2026-09-10,sks,13203-1,1,Pangsapuri Servis,3,3
2026-09-10,sks,12381-2,0,Pangsapuri Servis,445,445
2026-09-10,sks,19757-1,0,Pangsapuri Servis,458,375
2026-09-10,sks,12327-4,0,Pangsapuri Servis,175,175
2026-09-10,sks,12327-1,0,Rumah Pangsa/Kondo,282,282
2026-09-10,sks,12327-3,0,Pangsapuri Servis,93,93
2026-09-10,sks,12327-3,1,Pangsapuri Servis,87,87
2026-09-10,sks,11786-2,0,Rumah Teres,351,351
2026-09-10,sks,11786-2,1,Rumah Berkembar,130,130
2026-09-10,sks,11786-2,2,Rumah Sesebuah,11,11
2026-09-10,sks,9736-4,0,Rumah Teres,234,234
2026-09-10,sks,9736-4,1,Rumah Berkembar,38,38
2026-09-10,sks,9736-4,2,Rumah Sesebuah,16,16
2026-09-10,sks,11786-1,0,Rumah Teres,340,340
2026-09-10,sks,11786-1,1,Rumah Teres,198,198
2026-09-10,sks,11786-1,2,Rumah Teres,400,400
2026-09-10,brdb,11611-2,0,Rumah Pangsa/Kondo,277,277
2026-09-10,brdb,11611-2,1,Rumah Pangsa/Kondo,275,274
2026-09-10,brdb,11807-2,0,Rumah Teres,27,27
2026-09-10,brdb,11807-2,1,Rumah Berkembar,32,32
2026-09-10,brdb,11807-2,2,Rumah Sesebuah,24,23
2026-09-10,brdb,11807-3,0,Rumah Berkembar,20,4
2026-09-10,brdb,11807-3,1,Rumah Sesebuah,14,11
2026-09-10,brdb,11807-4,0,Rumah Sesebuah,33,8
2026-09-10,brdb,11807-4,1,Rumah Sesebuah,14,9
2026-09-10,brdb,30367-1,0,Pangsapuri Servis,751,192
2026-09-10,brdb,32-15,0,Pangsapuri Servis,111,78
2026-09-10,brdb,32-16,0,Rumah Pangsa/Kondo,13,2
2026-09-10,brdb,32-16,1,Rumah Pangsa/Kondo,13,6
2026-09-10,brdb,32-16,2,Rumah Pangsa/Kondo,21,4
2026-09-10,brdb,32-16,3,Rumah Pangsa/Kondo,27,10
2026-09-10,brdb,32-16,4,Rumah Pangsa/Kondo,13,2
2026-09-10,brdb,32-16,5,Rumah Pangsa/Kondo,12,2
2026-09-10,brdb,32-16,6,Rumah Pangsa/Kondo,27,10
2026-09-10,brdb,32-16,7,Rumah Pangsa/Kondo,20,7
2026-09-10,brdb,835-12,0,Rumah Pangsa/Kondo,100,94
2026-09-10,brdb,835-13,0,Rumah Berkembar,12,7
2026-09-10,brdb,835-13,1,Rumah Sesebuah,2,2
2026-09-10,brdb,835-13,2,Rumah Kluster,124,92
2026-09-10,brdb,835-13,3,Rumah Kluster,60,44
2026-09-10,brdb,835-14,0,Pangsapuri Servis,715,313
2026-09-10,brdb,835-15,0,Rumah Pangsa/Kondo,199,0
2026-09-10,brdb,835-15,1,Rumah Pangsa/Kondo,200,0
2026-09-10,brdb,13819-1,0,Rumah Teres,82,82
2026-09-10,brdb,13819-1,1,Rumah Teres,51,51
2026-09-10,brdb,13819-1,2,Rumah Teres,137,137
2026-09-10,brdb,13819-1,3,Rumah Teres,1,1
2026-09-10,brdb,13819-1,4,Rumah Teres,1,1
2026-09-10,brdb,13819-1,5,Rumah Teres,1,1
2026-09-10,brdb,13819-1,6,Rumah Teres,1,1
2026-09-10,brdb,13819-1,7,Rumah Teres,3,3
2026-09-10,brdb,13819-1,8,Rumah Teres,7,7
2026-09-10,brdb,13819-1,9,Rumah Teres,22,22
2026-09-10,brdb,13819-1,10,Rumah Teres,173,169
2026-09-10,brdb,13819-1,11,Rumah Pangsa/Kondo,200,179
2026-09-10,brdb,13819-1,12,Rumah Teres,179,0
2026-09-10,brdb,12446-1,0,Rumah Teres,14,14
2026-09-10,brdb,12446-1,1,Rumah Teres,23,23
2026-09-10,brdb,12446-1,2,Rumah Berkembar,15,15
2026-09-10,brdb,12446-1,3,Rumah Sesebuah,14,14
2026-09-10,brdb,12446-1,4,Rumah Sesebuah,1,1
2026-09-10,brdb,12446-1,5,Rumah Sesebuah,1,1
2026-09-10,brdb,835-10,0,Rumah Pangsa/Kondo,291,281
2026-09-10,brdb,19907-1,0,Pangsapuri Servis,303,277
2026-09-10,brdb,19907-1,1,Pangsapuri Servis,276,276
2026-09-10,brdb,835-11,0,Rumah Teres,142,127
2026-09-10,brdb,835-8,0,Rumah Teres,38,38
2026-09-10,brdb,835-8,1,Rumah Teres,35,35
2026-09-10,brdb,835-8,2,Rumah Teres,50,50
2026-09-10,brdb,835-8,3,Rumah Teres,50,50
2026-09-10,brdb,835-6,0,Rumah Sesebuah,9,9
2026-09-10,brdb,835-6,1,Rumah Sesebuah,2,2
2026-09-10,brdb,835-6,2,Rumah Berkembar,20,20
2026-09-10,brdb,835-6,3,Rumah Berkembar,42,42
2026-09-10,brdb,835-6,4,Rumah Berkembar,21,21
2026-09-10,brdb,11611-1,0,Rumah Pangsa/Kondo,130,130
2026-09-10,brdb,11611-1,1,Rumah Pangsa/Kondo,131,131
2026-09-10,brdb,11611-1,2,Rumah Pangsa/Kondo,16,16
2026-09-10,uem,10555-15,0,Pangsapuri Servis,677,626
2026-09-10,uem,10555-15,1,Pangsapuri Servis,657,587
2026-09-10,uem,11186-18,0,Rumah Berkembar,20,19
2026-09-10,uem,11186-18,1,Rumah Berkembar,38,21
2026-09-10,uem,11186-18,2,Rumah Berkembar,6,6
2026-09-10,uem,11186-18,3,Rumah Berkembar,2,2
2026-09-10,uem,11186-18,4,Rumah Berkembar,2,1
2026-09-10,uem,11186-19,0,Rumah Teres,105,15
2026-09-10,uem,11186-20,0,Rumah Teres,83,0
2026-09-10,uem,11186-20,1,Rumah Teres,36,2
2026-09-10,uem,14032-10,0,Rumah Berkembar,20,4
2026-09-10,uem,14032-10,1,Rumah Berkembar,12,1
2026-09-10,uem,14032-10,2,Rumah Berkembar,22,3
2026-09-10,uem,14032-10,3,Rumah Berkembar,2,0
2026-09-10,uem,14032-11,0,Rumah Teres,150,18
2026-09-10,uem,14032-11,1,Rumah Teres,17,2
2026-09-10,uem,14032-7,0,Rumah Pangsa/Kondo,130,130
2026-09-10,uem,14032-8,0,Rumah Berkembar,34,18
2026-09-10,uem,14032-8,1,Rumah Berkembar,12,5
2026-09-10,uem,14032-9,0,Rumah Teres,116,66
2026-09-10,uem,14032-9,1,Rumah Teres,14,11
2026-09-10,uem,14032-9,2,Rumah Teres,12,3
2026-09-10,uem,14032-9,3,Rumah Teres,2,1
2026-09-10,uem,14228-12,0,Rumah Teres,25,25
2026-09-10,uem,14228-12,1,Rumah Teres,8,7
2026-09-10,uem,14228-12,2,Rumah Teres,8,8
2026-09-10,uem,14228-12,3,Rumah Teres,2,2
2026-09-10,uem,14228-12,4,Rumah Teres,14,13
2026-09-10,uem,14228-12,5,Rumah Teres,16,14
2026-09-10,uem,14228-12,6,Rumah Teres,2,2
2026-09-10,uem,14228-12,7,Rumah Teres,2,2
2026-09-10,uem,14228-12,8,Rumah Teres,28,28
2026-09-10,uem,14228-12,9,Rumah Teres,6,6
2026-09-10,uem,14228-12,10,Rumah Teres,12,12
2026-09-10,uem,14228-12,11,Rumah Teres,2,2
2026-09-10,uem,14228-13,0,Rumah Teres,93,73
2026-09-10,uem,14228-13,1,Rumah Teres,39,37
2026-09-10,uem,14228-14,0,Rumah Teres,163,150
2026-09-10,uem,14228-14,1,Rumah Teres,29,21
2026-09-10,uem,14228-15,0,Rumah Teres,37,26
2026-09-10,uem,14228-15,1,Rumah Teres,14,13
2026-09-10,uem,14228-15,2,Rumah Teres,26,16
2026-09-10,uem,14228-16,0,Rumah Teres,7,6
2026-09-10,uem,14228-16,1,Rumah Teres,40,28
2026-09-10,uem,14228-7,0,Rumah Teres,41,41
2026-09-10,uem,14228-7,1,Rumah Teres,14,13
2026-09-10,uem,14228-7,2,Rumah Teres,6,6
2026-09-10,uem,14228-7,3,Rumah Teres,2,1
2026-09-10,uem,14228-8,0,Rumah Teres,46,45
2026-09-10,uem,14228-8,1,Rumah Teres,13,11
2026-09-10,uem,14228-8,2,Rumah Teres,5,5
2026-09-10,uem,14228-8,3,Rumah Teres,1,1
2026-09-10,uem,30141-1,0,Rumah Pangsa/Kondo,496,496
2026-09-10,uem,30141-2,0,Rumah Pangsa/Kondo,247,20
2026-09-10,uem,30141-2,1,Rumah Pangsa/Kondo,248,13
2026-09-10,uem,7466-5,0,Pangsapuri Servis,1126,785
2026-09-10,uem,8024-13,0,Rumah Teres,1,1
2026-09-10,uem,8024-13,1,Rumah Teres,179,147
2026-09-10,uem,8024-13,2,Rumah Teres,103,69
2026-09-10,uem,8024-14,0,Rumah Teres,61,61
2026-09-10,uem,8024-14,1,Rumah Teres,61,61
2026-09-10,uem,8024-14,2,Rumah Teres,2,2
2026-09-10,uem,8024-14,3,Rumah Teres,89,23
2026-09-10,uem,20047-1,0,Rumah Pangsa/Kondo,257,112
2026-09-10,uem,20047-1,1,Rumah Pangsa/Kondo,260,142
2026-09-10,uem,20047-1,2,Rumah Pangsa/Kondo,198,59
2026-09-10,uem,20047-1,3,Rumah Pangsa/Kondo,209,68
2026-09-10,uem,10555-12,0,Pangsapuri Servis,476,476
2026-09-10,uem,13373-1,0,Pangsapuri Servis,79,79
2026-09-10,uem,13373-1,1,Pangsapuri Servis,141,141
2026-09-10,uem,13373-1,2,Pangsapuri Servis,127,127
2026-09-10,uem,13373-1,3,Pangsapuri Servis,131,131
2026-09-10,uem,13373-1,4,Pangsapuri Servis,47,47
2026-09-10,uem,11186-16,0,Rumah Teres,19,19
2026-09-10,uem,11186-16,1,Rumah Teres,21,21
2026-09-10,uem,11186-16,2,Rumah Teres,84,82
2026-09-10,uem,11186-17,0,Rumah Teres,19,17
2026-09-10,uem,11186-17,1,Rumah Teres,69,51
2026-09-10,uem,11186-17,2,Rumah Teres,26,26
2026-09-10,ecoworld,14020-10,0,Rumah Sesebuah,7,4
2026-09-10,ecoworld,14020-11,0,Rumah Berkembar,24,5
2026-09-10,ecoworld,14020-12,0,Rumah Berkembar,24,3
2026-09-10,ecoworld,14020-13,0,Rumah Sesebuah,16,9
2026-09-10,ecoworld,14020-14,0,Rumah Sesebuah,8,5
2026-09-10,ecoworld,14020-5,0,Pangsapuri Servis,383,383
2026-09-10,ecoworld,14020-6,0,Rumah Berkembar,76,47
2026-09-10,ecoworld,14020-7,0,Rumah Berkembar,24,9
2026-09-10,ecoworld,14020-8,0,Rumah Berkembar,24,14
2026-09-10,ecoworld,14020-9,0,Rumah Sesebuah,16,10
2026-09-10,ecoworld,14050-10,0,Pangsapuri Servis,483,335
2026-09-10,ecoworld,14320-14,0,Rumah Kluster,52,52
2026-09-10,ecoworld,14320-14,1,Rumah Kluster,72,72
2026-09-10,ecoworld,14320-17,0,Pangsapuri Servis,460,460
2026-09-10,ecoworld,14320-18,0,Pangsapuri Servis,460,460
2026-09-10,ecoworld,14320-19,0,Rumah Kluster,64,54
2026-09-10,ecoworld,14320-19,1,Rumah Kluster,68,55
2026-09-10,ecoworld,14320-20,0,Rumah Sesebuah,32,28
2026-09-10,ecoworld,14320-21,0,Rumah Berkembar,28,14
2026-09-10,ecoworld,14320-22,0,Rumah Berkembar,24,11
2026-09-10,ecoworld,14320-23,0,Rumah Pangsa/Kondo,627,259
2026-09-10,ecoworld,14320-24,0,Rumah Berkembar,30,0
2026-09-10,ecoworld,14320-25,0,Rumah Berkembar,42,0
2026-09-10,ecoworld,14504-7,0,Pangsapuri Servis,500,500
2026-09-10,ecoworld,14504-8,0,Pangsapuri Servis,575,81
2026-09-10,ecoworld,14504-8,1,Pangsapuri Servis,420,188
2026-09-10,ecoworld,14505-7,0,Rumah Teres,174,139
2026-09-10,ecoworld,14505-7,1,Rumah Teres,160,146
2026-09-10,ecoworld,14505-7,2,Rumah Teres,126,39
2026-09-10,ecoworld,14505-7,3,Rumah Teres,145,86
2026-09-10,ecoworld,19150-15,0,Pangsapuri Servis,500,391
2026-09-10,ecoworld,19150-15,1,Pangsapuri Servis,499,227
2026-09-10,ecoworld,19150-16,0,Rumah Sesebuah,9,8
2026-09-10,ecoworld,19150-16,1,Rumah Sesebuah,13,12
2026-09-10,ecoworld,19150-16,2,Rumah Sesebuah,41,29
2026-09-10,ecoworld,19150-16,3,Rumah Berkembar,20,16
2026-09-10,ecoworld,19150-16,4,Rumah Berkembar,22,11
2026-09-10,ecoworld,19150-16,5,Rumah Teres,87,44
2026-09-10,ecoworld,19150-16,6,Rumah Teres,74,28
2026-09-10,ecoworld,19150-17,0,Rumah Teres,46,46
2026-09-10,ecoworld,19150-17,1,Rumah Teres,56,56
2026-09-10,ecoworld,19150-17,2,Rumah Teres,25,24
2026-09-10,ecoworld,19150-17,3,Rumah Teres,25,10
2026-09-10,ecoworld,19150-17,4,Rumah Bandar,32,19
2026-09-10,ecoworld,19150-18,0,Rumah Teres,30,29
2026-09-10,ecoworld,19150-18,1,Rumah Teres,33,33
2026-09-10,ecoworld,19150-18,2,Rumah Teres,65,46
2026-09-10,ecoworld,19152-12,0,Rumah Teres,262,178
2026-09-10,ecoworld,19152-13,0,Rumah Teres,264,261
2026-09-10,ecoworld,19152-14,0,Rumah Teres,264,54
2026-09-10,ecoworld,19152-15,0,Pangsapuri Servis,500,167
2026-09-10,ecoworld,19152-9,0,Rumah Berkembar,112,46
2026-09-10,ecoworld,19985-10,0,Pangsapuri Servis,700,2
2026-09-10,ecoworld,19985-10,1,Pangsapuri Servis,500,355
2026-09-10,ecoworld,19985-6,0,Rumah Kluster,44,44
2026-09-10,ecoworld,19985-6,1,Rumah Kluster,64,64
2026-09-10,ecoworld,19985-6,2,Rumah Kluster,48,48
2026-09-10,ecoworld,19985-6,3,Rumah Kluster,64,64
2026-09-10,ecoworld,19985-6,4,Rumah Kluster,64,64
2026-09-10,ecoworld,19985-6,5,Rumah Kluster,80,80
2026-09-10,ecoworld,19985-7,0,Rumah Kluster,64,45
2026-09-10,ecoworld,19985-7,1,Rumah Kluster,48,38
2026-09-10,ecoworld,19985-8,0,Rumah Kluster,64,58
2026-09-10,ecoworld,19985-8,1,Rumah Kluster,64,56
2026-09-10,ecoworld,19985-9,0,Pangsapuri Servis,509,507
2026-09-10,ecoworld,6443-20,0,Rumah Bandar,108,108
2026-09-10,ecoworld,6443-20,1,Rumah Bandar,56,56
2026-09-10,ecoworld,6443-21,0,Rumah Teres,50,50
2026-09-10,ecoworld,6443-22,0,Rumah Teres,48,48
2026-09-10,ecoworld,6443-24,0,Rumah Teres,48,48
2026-09-10,ecoworld,6443-25,0,Rumah Teres,80,80
2026-09-10,ecoworld,6443-26,0,Rumah Teres,100,100
2026-09-10,ecoworld,6443-27,0,Rumah Teres,280,276
2026-09-10,ecoworld,6443-28,0,Rumah Teres,282,258
2026-09-10,ecoworld,6443-29,0,Rumah Teres,90,82
2026-09-10,ecoworld,6443-29,1,Rumah Teres,119,119
2026-09-10,ecoworld,6443-29,2,Rumah Teres,120,108
2026-09-10,ecoworld,6443-29,3,Rumah Teres,96,73
2026-09-10,ecoworld,6443-30,0,Rumah Teres,118,82
2026-09-10,ecoworld,6443-31,0,Rumah Teres,83,70
2026-09-10,ecoworld,6443-32,0,Rumah Teres,76,76
2026-09-10,ecoworld,6443-33,0,Rumah Teres,216,1
2026-09-10,ecoworld,6443-34,0,Rumah Teres,177,2
2026-09-10,ecoworld,14050-8,0,Rumah Pangsa/Kondo,107,91
2026-09-10,ecoworld,14050-8,1,Rumah Pangsa/Kondo,294,246
2026-09-10,ecoworld,14504-5,0,Pangsapuri Servis,2,2
2026-09-10,ecoworld,14504-5,1,Pangsapuri Servis,3,3
2026-09-10,ecoworld,14504-5,2,Pangsapuri Servis,93,93
2026-09-10,ecoworld,14504-5,3,Pangsapuri Servis,1,1
2026-09-10,ecoworld,14504-5,4,Pangsapuri Servis,3,3
2026-09-10,ecoworld,14504-5,5,Pangsapuri Servis,3,3
2026-09-10,ecoworld,14504-5,6,Pangsapuri Servis,248,248
2026-09-10,ecoworld,14504-5,7,Pangsapuri Servis,8,8
2026-09-10,ecoworld,14504-5,8,Pangsapuri Servis,8,8
2026-09-10,ecoworld,14504-5,9,Pangsapuri Servis,31,31
2026-09-10,ecoworld,14504-5,10,Pangsapuri Servis,403,403
2026-09-10,ecoworld,14504-5,11,Pangsapuri Servis,13,13
2026-09-10,ecoworld,14504-5,12,Pangsapuri Servis,13,13
2026-09-10,ecoworld,14504-5,13,Pangsapuri Servis,62,62
2026-09-10,ecoworld,14504-5,14,Pangsapuri Servis,93,93
2026-09-10,ecoworld,14504-5,15,Pangsapuri Servis,93,93
2026-09-10,ecoworld,14504-5,16,Pangsapuri Servis,248,248
2026-09-10,ecoworld,14504-5,17,Pangsapuri Servis,403,403
2026-09-10,ecoworld,14504-6,0,Rumah Kluster,48,31
2026-09-10,ecoworld,14504-6,1,Rumah Kluster,96,96
2026-09-10,ecoworld,14504-6,2,Rumah Kluster,24,22
2026-09-10,ecoworld,14504-6,3,Rumah Kluster,48,34
2026-09-10,ecoworld,14504-6,4,Rumah Bandar,160,160
2026-09-10,ecoworld,19152-10,0,Rumah Berkembar,70,50
2026-09-10,ecoworld,19152-11,0,Pangsapuri Servis,651,651
2026-09-10,ecoworld,19152-11,1,Pangsapuri Servis,651,651
2026-09-10,ecoworld,6443-23,0,Rumah Teres,50,50
2026-09-10,ecoworld,30561-1,0,Pangsapuri Servis,232,195
2026-09-10,ecoworld,30561-1,1,Pangsapuri Servis,236,188
2026-09-10,ecoworld,30561-1,2,Pangsapuri Servis,250,204
2026-09-10,ecoworld,30561-1,3,Pangsapuri Servis,252,78
2026-09-10,ecoworld,30561-1,4,Pangsapuri Servis,250,23
2026-09-10,ecoworld,14518-1,0,Rumah Pangsa/Kondo,273,273
2026-09-10,ecoworld,14510-1,0,Pangsapuri Servis,380,380
2026-09-10,ecoworld,14510-1,1,Pangsapuri Servis,246,246
2026-09-10,ecoworld,6443-17,0,Rumah Teres,138,138
2026-09-10,ecoworld,6443-17,1,Rumah Teres,162,162
2026-09-10,ecoworld,6443-18,0,Rumah Teres,70,70
2026-09-10,ecoworld,6443-18,1,Rumah Teres,42,42
2026-09-10,ecoworld,6443-19,0,Rumah Teres,64,64
2026-09-10,ecoworld,6443-19,1,Rumah Teres,70,70
2026-09-10,ecoworld,6443-19,2,Rumah Teres,48,48
2026-09-10,ecoworld,6443-19,3,Rumah Teres,22,22
2026-09-10,ecoworld,14504-2,0,Rumah Berkembar,18,18
2026-09-10,ecoworld,14504-2,1,Rumah Berkembar,34,34
2026-09-10,ecoworld,14504-2,2,Rumah Berkembar,14,14
2026-09-10,ecoworld,14504-2,3,Rumah Sesebuah,14,14
2026-09-10,ecoworld,14504-2,4,Rumah Sesebuah,14,14
2026-09-10,ecoworld,14504-2,5,Rumah Sesebuah,7,7
2026-09-10,ecoworld,14504-2,6,Rumah Sesebuah,1,1
2026-09-10,ecoworld,14504-2,7,Rumah Sesebuah,6,6
2026-09-10,ecoworld,14504-2,8,Rumah Sesebuah,1,1
2026-09-10,ecoworld,14504-2,9,Rumah Berkembar,38,38
2026-09-10,ecoworld,14504-2,10,Rumah Berkembar,20,20
2026-09-10,ecoworld,14504-2,11,Rumah Sesebuah,2,2
2026-09-10,ecoworld,14504-2,12,Rumah Berkembar,32,32
2026-09-10,ecoworld,14504-2,13,Rumah Berkembar,48,48
2026-09-10,ecoworld,14504-2,14,Rumah Sesebuah,2,2
2026-09-10,ecoworld,14504-2,15,Rumah Sesebuah,2,2
2026-09-10,ecoworld,14504-2,16,Rumah Sesebuah,3,3
2026-09-10,ecoworld,14504-2,17,Rumah Sesebuah,3,3
2026-09-10,ecoworld,14504-3,0,Rumah Teres,46,46
2026-09-10,ecoworld,14504-3,1,Rumah Teres,36,36
2026-09-10,ecoworld,14504-3,2,Rumah Teres,48,48
2026-09-10,ecoworld,14504-3,3,Rumah Teres,10,10
2026-09-10,ecoworld,14504-3,4,Rumah Teres,8,8
2026-09-10,ecoworld,14504-3,5,Rumah Teres,10,10
2026-09-10,ecoworld,14504-3,6,Rumah Teres,20,20
2026-09-10,ecoworld,14504-3,7,Rumah Teres,40,40
2026-09-10,ecoworld,14504-3,8,Rumah Teres,10,10
2026-09-10,ecoworld,14504-3,9,Rumah Bandar,32,32
2026-09-10,ecoworld,14504-3,10,Rumah Bandar,24,24
2026-09-10,ecoworld,14504-3,11,Rumah Bandar,24,24
2026-09-10,ecoworld,14504-4,0,Rumah Sesebuah,6,6
2026-09-10,ecoworld,14504-4,1,Rumah Sesebuah,6,6
2026-09-10,ecoworld,14504-4,2,Rumah Sesebuah,14,14
2026-09-10,ecoworld,14504-4,3,Rumah Sesebuah,12,11
2026-09-10,ecoworld,14504-4,4,Rumah Sesebuah,6,6
2026-09-10,ecoworld,14504-4,5,Rumah Berkembar,16,16
2026-09-10,ecoworld,14504-4,6,Rumah Berkembar,20,20
2026-09-10,ecoworld,14504-4,7,Rumah Berkembar,34,34
2026-09-10,ecoworld,14504-4,8,Rumah Berkembar,32,32
2026-09-10,ecoworld,14504-4,9,Rumah Teres,24,24
2026-09-10,ecoworld,14504-4,10,Rumah Teres,26,26
2026-09-10,ecoworld,14504-4,11,Rumah Teres,26,26
2026-09-10,ecoworld,14504-4,12,Rumah Teres,28,28
2026-09-10,ecoworld,19152-1,0,Rumah Teres,47,47
2026-09-10,ecoworld,19152-1,1,Rumah Teres,46,46
2026-09-10,ecoworld,19152-1,2,Rumah Teres,42,42
2026-09-10,ecoworld,19152-1,3,Rumah Teres,31,31
2026-09-10,ecoworld,19152-1,4,Rumah Teres,52,52
2026-09-10,ecoworld,19152-1,5,Rumah Teres,46,46
2026-09-10,ecoworld,19152-2,0,Rumah Teres,75,75
2026-09-10,ecoworld,19152-2,1,Rumah Teres,49,49
2026-09-10,ecoworld,19152-2,2,Rumah Teres,45,45
2026-09-10,ecoworld,19152-2,3,Rumah Teres,49,49
2026-09-10,ecoworld,19152-2,4,Rumah Teres,35,35
2026-09-10,ecoworld,19152-2,5,Rumah Teres,66,66
2026-09-10,ecoworld,19152-2,6,Rumah Teres,54,54
2026-09-10,ecoworld,19152-2,7,Rumah Teres,39,39
2026-09-10,ecoworld,19152-4,0,Rumah Bandar,224,224
2026-09-10,ecoworld,19152-5,0,Rumah Berkembar,58,57
2026-09-10,ecoworld,19152-5,1,Rumah Sesebuah,47,47
2026-09-10,ecoworld,19152-5,2,Rumah Berkembar,76,60
2026-09-10,ecoworld,19152-6,0,Rumah Teres,180,180
2026-09-10,ecoworld,19152-7,0,Rumah Bandar,235,235
2026-09-10,ecoworld,19152-8,0,Rumah Teres,114,114
2026-09-10,ecoworld,31135-1,0,Rumah Teres,721,357
2026-09-10,ecoworld,31135-2,0,Rumah Teres,125,77
2026-09-10,ecoworld,31135-2,1,Rumah Teres,100,59
2026-09-10,ecoworld,31135-2,2,Rumah Teres,115,71
2026-09-10,ecoworld,31135-2,3,Rumah Teres,182,112
2026-09-10,ecoworld,31135-2,4,Rumah Teres,119,82
2026-09-10,ecoworld,31135-2,5,Rumah Teres,125,89
2026-09-10,scientex,11295-22,0,Rumah Teres,204,203
2026-09-10,scientex,11295-23,0,Rumah Teres,291,291
2026-09-10,scientex,11295-25,0,Rumah Teres,364,364
2026-09-10,scientex,11295-26,0,Rumah Teres,227,227
2026-09-10,scientex,11295-27,0,Rumah Teres,76,75
2026-09-10,scientex,11295-27,1,Rumah Teres,73,71
2026-09-10,scientex,11295-28,0,Rumah Teres,267,266
2026-09-10,scientex,11295-29,0,Rumah Teres,336,151
2026-09-10,scientex,11295-30,0,Rumah Teres,369,254
2026-09-10,scientex,19794-18,0,Rumah Pangsa/Kondo,242,239
2026-09-10,scientex,19794-18,1,Rumah Pangsa/Kondo,243,242
2026-09-10,scientex,19794-19,0,Rumah Pangsa/Kondo,180,169
2026-09-10,scientex,19794-19,1,Rumah Pangsa/Kondo,173,156
2026-09-10,scientex,30714-5,0,Rumah Kluster,168,147
2026-09-10,scientex,30714-6,0,Rumah Teres,322,253
2026-09-10,scientex,30884-1,0,Rumah Teres,263,258
2026-09-10,scientex,30884-2,0,Rumah Teres,182,182
2026-09-10,scientex,30884-3,0,Rumah Teres,244,244
2026-09-10,scientex,30884-4,0,Rumah Pangsa/Kondo,180,124
2026-09-10,scientex,30884-4,1,Rumah Pangsa/Kondo,202,118
2026-09-10,scientex,30884-5,0,Rumah Teres,169,169
2026-09-10,scientex,30884-6,0,Rumah Teres,204,203
2026-09-10,scientex,30884-7,0,Rumah Kluster,184,124
2026-09-10,scientex,30884-8,0,Rumah Teres,183,95
2026-09-10,scientex,6331-22,0,Pangsapuri Servis,489,468
2026-09-10,scientex,6331-25,0,Pangsapuri Servis,448,365
2026-09-10,scientex,6331-25,1,Pangsapuri Servis,50,31
2026-09-10,scientex,6331-26,0,Rumah Pangsa/Kondo,192,160
2026-09-10,scientex,6331-26,1,Rumah Pangsa/Kondo,192,107
2026-09-10,scientex,6331-27,0,Rumah Teres,288,210
2026-09-10,scientex,6331-28,0,Rumah Teres,332,312
2026-09-10,scientex,6331-29,0,Rumah Teres,300,85
2026-09-10,scientex,6575-50,0,Rumah Teres,206,204
2026-09-10,scientex,6575-51,0,Rumah Teres,232,232
2026-09-10,scientex,6575-53,0,Rumah Teres,209,195
2026-09-10,scientex,6575-54,0,Rumah Teres,196,185
2026-09-10,scientex,6575-55,0,Rumah Teres,279,95
2026-09-10,scientex,6575-56,0,Rumah Teres,288,163
2026-09-10,scientex,6575-58,0,Rumah Teres,256,136
2026-09-10,scientex,6575-59,0,Rumah Teres,216,0
2026-09-10,scientex,9294-57,0,Rumah Pangsa/Kondo,210,205
2026-09-10,scientex,9294-67,0,Pangsapuri Servis,169,169
2026-09-10,scientex,9294-67,1,Pangsapuri Servis,173,173
2026-09-10,scientex,9294-67,2,Pangsapuri Servis,174,174
2026-09-10,scientex,9294-68,0,Rumah Teres,210,210
2026-09-10,scientex,9294-69,0,Rumah Teres,214,214
2026-09-10,scientex,9294-69,1,Rumah Teres,1,1
2026-09-10,scientex,9294-70,0,Pangsapuri Servis,174,172
2026-09-10,scientex,9294-70,1,Pangsapuri Servis,174,173
2026-09-10,scientex,9294-70,2,Pangsapuri Servis,174,174
2026-09-10,scientex,9294-71,0,Rumah Teres,115,114
2026-09-10,scientex,9294-72,0,Rumah Teres,252,252
2026-09-10,scientex,9294-74,0,Rumah Teres,207,207
2026-09-10,scientex,9294-75,0,Rumah Kluster,238,216
2026-09-10,scientex,9294-76,0,Rumah Kluster,134,117
2026-09-10,scientex,9294-77,0,Rumah Pangsa/Kondo,124,73
2026-09-10,scientex,9294-78,0,Rumah Kluster,200,200
2026-09-10,scientex,9294-79,0,Rumah Pangsa/Kondo,142,97
2026-09-10,scientex,9294-80,0,Rumah Teres,271,257
2026-09-10,scientex,9294-81,0,Rumah Teres,234,197
2026-09-10,scientex,9294-82,0,Rumah Teres,64,46
2026-09-10,scientex,9294-83,0,Rumah Teres,210,87
2026-09-10,scientex,9294-84,0,Rumah Teres,246,235
2026-09-10,scientex,9294-85,0,Rumah Teres,252,88
2026-09-10,scientex,9294-86,0,Rumah Teres,240,185
2026-09-10,scientex,9294-88,0,Pangsapuri Servis,169,0
2026-09-10,scientex,9294-88,1,Pangsapuri Servis,174,0
2026-09-10,scientex,9294-88,2,Pangsapuri Servis,173,17
2026-09-10,scientex,9294-88,3,Pangsapuri Servis,174,115
2026-09-10,scientex,9294-89,0,Rumah Teres,158,22
2026-09-10,scientex,6575-43,0,Rumah Teres,211,211
2026-09-10,scientex,6575-31,0,Rumah Teres,291,291
2026-09-10,scientex,6575-39,0,Rumah Teres,188,186
2026-09-10,scientex,6575-39,1,Rumah Teres,16,16
2026-09-10,scientex,6575-42,0,Rumah Kluster,28,21
2026-09-10,scientex,6575-42,1,Rumah Kluster,8,5
2026-09-10,scientex,6575-42,2,Rumah Kluster,152,106
2026-09-10,scientex,6575-44,0,Rumah Teres,289,284
2026-09-10,scientex,6575-40,0,Rumah Teres,336,316
2026-09-10,scientex,9294-62,0,Rumah Teres,342,342
2026-09-10,scientex,9294-65,0,Rumah Teres,272,272
2026-09-10,scientex,9294-66,0,Rumah Teres,235,235
2026-09-10,scientex,19794-15,0,Rumah Kluster,252,251
2026-09-10,scientex,19794-15,1,Rumah Berkembar,2,2
2026-09-10,scientex,19794-16,0,Rumah Kluster,248,248
2026-09-10,scientex,19794-16,1,Rumah Berkembar,8,8
2026-09-10,scientex,6575-38,0,Rumah Teres,215,212
2026-09-10,scientex,19794-14,0,Rumah Teres,280,277
2026-09-10,scientex,19794-14,1,Rumah Teres,1,1
2026-09-10,scientex,19794-14,2,Rumah Teres,28,28
2026-09-10,scientex,6575-18,0,Rumah Teres,234,231
2026-09-10,scientex,6575-18,1,Rumah Teres,331,307
2026-09-10,scientex,6575-18,2,Rumah Teres,192,192
2026-09-10,scientex,9294-51,0,Rumah Bandar,150,122
2026-09-10,scientex,9294-52,0,Rumah Pangsa/Kondo,210,182
2026-09-10,scientex,9294-52,1,Rumah Pangsa/Kondo,210,179
2026-09-10,scientex,9294-53,0,Rumah Teres,258,258
2026-09-10,scientex,9294-53,1,Rumah Teres,20,20
2026-09-10,scientex,9294-54,0,Rumah Teres,19,19
2026-09-10,scientex,9294-54,1,Rumah Teres,55,55
2026-09-10,scientex,9294-56,0,Rumah Pangsa/Kondo,204,204
2026-09-10,scientex,9294-56,1,Rumah Pangsa/Kondo,204,204
2026-09-10,scientex,9294-56,2,Rumah Pangsa/Kondo,206,206
2026-09-10,scientex,9294-59,0,Rumah Pangsa/Kondo,150,150
2026-09-10,scientex,9294-59,1,Rumah Pangsa/Kondo,150,150
2026-09-10,scientex,9294-60,0,Rumah Teres,304,304
2026-09-10,scientex,9294-61,0,Rumah Teres,70,70
2026-09-10,scientex,9294-63,0,Rumah Teres,238,238
2026-09-10,scientex,9294-64,0,Rumah Teres,122,120
2026-09-10,scientex,9294-73,0,Rumah Teres,207,0
2026-09-10,scientex,9294-45,0,Rumah Kluster,149,149
2026-09-10,scientex,9294-45,1,Rumah Kluster,152,152
2026-09-10,scientex,9294-45,2,Rumah Berkembar,28,28
2026-09-10,scientex,9294-45,3,Rumah Kluster,140,139
2026-09-10,scientex,9294-45,4,Rumah Berkembar,3,3
2026-09-10,scientex,9294-45,5,Rumah Berkembar,1,1
2026-09-10,scientex,6575-34,0,Rumah Teres,231,228
2026-09-10,scientex,6575-34,1,Rumah Teres,224,224
2026-09-10,scientex,6575-33,0,Rumah Teres,210,210
2026-09-10,scientex,6575-33,1,Rumah Teres,175,175
2026-09-10,scientex,6575-33,2,Rumah Teres,118,113
2026-09-10,scientex,6575-20,0,Rumah Teres,159,149
2026-09-10,scientex,6575-20,1,Rumah Teres,271,268
2026-09-10,scientex,6575-20,2,Rumah Teres,211,210
2026-09-10,simedarby,10991-4,0,Pangsapuri Servis,271,271
2026-09-10,simedarby,10991-5,0,Pangsapuri Servis,463,258
2026-09-10,simedarby,10991-5,1,Pangsapuri Servis,463,347
2026-09-10,simedarby,12408-16,0,Rumah Teres,43,0
2026-09-10,simedarby,12408-17,0,Rumah Teres,59,0
2026-09-10,simedarby,12408-18,0,Rumah Teres,49,22
2026-09-10,simedarby,12408-19,0,Rumah Teres,49,24
2026-09-10,simedarby,12408-20,0,Rumah Teres,118,116
2026-09-10,simedarby,12408-21,0,Rumah Teres,103,97
2026-09-10,simedarby,12408-22,0,Rumah Teres,123,71
2026-09-10,simedarby,12408-23,0,Rumah Teres,6,0
2026-09-10,simedarby,12408-23,1,Rumah Teres,14,0
2026-09-10,simedarby,12408-23,2,Rumah Teres,94,0
2026-09-10,simedarby,12408-24,0,Rumah Teres,133,0
2026-09-10,simedarby,13017-43,0,Rumah Teres,30,30
2026-09-10,simedarby,13017-43,1,Rumah Teres,44,42
2026-09-10,simedarby,13017-43,2,Rumah Teres,2,2
2026-09-10,simedarby,13017-43,3,Rumah Teres,2,2
2026-09-10,simedarby,13017-43,4,Rumah Teres,5,5
2026-09-10,simedarby,13017-43,5,Rumah Teres,5,5
2026-09-10,simedarby,13017-43,6,Rumah Teres,12,12
2026-09-10,simedarby,13017-43,7,Rumah Teres,1,1
2026-09-10,simedarby,13017-43,8,Rumah Teres,1,1
2026-09-10,simedarby,13017-44,0,Rumah Teres,38,38
2026-09-10,simedarby,13017-44,1,Rumah Teres,39,39
2026-09-10,simedarby,13017-44,2,Rumah Teres,3,3
2026-09-10,simedarby,13017-44,3,Rumah Teres,2,2
2026-09-10,simedarby,13017-44,4,Rumah Teres,5,5
2026-09-10,simedarby,13017-44,5,Rumah Teres,6,6
2026-09-10,simedarby,13017-45,0,Rumah Kluster,20,20
2026-09-10,simedarby,13017-45,1,Rumah Kluster,20,18
2026-09-10,simedarby,13017-45,2,Rumah Berkembar,43,42
2026-09-10,simedarby,13017-45,3,Rumah Berkembar,43,41
2026-09-10,simedarby,13017-46,0,Rumah Teres,99,99
2026-09-10,simedarby,13017-47,0,Pangsapuri Servis,449,386
2026-09-10,simedarby,13017-47,1,Pangsapuri Servis,50,25
2026-09-10,simedarby,13017-48,0,Rumah Teres,145,134
2026-09-10,simedarby,13017-49,0,Rumah Kluster,52,47
2026-09-10,simedarby,13017-49,1,Rumah Berkembar,24,24
2026-09-10,simedarby,13017-50,0,Rumah Teres,136,58
2026-09-10,simedarby,13017-51,0,Rumah Teres,70,19
2026-09-10,simedarby,14358-4,0,Rumah Teres,56,0
2026-09-10,simedarby,20060-1,0,Pangsapuri Servis,266,256
2026-09-10,simedarby,20060-1,1,Pangsapuri Servis,254,252
2026-09-10,simedarby,20171-2,0,Rumah Teres,30,9
2026-09-10,simedarby,20171-2,1,Rumah Teres,29,13
2026-09-10,simedarby,20171-3,0,Rumah Teres,64,0
2026-09-10,simedarby,20171-3,1,Rumah Teres,48,0
2026-09-10,simedarby,30500-1,0,Rumah Pangsa/Kondo,62,54
2026-09-10,simedarby,30500-1,1,Rumah Pangsa/Kondo,46,39
2026-09-10,simedarby,30500-1,2,Rumah Pangsa/Kondo,42,41
2026-09-10,simedarby,3780-6,0,Pangsapuri Servis,426,424
2026-09-10,simedarby,3780-6,1,Pangsapuri Servis,535,532
2026-09-10,simedarby,3780-7,0,Pangsapuri Servis,525,0
2026-09-10,simedarby,3780-7,1,Pangsapuri Servis,473,0
2026-09-10,simedarby,3927-154,0,Rumah Pangsa/Kondo,16,16
2026-09-10,simedarby,3927-154,1,Rumah Pangsa/Kondo,30,30
2026-09-10,simedarby,3927-154,2,Rumah Pangsa/Kondo,32,32
2026-09-10,simedarby,3927-154,3,Rumah Pangsa/Kondo,32,32
2026-09-10,simedarby,3927-154,4,Rumah Pangsa/Kondo,12,12
2026-09-10,simedarby,3927-155,0,Pangsapuri Servis,507,506
2026-09-10,simedarby,3927-155,1,Pangsapuri Servis,419,417
2026-09-10,simedarby,3927-155,2,Pangsapuri Servis,502,497
2026-09-10,simedarby,3927-160,0,Pangsapuri Servis,246,107
2026-09-10,simedarby,3927-160,1,Pangsapuri Servis,62,59
2026-09-10,simedarby,3927-161,0,Rumah Teres,108,35
2026-09-10,simedarby,3927-161,1,Rumah Teres,20,13
2026-09-10,simedarby,3927-161,2,Rumah Teres,10,10
2026-09-10,simedarby,3927-162,0,Rumah Teres,64,13
2026-09-10,simedarby,3927-162,1,Rumah Teres,9,7
2026-09-10,simedarby,3927-162,2,Rumah Teres,9,4
2026-09-10,simedarby,3927-163,0,Rumah Teres,85,81
2026-09-10,simedarby,3927-163,1,Rumah Teres,10,9
2026-09-10,simedarby,3927-163,2,Rumah Teres,14,14
2026-09-10,simedarby,3927-164,0,Rumah Berkembar,56,37
2026-09-10,simedarby,3927-164,1,Rumah Berkembar,16,7
2026-09-10,simedarby,3927-165,0,Rumah Teres,124,20
2026-09-10,simedarby,3927-165,1,Rumah Teres,12,6
2026-09-10,simedarby,3927-165,2,Rumah Teres,10,3
2026-09-10,simedarby,3927-166,0,Rumah Sesebuah,25,24
2026-09-10,simedarby,3927-167,0,Rumah Teres,122,91
2026-09-10,simedarby,3927-167,1,Rumah Teres,14,10
2026-09-10,simedarby,3927-167,2,Rumah Teres,6,5
2026-09-10,simedarby,597-13,0,Pangsapuri Servis,234,228
2026-09-10,simedarby,6755-11,0,Rumah Teres,84,68
2026-09-10,simedarby,6755-11,1,Rumah Teres,7,7
2026-09-10,simedarby,6755-11,2,Rumah Teres,9,9
2026-09-10,simedarby,6755-12,0,Rumah Teres,39,28
2026-09-10,simedarby,6755-12,1,Rumah Teres,3,3
2026-09-10,simedarby,6755-12,2,Rumah Teres,3,3
2026-09-10,simedarby,6755-13,0,Rumah Teres,55,41
2026-09-10,simedarby,6755-13,1,Rumah Teres,5,5
2026-09-10,simedarby,6755-13,2,Rumah Teres,5,4
2026-09-10,simedarby,6785-27,0,Rumah Bandar,68,55
2026-09-10,simedarby,6785-28,0,Rumah Teres,40,32
2026-09-10,simedarby,6785-29,0,Rumah Bandar,84,0
2026-09-10,simedarby,6785-30,0,Rumah Teres,211,160
2026-09-10,simedarby,6785-31,0,Rumah Teres,174,27
2026-09-10,simedarby,7277-27,0,Rumah Pangsa/Kondo,146,146
2026-09-10,simedarby,7277-27,1,Rumah Pangsa/Kondo,158,158
2026-09-10,simedarby,7277-27,2,Rumah Pangsa/Kondo,146,132
2026-09-10,simedarby,7277-28,0,Rumah Berkembar,20,18
2026-09-10,simedarby,3927-156,0,Rumah Teres,117,106
2026-09-10,simedarby,3927-156,1,Rumah Teres,5,5
2026-09-10,simedarby,3927-156,2,Rumah Teres,17,17
2026-09-10,simedarby,3927-157,0,Rumah Teres,92,82
2026-09-10,simedarby,3927-157,1,Rumah Teres,9,8
2026-09-10,simedarby,3927-157,2,Rumah Teres,7,7
2026-09-10,simedarby,3927-157,3,Rumah Teres,104,104
2026-09-10,simedarby,3927-157,4,Rumah Teres,9,9
2026-09-10,simedarby,3927-157,5,Rumah Teres,7,7
2026-09-10,simedarby,3927-157,6,Rumah Teres,102,67
2026-09-10,simedarby,3927-157,7,Rumah Teres,8,8
2026-09-10,simedarby,3927-157,8,Rumah Teres,8,8
2026-09-10,simedarby,6755-7,0,Rumah Teres,57,49
2026-09-10,simedarby,6755-7,1,Rumah Teres,34,25
2026-09-10,simedarby,6755-7,2,Rumah Teres,4,4
2026-09-10,simedarby,6755-7,3,Rumah Teres,4,2
2026-09-10,simedarby,7277-30,0,Pangsapuri Servis,998,157
2026-09-10,simedarby,14350-1,0,Pangsapuri Servis,170,96
2026-09-10,simedarby,14350-1,1,Pangsapuri Servis,259,179
2026-09-10,simedarby,13017-19,0,Rumah Teres,26,26
2026-09-10,simedarby,13017-19,1,Rumah Teres,147,147
2026-09-10,simedarby,13017-19,2,Rumah Teres,10,10
2026-09-10,simedarby,13017-20,0,Rumah Teres,25,25
2026-09-10,simedarby,13017-20,1,Rumah Teres,10,10
2026-09-10,simedarby,13017-20,2,Rumah Teres,170,170
2026-09-10,simedarby,13017-21,0,Rumah Teres,12,12
2026-09-10,simedarby,13017-21,1,Rumah Teres,12,12
2026-09-10,simedarby,13017-21,2,Rumah Teres,22,22
2026-09-10,simedarby,13017-21,3,Rumah Teres,26,26
2026-09-10,simedarby,13017-22,0,Rumah Teres,181,181
2026-09-10,simedarby,13017-23,0,Rumah Berkembar,47,47
2026-09-10,simedarby,13017-24,0,Rumah Pangsa/Kondo,186,126
2026-09-10,simedarby,13017-24,1,Rumah Pangsa/Kondo,196,126
2026-09-10,simedarby,13017-24,2,Rumah Pangsa/Kondo,180,96
2026-09-10,simedarby,13017-25,0,Rumah Teres,168,168
2026-09-10,simedarby,13017-26,0,Rumah Teres,204,204
2026-09-10,simedarby,13017-27,0,Rumah Teres,290,185
2026-09-10,simedarby,13017-27,1,Rumah Teres,223,115
2026-09-10,simedarby,13017-28,0,Rumah Teres,218,49
2026-09-10,simedarby,13017-29,0,Rumah Teres,71,11
2026-09-10,simedarby,13017-29,1,Rumah Teres,70,10
2026-09-10,simedarby,13017-29,2,Rumah Teres,8,2
2026-09-10,simedarby,13017-29,3,Rumah Teres,7,2
2026-09-10,simedarby,13017-29,4,Rumah Teres,4,1
2026-09-10,simedarby,13017-29,5,Rumah Teres,5,0
2026-09-10,simedarby,13017-29,6,Rumah Teres,12,1
2026-09-10,simedarby,13017-29,7,Rumah Teres,13,4
2026-09-10,simedarby,13017-29,8,Rumah Teres,1,0
2026-09-10,simedarby,13017-29,9,Rumah Teres,2,0
2026-09-10,simedarby,13017-29,10,Rumah Teres,1,0
2026-09-10,simedarby,13017-30,0,Rumah Sesebuah,1,1
2026-09-10,simedarby,13017-30,1,Rumah Berkembar,56,13
2026-09-10,simedarby,13017-31,0,Rumah Berkembar,17,17
2026-09-10,simedarby,13017-31,1,Rumah Berkembar,19,19
2026-09-10,simedarby,13017-31,2,Rumah Berkembar,13,12
2026-09-10,simedarby,13017-31,3,Rumah Berkembar,13,12
2026-09-10,simedarby,13017-31,4,Rumah Berkembar,4,3
2026-09-10,simedarby,13017-31,5,Rumah Berkembar,2,2
2026-09-10,simedarby,13017-31,6,Rumah Sesebuah,1,1
2026-09-10,simedarby,13017-32,0,Rumah Teres,189,1
2026-09-10,simedarby,13017-33,0,Rumah Teres,56,2
2026-09-10,simedarby,13017-33,1,Rumah Teres,56,1
2026-09-10,simedarby,13017-33,2,Rumah Teres,10,1
2026-09-10,simedarby,13017-33,3,Rumah Teres,10,1
2026-09-10,simedarby,13017-33,4,Rumah Teres,6,1
2026-09-10,simedarby,13017-33,5,Rumah Teres,6,2
2026-09-10,simedarby,13017-33,6,Rumah Teres,6,2
2026-09-10,simedarby,13017-33,7,Rumah Teres,6,3
2026-09-10,simedarby,13017-33,8,Rumah Teres,1,1
2026-09-10,simedarby,13017-33,9,Rumah Teres,2,1
2026-09-10,simedarby,13017-33,10,Rumah Teres,1,1
2026-09-10,simedarby,13017-34,0,Rumah Teres,208,117
2026-09-10,simedarby,13017-35,0,Rumah Teres,277,277
2026-09-10,simedarby,13017-36,0,Rumah Teres,116,113
2026-09-10,simedarby,13017-37,0,Rumah Teres,139,138
2026-09-10,simedarby,13017-38,0,Rumah Teres,185,180
2026-09-10,simedarby,13017-39,0,Rumah Teres,131,130
2026-09-10,simedarby,13017-40,0,Rumah Teres,241,241
2026-09-10,simedarby,13017-40,1,Rumah Bandar,62,61
2026-09-10,simedarby,13017-41,0,Rumah Berkembar,80,79
2026-09-10,simedarby,13017-42,0,Rumah Berkembar,88,88
2026-09-10,simedarby,12408-11,0,Rumah Teres,9,9
2026-09-10,simedarby,12408-11,1,Rumah Teres,38,38
2026-09-10,simedarby,12408-11,2,Rumah Teres,6,6
2026-09-10,simedarby,12408-11,3,Rumah Teres,54,54
2026-09-10,simedarby,12408-11,4,Rumah Teres,9,9
2026-09-10,simedarby,12408-11,5,Rumah Teres,9,9
2026-09-10,simedarby,12408-12,0,Rumah Teres,3,3
2026-09-10,simedarby,12408-12,1,Rumah Teres,7,7
2026-09-10,simedarby,12408-12,2,Rumah Teres,2,1
2026-09-10,simedarby,12408-12,3,Rumah Teres,47,1
2026-09-10,simedarby,12408-13,0,Rumah Teres,86,10
2026-09-10,simedarby,12408-14,0,Rumah Teres,50,43
2026-09-10,simedarby,12408-15,0,Rumah Teres,65,23
2026-09-10,simedarby,6785-7,0,Rumah Teres,247,247
2026-09-10,simedarby,6785-7,1,Rumah Teres,29,29
2026-09-10,simedarby,6785-7,2,Rumah Teres,6,6
2026-09-10,simedarby,6785-7,3,Rumah Teres,16,16
2026-09-10,simedarby,6785-8,0,Rumah Teres,226,226
2026-09-10,simedarby,6785-9,0,Rumah Teres,176,176
2026-09-10,simedarby,6785-10,0,Rumah Teres,84,84
2026-09-10,simedarby,6785-10,1,Rumah Teres,16,16
2026-09-10,simedarby,6785-11,0,Rumah Teres,84,84
2026-09-10,simedarby,6785-11,1,Rumah Teres,16,16
2026-09-10,simedarby,6785-12,0,Rumah Teres,19,19
2026-09-10,simedarby,6785-12,1,Rumah Teres,87,87
2026-09-10,simedarby,6785-12,2,Rumah Teres,16,16
2026-09-10,simedarby,6785-13,0,Rumah Teres,26,26
2026-09-10,simedarby,6785-13,1,Rumah Teres,54,54
2026-09-10,simedarby,6785-13,2,Rumah Teres,7,7
2026-09-10,simedarby,6785-14,0,Rumah Teres,16,16
2026-09-10,simedarby,6785-14,1,Rumah Teres,82,79
2026-09-10,simedarby,6785-14,2,Rumah Teres,17,16
2026-09-10,simedarby,6785-15,0,Rumah Teres,110,107
2026-09-10,simedarby,6785-16,0,Rumah Bandar,60,0
2026-09-10,simedarby,6785-17,0,Rumah Bandar,142,0
2026-09-10,simedarby,6785-18,0,Rumah Teres,120,87
2026-09-10,simedarby,6785-19,0,Rumah Teres,104,104
2026-09-10,simedarby,6785-19,1,Rumah Teres,18,18
2026-09-10,simedarby,6785-19,2,Rumah Teres,22,22
2026-09-10,simedarby,6785-20,0,Rumah Teres,102,102
2026-09-10,simedarby,6785-20,1,Rumah Teres,13,13
2026-09-10,simedarby,6785-20,2,Rumah Teres,23,23
2026-09-10,simedarby,6785-21,0,Rumah Teres,84,57
2026-09-10,simedarby,6785-22,0,Rumah Teres,116,108
2026-09-10,simedarby,6785-23,0,Rumah Teres,96,86
2026-09-10,simedarby,6785-24,0,Rumah Berkembar,72,53
2026-09-10,simedarby,6785-25,0,Rumah Teres,202,191
2026-09-10,simedarby,6785-26,0,Rumah Teres,206,203
2026-09-10,spsetia,10530-12,0,Pangsapuri Servis,216,96
2026-09-10,spsetia,10611-24,0,Rumah Teres,79,65
2026-09-10,spsetia,10611-24,1,Rumah Teres,52,43
2026-09-10,spsetia,10611-25,0,Rumah Berkembar,46,37
2026-09-10,spsetia,10611-26,0,Rumah Teres,111,92
2026-09-10,spsetia,10611-27,0,Rumah Teres,32,4
2026-09-10,spsetia,10611-28,0,Rumah Teres,89,9
2026-09-10,spsetia,10611-29,0,Rumah Sesebuah,22,0
2026-09-10,spsetia,11461-7,0,Rumah Berkembar,22,15
2026-09-10,spsetia,11978-4,0,Rumah Pangsa/Kondo,268,20
2026-09-10,spsetia,13243-26,0,Rumah Berkembar,40,25
2026-09-10,spsetia,13243-28,0,Rumah Sesebuah,37,5
2026-09-10,spsetia,14331-6,0,Rumah Teres,30,30
2026-09-10,spsetia,14331-6,1,Rumah Teres,4,4
2026-09-10,spsetia,14331-6,2,Rumah Teres,2,2
2026-09-10,spsetia,14331-6,3,Rumah Teres,2,2
2026-09-10,spsetia,14331-6,4,Rumah Berkembar,32,19
2026-09-10,spsetia,14331-7,0,Rumah Teres,25,25
2026-09-10,spsetia,14331-7,1,Rumah Bandar,246,241
2026-09-10,spsetia,14331-7,2,Rumah Pangsa/Kondo,117,112
2026-09-10,spsetia,14331-8,0,Rumah Berkembar,4,0
2026-09-10,spsetia,14331-8,1,Rumah Teres,50,1
2026-09-10,spsetia,14331-8,2,Rumah Teres,16,0
2026-09-10,spsetia,14421-22,0,Rumah Teres,113,71
2026-09-10,spsetia,19700-5,0,Rumah Berkembar,12,8
2026-09-10,spsetia,19700-6,0,Rumah Berkembar,74,26
2026-09-10,spsetia,19732-10,0,Rumah Berkembar,12,0
2026-09-10,spsetia,19732-10,1,Rumah Sesebuah,18,0
2026-09-10,spsetia,19732-10,2,Rumah Berkembar,32,0
2026-09-10,spsetia,19732-10,3,Rumah Berkembar,46,0
2026-09-10,spsetia,19732-6,0,Rumah Teres,48,16
2026-09-10,spsetia,19732-6,1,Rumah Teres,49,12
2026-09-10,spsetia,19732-6,2,Rumah Teres,30,21
2026-09-10,spsetia,19732-7,0,Rumah Teres,154,93
2026-09-10,spsetia,19732-8,0,Rumah Teres,179,0
2026-09-10,spsetia,19732-9,0,Rumah Pangsa/Kondo,640,640
2026-09-10,spsetia,19740-7,0,Rumah Berkembar,54,1
2026-09-10,spsetia,2387-21,0,Rumah Teres,48,40
2026-09-10,spsetia,2387-22,0,Rumah Teres,56,32
2026-09-10,spsetia,2387-23,0,Rumah Sesebuah,2,1
2026-09-10,spsetia,2387-23,1,Rumah Kluster,32,7
2026-09-10,spsetia,30101-8,0,Rumah Kluster,72,27
2026-09-10,spsetia,30101-9,0,Rumah Teres,60,36
2026-09-10,spsetia,30874-1,0,Pangsapuri Servis,693,232
2026-09-10,spsetia,37-10,0,Rumah Teres,162,10
2026-09-10,spsetia,37-9,0,Rumah Bandar,420,10
2026-09-10,spsetia,4924-79,0,Rumah Berkembar,18,18
2026-09-10,spsetia,4924-79,1,Rumah Berkembar,18,18
2026-09-10,spsetia,4924-79,2,Rumah Sesebuah,1,1
2026-09-10,spsetia,4924-80,0,Rumah Teres,31,31
2026-09-10,spsetia,4924-80,1,Rumah Teres,7,6
2026-09-10,spsetia,4924-81,0,Rumah Berkembar,12,12
2026-09-10,spsetia,4924-81,1,Rumah Berkembar,16,16
2026-09-10,spsetia,4924-82,0,Rumah Berkembar,30,30
2026-09-10,spsetia,4924-83,0,Rumah Berkembar,18,0
2026-09-10,spsetia,673-12,0,Pangsapuri Servis,225,96
2026-09-10,spsetia,673-12,1,Pangsapuri Servis,274,105
2026-09-10,spsetia,7180-39,0,Rumah Teres,68,41
2026-09-10,spsetia,7180-39,1,Rumah Teres,11,7
2026-09-10,spsetia,7180-39,2,Rumah Teres,7,4
2026-09-10,spsetia,7180-40,0,Rumah Teres,77,26
2026-09-10,spsetia,7180-41,0,Rumah Teres,98,0
2026-09-10,spsetia,8118-60,0,Rumah Kluster,174,168
2026-09-10,spsetia,8118-60,1,Rumah Kluster,116,111
2026-09-10,spsetia,8118-60,2,Rumah Teres,30,28
2026-09-10,spsetia,8118-60,3,Rumah Teres,35,34
2026-09-10,spsetia,8118-74,0,Rumah Berkembar,40,36
2026-09-10,spsetia,8118-75,0,Rumah Teres,103,75
2026-09-10,spsetia,8118-76,0,Rumah Teres,95,67
2026-09-10,spsetia,8118-77,0,Rumah Berkembar,30,17
2026-09-10,spsetia,8118-78,0,Pangsapuri Servis,280,45
2026-09-10,spsetia,8118-78,1,Pangsapuri Servis,320,66
2026-09-10,spsetia,8118-79,0,Rumah Bandar,60,0
2026-09-10,spsetia,8118-79,1,Rumah Bandar,48,0
2026-09-10,spsetia,8118-80,0,Rumah Teres,203,102
2026-09-10,spsetia,8118-81,0,Rumah Sesebuah,27,8
2026-09-10,spsetia,8118-82,0,Rumah Kluster,72,0
2026-09-10,spsetia,8118-82,1,Rumah Berkembar,12,0
2026-09-10,spsetia,8118-82,2,Rumah Kluster,4,0
2026-09-10,spsetia,9246-123,0,Rumah Berpagar,17,2
2026-09-10,spsetia,9246-123,1,Rumah Berpagar,16,9
2026-09-10,spsetia,9246-123,2,Rumah Berpagar,2,2
2026-09-10,spsetia,9246-123,3,Rumah Berpagar,2,2
2026-09-10,spsetia,9246-123,4,Rumah Berpagar,2,1
2026-09-10,spsetia,9246-123,5,Rumah Berpagar,4,3
2026-09-10,spsetia,9246-123,6,Rumah Berpagar,2,1
2026-09-10,spsetia,9246-123,7,Rumah Berpagar,2,2
2026-09-10,spsetia,9246-123,8,Rumah Berpagar,2,2
2026-09-10,spsetia,9246-123,9,Rumah Berpagar,2,2
2026-09-10,spsetia,9246-123,10,Rumah Berpagar,17,1
2026-09-10,spsetia,9246-124,0,Rumah Teres,43,43
2026-09-10,spsetia,9246-124,1,Rumah Teres,59,52
2026-09-10,spsetia,9246-125,0,Rumah Kluster,72,45
2026-09-10,spsetia,9246-126,0,Rumah Teres,83,21
2026-09-10,spsetia,9246-126,1,Rumah Teres,17,2
2026-09-10,spsetia,9586-34,0,Rumah Sesebuah,1,1
2026-09-10,spsetia,9586-34,1,Rumah Sesebuah,8,8
2026-09-10,spsetia,9586-34,2,Rumah Sesebuah,10,10
2026-09-10,spsetia,9586-35,0,Rumah Sesebuah,11,11
2026-09-10,spsetia,9586-36,0,Rumah Sesebuah,29,29
2026-09-10,spsetia,9586-37,0,Rumah Berkembar,58,45
2026-09-10,spsetia,9586-37,1,Rumah Sesebuah,9,7
2026-09-10,spsetia,9796-21,0,Rumah Teres,62,60
2026-09-10,spsetia,9796-21,1,Rumah Teres,21,17
2026-09-10,spsetia,9796-22,0,Rumah Berkembar,42,13
2026-09-10,spsetia,9796-23,0,Rumah Teres,95,80
2026-09-10,spsetia,9796-24,0,Rumah Berkembar,38,13
2026-09-10,spsetia,9796-25,0,Rumah Pangsa/Kondo,274,144
2026-09-10,spsetia,9796-25,1,Rumah Pangsa/Kondo,287,88
2026-09-10,spsetia,9796-26,0,Rumah Teres,82,27
2026-09-10,spsetia,9796-27,0,Rumah Teres,69,1
2026-09-10,spsetia,9829-28,0,Rumah Teres,116,115
2026-09-10,spsetia,9829-29,0,Rumah Kluster,60,33
2026-09-10,spsetia,9829-30,0,Rumah Teres,101,84
2026-09-10,spsetia,9829-31,0,Rumah Kluster,60,32
2026-09-10,spsetia,9829-31,1,Rumah Berkembar,10,8
2026-09-10,spsetia,9829-33,0,Rumah Berkembar,28,1
2026-09-10,spsetia,9829-33,1,Rumah Berkembar,12,5
2026-09-10,spsetia,9829-34,0,Rumah Teres,146,32
2026-09-10,spsetia,9851-25,0,Rumah Sesebuah,18,3
2026-09-10,spsetia,9851-25,1,Rumah Berkembar,22,3
2026-09-10,spsetia,9796-19,0,Rumah Teres,44,44
2026-09-10,spsetia,9796-19,1,Rumah Teres,54,45
2026-09-10,spsetia,14331-1,0,Rumah Berkembar,51,51
2026-09-10,spsetia,14331-1,1,Rumah Sesebuah,5,5
2026-09-10,spsetia,14331-1,2,Rumah Teres,34,34
2026-09-10,spsetia,14331-1,3,Rumah Teres,65,65
2026-09-10,spsetia,14331-1,4,Rumah Teres,72,72
2026-09-10,spsetia,14331-3,0,Rumah Teres,54,54
2026-09-10,spsetia,14331-3,1,Rumah Teres,38,38
2026-09-10,spsetia,14331-3,2,Rumah Berkembar,64,64
2026-09-10,spsetia,14331-4,0,Rumah Berkembar,68,67
2026-09-10,spsetia,14331-4,1,Rumah Sesebuah,12,5
2026-09-10,spsetia,14331-4,2,Rumah Teres,75,75
2026-09-10,spsetia,14331-5,0,Rumah Berkembar,28,28
2026-09-10,spsetia,14331-5,1,Rumah Teres,36,36
2026-09-10,spsetia,14331-5,2,Rumah Teres,4,4
2026-09-10,spsetia,14331-5,3,Rumah Teres,6,5
2026-09-10,spsetia,30101-1,0,Rumah Kluster,88,88
2026-09-10,spsetia,30101-2,0,Rumah Kluster,44,44
2026-09-10,spsetia,30101-3,0,Rumah Kluster,44,44
2026-09-10,spsetia,30101-4,0,Rumah Teres,114,111
2026-09-10,spsetia,30101-5,0,Rumah Kluster,88,88
2026-09-10,spsetia,30101-6,0,Rumah Kluster,44,43
2026-09-10,spsetia,30101-7,0,Rumah Teres,60,46
2026-09-10,spsetia,9796-20,0,Rumah Teres,48,48
2026-09-10,spsetia,9796-20,1,Rumah Teres,49,41
2026-09-10,spsetia,37-5,0,Rumah Pangsa/Kondo,272,272
2026-09-10,spsetia,37-6,0,Rumah Teres,187,186
2026-09-10,spsetia,37-7,0,Rumah Teres,135,122
2026-09-10,spsetia,37-8,0,Rumah Teres,49,0
2026-09-10,spsetia,37-8,1,Rumah Teres,3,0
2026-09-10,spsetia,37-8,2,Rumah Teres,5,0
2026-09-10,spsetia,37-8,3,Rumah Teres,51,0
2026-09-10,spsetia,37-8,4,Rumah Teres,2,0
2026-09-10,spsetia,37-8,5,Rumah Teres,5,0
2026-09-10,spsetia,37-8,6,Rumah Teres,1,0
2026-09-10,spsetia,37-8,7,Rumah Teres,1,0
2026-09-10,spsetia,12215-6,0,Rumah Sesebuah,13,13
2026-09-10,spsetia,12215-6,1,Rumah Berkembar,41,41
2026-09-10,spsetia,12215-6,2,Rumah Teres,84,84
2026-09-10,spsetia,12215-7,0,Rumah Teres,152,152
2026-09-10,spsetia,12215-8,0,Rumah Berkembar,42,41
2026-09-10,spsetia,12215-8,1,Rumah Sesebuah,18,14
2026-09-10,spsetia,12215-9,0,Rumah Teres,48,48
2026-09-10,spsetia,12215-9,1,Rumah Sesebuah,6,6
2026-09-10,spsetia,12215-9,2,Rumah Berkembar,46,43
2026-09-10,spsetia,14421-6,0,Rumah Kluster,92,92
2026-09-10,spsetia,14421-7,0,Rumah Teres,114,114
2026-09-10,spsetia,14421-8,0,Rumah Teres,80,80
2026-09-10,spsetia,14421-9,0,Rumah Teres,67,67
2026-09-10,spsetia,14421-10,0,Rumah Kluster,48,48
2026-09-10,spsetia,14421-11,0,Rumah Teres,45,45
2026-09-10,spsetia,14421-12,0,Rumah Teres,21,21
2026-09-10,spsetia,14421-12,1,Rumah Teres,44,44
2026-09-10,spsetia,14421-13,0,Rumah Teres,105,105
2026-09-10,spsetia,14421-14,0,Rumah Teres,69,69
2026-09-10,spsetia,14421-15,0,Rumah Teres,62,62
2026-09-10,spsetia,14421-16,0,Rumah Kluster,76,76
2026-09-10,spsetia,14421-17,0,Rumah Teres,76,25
2026-09-10,spsetia,14421-18,0,Rumah Teres,66,66
2026-09-10,spsetia,14421-19,0,Rumah Teres,77,2
2026-09-10,spsetia,14421-20,0,Rumah Kluster,84,78
2026-09-10,spsetia,14421-21,0,Rumah Teres,99,77
2026-09-10,spsetia,19740-1,0,Rumah Berkembar,34,34
2026-09-10,spsetia,19740-2,0,Rumah Berkembar,10,10
2026-09-10,spsetia,19740-2,1,Rumah Sesebuah,8,8
2026-09-10,spsetia,19740-3,0,Rumah Berkembar,9,9
2026-09-10,spsetia,19740-4,0,Rumah Sesebuah,5,5
2026-09-10,spsetia,19740-4,1,Rumah Berkembar,24,24
2026-09-10,spsetia,19740-5,0,Rumah Berkembar,8,8
2026-09-10,spsetia,19740-6,0,Rumah Berkembar,26,20
2026-09-10,spsetia,19732-4,0,Rumah Teres,32,32
2026-09-10,spsetia,19732-4,1,Rumah Teres,29,29
2026-09-10,spsetia,19732-4,2,Rumah Teres,50,40
2026-09-10,spsetia,19732-4,3,Rumah Teres,51,45
2026-09-10,spsetia,19732-4,4,Rumah Teres,30,30
2026-09-10,spsetia,19732-5,0,Rumah Teres,76,61
2026-09-10,spsetia,19732-5,1,Rumah Teres,74,59
2026-09-10,spsetia,19732-5,2,Rumah Teres,15,9
2026-09-10,spsetia,19732-5,3,Rumah Teres,15,5
2026-09-10,ksl,13457-2,0,Pangsapuri Servis,480,18
2026-09-10,ksl,13457-2,1,Pangsapuri Servis,800,18
2026-09-10,ksl,14641-2,0,Pangsapuri Servis,697,51
2026-09-10,ksl,14641-2,1,Pangsapuri Servis,503,97
2026-09-10,ksl,30622-1,0,Rumah Teres,146,135
2026-09-10,ksl,30622-1,1,Rumah Teres,14,13
2026-09-10,ksl,30622-2,0,Rumah Teres,175,167
2026-09-10,ksl,30622-3,0,Rumah Teres,124,113
2026-09-10,ksl,30622-3,1,Rumah Teres,8,6
2026-09-10,ksl,30622-4,0,Rumah Teres,5,5
2026-09-10,ksl,30622-4,1,Rumah Teres,124,95
2026-09-10,ksl,31041-1,0,Pangsapuri Servis,552,31
2026-09-10,ksl,31041-1,1,Pangsapuri Servis,181,18
2026-09-10,ksl,31063-1,0,Rumah Kluster,228,61
2026-09-10,ksl,31063-1,1,Rumah Berkembar,2,1
2026-09-10,ksl,31063-2,0,Rumah Teres,265,265
2026-09-10,ksl,31063-3,0,Rumah Teres,265,265
2026-09-10,ksl,31063-4,0,Pangsapuri Servis,511,76
2026-09-10,ksl,31063-4,1,Pangsapuri Servis,511,129
2026-09-10,ksl,31063-5,0,Pangsapuri Servis,1138,30
2026-09-10,ksl,3390-38,0,Rumah Teres,56,0
2026-09-10,ksl,3390-38,1,Rumah Teres,8,0
2026-09-10,ksl,3390-38,2,Rumah Teres,7,0
2026-09-10,ksl,3390-71,0,Pangsapuri Servis,1170,668
2026-09-10,ksl,3390-71,1,Pangsapuri Servis,518,341
2026-09-10,ksl,3390-77,0,Pangsapuri Servis,204,33
2026-09-10,ksl,3390-77,1,Pangsapuri Servis,204,9
2026-09-10,ksl,3390-77,2,Pangsapuri Servis,204,2
2026-09-10,ksl,3390-78,0,Rumah Teres,181,112
2026-09-10,ksl,3390-79,0,Rumah Teres,217,85
2026-09-10,ksl,3390-80,0,Pangsapuri Servis,430,182
2026-09-10,ksl,3390-80,1,Pangsapuri Servis,271,56
2026-09-10,ksl,3390-80,2,Pangsapuri Servis,963,263
2026-09-10,ksl,3390-81,0,Rumah Teres,19,12
2026-09-10,ksl,3390-82,0,Rumah Teres,181,49
2026-09-10,ksl,3390-82,1,Rumah Sesebuah,1,0
2026-09-10,ksl,3390-83,0,Pangsapuri Servis,432,74
2026-09-10,ksl,3390-83,1,Pangsapuri Servis,432,66
2026-09-10,ksl,3390-84,0,Rumah Teres,33,14
2026-09-10,ksl,3390-84,1,Rumah Teres,2,1
2026-09-10,ksl,3390-84,2,Rumah Teres,1,0
2026-09-10,ksl,3390-84,3,Rumah Teres,2,1
2026-09-10,ksl,3390-84,4,Rumah Teres,3,2
2026-09-10,ksl,3390-84,5,Rumah Teres,3,0
2026-09-10,ksl,3390-85,0,Rumah Teres,223,0
2026-09-10,ksl,3390-86,0,Rumah Kluster,24,0
2026-09-10,ksl,3390-86,1,Rumah Kluster,120,0
2026-09-10,ksl,3390-86,2,Rumah Berkembar,8,0
2026-09-10,ksl,3390-86,3,Rumah Berkembar,20,0
2026-09-10,ksl,3390-86,4,Rumah Berkembar,2,0
2026-09-10,ksl,3390-86,5,Rumah Berkembar,2,0
2026-09-10,ksl,4204-16,0,Rumah Teres,240,123
2026-09-10,ksl,4204-17,0,Rumah Teres,196,6
2026-09-10,ksl,4706-6,0,Rumah Teres,23,0
2026-09-10,ksl,4706-6,1,Rumah Teres,4,0
2026-09-10,ksl,4706-6,2,Rumah Teres,5,0
2026-09-10,ksl,5192-10,0,Rumah Berkembar,6,5
2026-09-10,ksl,5192-10,1,Rumah Teres,18,7
2026-09-10,ksl,5192-10,2,Rumah Teres,13,8
2026-09-10,ksl,5192-10,3,Rumah Teres,1,0
2026-09-10,ksl,5192-10,4,Rumah Teres,2,0
2026-09-10,ksl,5192-10,5,Rumah Teres,2,0
2026-09-10,ksl,5192-10,6,Rumah Teres,3,0
2026-09-10,ksl,5192-9,0,Rumah Berkembar,4,2
2026-09-10,ksl,5192-9,1,Rumah Teres,46,5
2026-09-10,ksl,5192-9,2,Rumah Teres,2,0
2026-09-10,ksl,5192-9,3,Rumah Teres,3,0
2026-09-10,ksl,5192-9,4,Rumah Teres,3,0
2026-09-10,ksl,5192-9,5,Rumah Teres,3,0
2026-09-10,ksl,7777-13,0,Rumah Teres,44,37
2026-09-10,ksl,7777-13,1,Rumah Teres,21,15
2026-09-10,ksl,7777-13,2,Rumah Teres,12,10
2026-09-10,ksl,7777-13,3,Rumah Teres,14,13
2026-09-10,ksl,7777-14,0,Rumah Teres,92,73
2026-09-10,ksl,7777-14,1,Rumah Teres,9,4
2026-09-10,ksl,7777-15,0,Rumah Teres,19,10
2026-09-10,ksl,7777-15,1,Rumah Teres,202,114
2026-09-10,ksl,7777-16,0,Rumah Teres,237,58
2026-09-10,ksl,7777-17,0,Rumah Teres,72,44
2026-09-10,ksl,7777-17,1,Rumah Teres,104,63
2026-09-10,ksl,7777-18,0,Pangsapuri Servis,482,331
2026-09-10,ksl,7777-18,1,Pangsapuri Servis,666,490
2026-09-10,ksl,3390-73,0,Rumah Pangsa/Kondo,238,199
2026-09-10,ksl,3390-73,1,Rumah Pangsa/Kondo,238,195
2026-09-10,ksl,3390-64,0,Pangsapuri Servis,440,271
2026-09-10,ksl,3390-64,1,Pangsapuri Servis,440,248
2026-09-10,ksl,3390-64,2,Pangsapuri Servis,396,235
2026-09-10,johor,31366-1,0,Pangsapuri Servis,253,0
2026-09-10,johor,31366-1,1,Pangsapuri Servis,368,0
2026-09-10,lagenda,20128-2,0,Rumah Teres,18,0
2026-09-10,scientex,30714-3,0,Rumah Teres,303,301
2026-09-10,scientex,30714-4,0,Rumah Teres,263,258
2026-09-10,scientex,6575-48,0,Rumah Teres,234,204
2026-09-10,scientex,6575-49,0,Rumah Teres,333,259
2026-09-10,scientex,6575-52,0,Rumah Teres,343,245
2026-09-10,scientex,9294-87,0,Rumah Teres,283,117
2026-09-10,scientex,6331-8,0,Rumah Teres,139,139
2026-09-10,scientex,6331-8,1,Rumah Berkembar,70,70
2026-09-10,scientex,6331-30,0,Rumah Teres,220,0
2026-09-10,simedarby,597-14,0,Rumah Pangsa/Kondo,480,333
2026-09-10,simedarby,597-15,0,Rumah Teres,61,6
2026-09-10,ksl,4205-10,0,Rumah Teres,60,7
2026-09-10,ksl,4205-11,0,Rumah Teres,52,0
2026-09-10,ksl,4205-12,0,Rumah Teres,60,5
2026-09-11,seputeh,32-16,0,Rumah Pangsa/Kondo,13,2
2026-09-11,seputeh,32-16,1,Rumah Pangsa/Kondo,13,6
2026-09-11,seputeh,32-16,2,Rumah Pangsa/Kondo,21,4
2026-09-11,seputeh,32-16,3,Rumah Pangsa/Kondo,27,10
2026-09-11,seputeh,32-16,4,Rumah Pangsa/Kondo,13,2
2026-09-11,seputeh,32-16,5,Rumah Pangsa/Kondo,12,2
2026-09-11,seputeh,32-16,6,Rumah Pangsa/Kondo,27,10
2026-09-11,seputeh,32-16,7,Rumah Pangsa/Kondo,20,7
2026-09-11,seputeh,30216-1,0,Pangsapuri Servis,154,36
2026-09-11,seputeh,30216-2,0,Pangsapuri Servis,490,55
2026-09-11,seputeh,31078-1,0,Rumah Berpagar & Berpengawal,48,45
2026-09-11,seputeh,31274-1,0,Rumah Pangsa/Kondo,244,1
2026-09-11,seputeh,2463-23,0,Rumah Pangsa/Kondo,293,267
2026-09-11,seputeh,2463-23,1,Rumah Pangsa/Kondo,140,90
2026-09-11,status13,31202-1,0,Pangsapuri Suite,680,112
2026-09-11,status13,31202-1,1,Pangsapuri Suite,630,96
2026-09-11,status13,13262-2,0,Pangsapuri Suite,747,65
2026-09-11,status13,13262-2,1,Pangsapuri Suite,797,320
2026-09-11,status13,30590-2,0,Soho,996,136
2026-09-11,status13,5911-33,0,Pangsapuri Servis,686,462
2026-09-11,status13,5911-33,1,Pangsapuri Servis,932,557
2026-09-11,status13,30363-2,0,Pangsapuri Suite,1218,1130
2026-09-11,status13,30821-1,0,Pangsapuri Suite,494,261
2026-09-11,status13,30821-1,1,Pangsapuri Suite,494,264
2026-09-11,status13,30366-1,0,Pangsapuri Servis,482,470
2026-09-11,status13,13074-4,0,Pangsapuri Servis,299,238
2026-09-11,status13,8824-5,0,Pangsapuri Servis,641,204
2026-09-11,status13,8824-5,1,Pangsapuri Servis,655,467
2026-09-11,status13,20253-3,0,Rumah Pangsa/Kondo,757,604
2026-09-11,status13,20253-3,1,Rumah Pangsa/Kondo,743,565
2026-09-11,status13,30876-1,0,Rumah Pangsa/Kondo,551,141
2026-09-11,status13,30250-2,0,Rumah Pangsa/Kondo,333,333
2026-09-11,status13,30250-2,1,Rumah Pangsa/Kondo,328,326
2026-09-11,status13,31332-1,0,Pangsapuri Servis,415,212
2026-09-11,status13,31332-1,1,Pangsapuri Servis,415,146
2026-09-11,johor,835-14,0,Pangsapuri Servis,715,314
2026-09-11,johor,30946-1,0,Pangsapuri Servis,1950,982
2026-09-11,johor,14523-4,0,Pangsapuri Servis,416,53
2026-09-11,johor,30635-1,0,Pangsapuri Servis,539,330
2026-09-11,johor,30635-1,1,Pangsapuri Servis,539,340
2026-09-11,johor,30635-1,2,Pangsapuri Servis,539,222
2026-09-11,johor,30635-1,3,Pangsapuri Servis,539,180
2026-09-11,johor,31007-1,0,Pangsapuri Servis,848,844
2026-09-11,johor,31100-1,0,Pangsapuri Servis,1527,483
2026-09-11,johor,31100-1,1,Pangsapuri Servis,1257,534
2026-09-11,johor,31100-1,2,Pangsapuri Servis,908,503
2026-09-11,johor,31100-1,3,Pangsapuri Servis,833,0
2026-09-11,johor,31074-1,0,Pangsapuri Servis,858,406
2026-09-11,johor,31074-1,1,Pangsapuri Servis,858,373
2026-09-11,johor,31074-1,2,Pangsapuri Servis,1027,243
2026-09-11,johor,9600-6,0,Pangsapuri Servis,843,505
2026-09-11,johor,9600-6,1,Pangsapuri Servis,890,268
2026-09-11,johor,31031-1,0,Pangsapuri Servis,815,728
2026-09-11,johor,31031-1,1,Pangsapuri Servis,808,673
2026-09-11,johor,30828-3,0,Pangsapuri Servis,996,915
2026-09-11,johor,13531-2,0,Pangsapuri Servis,824,733
2026-09-11,johor,31034-1,0,Soho,540,298
2026-09-11,johor,31034-1,1,Soho,472,97
2026-09-11,johor,31149-1,0,Pangsapuri Servis,637,222
2026-09-11,johor,31149-1,1,Pangsapuri Servis,637,98
2026-09-11,ukay,9500-8,0,Rumah Pangsa/Kondo,306,94
2026-09-11,ukay,20140-2,0,Rumah Pangsa/Kondo,230,45
2026-09-11,ukay,20140-2,1,Rumah Pangsa/Kondo,216,203
2026-09-11,ukay,20140-2,2,Rumah Pangsa/Kondo,291,100
2026-09-11,ukay,11519-3,0,Rumah Pangsa/Kondo,344,343
2026-09-11,ukay,597-13,0,Pangsapuri Servis,234,228
2026-09-11,ukay,10296-3,0,Rumah Sesebuah,1,1
2026-09-11,ukay,10296-3,1,Rumah Berkembar,2,2
2026-09-11,ukay,10296-3,2,Rumah Teres,45,45
2026-09-11,ukay,10296-3,3,Rumah Berkembar,4,4
2026-09-11,ukay,10296-3,4,Rumah Sesebuah,1,1
2026-09-11,ukay,10296-3,5,Rumah Teres,80,80
2026-09-11,ukay,10296-3,6,Rumah Berkembar,24,24
2026-09-11,ukay,10296-3,7,Rumah Sesebuah,1,1
2026-09-11,ukay,10296-3,8,Rumah Teres,12,12
2026-09-11,ukay,10296-3,9,Rumah Teres,54,54
2026-09-11,ukay,10296-3,10,Rumah Teres,12,12
2026-09-11,ukay,10296-3,11,Rumah Berkembar,18,18
2026-09-11,ukay,10296-3,12,Rumah Sesebuah,1,1
2026-09-11,ukay,10296-3,13,Rumah Sesebuah,1,1
2026-09-11,ukay,10296-3,14,Rumah Berkembar,12,12
2026-09-11,ukay,10296-3,15,Rumah Berkembar,2,2
2026-09-11,ukay,10296-3,16,Rumah Berkembar,2,2
2026-09-11,ukay,10296-3,17,Rumah Sesebuah,1,1
2026-09-11,ukay,12369-1,0,Rumah Teres,32,32
2026-09-11,ukay,12369-2,0,Rumah Berkembar,7,7
2026-09-11,ukay,12166-1,0,Rumah Sesebuah,3,3
2026-09-11,ukay,12166-1,1,Rumah Sesebuah,10,10
2026-09-11,ukay,12166-1,2,Rumah Sesebuah,61,61
2026-09-11,ukay,9500-7,0,Rumah Teres,7,7
2026-09-11,ukay,9500-7,1,Rumah Teres,7,7
2026-09-11,ukay,9500-7,2,Rumah Teres,12,12
2026-09-11,ukay,9500-7,3,Rumah Pangsa/Kondo,30,30
2026-09-11,ukay,9500-7,4,Rumah Pangsa/Kondo,38,38
2026-09-11,ukay,9500-7,5,Rumah Pangsa/Kondo,36,36
2026-09-11,ukay,9500-7,6,Rumah Pangsa/Kondo,38,38
2026-09-11,ukay,9500-7,7,Rumah Pangsa/Kondo,26,26
2026-09-11,ukay,9500-7,8,Rumah Pangsa/Kondo,28,28
2026-09-11,ukay,11078-3,0,Pangsapuri Servis,2,1
2026-09-11,ukay,11078-3,1,Pangsapuri Servis,8,3
2026-09-11,ukay,11078-3,2,Pangsapuri Servis,2,2
2026-09-11,ukay,11078-3,3,Pangsapuri Servis,8,3
2026-09-11,ukay,11078-3,4,Pangsapuri Servis,48,19
2026-09-11,ukay,11078-3,5,Pangsapuri Servis,48,18
2026-09-11,ukay,11078-3,6,Pangsapuri Servis,128,119
2026-09-11,ukay,11078-3,7,Pangsapuri Servis,20,20
2026-09-11,ukay,11078-3,8,Pangsapuri Servis,32,12
2026-09-11,ukay,12123-1,0,Rumah Teres,50,50
2026-09-11,ukay,12123-1,1,Rumah Pangsa/Kondo,13,13
2026-09-11,ukay,12123-1,2,Rumah Sesebuah,18,18
2026-09-11,ukay,20140-1,0,Rumah Pangsa/Kondo,237,233
2026-09-11,ukay,20140-1,1,Rumah Pangsa/Kondo,226,223
2026-09-11,ukay,12437-2,0,Rumah Teres,41,41
2026-09-11,ukay,12437-2,1,Rumah Teres,40,39
2026-09-11,ukay,12437-2,2,Rumah Teres,25,24
2026-09-11,ukay,11602-1,0,Rumah Teres,11,11
2026-09-11,seputeh,30141-2,0,Rumah Pangsa/Kondo,247,23
2026-09-11,seputeh,30141-2,1,Rumah Pangsa/Kondo,248,16
2026-09-11,armani,31112-1,0,Pangsapuri Servis,119,17
2026-09-11,armani,31112-1,1,Suite Homes,67,40
2026-09-11,armani,30135-3,0,Rumah Pangsa/Kondo,328,76
2026-09-11,armani,30705-2,0,Rumah Teres,16,0
2026-09-11,armani,30705-2,1,Rumah Teres,28,2
2026-09-11,armani,30273-1,0,Rumah Bandar,128,90
2026-09-11,armani,30273-1,1,Rumah Bandar,104,22
2026-09-11,armani,30256-2,0,Suite Homes,1440,767
2026-09-11,armani,30256-2,1,Soho,775,249
2026-09-11,armani,6820-8,0,Pangsapuri Servis,306,277
2026-09-11,armani,30727-1,0,Pangsapuri Servis,500,481
2026-09-11,armani,30727-1,1,Soho,148,93
2026-09-11,armani,30727-2,0,Pangsapuri Servis,498,66
2026-09-11,armani,30727-2,1,Soho,500,223
2026-09-11,armani,30339-1,0,Pangsapuri Servis,338,331
2026-09-11,armani,13975-5,0,Rumah Pangsa/Kondo,105,86
2026-09-11,armani,13975-5,1,Rumah Pangsa/Kondo,105,82
2026-09-11,armani,13975-5,2,Rumah Pangsa/Kondo,105,100
2026-09-11,armani,30641-1,0,Pangsapuri Servis,653,647
2026-09-11,armani,13975-6,0,Pangsapuri Servis,387,384
2026-09-11,armani,30799-1,0,Soho,488,13
2026-09-11,armani,30799-1,1,Pangsapuri Servis,496,21
2026-09-11,armani,30393-1,0,Rumah Berkembar,6,0
2026-09-11,armani,30393-1,1,Rumah Teres,2,0
2026-09-11,armani,30393-1,2,Rumah Teres,20,0
2026-09-11,armani,30393-1,3,Rumah Teres,2,0
2026-09-11,armani,30135-2,0,Suite Homes,280,97
2026-09-11,armani,13970-3,0,Rumah Berkembar,116,82
2026-09-11,avaland,30624-1,0,Rumah Pangsa/Kondo,70,70
2026-09-11,avaland,30624-1,1,Rumah Pangsa/Kondo,56,55
2026-09-11,avaland,30162-1,0,Pangsapuri Servis,492,317
2026-09-11,avaland,30162-1,1,Pangsapuri Servis,278,110
2026-09-11,avaland,20185-3,0,Pangsapuri Servis,216,216
2026-09-11,avaland,20185-3,1,Pangsapuri Servis,252,243
2026-09-11,avaland,9490-3,0,Pangsapuri Servis,504,277
2026-09-11,avaland,9490-3,1,Pangsapuri Servis,396,0
2026-09-11,avaland,30240-3,0,Rumah Teres,113,101
2026-09-11,avaland,30240-3,1,Rumah Teres,17,6
2026-09-11,avaland,30240-3,2,Rumah Teres,36,35
2026-09-11,avaland,30240-3,3,Rumah Teres,125,14
2026-09-11,avaland,30240-3,4,Rumah Teres,16,3
2026-09-11,avaland,30240-3,5,Rumah Teres,36,22
2026-09-11,avaland,12047-4,0,Rumah Pangsa/Kondo,303,100
2026-09-11,avaland,12047-4,1,Rumah Pangsa/Kondo,303,134
2026-09-11,avaland,20017-1,0,Rumah Pangsa/Kondo,149,144
2026-09-11,avaland,20017-1,1,Rumah Pangsa/Kondo,77,77
2026-09-11,binastra,31332-1,0,Pangsapuri Servis,415,212
2026-09-11,binastra,31332-1,1,Pangsapuri Servis,415,146
2026-09-11,chinhin,13531-2,0,Pangsapuri Servis,824,733
2026-09-11,chinhin,30632-1,0,Pangsapuri Servis,438,300
2026-09-11,chinhin,30632-1,1,Pangsapuri Servis,349,304
2026-09-11,chinhin,30190-1,0,Pangsapuri Servis,339,335
2026-09-11,chinhin,30190-1,1,Pangsapuri Servis,503,474
2026-09-11,chinhin,30382-1,0,Rumah Pangsa/Kondo,333,322
2026-09-11,chinhin,30382-1,1,Rumah Pangsa/Kondo,491,440
2026-09-11,chinhin,30744-1,0,Pangsapuri Servis,588,484
2026-09-11,chinhin,31096-1,0,Pangsapuri Servis,561,132
2026-09-11,chinhin,31096-1,1,Pangsapuri Servis,472,151
2026-09-11,chinhin,30064-1,0,Pangsapuri Servis,314,313
2026-09-11,chinhin,30064-1,1,Pangsapuri Servis,370,365
2026-09-11,chinhin,30382-3,0,Rumah Pangsa/Kondo,823,822
2026-09-11,chinhin,30907-1,0,Rumah Teres,140,135
2026-09-11,chinhin,30907-1,1,Rumah Teres,12,10
2026-09-11,chinhin,30907-1,2,Rumah Teres,79,76
2026-09-11,chinhin,30629-2,0,Pangsapuri Servis,492,477
2026-09-11,exsim,30784-1,0,Pangsapuri Servis,269,268
2026-09-11,exsim,20011-3,0,Pangsapuri Servis,593,593
2026-09-11,exsim,31064-1,0,Pangsapuri Servis,440,100
2026-09-11,exsim,31064-2,0,Pangsapuri Servis,492,1
2026-09-11,exsim,20011-2,0,Pangsapuri Servis,767,767
2026-09-11,exsim,20011-4,0,Pangsapuri Servis,671,664
2026-09-11,exsim,13666-2,0,Pangsapuri Servis,98,98
2026-09-11,exsim,30370-1,0,Pangsapuri Servis,320,319
2026-09-11,exsim,30789-1,0,Pangsapuri Servis,126,126
2026-09-11,exsim,30571-1,0,Pangsapuri Servis,603,602
2026-09-11,exsim,30914-1,0,Pangsapuri Servis,759,634
2026-09-11,exsim,30830-1,0,Pangsapuri Servis,456,319
2026-09-11,exsim,20011-5,0,Pangsapuri Servis,662,203
2026-09-11,exsim,31007-1,0,Pangsapuri Servis,848,844
2026-09-11,exsim,20084-1,0,Pangsapuri Servis,386,312
2026-09-11,exsim,20084-1,1,Pangsapuri Servis,293,27
2026-09-11,exsim,30741-1,0,Pangsapuri Suite,460,457
2026-09-11,exsim,30741-1,1,Pangsapuri Suite,506,505
2026-09-11,exsim,30741-1,2,Pangsapuri Suite,592,590
2026-09-11,exsim,31088-1,0,Pangsapuri Servis,671,557
2026-09-11,exsim,30741-2,0,Pangsapuri Suite,494,195
2026-09-11,exsim,30741-2,1,Pangsapuri Suite,510,246
2026-09-11,exsim,30357-2,0,Pangsapuri Servis,569,358
2026-09-11,exsim,30357-2,1,Pangsapuri Servis,569,300
2026-09-11,exsim,30357-1,0,Pangsapuri Servis,508,507
2026-09-11,exsim,31100-1,0,Pangsapuri Servis,1527,483
2026-09-11,exsim,31100-1,1,Pangsapuri Servis,1257,534
2026-09-11,exsim,31100-1,2,Pangsapuri Servis,908,503
2026-09-11,exsim,31100-1,3,Pangsapuri Servis,833,0
2026-09-11,exsim,30131-1,0,Soho,424,424
2026-09-11,mahsing,14297-25,0,Rumah Teres,111,109
2026-09-11,mahsing,14297-25,1,Rumah Teres,124,49
2026-09-11,mahsing,12324-1,0,Rumah Pangsa/Kondo,172,172
2026-09-11,mahsing,12324-1,1,Rumah Pangsa/Kondo,205,205
2026-09-11,mahsing,14297-24,0,Rumah Teres,168,144
2026-09-11,mahsing,12029-4,0,Pangsapuri Servis,833,79
2026-09-11,mahsing,31251-1,0,Rumah Pangsa/Kondo,606,53
2026-09-11,mahsing,5911-33,0,Pangsapuri Servis,686,462
2026-09-11,mahsing,5911-33,1,Pangsapuri Servis,932,557
2026-09-11,mahsing,13262-2,0,Pangsapuri Suite,747,65
2026-09-11,mahsing,13262-2,1,Pangsapuri Suite,797,320
2026-09-11,mahsing,30834-1,0,Pangsapuri Servis,570,426
2026-09-11,mahsing,30834-1,1,Pangsapuri Servis,570,374
2026-09-11,mahsing,30897-1,0,Rumah Teres,249,244
2026-09-11,mahsing,30897-1,1,Rumah Teres,81,79
2026-09-11,mahsing,30897-1,2,Rumah Teres,26,21
2026-09-11,mahsing,30897-1,3,Rumah Teres,126,121
2026-09-11,mahsing,30897-1,4,Rumah Teres,104,96
2026-09-11,mahsing,30897-1,5,Rumah Teres,44,24
2026-09-11,mahsing,30897-1,6,Rumah Teres,85,54
2026-09-11,mahsing,30897-1,7,Rumah Teres,102,17
2026-09-11,mahsing,11202-4,0,Pangsapuri Suite,624,615
2026-09-11,mahsing,11202-4,1,Pangsapuri Suite,624,611
2026-09-11,mahsing,11202-4,2,Pangsapuri Suite,832,651
2026-09-11,mahsing,11998-4,0,Rumah Teres,247,247
2026-09-11,mahsing,11998-4,1,Rumah Teres,149,149
2026-09-11,mahsing,13425-8,0,Pangsapuri Servis,422,333
2026-09-11,mahsing,13425-8,1,Pangsapuri Servis,78,62
2026-09-11,mahsing,13425-8,2,Pangsapuri Servis,499,0
2026-09-11,mahsing,30805-1,0,Pangsapuri Servis,748,465
2026-09-11,mahsing,30805-1,1,Pangsapuri Servis,251,122
2026-09-11,mahsing,10279-5,0,Rumah Teres,123,123
2026-09-11,mahsing,10279-5,1,Rumah Teres,100,100
2026-09-11,mahsing,10279-5,2,Rumah Teres,252,209
2026-09-11,mahsing,10279-5,3,Rumah Teres,116,98
2026-09-11,mahsing,10279-5,4,Rumah Teres,55,39
2026-09-11,mahsing,10279-5,5,Rumah Kluster,108,83
2026-09-11,mahsing,12029-3,0,Pangsapuri Servis,494,233
2026-09-11,mahsing,11430-2,0,Pangsapuri Suite,619,618
2026-09-11,mahsing,9600-6,0,Pangsapuri Servis,843,505
2026-09-11,mahsing,9600-6,1,Pangsapuri Servis,890,268
2026-09-11,mahsing,30440-1,0,Pangsapuri Servis,421,416
2026-09-11,mahsing,30440-1,1,Pangsapuri Servis,619,580
2026-09-11,mahsing,30440-1,2,Pangsapuri Servis,486,481
2026-09-11,majesticgen,30828-2,0,Pangsapuri Servis,732,731
2026-09-11,majesticgen,30828-3,0,Pangsapuri Servis,996,915
2026-09-11,majesticgen,30828-1,0,Pangsapuri Servis,360,355
2026-09-11,majesticgen,30244-1,0,Pangsapuri Servis,478,478
2026-09-11,majesticgen,30990-1,0,Rumah Teres,32,32
2026-09-11,majesticgen,30990-1,1,Rumah Berkembar,2,2
2026-09-11,majesticgen,30990-1,2,Rumah Teres,72,65
2026-09-11,majesticgen,31034-1,0,Soho,540,298
2026-09-11,majesticgen,31034-1,1,Soho,472,97
2026-09-11,majesticgen,30989-1,0,Rumah Teres,73,73
2026-09-11,majesticgen,12069-7,0,Rumah Berpagar & Berpengawal,128,0
2026-09-11,majesticgen,12069-7,1,Rumah Berpagar & Berpengawal,12,0
2026-09-11,malton,31139-1,0,Pangsapuri Servis,562,361
2026-09-11,malton,8950-4,0,Rumah Pangsa/Kondo,526,15
2026-09-11,malton,30667-1,0,Pangsapuri Servis,210,170
2026-09-11,malton,30667-1,1,Pangsapuri Servis,243,225
2026-09-11,malton,14035-6,0,Rumah Pangsa/Kondo,336,329
2026-09-11,malton,14035-4,0,Rumah Pangsa/Kondo,440,293
2026-09-11,malton,14035-4,1,Rumah Pangsa/Kondo,440,357
2026-09-11,malton,14035-4,2,Rumah Pangsa/Kondo,452,334
2026-09-11,maxim,30267-1,0,Rumah Pangsa/Kondo,302,302
2026-09-11,maxim,30267-1,1,Rumah Pangsa/Kondo,302,302
2026-09-11,maxim,31046-1,0,Pangsapuri Suite,558,112
2026-09-11,maxim,31046-1,1,Pangsapuri Suite,558,215
2026-09-11,maxim,31074-1,0,Pangsapuri Servis,858,406
2026-09-11,maxim,31074-1,1,Pangsapuri Servis,858,373
2026-09-11,maxim,31074-1,2,Pangsapuri Servis,1027,243
2026-09-11,maxim,30037-1,0,Pangsapuri Suite,629,629
2026-09-11,maxim,30037-1,1,Pangsapuri Suite,607,607
2026-09-11,maxim,19088-3,0,Rumah Pangsa/Kondo,208,179
2026-09-11,maxim,19088-3,1,Rumah Pangsa/Kondo,208,165
2026-09-11,maxim,19088-3,2,Rumah Pangsa/Kondo,208,183
2026-09-11,platinumvictory,30581-1,0,Pangsapuri Suite,877,863
2026-09-11,platinumvictory,30581-1,1,Pangsapuri Suite,811,811
2026-09-11,platinumvictory,9832-11,0,Pangsapuri Suite,946,476
2026-09-11,platinumvictory,9832-11,1,Pangsapuri Suite,1136,742
2026-09-11,platinumvictory,31008-1,0,Rumah Pangsa/Kondo,198,130
2026-09-11,platinumvictory,31008-1,1,Rumah Pangsa/Kondo,358,165
2026-09-11,platinumvictory,31008-1,2,Rumah Pangsa/Kondo,238,232
2026-09-11,platinumvictory,20253-2,0,Rumah Pangsa/Kondo,500,467
2026-09-11,platinumvictory,20253-3,0,Rumah Pangsa/Kondo,757,604
2026-09-11,platinumvictory,20253-3,1,Rumah Pangsa/Kondo,743,565
2026-09-11,platinumvictory,30937-1,0,Rumah Teres,23,18
2026-09-11,skyworld,31051-1,0,Rumah Pangsa/Kondo,492,457
2026-09-11,skyworld,30176-1,0,Rumah Pangsa/Kondo,448,429
2026-09-11,skyworld,30176-1,1,Rumah Pangsa/Kondo,382,227
2026-09-11,skyworld,30976-1,0,Rumah Pangsa/Kondo,510,243
2026-09-11,skyworld,31075-1,0,Rumah Pangsa/Kondo,583,569
2026-09-11,skyworld,31075-1,1,Rumah Pangsa/Kondo,583,531
2026-09-11,skyworld,31075-1,2,Rumah Pangsa/Kondo,680,270
2026-09-11,skyworld,31075-1,3,Rumah Pangsa/Kondo,542,0
2026-09-11,skyworld,31075-1,4,Rumah Pangsa/Kondo,516,0
2026-09-11,skyworld,31075-1,5,Rumah Pangsa/Kondo,560,0
2026-09-11,skyworld,31075-1,6,Rumah Pangsa/Kondo,518,0
2026-09-11,skyworld,19840-2,0,Pangsapuri Suite,535,468
2026-09-11,skyworld,19840-2,1,Pangsapuri Suite,466,465
2026-09-11,tslaw,31031-1,0,Pangsapuri Servis,815,728
2026-09-11,tslaw,31031-1,1,Pangsapuri Servis,808,673
2026-09-11,tslaw,30331-1,0,Pangsapuri Suite,897,888
2026-09-11,tslaw,30331-1,1,Pangsapuri Suite,941,937
2026-09-11,tslaw,9158-9,0,Rumah Berkembar,38,38
2026-09-11,tslaw,9158-9,1,Rumah Berkembar,2,2
2026-09-11,tslaw,9158-9,2,Rumah Berkembar,2,2
2026-09-11,tslaw,19760-1,0,Pangsapuri Servis,432,431
2026-09-11,tslaw,19760-1,1,Pangsapuri Servis,432,424
2026-09-11,tslaw,19760-1,2,Pangsapuri Servis,432,431
2026-09-11,trinitygroup,30857-1,0,Rumah Pangsa/Kondo,234,1
2026-09-11,trinitygroup,30857-1,1,Rumah Pangsa/Kondo,240,35
2026-09-11,trinitygroup,30857-1,2,Rumah Pangsa/Kondo,240,0
2026-09-11,trinitygroup,20140-2,0,Rumah Pangsa/Kondo,230,45
2026-09-11,trinitygroup,20140-2,1,Rumah Pangsa/Kondo,216,203
2026-09-11,trinitygroup,20140-2,2,Rumah Pangsa/Kondo,291,100
2026-09-11,trinitygroup,10826-4,0,Pangsapuri Servis,157,134
2026-09-11,trinitygroup,10826-4,1,Pangsapuri Servis,80,62
2026-09-11,trinitygroup,10826-4,2,Pangsapuri Servis,298,140
2026-09-11,radium,30363-2,0,Pangsapuri Suite,1218,1130
2026-09-11,radium,30363-1,0,Rumah Pangsa/Kondo,1218,1130
2026-09-11,radium,30821-1,0,Pangsapuri Suite,494,261
2026-09-11,radium,30821-1,1,Pangsapuri Suite,494,264
2026-09-11,radium,30121-1,0,Soho,944,383
2026-09-11,radium,31310-1,0,Rumah Pangsa/Kondo,558,0
2026-09-11,radium,31310-1,1,Rumah Pangsa/Kondo,239,0
2026-09-11,cpiland,19991-1,0,Pangsapuri Servis,255,255
2026-09-11,cpiland,19991-1,1,Pangsapuri Servis,396,392
2026-09-11,cpiland,14377-1,0,Rumah Teres,65,65
2026-09-11,cpiland,14377-1,1,Rumah Teres,49,49
2026-09-11,cpiland,30965-1,0,Rumah Sesebuah,12,11
2026-09-11,cpiland,30965-1,1,Rumah Berkembar,36,36
2026-09-11,cpiland,30965-1,2,Rumah Sesebuah,10,3
2026-09-11,cpiland,30965-1,3,Rumah Sesebuah,2,2
2026-09-11,cpiland,20179-1,0,Pangsapuri Suite,596,596
2026-09-11,cpiland,12287-1,0,Pangsapuri Servis,166,166
2026-09-11,cpiland,30260-1,0,Pangsapuri Servis,748,748
2026-09-11,cpiland,31202-1,0,Pangsapuri Suite,680,112
2026-09-11,cpiland,31202-1,1,Pangsapuri Suite,630,96
2026-09-11,cpiland,19301-1,0,Rumah Pangsa/Kondo,576,576
2026-09-11,cpiland,19795-1,0,Rumah Teres,11,11
2026-09-11,lbs,11018-3,0,Rumah Berkembar,30,28
2026-09-11,lbs,11018-4,0,Rumah Berkembar,33,2
2026-09-11,lbs,19183-13,0,Rumah Pangsa/Kondo,524,492
2026-09-11,lbs,19183-13,1,Rumah Pangsa/Kondo,524,492
2026-09-11,lbs,19398-5,0,Pangsapuri Servis,595,592
2026-09-11,lbs,19398-6,0,Pangsapuri Servis,393,393
2026-09-11,lbs,19533-5,0,Rumah Teres,317,317
2026-09-11,lbs,19533-5,1,Rumah Teres,96,96
2026-09-11,lbs,19533-5,2,Rumah Teres,76,76
2026-09-11,lbs,19533-5,3,Rumah Bandar,328,324
2026-09-11,lbs,19533-6,0,Rumah Pangsa/Kondo,621,0
2026-09-11,lbs,19533-6,1,Rumah Pangsa/Kondo,621,0
2026-09-11,lbs,19924-3,0,Rumah Pangsa/Kondo,1171,0
2026-09-11,lbs,8695-14,0,Rumah Bandar,84,76
2026-09-11,lbs,8695-14,1,Rumah Pangsa/Kondo,337,235
2026-09-11,lbs,30027-1,0,Pangsapuri Servis,527,451
2026-09-11,lbs,30027-1,1,Pangsapuri Servis,527,439
2026-09-11,lbs,30401-1,0,Pangsapuri Servis,658,456
2026-09-11,lbs,30401-1,1,Rumah Pangsa/Kondo,47,19
2026-09-11,lbs,19632-1,0,Rumah Kluster,46,46
2026-09-11,lbs,19632-1,1,Rumah Kluster,22,22
2026-09-11,lbs,19632-1,2,Rumah Teres,10,10
2026-09-11,lbs,19632-1,3,Rumah Teres,61,61
2026-09-11,lbs,19632-1,4,Rumah Teres,48,47
2026-09-11,lbs,19632-1,5,Rumah Kluster,26,26
2026-09-11,lbs,19632-1,6,Rumah Kluster,26,26
2026-09-11,lbs,19632-1,7,Rumah Teres,64,61
2026-09-11,lbs,19632-1,8,Rumah Kluster,26,26
2026-09-11,lbs,19632-1,9,Rumah Kluster,26,23
2026-09-11,lbs,19632-1,10,Rumah Teres,32,31
2026-09-11,lbs,19632-1,11,Rumah Kluster,56,56
2026-09-11,lbs,19632-1,12,Rumah Kluster,28,28
2026-09-11,lbs,19632-1,13,Rumah Teres,32,31
2026-09-11,lbs,19632-1,14,Rumah Teres,64,62
2026-09-11,lbs,19632-1,15,Rumah Kluster,30,30
2026-09-11,lbs,19632-1,16,Rumah Kluster,60,60
2026-09-11,lbs,19632-1,17,Rumah Teres,30,28
2026-09-11,lbs,19632-1,18,Rumah Teres,32,32
2026-09-11,lbs,19632-1,19,Rumah Teres,32,26
2026-09-11,lbs,11482-10,0,Rumah Teres,7,7
2026-09-11,lbs,11482-10,1,Rumah Teres,69,27
2026-09-11,lbs,11482-12,0,Pangsapuri Servis,608,312
2026-09-11,lbs,11482-11,0,Rumah Teres,3,0
2026-09-11,lbs,11482-11,1,Rumah Teres,76,0
2026-09-11,lbs,20162-1,0,Pangsapuri Servis,725,638
2026-09-11,lbs,20162-2,0,Pangsapuri Servis,580,493
2026-09-11,lbs,20162-2,1,Pangsapuri Servis,145,145
2026-09-11,lbs,11482-8,0,Rumah Berkembar,20,20
2026-09-11,lbs,11482-8,1,Rumah Berkembar,14,14
2026-09-11,lbs,11482-8,2,Rumah Berkembar,18,18
2026-09-11,lbs,11482-7,0,Rumah Pangsa/Kondo,176,176
2026-09-11,lbs,11482-7,1,Rumah Pangsa/Kondo,138,138
2026-09-11,lbs,11482-5,0,Rumah Teres,34,34
2026-09-11,lbs,11482-5,1,Rumah Teres,13,13
2026-09-11,lbs,11482-5,2,Rumah Teres,19,19
2026-09-11,lbs,11482-5,3,Rumah Teres,18,18
2026-09-11,lbs,11482-9,0,Pangsapuri Servis,373,209
2026-09-11,lbs,11482-9,1,Pangsapuri Servis,373,245
2026-09-11,lbs,19183-11,0,Rumah Bandar,20,16
2026-09-11,lbs,19183-11,1,Rumah Teres,298,298
2026-09-11,lbs,19183-11,2,Rumah Teres,248,30
2026-09-11,lbs,19183-11,3,Rumah Teres,33,20
2026-09-11,lbs,19183-11,4,Rumah Teres,284,18
2026-09-11,lbs,19183-11,5,Rumah Teres,38,37
2026-09-11,lbs,19183-11,6,Rumah Bandar,230,27
2026-09-11,lbs,7702-44,0,Rumah Teres,34,33
2026-09-11,lbs,7702-44,1,Rumah Teres,39,39
2026-09-11,lbs,7702-44,2,Rumah Teres,29,28
2026-09-11,lbs,7702-44,3,Rumah Teres,26,25
2026-09-11,lbs,7702-44,4,Rumah Teres,27,25
2026-09-11,lbs,8945-4,0,Pangsapuri Servis,211,211
2026-09-11,lbs,8945-4,1,Pangsapuri Servis,220,220
2026-09-11,lbs,8945-4,2,Pangsapuri Servis,220,220
2026-09-11,lbs,8945-4,3,Pangsapuri Servis,215,215
2026-09-11,lbs,8945-4,4,Pangsapuri Servis,264,264
2026-09-11,lbs,8945-4,5,Pangsapuri Servis,253,253
2026-09-11,lbs,8945-4,6,Pangsapuri Servis,188,188
2026-09-11,lbs,8945-4,7,Pangsapuri Servis,211,211
2026-09-11,lbs,8945-4,8,Pangsapuri Servis,155,155
2026-09-11,lbs,8945-4,9,Pangsapuri Servis,212,212
2026-09-11,lbs,8945-3,0,Pangsapuri Servis,491,491
2026-09-11,lagenda,11225-11,0,Rumah Teres,36,35
2026-09-11,lagenda,11225-11,1,Rumah Teres,700,676
2026-09-11,lagenda,11225-11,2,Rumah Teres,82,81
2026-09-11,lagenda,11225-11,3,Rumah Teres,13,13
2026-09-11,lagenda,11225-12,0,Rumah Teres,577,289
2026-09-11,lagenda,11225-12,1,Rumah Teres,54,45
2026-09-11,lagenda,11225-12,2,Rumah Teres,16,15
2026-09-11,lagenda,11225-12,3,Rumah Teres,44,41
2026-09-11,lagenda,11225-13,0,Rumah Teres,674,602
2026-09-11,lagenda,11225-13,1,Rumah Teres,65,58
2026-09-11,lagenda,11225-13,2,Rumah Teres,35,34
2026-09-11,lagenda,11225-13,3,Rumah Teres,44,44
2026-09-11,lagenda,11225-14,0,Rumah Teres,51,1
2026-09-11,lagenda,11225-14,1,Rumah Kluster,24,3
2026-09-11,lagenda,14283-16,0,Rumah Teres,932,738
2026-09-11,lagenda,14283-17,0,Rumah Teres,773,579
2026-09-11,lagenda,14283-18,0,Rumah Teres,1048,0
2026-09-11,lagenda,14283-19,0,Rumah Kluster,664,299
2026-09-11,lagenda,14283-20,0,Rumah Teres,588,16
2026-09-11,lagenda,14283-20,1,Rumah Sesebuah,4,1
2026-09-11,lagenda,14283-20,2,Rumah Kluster,388,114
2026-09-11,lagenda,19599-2,0,Rumah Teres,1009,997
2026-09-11,lagenda,19599-3,0,Rumah Kluster,936,150
2026-09-11,lagenda,19599-4,0,Rumah Kluster,268,0
2026-09-11,lagenda,19599-4,1,Rumah Teres,686,0
2026-09-11,lagenda,19599-5,0,Rumah Teres,379,55
2026-09-11,lagenda,19599-6,0,Rumah Teres,1540,67
2026-09-11,lagenda,20081-2,0,Rumah Teres,374,373
2026-09-11,lagenda,20081-2,1,Rumah Teres,265,263
2026-09-11,lagenda,20081-3,0,Rumah Teres,104,26
2026-09-11,lagenda,30102-3,0,Rumah Kluster,156,147
2026-09-11,lagenda,30102-3,1,Rumah Teres,480,360
2026-09-11,lagenda,30102-4,0,Rumah Teres,398,396
2026-09-11,lagenda,30155-1,0,Rumah Pangsa/Kondo,542,434
2026-09-11,lagenda,30155-1,1,Rumah Pangsa/Kondo,542,477
2026-09-11,lagenda,30155-2,0,Rumah Pangsa/Kondo,542,7
2026-09-11,lagenda,30155-2,1,Rumah Pangsa/Kondo,542,0
2026-09-11,lagenda,30223-1,0,Rumah Teres,608,606
2026-09-11,lagenda,30223-2,0,Rumah Teres,190,184
2026-09-11,lagenda,30223-2,1,Rumah Teres,102,22
2026-09-11,lagenda,30223-2,2,Rumah Teres,25,12
2026-09-11,lagenda,30223-2,3,Rumah Teres,25,11
2026-09-11,lagenda,30223-2,4,Rumah Teres,17,17
2026-09-11,lagenda,30223-3,0,Rumah Teres,893,748
2026-09-11,lagenda,30223-4,0,Rumah Teres,60,0
2026-09-11,lagenda,30223-4,1,Rumah Teres,1858,1721
2026-09-11,lagenda,30223-5,0,Rumah Teres,575,82
2026-09-11,lagenda,30223-5,1,Rumah Teres,85,19
2026-09-11,lagenda,30223-5,2,Rumah Kluster,496,268
2026-09-11,lagenda,30223-5,3,Rumah Teres,38,0
2026-09-11,lagenda,30223-5,4,Rumah Teres,38,0
2026-09-11,lagenda,30223-5,5,Rumah Teres,147,0
2026-09-11,lagenda,30223-6,0,Rumah Teres,800,460
2026-09-11,lagenda,30223-7,0,Rumah Teres,1112,1
2026-09-11,lagenda,30223-7,1,Rumah Teres,901,2
2026-09-11,lagenda,30348-3,0,Rumah Teres,15,15
2026-09-11,lagenda,30348-3,1,Rumah Teres,39,38
2026-09-11,lagenda,30348-3,2,Rumah Teres,147,147
2026-09-11,lagenda,30348-4,0,Rumah Bandar,46,24
2026-09-11,lagenda,30348-4,1,Rumah Bandar,44,20
2026-09-11,lagenda,30348-4,2,Rumah Bandar,56,34
2026-09-11,lagenda,30348-5,0,Rumah Pangsa/Kondo,196,171
2026-09-11,lagenda,30377-1,0,Rumah Teres,857,740
2026-09-11,lagenda,30377-1,1,Rumah Teres,592,505
2026-09-11,lagenda,30781-1,0,Rumah Teres,124,0
2026-09-11,lagenda,7213-8,0,Rumah Sesebuah,42,6
2026-09-11,lagenda,7213-8,1,Rumah Sesebuah,7,4
2026-09-11,lagenda,19950-2,0,Rumah Teres,49,3
2026-09-11,lagenda,19950-2,1,Rumah Teres,7,0
2026-09-11,lagenda,19950-1,0,Rumah Teres,397,218
2026-09-11,lagenda,14283-14,0,Rumah Sesebuah,18,0
2026-09-11,lagenda,14283-14,1,Rumah Kluster,1080,781
2026-09-11,lagenda,14283-13,0,Rumah Teres,1417,1126
2026-09-11,lagenda,14283-13,1,Rumah Sesebuah,6,0
2026-09-11,lagenda,14283-13,2,Rumah Kluster,360,309
2026-09-11,lagenda,14283-15,0,Rumah Kluster,668,620
2026-09-11,lagenda,14283-9,0,Rumah Teres,63,40
2026-09-11,lagenda,14283-9,1,Rumah Teres,34,24
2026-09-11,lagenda,14283-9,2,Rumah Teres,206,140
2026-09-11,lagenda,11225-9,0,Rumah Bandar,96,85
2026-09-11,lagenda,11225-9,1,Rumah Sesebuah,2,1
2026-09-11,lagenda,11225-9,2,Rumah Teres,144,33
2026-09-11,setiaawan,11590-4,0,Soho,664,633
2026-09-11,setiaawan,11590-4,1,Soho,1360,1277
2026-09-11,setiaawan,11590-5,0,Soho,664,616
2026-09-11,setiaawan,11590-5,1,Pangsapuri Servis,468,387
2026-09-11,setiaawan,30428-1,0,Rumah Pangsa/Kondo,136,66
2026-09-11,setiaawan,30428-1,1,Rumah Pangsa/Kondo,108,32
2026-09-11,setiaawan,30428-1,2,Rumah Pangsa/Kondo,214,86
2026-09-11,setiaawan,30428-1,3,Rumah Pangsa/Kondo,190,41
2026-09-11,setiaawan,30442-1,0,Rumah Berkembar,2,2
2026-09-11,setiaawan,30442-1,1,Rumah Teres,372,365
2026-09-11,setiaawan,30442-2,0,Rumah Sesebuah,1,0
2026-09-11,setiaawan,30442-2,1,Rumah Kluster,404,82
2026-09-11,setiaawan,30442-2,2,Rumah Teres,52,0
2026-09-11,setiaawan,30552-1,0,Pangsapuri Servis,407,384
2026-09-11,setiaawan,30552-1,1,Pangsapuri Servis,451,445
2026-09-11,setiaawan,30552-2,0,Pangsapuri Servis,394,355
2026-09-11,setiaawan,30783-1,0,Rumah Teres,79,72
2026-09-11,setiaawan,30783-1,1,Rumah Teres,34,30
2026-09-11,setiaawan,30783-1,2,Rumah Teres,49,41
2026-09-11,setiaawan,30783-1,3,Rumah Teres,94,62
2026-09-11,setiaawan,30783-2,0,Rumah Teres,97,0
2026-09-11,setiaawan,31070-1,0,Soho,486,78
2026-09-11,setiaawan,31070-1,1,Pangsapuri Servis,540,537
2026-09-11,setiaawan,31070-1,2,Pangsapuri Servis,400,79
2026-09-11,setiaawan,31070-1,3,Pangsapuri Servis,400,282
2026-09-11,setiaawan,31070-1,4,Pangsapuri Servis,216,67
2026-09-11,setiaawan,9994-4,0,Rumah Pangsa/Kondo,150,46
2026-09-11,setiaawan,9994-4,1,Rumah Pangsa/Kondo,150,111
2026-09-11,setiaawan,9994-3,0,Rumah Pangsa/Kondo,360,220
2026-09-11,setiaawan,9994-3,1,Rumah Pangsa/Kondo,300,252
2026-09-11,setiaawan,10346-2,0,Rumah Berkembar,36,18
2026-09-11,setiaawan,10346-2,1,Rumah Berkembar,40,11
2026-09-11,setiaawan,10346-2,2,Rumah Berkembar,44,7
2026-09-11,setiaawan,19314-1,0,Rumah Pangsa/Kondo,290,289
2026-09-11,setiaawan,19314-1,1,Rumah Pangsa/Kondo,414,406
2026-09-11,setiaawan,19314-1,2,Rumah Pangsa/Kondo,414,135
2026-09-11,setiaawan,19314-1,3,Rumah Pangsa/Kondo,414,395
2026-09-11,setiaawan,19314-1,4,Rumah Pangsa/Kondo,538,396
2026-09-11,mbworld,30688-1,0,Pangsapuri Servis,911,486
2026-09-11,mbworld,30688-1,1,Pangsapuri Servis,388,260
2026-09-11,mbworld,30946-1,0,Pangsapuri Servis,1950,982
2026-09-11,mbworld,20101-2,0,Pangsapuri Servis,449,296
2026-09-11,mbworld,20101-2,1,Pangsapuri Servis,449,367
2026-09-11,mbworld,20101-2,2,Pangsapuri Servis,449,373
2026-09-11,mbworld,20101-2,3,Pangsapuri Servis,449,329
2026-09-11,mbworld,19932-2,0,Pangsapuri Servis,326,54
2026-09-11,mbworld,19932-2,1,Pangsapuri Servis,323,84
2026-09-11,mbworld,30588-4,0,Pangsapuri Servis,449,111
2026-09-11,mbworld,30588-1,0,Pangsapuri Servis,550,518
2026-09-11,mbworld,30588-1,1,Pangsapuri Servis,496,466
2026-09-11,mbworld,30588-2,0,Rumah Teres,63,63
2026-09-11,mbworld,30588-3,0,Rumah Pangsa/Kondo,105,91
2026-09-11,mbworld,30981-1,0,Pangsapuri Servis,326,234
2026-09-11,mbworld,30981-1,1,Pangsapuri Servis,319,219
2026-09-11,mbworld,30981-1,2,Pangsapuri Servis,300,183
2026-09-11,mbworld,19387-2,0,Rumah Pangsa/Kondo,278,236
2026-09-11,mbworld,14589-11,0,Rumah Teres,134,70
2026-09-11,sks,12327-2,0,Rumah Pangsa/Kondo,114,114
2026-09-11,sks,12327-2,1,Rumah Pangsa/Kondo,110,110
2026-09-11,sks,12381-1,0,Rumah Pangsa/Kondo,231,231
2026-09-11,sks,12381-1,1,Rumah Pangsa/Kondo,210,210
2026-09-11,sks,12381-1,2,Rumah Pangsa/Kondo,208,208
2026-09-11,sks,12381-1,3,Rumah Pangsa/Kondo,204,204
2026-09-11,sks,13203-1,0,Pangsapuri Servis,231,231
2026-09-11,sks,13203-1,1,Pangsapuri Servis,3,3
2026-09-11,sks,12381-2,0,Pangsapuri Servis,445,445
2026-09-11,sks,19757-1,0,Pangsapuri Servis,458,375
2026-09-11,sks,12327-4,0,Pangsapuri Servis,175,175
2026-09-11,sks,12327-1,0,Rumah Pangsa/Kondo,282,282
2026-09-11,sks,12327-3,0,Pangsapuri Servis,93,93
2026-09-11,sks,12327-3,1,Pangsapuri Servis,87,87
2026-09-11,sks,11786-2,0,Rumah Teres,351,351
2026-09-11,sks,11786-2,1,Rumah Berkembar,130,130
2026-09-11,sks,11786-2,2,Rumah Sesebuah,11,11
2026-09-11,sks,9736-4,0,Rumah Teres,234,234
2026-09-11,sks,9736-4,1,Rumah Berkembar,38,38
2026-09-11,sks,9736-4,2,Rumah Sesebuah,16,16
2026-09-11,sks,11786-1,0,Rumah Teres,340,340
2026-09-11,sks,11786-1,1,Rumah Teres,198,198
2026-09-11,sks,11786-1,2,Rumah Teres,400,400
2026-09-11,brdb,11611-2,0,Rumah Pangsa/Kondo,277,277
2026-09-11,brdb,11611-2,1,Rumah Pangsa/Kondo,275,274
2026-09-11,brdb,11807-2,0,Rumah Teres,27,27
2026-09-11,brdb,11807-2,1,Rumah Berkembar,32,32
2026-09-11,brdb,11807-2,2,Rumah Sesebuah,24,23
2026-09-11,brdb,11807-3,0,Rumah Berkembar,20,4
2026-09-11,brdb,11807-3,1,Rumah Sesebuah,14,11
2026-09-11,brdb,11807-4,0,Rumah Sesebuah,33,8
2026-09-11,brdb,11807-4,1,Rumah Sesebuah,14,9
2026-09-11,brdb,30367-1,0,Pangsapuri Servis,751,193
2026-09-11,brdb,32-15,0,Pangsapuri Servis,111,78
2026-09-11,brdb,32-16,0,Rumah Pangsa/Kondo,13,2
2026-09-11,brdb,32-16,1,Rumah Pangsa/Kondo,13,6
2026-09-11,brdb,32-16,2,Rumah Pangsa/Kondo,21,4
2026-09-11,brdb,32-16,3,Rumah Pangsa/Kondo,27,10
2026-09-11,brdb,32-16,4,Rumah Pangsa/Kondo,13,2
2026-09-11,brdb,32-16,5,Rumah Pangsa/Kondo,12,2
2026-09-11,brdb,32-16,6,Rumah Pangsa/Kondo,27,10
2026-09-11,brdb,32-16,7,Rumah Pangsa/Kondo,20,7
2026-09-11,brdb,835-12,0,Rumah Pangsa/Kondo,100,94
2026-09-11,brdb,835-13,0,Rumah Berkembar,12,7
2026-09-11,brdb,835-13,1,Rumah Sesebuah,2,2
2026-09-11,brdb,835-13,2,Rumah Kluster,124,92
2026-09-11,brdb,835-13,3,Rumah Kluster,60,44
2026-09-11,brdb,835-14,0,Pangsapuri Servis,715,314
2026-09-11,brdb,835-15,0,Rumah Pangsa/Kondo,199,0
2026-09-11,brdb,835-15,1,Rumah Pangsa/Kondo,200,0
2026-09-11,brdb,13819-1,0,Rumah Teres,82,82
2026-09-11,brdb,13819-1,1,Rumah Teres,51,51
2026-09-11,brdb,13819-1,2,Rumah Teres,137,137
2026-09-11,brdb,13819-1,3,Rumah Teres,1,1
2026-09-11,brdb,13819-1,4,Rumah Teres,1,1
2026-09-11,brdb,13819-1,5,Rumah Teres,1,1
2026-09-11,brdb,13819-1,6,Rumah Teres,1,1
2026-09-11,brdb,13819-1,7,Rumah Teres,3,3
2026-09-11,brdb,13819-1,8,Rumah Teres,7,7
2026-09-11,brdb,13819-1,9,Rumah Teres,22,22
2026-09-11,brdb,13819-1,10,Rumah Teres,173,169
2026-09-11,brdb,13819-1,11,Rumah Pangsa/Kondo,200,179
2026-09-11,brdb,13819-1,12,Rumah Teres,179,0
2026-09-11,brdb,12446-1,0,Rumah Teres,14,14
2026-09-11,brdb,12446-1,1,Rumah Teres,23,23
2026-09-11,brdb,12446-1,2,Rumah Berkembar,15,15
2026-09-11,brdb,12446-1,3,Rumah Sesebuah,14,14
2026-09-11,brdb,12446-1,4,Rumah Sesebuah,1,1
2026-09-11,brdb,12446-1,5,Rumah Sesebuah,1,1
2026-09-11,brdb,835-10,0,Rumah Pangsa/Kondo,291,281
2026-09-11,brdb,19907-1,0,Pangsapuri Servis,303,277
2026-09-11,brdb,19907-1,1,Pangsapuri Servis,276,276
2026-09-11,brdb,835-11,0,Rumah Teres,142,127
2026-09-11,brdb,835-8,0,Rumah Teres,38,38
2026-09-11,brdb,835-8,1,Rumah Teres,35,35
2026-09-11,brdb,835-8,2,Rumah Teres,50,50
2026-09-11,brdb,835-8,3,Rumah Teres,50,50
2026-09-11,brdb,835-6,0,Rumah Sesebuah,9,9
2026-09-11,brdb,835-6,1,Rumah Sesebuah,2,2
2026-09-11,brdb,835-6,2,Rumah Berkembar,20,20
2026-09-11,brdb,835-6,3,Rumah Berkembar,42,42
2026-09-11,brdb,835-6,4,Rumah Berkembar,21,21
2026-09-11,brdb,11611-1,0,Rumah Pangsa/Kondo,130,130
2026-09-11,brdb,11611-1,1,Rumah Pangsa/Kondo,131,131
2026-09-11,brdb,11611-1,2,Rumah Pangsa/Kondo,16,16
2026-09-11,uem,10555-15,0,Pangsapuri Servis,677,627
2026-09-11,uem,10555-15,1,Pangsapuri Servis,657,588
2026-09-11,uem,11186-18,0,Rumah Berkembar,20,19
2026-09-11,uem,11186-18,1,Rumah Berkembar,38,21
2026-09-11,uem,11186-18,2,Rumah Berkembar,6,6
2026-09-11,uem,11186-18,3,Rumah Berkembar,2,2
2026-09-11,uem,11186-18,4,Rumah Berkembar,2,1
2026-09-11,uem,11186-19,0,Rumah Teres,105,15
2026-09-11,uem,11186-20,0,Rumah Teres,83,0
2026-09-11,uem,11186-20,1,Rumah Teres,36,2
2026-09-11,uem,14032-10,0,Rumah Berkembar,20,4
2026-09-11,uem,14032-10,1,Rumah Berkembar,12,1
2026-09-11,uem,14032-10,2,Rumah Berkembar,22,3
2026-09-11,uem,14032-10,3,Rumah Berkembar,2,0
2026-09-11,uem,14032-11,0,Rumah Teres,150,19
2026-09-11,uem,14032-11,1,Rumah Teres,17,2
2026-09-11,uem,14032-7,0,Rumah Pangsa/Kondo,130,130
2026-09-11,uem,14032-8,0,Rumah Berkembar,34,18
2026-09-11,uem,14032-8,1,Rumah Berkembar,12,5
2026-09-11,uem,14032-9,0,Rumah Teres,116,66
2026-09-11,uem,14032-9,1,Rumah Teres,14,11
2026-09-11,uem,14032-9,2,Rumah Teres,12,3
2026-09-11,uem,14032-9,3,Rumah Teres,2,1
2026-09-11,uem,14228-12,0,Rumah Teres,25,25
2026-09-11,uem,14228-12,1,Rumah Teres,8,7
2026-09-11,uem,14228-12,2,Rumah Teres,8,8
2026-09-11,uem,14228-12,3,Rumah Teres,2,2
2026-09-11,uem,14228-12,4,Rumah Teres,14,13
2026-09-11,uem,14228-12,5,Rumah Teres,16,14
2026-09-11,uem,14228-12,6,Rumah Teres,2,2
2026-09-11,uem,14228-12,7,Rumah Teres,2,2
2026-09-11,uem,14228-12,8,Rumah Teres,28,28
2026-09-11,uem,14228-12,9,Rumah Teres,6,6
2026-09-11,uem,14228-12,10,Rumah Teres,12,12
2026-09-11,uem,14228-12,11,Rumah Teres,2,2
2026-09-11,uem,14228-13,0,Rumah Teres,93,73
2026-09-11,uem,14228-13,1,Rumah Teres,39,37
2026-09-11,uem,14228-14,0,Rumah Teres,163,150
2026-09-11,uem,14228-14,1,Rumah Teres,29,21
2026-09-11,uem,14228-15,0,Rumah Teres,37,26
2026-09-11,uem,14228-15,1,Rumah Teres,14,13
2026-09-11,uem,14228-15,2,Rumah Teres,26,16
2026-09-11,uem,14228-16,0,Rumah Teres,7,6
2026-09-11,uem,14228-16,1,Rumah Teres,40,28
2026-09-11,uem,14228-7,0,Rumah Teres,41,41
2026-09-11,uem,14228-7,1,Rumah Teres,14,13
2026-09-11,uem,14228-7,2,Rumah Teres,6,6
2026-09-11,uem,14228-7,3,Rumah Teres,2,1
2026-09-11,uem,14228-8,0,Rumah Teres,46,45
2026-09-11,uem,14228-8,1,Rumah Teres,13,11
2026-09-11,uem,14228-8,2,Rumah Teres,5,5
2026-09-11,uem,14228-8,3,Rumah Teres,1,1
2026-09-11,uem,30141-1,0,Rumah Pangsa/Kondo,496,496
2026-09-11,uem,30141-2,0,Rumah Pangsa/Kondo,247,23
2026-09-11,uem,30141-2,1,Rumah Pangsa/Kondo,248,16
2026-09-11,uem,7466-5,0,Pangsapuri Servis,1126,786
2026-09-11,uem,8024-13,0,Rumah Teres,1,1
2026-09-11,uem,8024-13,1,Rumah Teres,179,147
2026-09-11,uem,8024-13,2,Rumah Teres,103,69
2026-09-11,uem,8024-14,0,Rumah Teres,61,61
2026-09-11,uem,8024-14,1,Rumah Teres,61,61
2026-09-11,uem,8024-14,2,Rumah Teres,2,2
2026-09-11,uem,8024-14,3,Rumah Teres,89,23
2026-09-11,uem,20047-1,0,Rumah Pangsa/Kondo,257,112
2026-09-11,uem,20047-1,1,Rumah Pangsa/Kondo,260,142
2026-09-11,uem,20047-1,2,Rumah Pangsa/Kondo,198,59
2026-09-11,uem,20047-1,3,Rumah Pangsa/Kondo,209,68
2026-09-11,uem,10555-12,0,Pangsapuri Servis,476,476
2026-09-11,uem,13373-1,0,Pangsapuri Servis,79,79
2026-09-11,uem,13373-1,1,Pangsapuri Servis,141,141
2026-09-11,uem,13373-1,2,Pangsapuri Servis,127,127
2026-09-11,uem,13373-1,3,Pangsapuri Servis,131,131
2026-09-11,uem,13373-1,4,Pangsapuri Servis,47,47
2026-09-11,uem,11186-16,0,Rumah Teres,19,19
2026-09-11,uem,11186-16,1,Rumah Teres,21,21
2026-09-11,uem,11186-16,2,Rumah Teres,84,82
2026-09-11,uem,11186-17,0,Rumah Teres,19,17
2026-09-11,uem,11186-17,1,Rumah Teres,69,51
2026-09-11,uem,11186-17,2,Rumah Teres,26,26
2026-09-11,ecoworld,14020-10,0,Rumah Sesebuah,7,4
2026-09-11,ecoworld,14020-11,0,Rumah Berkembar,24,5
2026-09-11,ecoworld,14020-12,0,Rumah Berkembar,24,3
2026-09-11,ecoworld,14020-13,0,Rumah Sesebuah,16,9
2026-09-11,ecoworld,14020-14,0,Rumah Sesebuah,8,5
2026-09-11,ecoworld,14020-5,0,Pangsapuri Servis,383,383
2026-09-11,ecoworld,14020-6,0,Rumah Berkembar,76,47
2026-09-11,ecoworld,14020-7,0,Rumah Berkembar,24,9
2026-09-11,ecoworld,14020-8,0,Rumah Berkembar,24,14
2026-09-11,ecoworld,14020-9,0,Rumah Sesebuah,16,10
2026-09-11,ecoworld,14050-10,0,Pangsapuri Servis,483,336
2026-09-11,ecoworld,14320-14,0,Rumah Kluster,52,52
2026-09-11,ecoworld,14320-14,1,Rumah Kluster,72,72
2026-09-11,ecoworld,14320-17,0,Pangsapuri Servis,460,460
2026-09-11,ecoworld,14320-18,0,Pangsapuri Servis,460,460
2026-09-11,ecoworld,14320-19,0,Rumah Kluster,64,54
2026-09-11,ecoworld,14320-19,1,Rumah Kluster,68,55
2026-09-11,ecoworld,14320-20,0,Rumah Sesebuah,32,28
2026-09-11,ecoworld,14320-21,0,Rumah Berkembar,28,14
2026-09-11,ecoworld,14320-22,0,Rumah Berkembar,24,11
2026-09-11,ecoworld,14320-23,0,Rumah Pangsa/Kondo,627,260
2026-09-11,ecoworld,14320-24,0,Rumah Berkembar,30,0
2026-09-11,ecoworld,14320-25,0,Rumah Berkembar,42,0
2026-09-11,ecoworld,14504-7,0,Pangsapuri Servis,500,500
2026-09-11,ecoworld,14504-8,0,Pangsapuri Servis,575,81
2026-09-11,ecoworld,14504-8,1,Pangsapuri Servis,420,188
2026-09-11,ecoworld,14505-7,0,Rumah Teres,174,139
2026-09-11,ecoworld,14505-7,1,Rumah Teres,160,146
2026-09-11,ecoworld,14505-7,2,Rumah Teres,126,40
2026-09-11,ecoworld,14505-7,3,Rumah Teres,145,86
2026-09-11,ecoworld,19150-15,0,Pangsapuri Servis,500,392
2026-09-11,ecoworld,19150-15,1,Pangsapuri Servis,499,227
2026-09-11,ecoworld,19150-16,0,Rumah Sesebuah,9,8
2026-09-11,ecoworld,19150-16,1,Rumah Sesebuah,13,12
2026-09-11,ecoworld,19150-16,2,Rumah Sesebuah,41,29
2026-09-11,ecoworld,19150-16,3,Rumah Berkembar,20,16
2026-09-11,ecoworld,19150-16,4,Rumah Berkembar,22,11
2026-09-11,ecoworld,19150-16,5,Rumah Teres,87,44
2026-09-11,ecoworld,19150-16,6,Rumah Teres,74,28
2026-09-11,ecoworld,19150-17,0,Rumah Teres,46,46
2026-09-11,ecoworld,19150-17,1,Rumah Teres,56,56
2026-09-11,ecoworld,19150-17,2,Rumah Teres,25,24
2026-09-11,ecoworld,19150-17,3,Rumah Teres,25,10
2026-09-11,ecoworld,19150-17,4,Rumah Bandar,32,19
2026-09-11,ecoworld,19150-18,0,Rumah Teres,30,29
2026-09-11,ecoworld,19150-18,1,Rumah Teres,33,33
2026-09-11,ecoworld,19150-18,2,Rumah Teres,65,46
2026-09-11,ecoworld,19152-12,0,Rumah Teres,262,178
2026-09-11,ecoworld,19152-13,0,Rumah Teres,264,261
2026-09-11,ecoworld,19152-14,0,Rumah Teres,264,55
2026-09-11,ecoworld,19152-15,0,Pangsapuri Servis,500,167
2026-09-11,ecoworld,19152-9,0,Rumah Berkembar,112,48
2026-09-11,ecoworld,19985-10,0,Pangsapuri Servis,700,2
2026-09-11,ecoworld,19985-10,1,Pangsapuri Servis,500,355
2026-09-11,ecoworld,19985-6,0,Rumah Kluster,44,44
2026-09-11,ecoworld,19985-6,1,Rumah Kluster,64,64
2026-09-11,ecoworld,19985-6,2,Rumah Kluster,48,48
2026-09-11,ecoworld,19985-6,3,Rumah Kluster,64,64
2026-09-11,ecoworld,19985-6,4,Rumah Kluster,64,64
2026-09-11,ecoworld,19985-6,5,Rumah Kluster,80,80
2026-09-11,ecoworld,19985-7,0,Rumah Kluster,64,45
2026-09-11,ecoworld,19985-7,1,Rumah Kluster,48,38
2026-09-11,ecoworld,19985-8,0,Rumah Kluster,64,58
2026-09-11,ecoworld,19985-8,1,Rumah Kluster,64,56
2026-09-11,ecoworld,19985-9,0,Pangsapuri Servis,509,507
2026-09-11,ecoworld,6443-20,0,Rumah Bandar,108,108
2026-09-11,ecoworld,6443-20,1,Rumah Bandar,56,56
2026-09-11,ecoworld,6443-21,0,Rumah Teres,50,50
2026-09-11,ecoworld,6443-22,0,Rumah Teres,48,48
2026-09-11,ecoworld,6443-24,0,Rumah Teres,48,48
2026-09-11,ecoworld,6443-25,0,Rumah Teres,80,80
2026-09-11,ecoworld,6443-26,0,Rumah Teres,100,100
2026-09-11,ecoworld,6443-27,0,Rumah Teres,280,276
2026-09-11,ecoworld,6443-28,0,Rumah Teres,282,262
2026-09-11,ecoworld,6443-29,0,Rumah Teres,90,82
2026-09-11,ecoworld,6443-29,1,Rumah Teres,119,119
2026-09-11,ecoworld,6443-29,2,Rumah Teres,120,108
2026-09-11,ecoworld,6443-29,3,Rumah Teres,96,73
2026-09-11,ecoworld,6443-30,0,Rumah Teres,118,82
2026-09-11,ecoworld,6443-31,0,Rumah Teres,83,70
2026-09-11,ecoworld,6443-32,0,Rumah Teres,76,76
2026-09-11,ecoworld,6443-33,0,Rumah Teres,216,1
2026-09-11,ecoworld,6443-34,0,Rumah Teres,177,2
2026-09-11,ecoworld,14050-8,0,Rumah Pangsa/Kondo,107,91
2026-09-11,ecoworld,14050-8,1,Rumah Pangsa/Kondo,294,246
2026-09-11,ecoworld,14504-5,0,Pangsapuri Servis,2,2
2026-09-11,ecoworld,14504-5,1,Pangsapuri Servis,3,3
2026-09-11,ecoworld,14504-5,2,Pangsapuri Servis,93,93
2026-09-11,ecoworld,14504-5,3,Pangsapuri Servis,1,1
2026-09-11,ecoworld,14504-5,4,Pangsapuri Servis,3,3
2026-09-11,ecoworld,14504-5,5,Pangsapuri Servis,3,3
2026-09-11,ecoworld,14504-5,6,Pangsapuri Servis,248,248
2026-09-11,ecoworld,14504-5,7,Pangsapuri Servis,8,8
2026-09-11,ecoworld,14504-5,8,Pangsapuri Servis,8,8
2026-09-11,ecoworld,14504-5,9,Pangsapuri Servis,31,31
2026-09-11,ecoworld,14504-5,10,Pangsapuri Servis,403,403
2026-09-11,ecoworld,14504-5,11,Pangsapuri Servis,13,13
2026-09-11,ecoworld,14504-5,12,Pangsapuri Servis,13,13
2026-09-11,ecoworld,14504-5,13,Pangsapuri Servis,62,62
2026-09-11,ecoworld,14504-5,14,Pangsapuri Servis,93,93
2026-09-11,ecoworld,14504-5,15,Pangsapuri Servis,93,93
2026-09-11,ecoworld,14504-5,16,Pangsapuri Servis,248,248
2026-09-11,ecoworld,14504-5,17,Pangsapuri Servis,403,403
2026-09-11,ecoworld,14504-6,0,Rumah Kluster,48,31
2026-09-11,ecoworld,14504-6,1,Rumah Kluster,96,96
2026-09-11,ecoworld,14504-6,2,Rumah Kluster,24,22
2026-09-11,ecoworld,14504-6,3,Rumah Kluster,48,34
2026-09-11,ecoworld,14504-6,4,Rumah Bandar,160,160
2026-09-11,ecoworld,19152-10,0,Rumah Berkembar,70,50
2026-09-11,ecoworld,19152-11,0,Pangsapuri Servis,651,651
2026-09-11,ecoworld,19152-11,1,Pangsapuri Servis,651,651
2026-09-11,ecoworld,6443-23,0,Rumah Teres,50,50
2026-09-11,ecoworld,30561-1,0,Pangsapuri Servis,232,195
2026-09-11,ecoworld,30561-1,1,Pangsapuri Servis,236,188
2026-09-11,ecoworld,30561-1,2,Pangsapuri Servis,250,205
2026-09-11,ecoworld,30561-1,3,Pangsapuri Servis,252,79
2026-09-11,ecoworld,30561-1,4,Pangsapuri Servis,250,23
2026-09-11,ecoworld,14518-1,0,Rumah Pangsa/Kondo,273,273
2026-09-11,ecoworld,14510-1,0,Pangsapuri Servis,380,380
2026-09-11,ecoworld,14510-1,1,Pangsapuri Servis,246,246
2026-09-11,ecoworld,6443-17,0,Rumah Teres,138,138
2026-09-11,ecoworld,6443-17,1,Rumah Teres,162,162
2026-09-11,ecoworld,6443-18,0,Rumah Teres,70,70
2026-09-11,ecoworld,6443-18,1,Rumah Teres,42,42
2026-09-11,ecoworld,6443-19,0,Rumah Teres,64,64
2026-09-11,ecoworld,6443-19,1,Rumah Teres,70,70
2026-09-11,ecoworld,6443-19,2,Rumah Teres,48,48
2026-09-11,ecoworld,6443-19,3,Rumah Teres,22,22
2026-09-11,ecoworld,14504-2,0,Rumah Berkembar,18,18
2026-09-11,ecoworld,14504-2,1,Rumah Berkembar,34,34
2026-09-11,ecoworld,14504-2,2,Rumah Berkembar,14,14
2026-09-11,ecoworld,14504-2,3,Rumah Sesebuah,14,14
2026-09-11,ecoworld,14504-2,4,Rumah Sesebuah,14,14
2026-09-11,ecoworld,14504-2,5,Rumah Sesebuah,7,7
2026-09-11,ecoworld,14504-2,6,Rumah Sesebuah,1,1
2026-09-11,ecoworld,14504-2,7,Rumah Sesebuah,6,6
2026-09-11,ecoworld,14504-2,8,Rumah Sesebuah,1,1
2026-09-11,ecoworld,14504-2,9,Rumah Berkembar,38,38
2026-09-11,ecoworld,14504-2,10,Rumah Berkembar,20,20
2026-09-11,ecoworld,14504-2,11,Rumah Sesebuah,2,2
2026-09-11,ecoworld,14504-2,12,Rumah Berkembar,32,32
2026-09-11,ecoworld,14504-2,13,Rumah Berkembar,48,48
2026-09-11,ecoworld,14504-2,14,Rumah Sesebuah,2,2
2026-09-11,ecoworld,14504-2,15,Rumah Sesebuah,2,2
2026-09-11,ecoworld,14504-2,16,Rumah Sesebuah,3,3
2026-09-11,ecoworld,14504-2,17,Rumah Sesebuah,3,3
2026-09-11,ecoworld,14504-3,0,Rumah Teres,46,46
2026-09-11,ecoworld,14504-3,1,Rumah Teres,36,36
2026-09-11,ecoworld,14504-3,2,Rumah Teres,48,48
2026-09-11,ecoworld,14504-3,3,Rumah Teres,10,10
2026-09-11,ecoworld,14504-3,4,Rumah Teres,8,8
2026-09-11,ecoworld,14504-3,5,Rumah Teres,10,10
2026-09-11,ecoworld,14504-3,6,Rumah Teres,20,20
2026-09-11,ecoworld,14504-3,7,Rumah Teres,40,40
2026-09-11,ecoworld,14504-3,8,Rumah Teres,10,10
2026-09-11,ecoworld,14504-3,9,Rumah Bandar,32,32
2026-09-11,ecoworld,14504-3,10,Rumah Bandar,24,24
2026-09-11,ecoworld,14504-3,11,Rumah Bandar,24,24
2026-09-11,ecoworld,14504-4,0,Rumah Sesebuah,6,6
2026-09-11,ecoworld,14504-4,1,Rumah Sesebuah,6,6
2026-09-11,ecoworld,14504-4,2,Rumah Sesebuah,14,14
2026-09-11,ecoworld,14504-4,3,Rumah Sesebuah,12,11
2026-09-11,ecoworld,14504-4,4,Rumah Sesebuah,6,6
2026-09-11,ecoworld,14504-4,5,Rumah Berkembar,16,16
2026-09-11,ecoworld,14504-4,6,Rumah Berkembar,20,20
2026-09-11,ecoworld,14504-4,7,Rumah Berkembar,34,34
2026-09-11,ecoworld,14504-4,8,Rumah Berkembar,32,32
2026-09-11,ecoworld,14504-4,9,Rumah Teres,24,24
2026-09-11,ecoworld,14504-4,10,Rumah Teres,26,26
2026-09-11,ecoworld,14504-4,11,Rumah Teres,26,26
2026-09-11,ecoworld,14504-4,12,Rumah Teres,28,28
2026-09-11,ecoworld,19152-1,0,Rumah Teres,47,47
2026-09-11,ecoworld,19152-1,1,Rumah Teres,46,46
2026-09-11,ecoworld,19152-1,2,Rumah Teres,42,42
2026-09-11,ecoworld,19152-1,3,Rumah Teres,31,31
2026-09-11,ecoworld,19152-1,4,Rumah Teres,52,52
2026-09-11,ecoworld,19152-1,5,Rumah Teres,46,46
2026-09-11,ecoworld,19152-2,0,Rumah Teres,75,75
2026-09-11,ecoworld,19152-2,1,Rumah Teres,49,49
2026-09-11,ecoworld,19152-2,2,Rumah Teres,45,45
2026-09-11,ecoworld,19152-2,3,Rumah Teres,49,49
2026-09-11,ecoworld,19152-2,4,Rumah Teres,35,35
2026-09-11,ecoworld,19152-2,5,Rumah Teres,66,66
2026-09-11,ecoworld,19152-2,6,Rumah Teres,54,54
2026-09-11,ecoworld,19152-2,7,Rumah Teres,39,39
2026-09-11,ecoworld,19152-4,0,Rumah Bandar,224,224
2026-09-11,ecoworld,19152-5,0,Rumah Berkembar,58,57
2026-09-11,ecoworld,19152-5,1,Rumah Sesebuah,47,47
2026-09-11,ecoworld,19152-5,2,Rumah Berkembar,76,60
2026-09-11,ecoworld,19152-6,0,Rumah Teres,180,180
2026-09-11,ecoworld,19152-7,0,Rumah Bandar,235,235
2026-09-11,ecoworld,19152-8,0,Rumah Teres,114,114
2026-09-11,ecoworld,31135-1,0,Rumah Teres,721,357
2026-09-11,ecoworld,31135-2,0,Rumah Teres,125,77
2026-09-11,ecoworld,31135-2,1,Rumah Teres,100,59
2026-09-11,ecoworld,31135-2,2,Rumah Teres,115,71
2026-09-11,ecoworld,31135-2,3,Rumah Teres,182,112
2026-09-11,ecoworld,31135-2,4,Rumah Teres,119,82
2026-09-11,ecoworld,31135-2,5,Rumah Teres,125,89
2026-09-11,scientex,11295-22,0,Rumah Teres,204,203
2026-09-11,scientex,11295-23,0,Rumah Teres,291,291
2026-09-11,scientex,11295-25,0,Rumah Teres,364,364
2026-09-11,scientex,11295-26,0,Rumah Teres,227,227
2026-09-11,scientex,11295-27,0,Rumah Teres,76,75
2026-09-11,scientex,11295-27,1,Rumah Teres,73,71
2026-09-11,scientex,11295-28,0,Rumah Teres,267,266
2026-09-11,scientex,11295-29,0,Rumah Teres,336,152
2026-09-11,scientex,11295-30,0,Rumah Teres,369,255
2026-09-11,scientex,19794-18,0,Rumah Pangsa/Kondo,242,239
2026-09-11,scientex,19794-18,1,Rumah Pangsa/Kondo,243,242
2026-09-11,scientex,19794-19,0,Rumah Pangsa/Kondo,180,169
2026-09-11,scientex,19794-19,1,Rumah Pangsa/Kondo,173,156
2026-09-11,scientex,30714-5,0,Rumah Kluster,168,147
2026-09-11,scientex,30714-6,0,Rumah Teres,322,253
2026-09-11,scientex,30884-1,0,Rumah Teres,263,258
2026-09-11,scientex,30884-2,0,Rumah Teres,182,182
2026-09-11,scientex,30884-3,0,Rumah Teres,244,244
2026-09-11,scientex,30884-4,0,Rumah Pangsa/Kondo,180,124
2026-09-11,scientex,30884-4,1,Rumah Pangsa/Kondo,202,118
2026-09-11,scientex,30884-5,0,Rumah Teres,169,169
2026-09-11,scientex,30884-6,0,Rumah Teres,204,204
2026-09-11,scientex,30884-7,0,Rumah Kluster,184,128
2026-09-11,scientex,30884-8,0,Rumah Teres,183,100
2026-09-11,scientex,6331-22,0,Pangsapuri Servis,489,468
2026-09-11,scientex,6331-25,0,Pangsapuri Servis,448,365
2026-09-11,scientex,6331-25,1,Pangsapuri Servis,50,31
2026-09-11,scientex,6331-26,0,Rumah Pangsa/Kondo,192,160
2026-09-11,scientex,6331-26,1,Rumah Pangsa/Kondo,192,107
2026-09-11,scientex,6331-27,0,Rumah Teres,288,213
2026-09-11,scientex,6331-28,0,Rumah Teres,332,312
2026-09-11,scientex,6331-29,0,Rumah Teres,300,85
2026-09-11,scientex,6575-50,0,Rumah Teres,206,204
2026-09-11,scientex,6575-51,0,Rumah Teres,232,232
2026-09-11,scientex,6575-53,0,Rumah Teres,209,195
2026-09-11,scientex,6575-54,0,Rumah Teres,196,185
2026-09-11,scientex,6575-55,0,Rumah Teres,279,96
2026-09-11,scientex,6575-56,0,Rumah Teres,288,164
2026-09-11,scientex,6575-58,0,Rumah Teres,256,137
2026-09-11,scientex,6575-59,0,Rumah Teres,216,0
2026-09-11,scientex,9294-57,0,Rumah Pangsa/Kondo,210,205
2026-09-11,scientex,9294-67,0,Pangsapuri Servis,169,169
2026-09-11,scientex,9294-67,1,Pangsapuri Servis,173,173
2026-09-11,scientex,9294-67,2,Pangsapuri Servis,174,174
2026-09-11,scientex,9294-68,0,Rumah Teres,210,210
2026-09-11,scientex,9294-69,0,Rumah Teres,214,214
2026-09-11,scientex,9294-69,1,Rumah Teres,1,1
2026-09-11,scientex,9294-70,0,Pangsapuri Servis,174,173
2026-09-11,scientex,9294-70,1,Pangsapuri Servis,174,173
2026-09-11,scientex,9294-70,2,Pangsapuri Servis,174,174
2026-09-11,scientex,9294-71,0,Rumah Teres,115,114
2026-09-11,scientex,9294-72,0,Rumah Teres,252,252
2026-09-11,scientex,9294-74,0,Rumah Teres,207,207
2026-09-11,scientex,9294-75,0,Rumah Kluster,238,218
2026-09-11,scientex,9294-76,0,Rumah Kluster,134,117
2026-09-11,scientex,9294-77,0,Rumah Pangsa/Kondo,124,73
2026-09-11,scientex,9294-78,0,Rumah Kluster,200,200
2026-09-11,scientex,9294-79,0,Rumah Pangsa/Kondo,142,97
2026-09-11,scientex,9294-80,0,Rumah Teres,271,257
2026-09-11,scientex,9294-81,0,Rumah Teres,234,197
2026-09-11,scientex,9294-82,0,Rumah Teres,64,46
2026-09-11,scientex,9294-83,0,Rumah Teres,210,87
2026-09-11,scientex,9294-84,0,Rumah Teres,246,235
2026-09-11,scientex,9294-85,0,Rumah Teres,252,88
2026-09-11,scientex,9294-86,0,Rumah Teres,240,186
2026-09-11,scientex,9294-88,0,Pangsapuri Servis,169,0
2026-09-11,scientex,9294-88,1,Pangsapuri Servis,174,0
2026-09-11,scientex,9294-88,2,Pangsapuri Servis,173,17
2026-09-11,scientex,9294-88,3,Pangsapuri Servis,174,116
2026-09-11,scientex,9294-89,0,Rumah Teres,158,22
2026-09-11,scientex,6575-43,0,Rumah Teres,211,211
2026-09-11,scientex,6575-31,0,Rumah Teres,291,291
2026-09-11,scientex,6575-39,0,Rumah Teres,188,186
2026-09-11,scientex,6575-39,1,Rumah Teres,16,16
2026-09-11,scientex,6575-42,0,Rumah Kluster,28,21
2026-09-11,scientex,6575-42,1,Rumah Kluster,8,5
2026-09-11,scientex,6575-42,2,Rumah Kluster,152,106
2026-09-11,scientex,6575-44,0,Rumah Teres,289,284
2026-09-11,scientex,6575-40,0,Rumah Teres,336,316
2026-09-11,scientex,9294-62,0,Rumah Teres,342,342
2026-09-11,scientex,9294-65,0,Rumah Teres,272,272
2026-09-11,scientex,9294-66,0,Rumah Teres,235,235
2026-09-11,scientex,19794-15,0,Rumah Kluster,252,251
2026-09-11,scientex,19794-15,1,Rumah Berkembar,2,2
2026-09-11,scientex,19794-16,0,Rumah Kluster,248,248
2026-09-11,scientex,19794-16,1,Rumah Berkembar,8,8
2026-09-11,scientex,6575-38,0,Rumah Teres,215,212
2026-09-11,scientex,19794-14,0,Rumah Teres,280,277
2026-09-11,scientex,19794-14,1,Rumah Teres,1,1
2026-09-11,scientex,19794-14,2,Rumah Teres,28,28
2026-09-11,scientex,6575-18,0,Rumah Teres,234,231
2026-09-11,scientex,6575-18,1,Rumah Teres,331,307
2026-09-11,scientex,6575-18,2,Rumah Teres,192,192
2026-09-11,scientex,9294-51,0,Rumah Bandar,150,122
2026-09-11,scientex,9294-52,0,Rumah Pangsa/Kondo,210,182
2026-09-11,scientex,9294-52,1,Rumah Pangsa/Kondo,210,179
2026-09-11,scientex,9294-53,0,Rumah Teres,258,258
2026-09-11,scientex,9294-53,1,Rumah Teres,20,20
2026-09-11,scientex,9294-54,0,Rumah Teres,19,19
2026-09-11,scientex,9294-54,1,Rumah Teres,55,55
2026-09-11,scientex,9294-56,0,Rumah Pangsa/Kondo,204,204
2026-09-11,scientex,9294-56,1,Rumah Pangsa/Kondo,204,204
2026-09-11,scientex,9294-56,2,Rumah Pangsa/Kondo,206,206
2026-09-11,scientex,9294-59,0,Rumah Pangsa/Kondo,150,150
2026-09-11,scientex,9294-59,1,Rumah Pangsa/Kondo,150,150
2026-09-11,scientex,9294-60,0,Rumah Teres,304,304
2026-09-11,scientex,9294-61,0,Rumah Teres,70,70
2026-09-11,scientex,9294-63,0,Rumah Teres,238,238
2026-09-11,scientex,9294-64,0,Rumah Teres,122,120
2026-09-11,scientex,9294-73,0,Rumah Teres,207,0
2026-09-11,scientex,9294-45,0,Rumah Kluster,149,149
2026-09-11,scientex,9294-45,1,Rumah Kluster,152,152
2026-09-11,scientex,9294-45,2,Rumah Berkembar,28,28
2026-09-11,scientex,9294-45,3,Rumah Kluster,140,139
2026-09-11,scientex,9294-45,4,Rumah Berkembar,3,3
2026-09-11,scientex,9294-45,5,Rumah Berkembar,1,1
2026-09-11,scientex,6575-34,0,Rumah Teres,231,228
2026-09-11,scientex,6575-34,1,Rumah Teres,224,224
2026-09-11,scientex,6575-33,0,Rumah Teres,210,210
2026-09-11,scientex,6575-33,1,Rumah Teres,175,175
2026-09-11,scientex,6575-33,2,Rumah Teres,118,113
2026-09-11,scientex,6575-20,0,Rumah Teres,159,149
2026-09-11,scientex,6575-20,1,Rumah Teres,271,268
2026-09-11,scientex,6575-20,2,Rumah Teres,211,210
2026-09-11,simedarby,10991-4,0,Pangsapuri Servis,271,271
2026-09-11,simedarby,10991-5,0,Pangsapuri Servis,463,258
2026-09-11,simedarby,10991-5,1,Pangsapuri Servis,463,347
2026-09-11,simedarby,12408-16,0,Rumah Teres,43,0
2026-09-11,simedarby,12408-17,0,Rumah Teres,59,0
2026-09-11,simedarby,12408-18,0,Rumah Teres,49,22
2026-09-11,simedarby,12408-19,0,Rumah Teres,49,24
2026-09-11,simedarby,12408-20,0,Rumah Teres,118,116
2026-09-11,simedarby,12408-21,0,Rumah Teres,103,97
2026-09-11,simedarby,12408-22,0,Rumah Teres,123,71
2026-09-11,simedarby,12408-23,0,Rumah Teres,6,0
2026-09-11,simedarby,12408-23,1,Rumah Teres,14,0
2026-09-11,simedarby,12408-23,2,Rumah Teres,94,0
2026-09-11,simedarby,12408-24,0,Rumah Teres,133,0
2026-09-11,simedarby,13017-43,0,Rumah Teres,30,30
2026-09-11,simedarby,13017-43,1,Rumah Teres,44,42
2026-09-11,simedarby,13017-43,2,Rumah Teres,2,2
2026-09-11,simedarby,13017-43,3,Rumah Teres,2,2
2026-09-11,simedarby,13017-43,4,Rumah Teres,5,5
2026-09-11,simedarby,13017-43,5,Rumah Teres,5,5
2026-09-11,simedarby,13017-43,6,Rumah Teres,12,12
2026-09-11,simedarby,13017-43,7,Rumah Teres,1,1
2026-09-11,simedarby,13017-43,8,Rumah Teres,1,1
2026-09-11,simedarby,13017-44,0,Rumah Teres,38,38
2026-09-11,simedarby,13017-44,1,Rumah Teres,39,39
2026-09-11,simedarby,13017-44,2,Rumah Teres,3,3
2026-09-11,simedarby,13017-44,3,Rumah Teres,2,2
2026-09-11,simedarby,13017-44,4,Rumah Teres,5,5
2026-09-11,simedarby,13017-44,5,Rumah Teres,6,6
2026-09-11,simedarby,13017-45,0,Rumah Kluster,20,20
2026-09-11,simedarby,13017-45,1,Rumah Kluster,20,18
2026-09-11,simedarby,13017-45,2,Rumah Berkembar,43,42
2026-09-11,simedarby,13017-45,3,Rumah Berkembar,43,41
2026-09-11,simedarby,13017-46,0,Rumah Teres,99,99
2026-09-11,simedarby,13017-47,0,Pangsapuri Servis,449,386
2026-09-11,simedarby,13017-47,1,Pangsapuri Servis,50,25
2026-09-11,simedarby,13017-48,0,Rumah Teres,145,134
2026-09-11,simedarby,13017-49,0,Rumah Kluster,52,47
2026-09-11,simedarby,13017-49,1,Rumah Berkembar,24,24
2026-09-11,simedarby,13017-50,0,Rumah Teres,136,59
2026-09-11,simedarby,13017-51,0,Rumah Teres,70,19
2026-09-11,simedarby,14358-4,0,Rumah Teres,56,0
2026-09-11,simedarby,20060-1,0,Pangsapuri Servis,266,256
2026-09-11,simedarby,20060-1,1,Pangsapuri Servis,254,252
2026-09-11,simedarby,20171-2,0,Rumah Teres,30,9
2026-09-11,simedarby,20171-2,1,Rumah Teres,29,13
2026-09-11,simedarby,20171-3,0,Rumah Teres,64,0
2026-09-11,simedarby,20171-3,1,Rumah Teres,48,0
2026-09-11,simedarby,30500-1,0,Rumah Pangsa/Kondo,62,54
2026-09-11,simedarby,30500-1,1,Rumah Pangsa/Kondo,46,39
2026-09-11,simedarby,30500-1,2,Rumah Pangsa/Kondo,42,41
2026-09-11,simedarby,3780-6,0,Pangsapuri Servis,426,424
2026-09-11,simedarby,3780-6,1,Pangsapuri Servis,535,532
2026-09-11,simedarby,3780-7,0,Pangsapuri Servis,525,0
2026-09-11,simedarby,3780-7,1,Pangsapuri Servis,473,0
2026-09-11,simedarby,3927-154,0,Rumah Pangsa/Kondo,16,16
2026-09-11,simedarby,3927-154,1,Rumah Pangsa/Kondo,30,30
2026-09-11,simedarby,3927-154,2,Rumah Pangsa/Kondo,32,32
2026-09-11,simedarby,3927-154,3,Rumah Pangsa/Kondo,32,32
2026-09-11,simedarby,3927-154,4,Rumah Pangsa/Kondo,12,12
2026-09-11,simedarby,3927-155,0,Pangsapuri Servis,507,506
2026-09-11,simedarby,3927-155,1,Pangsapuri Servis,419,417
2026-09-11,simedarby,3927-155,2,Pangsapuri Servis,502,497
2026-09-11,simedarby,3927-160,0,Pangsapuri Servis,246,107
2026-09-11,simedarby,3927-160,1,Pangsapuri Servis,62,60
2026-09-11,simedarby,3927-161,0,Rumah Teres,108,37
2026-09-11,simedarby,3927-161,1,Rumah Teres,20,13
2026-09-11,simedarby,3927-161,2,Rumah Teres,10,10
2026-09-11,simedarby,3927-162,0,Rumah Teres,64,13
2026-09-11,simedarby,3927-162,1,Rumah Teres,9,7
2026-09-11,simedarby,3927-162,2,Rumah Teres,9,4
2026-09-11,simedarby,3927-163,0,Rumah Teres,85,81
2026-09-11,simedarby,3927-163,1,Rumah Teres,10,9
2026-09-11,simedarby,3927-163,2,Rumah Teres,14,14
2026-09-11,simedarby,3927-164,0,Rumah Berkembar,56,37
2026-09-11,simedarby,3927-164,1,Rumah Berkembar,16,7
2026-09-11,simedarby,3927-165,0,Rumah Teres,124,20
2026-09-11,simedarby,3927-165,1,Rumah Teres,12,6
2026-09-11,simedarby,3927-165,2,Rumah Teres,10,3
2026-09-11,simedarby,3927-166,0,Rumah Sesebuah,25,24
2026-09-11,simedarby,3927-167,0,Rumah Teres,122,91
2026-09-11,simedarby,3927-167,1,Rumah Teres,14,10
2026-09-11,simedarby,3927-167,2,Rumah Teres,6,5
2026-09-11,simedarby,597-13,0,Pangsapuri Servis,234,228
2026-09-11,simedarby,6755-11,0,Rumah Teres,84,68
2026-09-11,simedarby,6755-11,1,Rumah Teres,7,7
2026-09-11,simedarby,6755-11,2,Rumah Teres,9,9
2026-09-11,simedarby,6755-12,0,Rumah Teres,39,28
2026-09-11,simedarby,6755-12,1,Rumah Teres,3,3
2026-09-11,simedarby,6755-12,2,Rumah Teres,3,3
2026-09-11,simedarby,6755-13,0,Rumah Teres,55,41
2026-09-11,simedarby,6755-13,1,Rumah Teres,5,5
2026-09-11,simedarby,6755-13,2,Rumah Teres,5,4
2026-09-11,simedarby,6785-27,0,Rumah Bandar,68,55
2026-09-11,simedarby,6785-28,0,Rumah Teres,40,32
2026-09-11,simedarby,6785-29,0,Rumah Bandar,84,0
2026-09-11,simedarby,6785-30,0,Rumah Teres,211,160
2026-09-11,simedarby,6785-31,0,Rumah Teres,174,27
2026-09-11,simedarby,7277-27,0,Rumah Pangsa/Kondo,146,146
2026-09-11,simedarby,7277-27,1,Rumah Pangsa/Kondo,158,158
2026-09-11,simedarby,7277-27,2,Rumah Pangsa/Kondo,146,132
2026-09-11,simedarby,7277-28,0,Rumah Berkembar,20,18
2026-09-11,simedarby,3927-156,0,Rumah Teres,117,106
2026-09-11,simedarby,3927-156,1,Rumah Teres,5,5
2026-09-11,simedarby,3927-156,2,Rumah Teres,17,17
2026-09-11,simedarby,3927-157,0,Rumah Teres,92,82
2026-09-11,simedarby,3927-157,1,Rumah Teres,9,8
2026-09-11,simedarby,3927-157,2,Rumah Teres,7,7
2026-09-11,simedarby,3927-157,3,Rumah Teres,104,104
2026-09-11,simedarby,3927-157,4,Rumah Teres,9,9
2026-09-11,simedarby,3927-157,5,Rumah Teres,7,7
2026-09-11,simedarby,3927-157,6,Rumah Teres,102,67
2026-09-11,simedarby,3927-157,7,Rumah Teres,8,8
2026-09-11,simedarby,3927-157,8,Rumah Teres,8,8
2026-09-11,simedarby,6755-7,0,Rumah Teres,57,49
2026-09-11,simedarby,6755-7,1,Rumah Teres,34,25
2026-09-11,simedarby,6755-7,2,Rumah Teres,4,4
2026-09-11,simedarby,6755-7,3,Rumah Teres,4,2
2026-09-11,simedarby,7277-30,0,Pangsapuri Servis,998,158
2026-09-11,simedarby,14350-1,0,Pangsapuri Servis,170,96
2026-09-11,simedarby,14350-1,1,Pangsapuri Servis,259,179
2026-09-11,simedarby,13017-19,0,Rumah Teres,26,26
2026-09-11,simedarby,13017-19,1,Rumah Teres,147,147
2026-09-11,simedarby,13017-19,2,Rumah Teres,10,10
2026-09-11,simedarby,13017-20,0,Rumah Teres,25,25
2026-09-11,simedarby,13017-20,1,Rumah Teres,10,10
2026-09-11,simedarby,13017-20,2,Rumah Teres,170,170
2026-09-11,simedarby,13017-21,0,Rumah Teres,12,12
2026-09-11,simedarby,13017-21,1,Rumah Teres,12,12
2026-09-11,simedarby,13017-21,2,Rumah Teres,22,22
2026-09-11,simedarby,13017-21,3,Rumah Teres,26,26
2026-09-11,simedarby,13017-22,0,Rumah Teres,181,181
2026-09-11,simedarby,13017-23,0,Rumah Berkembar,47,47
2026-09-11,simedarby,13017-24,0,Rumah Pangsa/Kondo,186,126
2026-09-11,simedarby,13017-24,1,Rumah Pangsa/Kondo,196,126
2026-09-11,simedarby,13017-24,2,Rumah Pangsa/Kondo,180,96
2026-09-11,simedarby,13017-25,0,Rumah Teres,168,168
2026-09-11,simedarby,13017-26,0,Rumah Teres,204,204
2026-09-11,simedarby,13017-27,0,Rumah Teres,290,185
2026-09-11,simedarby,13017-27,1,Rumah Teres,223,115
2026-09-11,simedarby,13017-28,0,Rumah Teres,218,49
2026-09-11,simedarby,13017-29,0,Rumah Teres,71,11
2026-09-11,simedarby,13017-29,1,Rumah Teres,70,10
2026-09-11,simedarby,13017-29,2,Rumah Teres,8,2
2026-09-11,simedarby,13017-29,3,Rumah Teres,7,2
2026-09-11,simedarby,13017-29,4,Rumah Teres,4,1
2026-09-11,simedarby,13017-29,5,Rumah Teres,5,0
2026-09-11,simedarby,13017-29,6,Rumah Teres,12,1
2026-09-11,simedarby,13017-29,7,Rumah Teres,13,4
2026-09-11,simedarby,13017-29,8,Rumah Teres,1,0
2026-09-11,simedarby,13017-29,9,Rumah Teres,2,0
2026-09-11,simedarby,13017-29,10,Rumah Teres,1,0
2026-09-11,simedarby,13017-30,0,Rumah Sesebuah,1,1
2026-09-11,simedarby,13017-30,1,Rumah Berkembar,56,13
2026-09-11,simedarby,13017-31,0,Rumah Berkembar,17,17
2026-09-11,simedarby,13017-31,1,Rumah Berkembar,19,19
2026-09-11,simedarby,13017-31,2,Rumah Berkembar,13,12
2026-09-11,simedarby,13017-31,3,Rumah Berkembar,13,12
2026-09-11,simedarby,13017-31,4,Rumah Berkembar,4,3
2026-09-11,simedarby,13017-31,5,Rumah Berkembar,2,2
2026-09-11,simedarby,13017-31,6,Rumah Sesebuah,1,1
2026-09-11,simedarby,13017-32,0,Rumah Teres,189,1
2026-09-11,simedarby,13017-33,0,Rumah Teres,56,2
2026-09-11,simedarby,13017-33,1,Rumah Teres,56,1
2026-09-11,simedarby,13017-33,2,Rumah Teres,10,1
2026-09-11,simedarby,13017-33,3,Rumah Teres,10,1
2026-09-11,simedarby,13017-33,4,Rumah Teres,6,1
2026-09-11,simedarby,13017-33,5,Rumah Teres,6,2
2026-09-11,simedarby,13017-33,6,Rumah Teres,6,2
2026-09-11,simedarby,13017-33,7,Rumah Teres,6,3
2026-09-11,simedarby,13017-33,8,Rumah Teres,1,1
2026-09-11,simedarby,13017-33,9,Rumah Teres,2,1
2026-09-11,simedarby,13017-33,10,Rumah Teres,1,1
2026-09-11,simedarby,13017-34,0,Rumah Teres,208,117
2026-09-11,simedarby,13017-35,0,Rumah Teres,277,277
2026-09-11,simedarby,13017-36,0,Rumah Teres,116,113
2026-09-11,simedarby,13017-37,0,Rumah Teres,139,138
2026-09-11,simedarby,13017-38,0,Rumah Teres,185,180
2026-09-11,simedarby,13017-39,0,Rumah Teres,131,130
2026-09-11,simedarby,13017-40,0,Rumah Teres,241,241
2026-09-11,simedarby,13017-40,1,Rumah Bandar,62,61
2026-09-11,simedarby,13017-41,0,Rumah Berkembar,80,79
2026-09-11,simedarby,13017-42,0,Rumah Berkembar,88,88
2026-09-11,simedarby,12408-11,0,Rumah Teres,9,9
2026-09-11,simedarby,12408-11,1,Rumah Teres,38,38
2026-09-11,simedarby,12408-11,2,Rumah Teres,6,6
2026-09-11,simedarby,12408-11,3,Rumah Teres,54,54
2026-09-11,simedarby,12408-11,4,Rumah Teres,9,9
2026-09-11,simedarby,12408-11,5,Rumah Teres,9,9
2026-09-11,simedarby,12408-12,0,Rumah Teres,3,3
2026-09-11,simedarby,12408-12,1,Rumah Teres,7,7
2026-09-11,simedarby,12408-12,2,Rumah Teres,2,1
2026-09-11,simedarby,12408-12,3,Rumah Teres,47,1
2026-09-11,simedarby,12408-13,0,Rumah Teres,86,10
2026-09-11,simedarby,12408-14,0,Rumah Teres,50,43
2026-09-11,simedarby,12408-15,0,Rumah Teres,65,23
2026-09-11,simedarby,6785-7,0,Rumah Teres,247,247
2026-09-11,simedarby,6785-7,1,Rumah Teres,29,29
2026-09-11,simedarby,6785-7,2,Rumah Teres,6,6
2026-09-11,simedarby,6785-7,3,Rumah Teres,16,16
2026-09-11,simedarby,6785-8,0,Rumah Teres,226,226
2026-09-11,simedarby,6785-9,0,Rumah Teres,176,176
2026-09-11,simedarby,6785-10,0,Rumah Teres,84,84
2026-09-11,simedarby,6785-10,1,Rumah Teres,16,16
2026-09-11,simedarby,6785-11,0,Rumah Teres,84,84
2026-09-11,simedarby,6785-11,1,Rumah Teres,16,16
2026-09-11,simedarby,6785-12,0,Rumah Teres,19,19
2026-09-11,simedarby,6785-12,1,Rumah Teres,87,87
2026-09-11,simedarby,6785-12,2,Rumah Teres,16,16
2026-09-11,simedarby,6785-13,0,Rumah Teres,26,26
2026-09-11,simedarby,6785-13,1,Rumah Teres,54,54
2026-09-11,simedarby,6785-13,2,Rumah Teres,7,7
2026-09-11,simedarby,6785-14,0,Rumah Teres,16,16
2026-09-11,simedarby,6785-14,1,Rumah Teres,82,79
2026-09-11,simedarby,6785-14,2,Rumah Teres,17,16
2026-09-11,simedarby,6785-15,0,Rumah Teres,110,107
2026-09-11,simedarby,6785-16,0,Rumah Bandar,60,0
2026-09-11,simedarby,6785-17,0,Rumah Bandar,142,0
2026-09-11,simedarby,6785-18,0,Rumah Teres,120,87
2026-09-11,simedarby,6785-19,0,Rumah Teres,104,104
2026-09-11,simedarby,6785-19,1,Rumah Teres,18,18
2026-09-11,simedarby,6785-19,2,Rumah Teres,22,22
2026-09-11,simedarby,6785-20,0,Rumah Teres,102,102
2026-09-11,simedarby,6785-20,1,Rumah Teres,13,13
2026-09-11,simedarby,6785-20,2,Rumah Teres,23,23
2026-09-11,simedarby,6785-21,0,Rumah Teres,84,57
2026-09-11,simedarby,6785-22,0,Rumah Teres,116,108
2026-09-11,simedarby,6785-23,0,Rumah Teres,96,86
2026-09-11,simedarby,6785-24,0,Rumah Berkembar,72,53
2026-09-11,simedarby,6785-25,0,Rumah Teres,202,191
2026-09-11,simedarby,6785-26,0,Rumah Teres,206,203
2026-09-11,spsetia,10530-12,0,Pangsapuri Servis,216,97
2026-09-11,spsetia,10611-24,0,Rumah Teres,79,66
2026-09-11,spsetia,10611-24,1,Rumah Teres,52,43
2026-09-11,spsetia,10611-25,0,Rumah Berkembar,46,37
2026-09-11,spsetia,10611-26,0,Rumah Teres,111,92
2026-09-11,spsetia,10611-27,0,Rumah Teres,32,4
2026-09-11,spsetia,10611-28,0,Rumah Teres,89,9
2026-09-11,spsetia,10611-29,0,Rumah Sesebuah,22,0
2026-09-11,spsetia,11461-7,0,Rumah Berkembar,22,15
2026-09-11,spsetia,11978-4,0,Rumah Pangsa/Kondo,268,20
2026-09-11,spsetia,13243-26,0,Rumah Berkembar,40,25
2026-09-11,spsetia,13243-28,0,Rumah Sesebuah,37,5
2026-09-11,spsetia,14331-6,0,Rumah Teres,30,30
2026-09-11,spsetia,14331-6,1,Rumah Teres,4,4
2026-09-11,spsetia,14331-6,2,Rumah Teres,2,2
2026-09-11,spsetia,14331-6,3,Rumah Teres,2,2
2026-09-11,spsetia,14331-6,4,Rumah Berkembar,32,19
2026-09-11,spsetia,14331-7,0,Rumah Teres,25,25
2026-09-11,spsetia,14331-7,1,Rumah Bandar,246,241
2026-09-11,spsetia,14331-7,2,Rumah Pangsa/Kondo,117,112
2026-09-11,spsetia,14331-8,0,Rumah Berkembar,4,0
2026-09-11,spsetia,14331-8,1,Rumah Teres,50,1
2026-09-11,spsetia,14331-8,2,Rumah Teres,16,0
2026-09-11,spsetia,14421-22,0,Rumah Teres,113,71
2026-09-11,spsetia,19700-5,0,Rumah Berkembar,12,8
2026-09-11,spsetia,19700-6,0,Rumah Berkembar,74,26
2026-09-11,spsetia,19732-10,0,Rumah Berkembar,12,0
2026-09-11,spsetia,19732-10,1,Rumah Sesebuah,18,0
2026-09-11,spsetia,19732-10,2,Rumah Berkembar,32,0
2026-09-11,spsetia,19732-10,3,Rumah Berkembar,46,0
2026-09-11,spsetia,19732-6,0,Rumah Teres,48,16
2026-09-11,spsetia,19732-6,1,Rumah Teres,49,12
2026-09-11,spsetia,19732-6,2,Rumah Teres,30,21
2026-09-11,spsetia,19732-7,0,Rumah Teres,154,94
2026-09-11,spsetia,19732-8,0,Rumah Teres,179,0
2026-09-11,spsetia,19732-9,0,Rumah Pangsa/Kondo,640,640
2026-09-11,spsetia,19740-7,0,Rumah Berkembar,54,1
2026-09-11,spsetia,2387-21,0,Rumah Teres,48,40
2026-09-11,spsetia,2387-22,0,Rumah Teres,56,32
2026-09-11,spsetia,2387-23,0,Rumah Sesebuah,2,1
2026-09-11,spsetia,2387-23,1,Rumah Kluster,32,7
2026-09-11,spsetia,30101-8,0,Rumah Kluster,72,27
2026-09-11,spsetia,30101-9,0,Rumah Teres,60,37
2026-09-11,spsetia,30874-1,0,Pangsapuri Servis,693,232
2026-09-11,spsetia,37-10,0,Rumah Teres,162,10
2026-09-11,spsetia,37-9,0,Rumah Bandar,420,10
2026-09-11,spsetia,4924-79,0,Rumah Berkembar,18,18
2026-09-11,spsetia,4924-79,1,Rumah Berkembar,18,18
2026-09-11,spsetia,4924-79,2,Rumah Sesebuah,1,1
2026-09-11,spsetia,4924-80,0,Rumah Teres,31,31
2026-09-11,spsetia,4924-80,1,Rumah Teres,7,6
2026-09-11,spsetia,4924-81,0,Rumah Berkembar,12,12
2026-09-11,spsetia,4924-81,1,Rumah Berkembar,16,16
2026-09-11,spsetia,4924-82,0,Rumah Berkembar,30,30
2026-09-11,spsetia,4924-83,0,Rumah Berkembar,18,0
2026-09-11,spsetia,673-12,0,Pangsapuri Servis,225,96
2026-09-11,spsetia,673-12,1,Pangsapuri Servis,274,105
2026-09-11,spsetia,7180-39,0,Rumah Teres,68,41
2026-09-11,spsetia,7180-39,1,Rumah Teres,11,7
2026-09-11,spsetia,7180-39,2,Rumah Teres,7,4
2026-09-11,spsetia,7180-40,0,Rumah Teres,77,26
2026-09-11,spsetia,7180-41,0,Rumah Teres,98,0
2026-09-11,spsetia,8118-60,0,Rumah Kluster,174,168
2026-09-11,spsetia,8118-60,1,Rumah Kluster,116,111
2026-09-11,spsetia,8118-60,2,Rumah Teres,30,28
2026-09-11,spsetia,8118-60,3,Rumah Teres,35,34
2026-09-11,spsetia,8118-74,0,Rumah Berkembar,40,36
2026-09-11,spsetia,8118-75,0,Rumah Teres,103,75
2026-09-11,spsetia,8118-76,0,Rumah Teres,95,68
2026-09-11,spsetia,8118-77,0,Rumah Berkembar,30,17
2026-09-11,spsetia,8118-78,0,Pangsapuri Servis,280,45
2026-09-11,spsetia,8118-78,1,Pangsapuri Servis,320,66
2026-09-11,spsetia,8118-79,0,Rumah Bandar,60,0
2026-09-11,spsetia,8118-79,1,Rumah Bandar,48,0
2026-09-11,spsetia,8118-80,0,Rumah Teres,203,102
2026-09-11,spsetia,8118-81,0,Rumah Sesebuah,27,8
2026-09-11,spsetia,8118-82,0,Rumah Kluster,72,0
2026-09-11,spsetia,8118-82,1,Rumah Berkembar,12,0
2026-09-11,spsetia,8118-82,2,Rumah Kluster,4,0
2026-09-11,spsetia,9246-123,0,Rumah Berpagar,17,2
2026-09-11,spsetia,9246-123,1,Rumah Berpagar,16,9
2026-09-11,spsetia,9246-123,2,Rumah Berpagar,2,2
2026-09-11,spsetia,9246-123,3,Rumah Berpagar,2,2
2026-09-11,spsetia,9246-123,4,Rumah Berpagar,2,1
2026-09-11,spsetia,9246-123,5,Rumah Berpagar,4,3
2026-09-11,spsetia,9246-123,6,Rumah Berpagar,2,1
2026-09-11,spsetia,9246-123,7,Rumah Berpagar,2,2
2026-09-11,spsetia,9246-123,8,Rumah Berpagar,2,2
2026-09-11,spsetia,9246-123,9,Rumah Berpagar,2,2
2026-09-11,spsetia,9246-123,10,Rumah Berpagar,17,1
2026-09-11,spsetia,9246-124,0,Rumah Teres,43,42
2026-09-11,spsetia,9246-124,1,Rumah Teres,59,52
2026-09-11,spsetia,9246-125,0,Rumah Kluster,72,45
2026-09-11,spsetia,9246-126,0,Rumah Teres,83,21
2026-09-11,spsetia,9246-126,1,Rumah Teres,17,2
2026-09-11,spsetia,9586-34,0,Rumah Sesebuah,1,1
2026-09-11,spsetia,9586-34,1,Rumah Sesebuah,8,8
2026-09-11,spsetia,9586-34,2,Rumah Sesebuah,10,10
2026-09-11,spsetia,9586-35,0,Rumah Sesebuah,11,11
2026-09-11,spsetia,9586-36,0,Rumah Sesebuah,29,29
2026-09-11,spsetia,9586-37,0,Rumah Berkembar,58,45
2026-09-11,spsetia,9586-37,1,Rumah Sesebuah,9,7
2026-09-11,spsetia,9796-21,0,Rumah Teres,62,60
2026-09-11,spsetia,9796-21,1,Rumah Teres,21,17
2026-09-11,spsetia,9796-22,0,Rumah Berkembar,42,13
2026-09-11,spsetia,9796-23,0,Rumah Teres,95,80
2026-09-11,spsetia,9796-24,0,Rumah Berkembar,38,13
2026-09-11,spsetia,9796-25,0,Rumah Pangsa/Kondo,274,145
2026-09-11,spsetia,9796-25,1,Rumah Pangsa/Kondo,287,88
2026-09-11,spsetia,9796-26,0,Rumah Teres,82,27
2026-09-11,spsetia,9796-27,0,Rumah Teres,69,1
2026-09-11,spsetia,9829-28,0,Rumah Teres,116,115
2026-09-11,spsetia,9829-29,0,Rumah Kluster,60,33
2026-09-11,spsetia,9829-30,0,Rumah Teres,101,84
2026-09-11,spsetia,9829-31,0,Rumah Kluster,60,32
2026-09-11,spsetia,9829-31,1,Rumah Berkembar,10,8
2026-09-11,spsetia,9829-33,0,Rumah Berkembar,28,1
2026-09-11,spsetia,9829-33,1,Rumah Berkembar,12,5
2026-09-11,spsetia,9829-34,0,Rumah Teres,146,32
2026-09-11,spsetia,9851-25,0,Rumah Sesebuah,18,3
2026-09-11,spsetia,9851-25,1,Rumah Berkembar,22,3
2026-09-11,spsetia,9796-19,0,Rumah Teres,44,44
2026-09-11,spsetia,9796-19,1,Rumah Teres,54,45
2026-09-11,spsetia,14331-1,0,Rumah Berkembar,51,51
2026-09-11,spsetia,14331-1,1,Rumah Sesebuah,5,5
2026-09-11,spsetia,14331-1,2,Rumah Teres,34,34
2026-09-11,spsetia,14331-1,3,Rumah Teres,65,65
2026-09-11,spsetia,14331-1,4,Rumah Teres,72,72
2026-09-11,spsetia,14331-3,0,Rumah Teres,54,54
2026-09-11,spsetia,14331-3,1,Rumah Teres,38,38
2026-09-11,spsetia,14331-3,2,Rumah Berkembar,64,64
2026-09-11,spsetia,14331-4,0,Rumah Berkembar,68,67
2026-09-11,spsetia,14331-4,1,Rumah Sesebuah,12,5
2026-09-11,spsetia,14331-4,2,Rumah Teres,75,75
2026-09-11,spsetia,14331-5,0,Rumah Berkembar,28,28
2026-09-11,spsetia,14331-5,1,Rumah Teres,36,36
2026-09-11,spsetia,14331-5,2,Rumah Teres,4,4
2026-09-11,spsetia,14331-5,3,Rumah Teres,6,5
2026-09-11,spsetia,30101-1,0,Rumah Kluster,88,88
2026-09-11,spsetia,30101-2,0,Rumah Kluster,44,44
2026-09-11,spsetia,30101-3,0,Rumah Kluster,44,44
2026-09-11,spsetia,30101-4,0,Rumah Teres,114,111
2026-09-11,spsetia,30101-5,0,Rumah Kluster,88,88
2026-09-11,spsetia,30101-6,0,Rumah Kluster,44,43
2026-09-11,spsetia,30101-7,0,Rumah Teres,60,46
2026-09-11,spsetia,9796-20,0,Rumah Teres,48,48
2026-09-11,spsetia,9796-20,1,Rumah Teres,49,41
2026-09-11,spsetia,37-5,0,Rumah Pangsa/Kondo,272,272
2026-09-11,spsetia,37-6,0,Rumah Teres,187,186
2026-09-11,spsetia,37-7,0,Rumah Teres,135,122
2026-09-11,spsetia,37-8,0,Rumah Teres,49,0
2026-09-11,spsetia,37-8,1,Rumah Teres,3,0
2026-09-11,spsetia,37-8,2,Rumah Teres,5,0
2026-09-11,spsetia,37-8,3,Rumah Teres,51,0
2026-09-11,spsetia,37-8,4,Rumah Teres,2,0
2026-09-11,spsetia,37-8,5,Rumah Teres,5,0
2026-09-11,spsetia,37-8,6,Rumah Teres,1,0
2026-09-11,spsetia,37-8,7,Rumah Teres,1,0
2026-09-11,spsetia,12215-6,0,Rumah Sesebuah,13,13
2026-09-11,spsetia,12215-6,1,Rumah Berkembar,41,41
2026-09-11,spsetia,12215-6,2,Rumah Teres,84,84
2026-09-11,spsetia,12215-7,0,Rumah Teres,152,152
2026-09-11,spsetia,12215-8,0,Rumah Berkembar,42,41
2026-09-11,spsetia,12215-8,1,Rumah Sesebuah,18,14
2026-09-11,spsetia,12215-9,0,Rumah Teres,48,48
2026-09-11,spsetia,12215-9,1,Rumah Sesebuah,6,6
2026-09-11,spsetia,12215-9,2,Rumah Berkembar,46,43
2026-09-11,spsetia,14421-6,0,Rumah Kluster,92,92
2026-09-11,spsetia,14421-7,0,Rumah Teres,114,114
2026-09-11,spsetia,14421-8,0,Rumah Teres,80,80
2026-09-11,spsetia,14421-9,0,Rumah Teres,67,67
2026-09-11,spsetia,14421-10,0,Rumah Kluster,48,48
2026-09-11,spsetia,14421-11,0,Rumah Teres,45,45
2026-09-11,spsetia,14421-12,0,Rumah Teres,21,21
2026-09-11,spsetia,14421-12,1,Rumah Teres,44,44
2026-09-11,spsetia,14421-13,0,Rumah Teres,105,105
2026-09-11,spsetia,14421-14,0,Rumah Teres,69,69
2026-09-11,spsetia,14421-15,0,Rumah Teres,62,62
2026-09-11,spsetia,14421-16,0,Rumah Kluster,76,76
2026-09-11,spsetia,14421-17,0,Rumah Teres,76,25
2026-09-11,spsetia,14421-18,0,Rumah Teres,66,66
2026-09-11,spsetia,14421-19,0,Rumah Teres,77,2
2026-09-11,spsetia,14421-20,0,Rumah Kluster,84,78
2026-09-11,spsetia,14421-21,0,Rumah Teres,99,77
2026-09-11,spsetia,19740-1,0,Rumah Berkembar,34,34
2026-09-11,spsetia,19740-2,0,Rumah Berkembar,10,10
2026-09-11,spsetia,19740-2,1,Rumah Sesebuah,8,8
2026-09-11,spsetia,19740-3,0,Rumah Berkembar,9,9
2026-09-11,spsetia,19740-4,0,Rumah Sesebuah,5,5
2026-09-11,spsetia,19740-4,1,Rumah Berkembar,24,24
2026-09-11,spsetia,19740-5,0,Rumah Berkembar,8,8
2026-09-11,spsetia,19740-6,0,Rumah Berkembar,26,20
2026-09-11,spsetia,19732-4,0,Rumah Teres,32,32
2026-09-11,spsetia,19732-4,1,Rumah Teres,29,29
2026-09-11,spsetia,19732-4,2,Rumah Teres,50,40
2026-09-11,spsetia,19732-4,3,Rumah Teres,51,45
2026-09-11,spsetia,19732-4,4,Rumah Teres,30,30
2026-09-11,spsetia,19732-5,0,Rumah Teres,76,61
2026-09-11,spsetia,19732-5,1,Rumah Teres,74,59
2026-09-11,spsetia,19732-5,2,Rumah Teres,15,9
2026-09-11,spsetia,19732-5,3,Rumah Teres,15,5
2026-09-11,ksl,13457-2,0,Pangsapuri Servis,480,18
2026-09-11,ksl,13457-2,1,Pangsapuri Servis,800,18
2026-09-11,ksl,14641-2,0,Pangsapuri Servis,697,51
2026-09-11,ksl,14641-2,1,Pangsapuri Servis,503,97
2026-09-11,ksl,30622-1,0,Rumah Teres,146,135
2026-09-11,ksl,30622-1,1,Rumah Teres,14,13
2026-09-11,ksl,30622-2,0,Rumah Teres,175,167
2026-09-11,ksl,30622-3,0,Rumah Teres,124,113
2026-09-11,ksl,30622-3,1,Rumah Teres,8,6
2026-09-11,ksl,30622-4,0,Rumah Teres,5,5
2026-09-11,ksl,30622-4,1,Rumah Teres,124,95
2026-09-11,ksl,31041-1,0,Pangsapuri Servis,552,31
2026-09-11,ksl,31041-1,1,Pangsapuri Servis,181,18
2026-09-11,ksl,31063-1,0,Rumah Kluster,228,61
2026-09-11,ksl,31063-1,1,Rumah Berkembar,2,1
2026-09-11,ksl,31063-2,0,Rumah Teres,265,265
2026-09-11,ksl,31063-3,0,Rumah Teres,265,265
2026-09-11,ksl,31063-4,0,Pangsapuri Servis,511,76
2026-09-11,ksl,31063-4,1,Pangsapuri Servis,511,129
2026-09-11,ksl,31063-5,0,Pangsapuri Servis,1138,30
2026-09-11,ksl,3390-38,0,Rumah Teres,56,0
2026-09-11,ksl,3390-38,1,Rumah Teres,8,0
2026-09-11,ksl,3390-38,2,Rumah Teres,7,0
2026-09-11,ksl,3390-71,0,Pangsapuri Servis,1170,669
2026-09-11,ksl,3390-71,1,Pangsapuri Servis,518,342
2026-09-11,ksl,3390-77,0,Pangsapuri Servis,204,33
2026-09-11,ksl,3390-77,1,Pangsapuri Servis,204,9
2026-09-11,ksl,3390-77,2,Pangsapuri Servis,204,2
2026-09-11,ksl,3390-78,0,Rumah Teres,181,112
2026-09-11,ksl,3390-79,0,Rumah Teres,217,85
2026-09-11,ksl,3390-80,0,Pangsapuri Servis,430,182
2026-09-11,ksl,3390-80,1,Pangsapuri Servis,271,56
2026-09-11,ksl,3390-80,2,Pangsapuri Servis,963,263
2026-09-11,ksl,3390-81,0,Rumah Teres,19,12
2026-09-11,ksl,3390-82,0,Rumah Teres,181,50
2026-09-11,ksl,3390-82,1,Rumah Sesebuah,1,0
2026-09-11,ksl,3390-83,0,Pangsapuri Servis,432,75
2026-09-11,ksl,3390-83,1,Pangsapuri Servis,432,66
2026-09-11,ksl,3390-84,0,Rumah Teres,33,14
2026-09-11,ksl,3390-84,1,Rumah Teres,2,1
2026-09-11,ksl,3390-84,2,Rumah Teres,1,0
2026-09-11,ksl,3390-84,3,Rumah Teres,2,1
2026-09-11,ksl,3390-84,4,Rumah Teres,3,2
2026-09-11,ksl,3390-84,5,Rumah Teres,3,0
2026-09-11,ksl,3390-85,0,Rumah Teres,223,0
2026-09-11,ksl,3390-86,0,Rumah Kluster,24,0
2026-09-11,ksl,3390-86,1,Rumah Kluster,120,0
2026-09-11,ksl,3390-86,2,Rumah Berkembar,8,0
2026-09-11,ksl,3390-86,3,Rumah Berkembar,20,0
2026-09-11,ksl,3390-86,4,Rumah Berkembar,2,0
2026-09-11,ksl,3390-86,5,Rumah Berkembar,2,0
2026-09-11,ksl,4204-16,0,Rumah Teres,240,123
2026-09-11,ksl,4204-17,0,Rumah Teres,196,8
2026-09-11,ksl,4706-6,0,Rumah Teres,23,0
2026-09-11,ksl,4706-6,1,Rumah Teres,4,0
2026-09-11,ksl,4706-6,2,Rumah Teres,5,0
2026-09-11,ksl,5192-10,0,Rumah Berkembar,6,5
2026-09-11,ksl,5192-10,1,Rumah Teres,18,7
2026-09-11,ksl,5192-10,2,Rumah Teres,13,8
2026-09-11,ksl,5192-10,3,Rumah Teres,1,0
2026-09-11,ksl,5192-10,4,Rumah Teres,2,0
2026-09-11,ksl,5192-10,5,Rumah Teres,2,0
2026-09-11,ksl,5192-10,6,Rumah Teres,3,0
2026-09-11,ksl,5192-9,0,Rumah Berkembar,4,2
2026-09-11,ksl,5192-9,1,Rumah Teres,46,5
2026-09-11,ksl,5192-9,2,Rumah Teres,2,0
2026-09-11,ksl,5192-9,3,Rumah Teres,3,0
2026-09-11,ksl,5192-9,4,Rumah Teres,3,0
2026-09-11,ksl,5192-9,5,Rumah Teres,3,0
2026-09-11,ksl,7777-13,0,Rumah Teres,44,37
2026-09-11,ksl,7777-13,1,Rumah Teres,21,15
2026-09-11,ksl,7777-13,2,Rumah Teres,12,10
2026-09-11,ksl,7777-13,3,Rumah Teres,14,13
2026-09-11,ksl,7777-14,0,Rumah Teres,92,73
2026-09-11,ksl,7777-14,1,Rumah Teres,9,4
2026-09-11,ksl,7777-15,0,Rumah Teres,19,10
2026-09-11,ksl,7777-15,1,Rumah Teres,202,114
2026-09-11,ksl,7777-16,0,Rumah Teres,237,59
2026-09-11,ksl,7777-17,0,Rumah Teres,72,44
2026-09-11,ksl,7777-17,1,Rumah Teres,104,65
2026-09-11,ksl,7777-18,0,Pangsapuri Servis,482,331
2026-09-11,ksl,7777-18,1,Pangsapuri Servis,666,490
2026-09-11,ksl,3390-73,0,Rumah Pangsa/Kondo,238,199
2026-09-11,ksl,3390-73,1,Rumah Pangsa/Kondo,238,195
2026-09-11,ksl,3390-64,0,Pangsapuri Servis,440,271
2026-09-11,ksl,3390-64,1,Pangsapuri Servis,440,248
2026-09-11,ksl,3390-64,2,Pangsapuri Servis,396,235
2026-09-11,johor,31366-1,0,Pangsapuri Servis,253,0
2026-09-11,johor,31366-1,1,Pangsapuri Servis,368,0
2026-09-11,lagenda,20128-2,0,Rumah Teres,18,0
2026-09-11,scientex,30714-3,0,Rumah Teres,303,301
2026-09-11,scientex,30714-4,0,Rumah Teres,263,258
2026-09-11,scientex,6575-48,0,Rumah Teres,234,204
2026-09-11,scientex,6575-49,0,Rumah Teres,333,261
2026-09-11,scientex,6575-52,0,Rumah Teres,343,247
2026-09-11,scientex,9294-87,0,Rumah Teres,283,117
2026-09-11,scientex,6331-8,0,Rumah Teres,139,139
2026-09-11,scientex,6331-8,1,Rumah Berkembar,70,70
2026-09-11,scientex,6331-30,0,Rumah Teres,220,0
2026-09-11,simedarby,597-14,0,Rumah Pangsa/Kondo,480,333
2026-09-11,simedarby,597-15,0,Rumah Teres,61,7
2026-09-11,ksl,4205-10,0,Rumah Teres,60,7
2026-09-11,ksl,4205-11,0,Rumah Teres,52,0
2026-09-11,ksl,4205-12,0,Rumah Teres,60,5
2026-09-12,seputeh,32-16,0,Rumah Pangsa/Kondo,13,2
2026-09-12,seputeh,32-16,1,Rumah Pangsa/Kondo,13,6
2026-09-12,seputeh,32-16,2,Rumah Pangsa/Kondo,21,4
2026-09-12,seputeh,32-16,3,Rumah Pangsa/Kondo,27,10
2026-09-12,seputeh,32-16,4,Rumah Pangsa/Kondo,13,2
2026-09-12,seputeh,32-16,5,Rumah Pangsa/Kondo,12,2
2026-09-12,seputeh,32-16,6,Rumah Pangsa/Kondo,27,10
2026-09-12,seputeh,32-16,7,Rumah Pangsa/Kondo,20,7
2026-09-12,seputeh,30216-1,0,Pangsapuri Servis,154,36
2026-09-12,seputeh,30216-2,0,Pangsapuri Servis,490,56
2026-09-12,seputeh,31078-1,0,Rumah Berpagar & Berpengawal,48,45
2026-09-12,seputeh,31274-1,0,Rumah Pangsa/Kondo,244,1
2026-09-12,seputeh,2463-23,0,Rumah Pangsa/Kondo,293,267
2026-09-12,seputeh,2463-23,1,Rumah Pangsa/Kondo,140,90
2026-09-12,status13,31202-1,0,Pangsapuri Suite,680,114
2026-09-12,status13,31202-1,1,Pangsapuri Suite,630,98
2026-09-12,status13,13262-2,0,Pangsapuri Suite,747,66
2026-09-12,status13,13262-2,1,Pangsapuri Suite,797,321
2026-09-12,status13,30590-2,0,Soho,996,136
2026-09-12,status13,5911-33,0,Pangsapuri Servis,686,463
2026-09-12,status13,5911-33,1,Pangsapuri Servis,932,558
2026-09-12,status13,30363-2,0,Pangsapuri Suite,1218,1131
2026-09-12,status13,30821-1,0,Pangsapuri Suite,494,262
2026-09-12,status13,30821-1,1,Pangsapuri Suite,494,264
2026-09-12,status13,30366-1,0,Pangsapuri Servis,482,470
2026-09-12,status13,13074-4,0,Pangsapuri Servis,299,238
2026-09-12,status13,8824-5,0,Pangsapuri Servis,641,205
2026-09-12,status13,8824-5,1,Pangsapuri Servis,655,467
2026-09-12,status13,20253-3,0,Rumah Pangsa/Kondo,757,604
2026-09-12,status13,20253-3,1,Rumah Pangsa/Kondo,743,565
2026-09-12,status13,30876-1,0,Rumah Pangsa/Kondo,551,141
2026-09-12,status13,30250-2,0,Rumah Pangsa/Kondo,333,333
2026-09-12,status13,30250-2,1,Rumah Pangsa/Kondo,328,326
2026-09-12,status13,31332-1,0,Pangsapuri Servis,415,221
2026-09-12,status13,31332-1,1,Pangsapuri Servis,415,151
2026-09-12,johor,835-14,0,Pangsapuri Servis,715,316
2026-09-12,johor,30946-1,0,Pangsapuri Servis,1950,988
2026-09-12,johor,14523-4,0,Pangsapuri Servis,416,53
2026-09-12,johor,30635-1,0,Pangsapuri Servis,539,330
2026-09-12,johor,30635-1,1,Pangsapuri Servis,539,340
2026-09-12,johor,30635-1,2,Pangsapuri Servis,539,223
2026-09-12,johor,30635-1,3,Pangsapuri Servis,539,180
2026-09-12,johor,31007-1,0,Pangsapuri Servis,848,845
2026-09-12,johor,31100-1,0,Pangsapuri Servis,1527,483
2026-09-12,johor,31100-1,1,Pangsapuri Servis,1257,534
2026-09-12,johor,31100-1,2,Pangsapuri Servis,908,512
2026-09-12,johor,31100-1,3,Pangsapuri Servis,833,0
2026-09-12,johor,31074-1,0,Pangsapuri Servis,858,407
2026-09-12,johor,31074-1,1,Pangsapuri Servis,858,374
2026-09-12,johor,31074-1,2,Pangsapuri Servis,1027,244
2026-09-12,johor,9600-6,0,Pangsapuri Servis,843,505
2026-09-12,johor,9600-6,1,Pangsapuri Servis,890,272
2026-09-12,johor,31031-1,0,Pangsapuri Servis,815,728
2026-09-12,johor,31031-1,1,Pangsapuri Servis,808,673
2026-09-12,johor,30828-3,0,Pangsapuri Servis,996,915
2026-09-12,johor,13531-2,0,Pangsapuri Servis,824,734
2026-09-12,johor,31034-1,0,Soho,540,298
2026-09-12,johor,31034-1,1,Soho,472,97
2026-09-12,johor,31149-1,0,Pangsapuri Servis,637,222
2026-09-12,johor,31149-1,1,Pangsapuri Servis,637,99
2026-09-12,ukay,9500-8,0,Rumah Pangsa/Kondo,306,95
2026-09-12,ukay,20140-2,0,Rumah Pangsa/Kondo,230,45
2026-09-12,ukay,20140-2,1,Rumah Pangsa/Kondo,216,204
2026-09-12,ukay,20140-2,2,Rumah Pangsa/Kondo,291,100
2026-09-12,ukay,11519-3,0,Rumah Pangsa/Kondo,344,343
2026-09-12,ukay,597-13,0,Pangsapuri Servis,234,228
2026-09-12,ukay,10296-3,0,Rumah Sesebuah,1,1
2026-09-12,ukay,10296-3,1,Rumah Berkembar,2,2
2026-09-12,ukay,10296-3,2,Rumah Teres,45,45
2026-09-12,ukay,10296-3,3,Rumah Berkembar,4,4
2026-09-12,ukay,10296-3,4,Rumah Sesebuah,1,1
2026-09-12,ukay,10296-3,5,Rumah Teres,80,80
2026-09-12,ukay,10296-3,6,Rumah Berkembar,24,24
2026-09-12,ukay,10296-3,7,Rumah Sesebuah,1,1
2026-09-12,ukay,10296-3,8,Rumah Teres,12,12
2026-09-12,ukay,10296-3,9,Rumah Teres,54,54
2026-09-12,ukay,10296-3,10,Rumah Teres,12,12
2026-09-12,ukay,10296-3,11,Rumah Berkembar,18,18
2026-09-12,ukay,10296-3,12,Rumah Sesebuah,1,1
2026-09-12,ukay,10296-3,13,Rumah Sesebuah,1,1
2026-09-12,ukay,10296-3,14,Rumah Berkembar,12,12
2026-09-12,ukay,10296-3,15,Rumah Berkembar,2,2
2026-09-12,ukay,10296-3,16,Rumah Berkembar,2,2
2026-09-12,ukay,10296-3,17,Rumah Sesebuah,1,1
2026-09-12,ukay,12369-1,0,Rumah Teres,32,32
2026-09-12,ukay,12369-2,0,Rumah Berkembar,7,7
2026-09-12,ukay,12166-1,0,Rumah Sesebuah,3,3
2026-09-12,ukay,12166-1,1,Rumah Sesebuah,10,10
2026-09-12,ukay,12166-1,2,Rumah Sesebuah,61,61
2026-09-12,ukay,9500-7,0,Rumah Teres,7,7
2026-09-12,ukay,9500-7,1,Rumah Teres,7,7
2026-09-12,ukay,9500-7,2,Rumah Teres,12,12
2026-09-12,ukay,9500-7,3,Rumah Pangsa/Kondo,30,30
2026-09-12,ukay,9500-7,4,Rumah Pangsa/Kondo,38,38
2026-09-12,ukay,9500-7,5,Rumah Pangsa/Kondo,36,36
2026-09-12,ukay,9500-7,6,Rumah Pangsa/Kondo,38,38
2026-09-12,ukay,9500-7,7,Rumah Pangsa/Kondo,26,26
2026-09-12,ukay,9500-7,8,Rumah Pangsa/Kondo,28,28
2026-09-12,ukay,11078-3,0,Pangsapuri Servis,2,1
2026-09-12,ukay,11078-3,1,Pangsapuri Servis,8,3
2026-09-12,ukay,11078-3,2,Pangsapuri Servis,2,2
2026-09-12,ukay,11078-3,3,Pangsapuri Servis,8,3
2026-09-12,ukay,11078-3,4,Pangsapuri Servis,48,19
2026-09-12,ukay,11078-3,5,Pangsapuri Servis,48,18
2026-09-12,ukay,11078-3,6,Pangsapuri Servis,128,119
2026-09-12,ukay,11078-3,7,Pangsapuri Servis,20,20
2026-09-12,ukay,11078-3,8,Pangsapuri Servis,32,12
2026-09-12,ukay,12123-1,0,Rumah Teres,50,50
2026-09-12,ukay,12123-1,1,Rumah Pangsa/Kondo,13,13
2026-09-12,ukay,12123-1,2,Rumah Sesebuah,18,18
2026-09-12,ukay,20140-1,0,Rumah Pangsa/Kondo,237,233
2026-09-12,ukay,20140-1,1,Rumah Pangsa/Kondo,226,223
2026-09-12,ukay,12437-2,0,Rumah Teres,41,41
2026-09-12,ukay,12437-2,1,Rumah Teres,40,39
2026-09-12,ukay,12437-2,2,Rumah Teres,25,24
2026-09-12,ukay,11602-1,0,Rumah Teres,11,11
2026-09-12,seputeh,30141-2,0,Rumah Pangsa/Kondo,247,26
2026-09-12,seputeh,30141-2,1,Rumah Pangsa/Kondo,248,18
2026-09-12,armani,31112-1,0,Pangsapuri Servis,119,17
2026-09-12,armani,31112-1,1,Suite Homes,67,40
2026-09-12,armani,30135-3,0,Rumah Pangsa/Kondo,328,77
2026-09-12,armani,30705-2,0,Rumah Teres,16,0
2026-09-12,armani,30705-2,1,Rumah Teres,28,2
2026-09-12,armani,30273-1,0,Rumah Bandar,128,90
2026-09-12,armani,30273-1,1,Rumah Bandar,104,23
2026-09-12,armani,30256-2,0,Suite Homes,1440,769
2026-09-12,armani,30256-2,1,Soho,775,251
2026-09-12,armani,6820-8,0,Pangsapuri Servis,306,277
2026-09-12,armani,30727-1,0,Pangsapuri Servis,500,481
2026-09-12,armani,30727-1,1,Soho,148,93
2026-09-12,armani,30727-2,0,Pangsapuri Servis,498,69
2026-09-12,armani,30727-2,1,Soho,500,224
2026-09-12,armani,30339-1,0,Pangsapuri Servis,338,331
2026-09-12,armani,13975-5,0,Rumah Pangsa/Kondo,105,87
2026-09-12,armani,13975-5,1,Rumah Pangsa/Kondo,105,82
2026-09-12,armani,13975-5,2,Rumah Pangsa/Kondo,105,100
2026-09-12,armani,30641-1,0,Pangsapuri Servis,653,647
2026-09-12,armani,13975-6,0,Pangsapuri Servis,387,384
2026-09-12,armani,30799-1,0,Soho,488,13
2026-09-12,armani,30799-1,1,Pangsapuri Servis,496,21
2026-09-12,armani,30393-1,0,Rumah Berkembar,6,0
2026-09-12,armani,30393-1,1,Rumah Teres,2,0
2026-09-12,armani,30393-1,2,Rumah Teres,20,0
2026-09-12,armani,30393-1,3,Rumah Teres,2,0
2026-09-12,armani,30135-2,0,Suite Homes,280,97
2026-09-12,armani,13970-3,0,Rumah Berkembar,116,82
2026-09-12,avaland,30624-1,0,Rumah Pangsa/Kondo,70,70
2026-09-12,avaland,30624-1,1,Rumah Pangsa/Kondo,56,55
2026-09-12,avaland,30162-1,0,Pangsapuri Servis,492,318
2026-09-12,avaland,30162-1,1,Pangsapuri Servis,278,111
2026-09-12,avaland,20185-3,0,Pangsapuri Servis,216,216
2026-09-12,avaland,20185-3,1,Pangsapuri Servis,252,243
2026-09-12,avaland,9490-3,0,Pangsapuri Servis,504,277
2026-09-12,avaland,9490-3,1,Pangsapuri Servis,396,0
2026-09-12,avaland,30240-3,0,Rumah Teres,113,101
2026-09-12,avaland,30240-3,1,Rumah Teres,17,6
2026-09-12,avaland,30240-3,2,Rumah Teres,36,35
2026-09-12,avaland,30240-3,3,Rumah Teres,125,14
2026-09-12,avaland,30240-3,4,Rumah Teres,16,4
2026-09-12,avaland,30240-3,5,Rumah Teres,36,23
2026-09-12,avaland,12047-4,0,Rumah Pangsa/Kondo,303,101
2026-09-12,avaland,12047-4,1,Rumah Pangsa/Kondo,303,135
2026-09-12,avaland,20017-1,0,Rumah Pangsa/Kondo,149,144
2026-09-12,avaland,20017-1,1,Rumah Pangsa/Kondo,77,77
2026-09-12,binastra,31332-1,0,Pangsapuri Servis,415,221
2026-09-12,binastra,31332-1,1,Pangsapuri Servis,415,151
2026-09-12,chinhin,13531-2,0,Pangsapuri Servis,824,734
2026-09-12,chinhin,30632-1,0,Pangsapuri Servis,438,300
2026-09-12,chinhin,30632-1,1,Pangsapuri Servis,349,304
2026-09-12,chinhin,30190-1,0,Pangsapuri Servis,339,335
2026-09-12,chinhin,30190-1,1,Pangsapuri Servis,503,474
2026-09-12,chinhin,30382-1,0,Rumah Pangsa/Kondo,333,322
2026-09-12,chinhin,30382-1,1,Rumah Pangsa/Kondo,491,440
2026-09-12,chinhin,30744-1,0,Pangsapuri Servis,588,485
2026-09-12,chinhin,31096-1,0,Pangsapuri Servis,561,134
2026-09-12,chinhin,31096-1,1,Pangsapuri Servis,472,152
2026-09-12,chinhin,30064-1,0,Pangsapuri Servis,314,313
2026-09-12,chinhin,30064-1,1,Pangsapuri Servis,370,365
2026-09-12,chinhin,30382-3,0,Rumah Pangsa/Kondo,823,822
2026-09-12,chinhin,30907-1,0,Rumah Teres,140,135
2026-09-12,chinhin,30907-1,1,Rumah Teres,12,10
2026-09-12,chinhin,30907-1,2,Rumah Teres,79,76
2026-09-12,chinhin,30629-2,0,Pangsapuri Servis,492,477
2026-09-12,exsim,30784-1,0,Pangsapuri Servis,269,268
2026-09-12,exsim,20011-3,0,Pangsapuri Servis,593,593
2026-09-12,exsim,31064-1,0,Pangsapuri Servis,440,143
2026-09-12,exsim,31064-2,0,Pangsapuri Servis,492,1
2026-09-12,exsim,20011-2,0,Pangsapuri Servis,767,767
2026-09-12,exsim,20011-4,0,Pangsapuri Servis,671,664
2026-09-12,exsim,13666-2,0,Pangsapuri Servis,98,98
2026-09-12,exsim,30370-1,0,Pangsapuri Servis,320,319
2026-09-12,exsim,30789-1,0,Pangsapuri Servis,126,126
2026-09-12,exsim,30571-1,0,Pangsapuri Servis,603,602
2026-09-12,exsim,30914-1,0,Pangsapuri Servis,759,635
2026-09-12,exsim,30830-1,0,Pangsapuri Servis,456,319
2026-09-12,exsim,20011-5,0,Pangsapuri Servis,662,204
2026-09-12,exsim,31007-1,0,Pangsapuri Servis,848,845
2026-09-12,exsim,20084-1,0,Pangsapuri Servis,386,312
2026-09-12,exsim,20084-1,1,Pangsapuri Servis,293,27
2026-09-12,exsim,30741-1,0,Pangsapuri Suite,460,457
2026-09-12,exsim,30741-1,1,Pangsapuri Suite,506,505
2026-09-12,exsim,30741-1,2,Pangsapuri Suite,592,590
2026-09-12,exsim,31088-1,0,Pangsapuri Servis,671,558
2026-09-12,exsim,30741-2,0,Pangsapuri Suite,494,195
2026-09-12,exsim,30741-2,1,Pangsapuri Suite,510,246
2026-09-12,exsim,30357-2,0,Pangsapuri Servis,569,359
2026-09-12,exsim,30357-2,1,Pangsapuri Servis,569,300
2026-09-12,exsim,30357-1,0,Pangsapuri Servis,508,507
2026-09-12,exsim,31100-1,0,Pangsapuri Servis,1527,483
2026-09-12,exsim,31100-1,1,Pangsapuri Servis,1257,534
2026-09-12,exsim,31100-1,2,Pangsapuri Servis,908,512
2026-09-12,exsim,31100-1,3,Pangsapuri Servis,833,0
2026-09-12,exsim,30131-1,0,Soho,424,424
2026-09-12,mahsing,14297-25,0,Rumah Teres,111,109
2026-09-12,mahsing,14297-25,1,Rumah Teres,124,49
2026-09-12,mahsing,12324-1,0,Rumah Pangsa/Kondo,172,172
2026-09-12,mahsing,12324-1,1,Rumah Pangsa/Kondo,205,205
2026-09-12,mahsing,14297-24,0,Rumah Teres,168,144
2026-09-12,mahsing,12029-4,0,Pangsapuri Servis,833,81
2026-09-12,mahsing,31251-1,0,Rumah Pangsa/Kondo,606,55
2026-09-12,mahsing,5911-33,0,Pangsapuri Servis,686,463
2026-09-12,mahsing,5911-33,1,Pangsapuri Servis,932,558
2026-09-12,mahsing,13262-2,0,Pangsapuri Suite,747,66
2026-09-12,mahsing,13262-2,1,Pangsapuri Suite,797,321
2026-09-12,mahsing,30834-1,0,Pangsapuri Servis,570,426
2026-09-12,mahsing,30834-1,1,Pangsapuri Servis,570,374
2026-09-12,mahsing,30897-1,0,Rumah Teres,249,245
2026-09-12,mahsing,30897-1,1,Rumah Teres,81,79
2026-09-12,mahsing,30897-1,2,Rumah Teres,26,21
2026-09-12,mahsing,30897-1,3,Rumah Teres,126,121
2026-09-12,mahsing,30897-1,4,Rumah Teres,104,96
2026-09-12,mahsing,30897-1,5,Rumah Teres,44,24
2026-09-12,mahsing,30897-1,6,Rumah Teres,85,54
2026-09-12,mahsing,30897-1,7,Rumah Teres,102,17
2026-09-12,mahsing,11202-4,0,Pangsapuri Suite,624,615
2026-09-12,mahsing,11202-4,1,Pangsapuri Suite,624,611
2026-09-12,mahsing,11202-4,2,Pangsapuri Suite,832,651
2026-09-12,mahsing,11998-4,0,Rumah Teres,247,247
2026-09-12,mahsing,11998-4,1,Rumah Teres,149,149
2026-09-12,mahsing,13425-8,0,Pangsapuri Servis,422,333
2026-09-12,mahsing,13425-8,1,Pangsapuri Servis,78,62
2026-09-12,mahsing,13425-8,2,Pangsapuri Servis,499,0
2026-09-12,mahsing,30805-1,0,Pangsapuri Servis,748,465
2026-09-12,mahsing,30805-1,1,Pangsapuri Servis,251,122
2026-09-12,mahsing,10279-5,0,Rumah Teres,123,123
2026-09-12,mahsing,10279-5,1,Rumah Teres,100,100
2026-09-12,mahsing,10279-5,2,Rumah Teres,252,209
2026-09-12,mahsing,10279-5,3,Rumah Teres,116,98
2026-09-12,mahsing,10279-5,4,Rumah Teres,55,39
2026-09-12,mahsing,10279-5,5,Rumah Kluster,108,83
2026-09-12,mahsing,12029-3,0,Pangsapuri Servis,494,236
2026-09-12,mahsing,11430-2,0,Pangsapuri Suite,619,618
2026-09-12,mahsing,9600-6,0,Pangsapuri Servis,843,505
2026-09-12,mahsing,9600-6,1,Pangsapuri Servis,890,272
2026-09-12,mahsing,30440-1,0,Pangsapuri Servis,421,416
2026-09-12,mahsing,30440-1,1,Pangsapuri Servis,619,580
2026-09-12,mahsing,30440-1,2,Pangsapuri Servis,486,481
2026-09-12,majesticgen,30828-2,0,Pangsapuri Servis,732,731
2026-09-12,majesticgen,30828-3,0,Pangsapuri Servis,996,915
2026-09-12,majesticgen,30828-1,0,Pangsapuri Servis,360,355
2026-09-12,majesticgen,30244-1,0,Pangsapuri Servis,478,478
2026-09-12,majesticgen,30990-1,0,Rumah Teres,32,32
2026-09-12,majesticgen,30990-1,1,Rumah Berkembar,2,2
2026-09-12,majesticgen,30990-1,2,Rumah Teres,72,65
2026-09-12,majesticgen,31034-1,0,Soho,540,298
2026-09-12,majesticgen,31034-1,1,Soho,472,97
2026-09-12,majesticgen,30989-1,0,Rumah Teres,73,73
2026-09-12,majesticgen,12069-7,0,Rumah Berpagar & Berpengawal,128,0
2026-09-12,majesticgen,12069-7,1,Rumah Berpagar & Berpengawal,12,0
2026-09-12,malton,31139-1,0,Pangsapuri Servis,562,362
2026-09-12,malton,8950-4,0,Rumah Pangsa/Kondo,526,15
2026-09-12,malton,30667-1,0,Pangsapuri Servis,210,171
2026-09-12,malton,30667-1,1,Pangsapuri Servis,243,225
2026-09-12,malton,14035-6,0,Rumah Pangsa/Kondo,336,329
2026-09-12,malton,14035-4,0,Rumah Pangsa/Kondo,440,293
2026-09-12,malton,14035-4,1,Rumah Pangsa/Kondo,440,357
2026-09-12,malton,14035-4,2,Rumah Pangsa/Kondo,452,334
2026-09-12,maxim,30267-1,0,Rumah Pangsa/Kondo,302,302
2026-09-12,maxim,30267-1,1,Rumah Pangsa/Kondo,302,302
2026-09-12,maxim,31046-1,0,Pangsapuri Suite,558,112
2026-09-12,maxim,31046-1,1,Pangsapuri Suite,558,217
2026-09-12,maxim,31074-1,0,Pangsapuri Servis,858,407
2026-09-12,maxim,31074-1,1,Pangsapuri Servis,858,374
2026-09-12,maxim,31074-1,2,Pangsapuri Servis,1027,244
2026-09-12,maxim,30037-1,0,Pangsapuri Suite,629,629
2026-09-12,maxim,30037-1,1,Pangsapuri Suite,607,607
2026-09-12,maxim,19088-3,0,Rumah Pangsa/Kondo,208,179
2026-09-12,maxim,19088-3,1,Rumah Pangsa/Kondo,208,165
2026-09-12,maxim,19088-3,2,Rumah Pangsa/Kondo,208,183
2026-09-12,platinumvictory,30581-1,0,Pangsapuri Suite,877,867
2026-09-12,platinumvictory,30581-1,1,Pangsapuri Suite,811,811
2026-09-12,platinumvictory,9832-11,0,Pangsapuri Suite,946,477
2026-09-12,platinumvictory,9832-11,1,Pangsapuri Suite,1136,742
2026-09-12,platinumvictory,31008-1,0,Rumah Pangsa/Kondo,198,130
2026-09-12,platinumvictory,31008-1,1,Rumah Pangsa/Kondo,358,165
2026-09-12,platinumvictory,31008-1,2,Rumah Pangsa/Kondo,238,232
2026-09-12,platinumvictory,20253-2,0,Rumah Pangsa/Kondo,500,467
2026-09-12,platinumvictory,20253-3,0,Rumah Pangsa/Kondo,757,604
2026-09-12,platinumvictory,20253-3,1,Rumah Pangsa/Kondo,743,565
2026-09-12,platinumvictory,30937-1,0,Rumah Teres,23,18
2026-09-12,skyworld,31051-1,0,Rumah Pangsa/Kondo,492,457
2026-09-12,skyworld,30176-1,0,Rumah Pangsa/Kondo,448,429
2026-09-12,skyworld,30176-1,1,Rumah Pangsa/Kondo,382,227
2026-09-12,skyworld,30976-1,0,Rumah Pangsa/Kondo,510,243
2026-09-12,skyworld,31075-1,0,Rumah Pangsa/Kondo,583,569
2026-09-12,skyworld,31075-1,1,Rumah Pangsa/Kondo,583,531
2026-09-12,skyworld,31075-1,2,Rumah Pangsa/Kondo,680,272
2026-09-12,skyworld,31075-1,3,Rumah Pangsa/Kondo,542,0
2026-09-12,skyworld,31075-1,4,Rumah Pangsa/Kondo,516,0
2026-09-12,skyworld,31075-1,5,Rumah Pangsa/Kondo,560,0
2026-09-12,skyworld,31075-1,6,Rumah Pangsa/Kondo,518,0
2026-09-12,skyworld,19840-2,0,Pangsapuri Suite,535,468
2026-09-12,skyworld,19840-2,1,Pangsapuri Suite,466,465
2026-09-12,tslaw,31031-1,0,Pangsapuri Servis,815,728
2026-09-12,tslaw,31031-1,1,Pangsapuri Servis,808,673
2026-09-12,tslaw,30331-1,0,Pangsapuri Suite,897,888
2026-09-12,tslaw,30331-1,1,Pangsapuri Suite,941,937
2026-09-12,tslaw,9158-9,0,Rumah Berkembar,38,38
2026-09-12,tslaw,9158-9,1,Rumah Berkembar,2,2
2026-09-12,tslaw,9158-9,2,Rumah Berkembar,2,2
2026-09-12,tslaw,19760-1,0,Pangsapuri Servis,432,431
2026-09-12,tslaw,19760-1,1,Pangsapuri Servis,432,424
2026-09-12,tslaw,19760-1,2,Pangsapuri Servis,432,431
2026-09-12,trinitygroup,30857-1,0,Rumah Pangsa/Kondo,234,1
2026-09-12,trinitygroup,30857-1,1,Rumah Pangsa/Kondo,240,34
2026-09-12,trinitygroup,30857-1,2,Rumah Pangsa/Kondo,240,0
2026-09-12,trinitygroup,20140-2,0,Rumah Pangsa/Kondo,230,45
2026-09-12,trinitygroup,20140-2,1,Rumah Pangsa/Kondo,216,204
2026-09-12,trinitygroup,20140-2,2,Rumah Pangsa/Kondo,291,100
2026-09-12,trinitygroup,10826-4,0,Pangsapuri Servis,157,134
2026-09-12,trinitygroup,10826-4,1,Pangsapuri Servis,80,62
2026-09-12,trinitygroup,10826-4,2,Pangsapuri Servis,298,142
2026-09-12,radium,30363-2,0,Pangsapuri Suite,1218,1131
2026-09-12,radium,30363-1,0,Rumah Pangsa/Kondo,1218,1133
2026-09-12,radium,30821-1,0,Pangsapuri Suite,494,262
2026-09-12,radium,30821-1,1,Pangsapuri Suite,494,264
2026-09-12,radium,30121-1,0,Soho,944,383
2026-09-12,radium,31310-1,0,Rumah Pangsa/Kondo,558,0
2026-09-12,radium,31310-1,1,Rumah Pangsa/Kondo,239,0
2026-09-12,cpiland,19991-1,0,Pangsapuri Servis,255,255
2026-09-12,cpiland,19991-1,1,Pangsapuri Servis,396,392
2026-09-12,cpiland,14377-1,0,Rumah Teres,65,65
2026-09-12,cpiland,14377-1,1,Rumah Teres,49,49
2026-09-12,cpiland,30965-1,0,Rumah Sesebuah,12,11
2026-09-12,cpiland,30965-1,1,Rumah Berkembar,36,36
2026-09-12,cpiland,30965-1,2,Rumah Sesebuah,10,3
2026-09-12,cpiland,30965-1,3,Rumah Sesebuah,2,2
2026-09-12,cpiland,20179-1,0,Pangsapuri Suite,596,596
2026-09-12,cpiland,12287-1,0,Pangsapuri Servis,166,166
2026-09-12,cpiland,30260-1,0,Pangsapuri Servis,748,748
2026-09-12,cpiland,31202-1,0,Pangsapuri Suite,680,114
2026-09-12,cpiland,31202-1,1,Pangsapuri Suite,630,98
2026-09-12,cpiland,19301-1,0,Rumah Pangsa/Kondo,576,576
2026-09-12,cpiland,19795-1,0,Rumah Teres,11,11
2026-09-12,lbs,11018-3,0,Rumah Berkembar,30,28
2026-09-12,lbs,11018-4,0,Rumah Berkembar,33,2
2026-09-12,lbs,19183-13,0,Rumah Pangsa/Kondo,524,492
2026-09-12,lbs,19183-13,1,Rumah Pangsa/Kondo,524,492
2026-09-12,lbs,19398-5,0,Pangsapuri Servis,595,592
2026-09-12,lbs,19398-6,0,Pangsapuri Servis,393,393
2026-09-12,lbs,19533-5,0,Rumah Teres,317,317
2026-09-12,lbs,19533-5,1,Rumah Teres,96,96
2026-09-12,lbs,19533-5,2,Rumah Teres,76,76
2026-09-12,lbs,19533-5,3,Rumah Bandar,328,324
2026-09-12,lbs,19533-6,0,Rumah Pangsa/Kondo,621,0
2026-09-12,lbs,19533-6,1,Rumah Pangsa/Kondo,621,0
2026-09-12,lbs,19924-3,0,Rumah Pangsa/Kondo,1171,0
2026-09-12,lbs,8695-14,0,Rumah Bandar,84,76
2026-09-12,lbs,8695-14,1,Rumah Pangsa/Kondo,337,236
2026-09-12,lbs,30027-1,0,Pangsapuri Servis,527,451
2026-09-12,lbs,30027-1,1,Pangsapuri Servis,527,439
2026-09-12,lbs,30401-1,0,Pangsapuri Servis,658,456
2026-09-12,lbs,30401-1,1,Rumah Pangsa/Kondo,47,19
2026-09-12,lbs,19632-1,0,Rumah Kluster,46,46
2026-09-12,lbs,19632-1,1,Rumah Kluster,22,22
2026-09-12,lbs,19632-1,2,Rumah Teres,10,10
2026-09-12,lbs,19632-1,3,Rumah Teres,61,61
2026-09-12,lbs,19632-1,4,Rumah Teres,48,47
2026-09-12,lbs,19632-1,5,Rumah Kluster,26,26
2026-09-12,lbs,19632-1,6,Rumah Kluster,26,26
2026-09-12,lbs,19632-1,7,Rumah Teres,64,61
2026-09-12,lbs,19632-1,8,Rumah Kluster,26,26
2026-09-12,lbs,19632-1,9,Rumah Kluster,26,23
2026-09-12,lbs,19632-1,10,Rumah Teres,32,31
2026-09-12,lbs,19632-1,11,Rumah Kluster,56,56
2026-09-12,lbs,19632-1,12,Rumah Kluster,28,28
2026-09-12,lbs,19632-1,13,Rumah Teres,32,31
2026-09-12,lbs,19632-1,14,Rumah Teres,64,62
2026-09-12,lbs,19632-1,15,Rumah Kluster,30,30
2026-09-12,lbs,19632-1,16,Rumah Kluster,60,60
2026-09-12,lbs,19632-1,17,Rumah Teres,30,28
2026-09-12,lbs,19632-1,18,Rumah Teres,32,32
2026-09-12,lbs,19632-1,19,Rumah Teres,32,26
2026-09-12,lbs,11482-10,0,Rumah Teres,7,7
2026-09-12,lbs,11482-10,1,Rumah Teres,69,27
2026-09-12,lbs,11482-12,0,Pangsapuri Servis,608,314
2026-09-12,lbs,11482-11,0,Rumah Teres,3,0
2026-09-12,lbs,11482-11,1,Rumah Teres,76,0
2026-09-12,lbs,20162-1,0,Pangsapuri Servis,725,638
2026-09-12,lbs,20162-2,0,Pangsapuri Servis,580,493
2026-09-12,lbs,20162-2,1,Pangsapuri Servis,145,145
2026-09-12,lbs,11482-8,0,Rumah Berkembar,20,20
2026-09-12,lbs,11482-8,1,Rumah Berkembar,14,14
2026-09-12,lbs,11482-8,2,Rumah Berkembar,18,18
2026-09-12,lbs,11482-7,0,Rumah Pangsa/Kondo,176,176
2026-09-12,lbs,11482-7,1,Rumah Pangsa/Kondo,138,138
2026-09-12,lbs,11482-5,0,Rumah Teres,34,34
2026-09-12,lbs,11482-5,1,Rumah Teres,13,13
2026-09-12,lbs,11482-5,2,Rumah Teres,19,19
2026-09-12,lbs,11482-5,3,Rumah Teres,18,18
2026-09-12,lbs,11482-9,0,Pangsapuri Servis,373,209
2026-09-12,lbs,11482-9,1,Pangsapuri Servis,373,245
2026-09-12,lbs,19183-11,0,Rumah Bandar,20,16
2026-09-12,lbs,19183-11,1,Rumah Teres,298,298
2026-09-12,lbs,19183-11,2,Rumah Teres,248,30
2026-09-12,lbs,19183-11,3,Rumah Teres,33,20
2026-09-12,lbs,19183-11,4,Rumah Teres,284,18
2026-09-12,lbs,19183-11,5,Rumah Teres,38,37
2026-09-12,lbs,19183-11,6,Rumah Bandar,230,27
2026-09-12,lbs,7702-44,0,Rumah Teres,34,33
2026-09-12,lbs,7702-44,1,Rumah Teres,39,39
2026-09-12,lbs,7702-44,2,Rumah Teres,29,28
2026-09-12,lbs,7702-44,3,Rumah Teres,26,25
2026-09-12,lbs,7702-44,4,Rumah Teres,27,25
2026-09-12,lbs,8945-4,0,Pangsapuri Servis,211,211
2026-09-12,lbs,8945-4,1,Pangsapuri Servis,220,220
2026-09-12,lbs,8945-4,2,Pangsapuri Servis,220,220
2026-09-12,lbs,8945-4,3,Pangsapuri Servis,215,215
2026-09-12,lbs,8945-4,4,Pangsapuri Servis,264,264
2026-09-12,lbs,8945-4,5,Pangsapuri Servis,253,253
2026-09-12,lbs,8945-4,6,Pangsapuri Servis,188,188
2026-09-12,lbs,8945-4,7,Pangsapuri Servis,211,211
2026-09-12,lbs,8945-4,8,Pangsapuri Servis,155,155
2026-09-12,lbs,8945-4,9,Pangsapuri Servis,212,212
2026-09-12,lbs,8945-3,0,Pangsapuri Servis,491,491
2026-09-12,lagenda,11225-11,0,Rumah Teres,36,35
2026-09-12,lagenda,11225-11,1,Rumah Teres,700,677
2026-09-12,lagenda,11225-11,2,Rumah Teres,82,81
2026-09-12,lagenda,11225-11,3,Rumah Teres,13,13
2026-09-12,lagenda,11225-12,0,Rumah Teres,577,290
2026-09-12,lagenda,11225-12,1,Rumah Teres,54,45
2026-09-12,lagenda,11225-12,2,Rumah Teres,16,15
2026-09-12,lagenda,11225-12,3,Rumah Teres,44,41
2026-09-12,lagenda,11225-13,0,Rumah Teres,674,603
2026-09-12,lagenda,11225-13,1,Rumah Teres,65,58
2026-09-12,lagenda,11225-13,2,Rumah Teres,35,34
2026-09-12,lagenda,11225-13,3,Rumah Teres,44,44
2026-09-12,lagenda,11225-14,0,Rumah Teres,51,1
2026-09-12,lagenda,11225-14,1,Rumah Kluster,24,4
2026-09-12,lagenda,14283-16,0,Rumah Teres,932,740
2026-09-12,lagenda,14283-17,0,Rumah Teres,773,579
2026-09-12,lagenda,14283-18,0,Rumah Teres,1048,0
2026-09-12,lagenda,14283-19,0,Rumah Kluster,664,302
2026-09-12,lagenda,14283-20,0,Rumah Teres,588,16
2026-09-12,lagenda,14283-20,1,Rumah Sesebuah,4,1
2026-09-12,lagenda,14283-20,2,Rumah Kluster,388,114
2026-09-12,lagenda,19599-2,0,Rumah Teres,1009,997
2026-09-12,lagenda,19599-3,0,Rumah Kluster,936,150
2026-09-12,lagenda,19599-4,0,Rumah Kluster,268,0
2026-09-12,lagenda,19599-4,1,Rumah Teres,686,0
2026-09-12,lagenda,19599-5,0,Rumah Teres,379,57
2026-09-12,lagenda,19599-6,0,Rumah Teres,1540,76
2026-09-12,lagenda,20081-2,0,Rumah Teres,374,373
2026-09-12,lagenda,20081-2,1,Rumah Teres,265,263
2026-09-12,lagenda,20081-3,0,Rumah Teres,104,27
2026-09-12,lagenda,30102-3,0,Rumah Kluster,156,147
2026-09-12,lagenda,30102-3,1,Rumah Teres,480,360
2026-09-12,lagenda,30102-4,0,Rumah Teres,398,396
2026-09-12,lagenda,30155-1,0,Rumah Pangsa/Kondo,542,434
2026-09-12,lagenda,30155-1,1,Rumah Pangsa/Kondo,542,477
2026-09-12,lagenda,30155-2,0,Rumah Pangsa/Kondo,542,8
2026-09-12,lagenda,30155-2,1,Rumah Pangsa/Kondo,542,0
2026-09-12,lagenda,30223-1,0,Rumah Teres,608,601
2026-09-12,lagenda,30223-2,0,Rumah Teres,190,183
2026-09-12,lagenda,30223-2,1,Rumah Teres,102,22
2026-09-12,lagenda,30223-2,2,Rumah Teres,25,12
2026-09-12,lagenda,30223-2,3,Rumah Teres,25,11
2026-09-12,lagenda,30223-2,4,Rumah Teres,17,17
2026-09-12,lagenda,30223-3,0,Rumah Teres,893,751
2026-09-12,lagenda,30223-4,0,Rumah Teres,60,0
2026-09-12,lagenda,30223-4,1,Rumah Teres,1858,1727
2026-09-12,lagenda,30223-5,0,Rumah Teres,575,82
2026-09-12,lagenda,30223-5,1,Rumah Teres,85,19
2026-09-12,lagenda,30223-5,2,Rumah Kluster,496,270
2026-09-12,lagenda,30223-5,3,Rumah Teres,38,0
2026-09-12,lagenda,30223-5,4,Rumah Teres,38,0
2026-09-12,lagenda,30223-5,5,Rumah Teres,147,0
2026-09-12,lagenda,30223-6,0,Rumah Teres,800,460
2026-09-12,lagenda,30223-7,0,Rumah Teres,1112,1
2026-09-12,lagenda,30223-7,1,Rumah Teres,901,2
2026-09-12,lagenda,30348-3,0,Rumah Teres,15,15
2026-09-12,lagenda,30348-3,1,Rumah Teres,39,38
2026-09-12,lagenda,30348-3,2,Rumah Teres,147,147
2026-09-12,lagenda,30348-4,0,Rumah Bandar,46,24
2026-09-12,lagenda,30348-4,1,Rumah Bandar,44,20
2026-09-12,lagenda,30348-4,2,Rumah Bandar,56,34
2026-09-12,lagenda,30348-5,0,Rumah Pangsa/Kondo,196,171
2026-09-12,lagenda,30377-1,0,Rumah Teres,857,740
2026-09-12,lagenda,30377-1,1,Rumah Teres,592,505
2026-09-12,lagenda,30781-1,0,Rumah Teres,124,0
2026-09-12,lagenda,7213-8,0,Rumah Sesebuah,42,6
2026-09-12,lagenda,7213-8,1,Rumah Sesebuah,7,4
2026-09-12,lagenda,19950-2,0,Rumah Teres,49,3
2026-09-12,lagenda,19950-2,1,Rumah Teres,7,0
2026-09-12,lagenda,19950-1,0,Rumah Teres,397,218
2026-09-12,lagenda,14283-14,0,Rumah Sesebuah,18,0
2026-09-12,lagenda,14283-14,1,Rumah Kluster,1080,781
2026-09-12,lagenda,14283-13,0,Rumah Teres,1417,1126
2026-09-12,lagenda,14283-13,1,Rumah Sesebuah,6,0
2026-09-12,lagenda,14283-13,2,Rumah Kluster,360,309
2026-09-12,lagenda,14283-15,0,Rumah Kluster,668,620
2026-09-12,lagenda,14283-9,0,Rumah Teres,63,40
2026-09-12,lagenda,14283-9,1,Rumah Teres,34,24
2026-09-12,lagenda,14283-9,2,Rumah Teres,206,140
2026-09-12,lagenda,11225-9,0,Rumah Bandar,96,85
2026-09-12,lagenda,11225-9,1,Rumah Sesebuah,2,1
2026-09-12,lagenda,11225-9,2,Rumah Teres,144,33
2026-09-12,setiaawan,11590-4,0,Soho,664,633
2026-09-12,setiaawan,11590-4,1,Soho,1360,1277
2026-09-12,setiaawan,11590-5,0,Soho,664,616
2026-09-12,setiaawan,11590-5,1,Pangsapuri Servis,468,388
2026-09-12,setiaawan,30428-1,0,Rumah Pangsa/Kondo,136,66
2026-09-12,setiaawan,30428-1,1,Rumah Pangsa/Kondo,108,32
2026-09-12,setiaawan,30428-1,2,Rumah Pangsa/Kondo,214,87
2026-09-12,setiaawan,30428-1,3,Rumah Pangsa/Kondo,190,42
2026-09-12,setiaawan,30442-1,0,Rumah Berkembar,2,2
2026-09-12,setiaawan,30442-1,1,Rumah Teres,372,365
2026-09-12,setiaawan,30442-2,0,Rumah Sesebuah,1,0
2026-09-12,setiaawan,30442-2,1,Rumah Kluster,404,92
2026-09-12,setiaawan,30442-2,2,Rumah Teres,52,0
2026-09-12,setiaawan,30552-1,0,Pangsapuri Servis,407,384
2026-09-12,setiaawan,30552-1,1,Pangsapuri Servis,451,445
2026-09-12,setiaawan,30552-2,0,Pangsapuri Servis,394,355
2026-09-12,setiaawan,30783-1,0,Rumah Teres,79,72
2026-09-12,setiaawan,30783-1,1,Rumah Teres,34,30
2026-09-12,setiaawan,30783-1,2,Rumah Teres,49,41
2026-09-12,setiaawan,30783-1,3,Rumah Teres,94,62
2026-09-12,setiaawan,30783-2,0,Rumah Teres,97,0
2026-09-12,setiaawan,31070-1,0,Soho,486,81
2026-09-12,setiaawan,31070-1,1,Pangsapuri Servis,540,537
2026-09-12,setiaawan,31070-1,2,Pangsapuri Servis,400,82
2026-09-12,setiaawan,31070-1,3,Pangsapuri Servis,400,283
2026-09-12,setiaawan,31070-1,4,Pangsapuri Servis,216,71
2026-09-12,setiaawan,9994-4,0,Rumah Pangsa/Kondo,150,46
2026-09-12,setiaawan,9994-4,1,Rumah Pangsa/Kondo,150,111
2026-09-12,setiaawan,9994-3,0,Rumah Pangsa/Kondo,360,220
2026-09-12,setiaawan,9994-3,1,Rumah Pangsa/Kondo,300,252
2026-09-12,setiaawan,10346-2,0,Rumah Berkembar,36,18
2026-09-12,setiaawan,10346-2,1,Rumah Berkembar,40,11
2026-09-12,setiaawan,10346-2,2,Rumah Berkembar,44,7
2026-09-12,setiaawan,19314-1,0,Rumah Pangsa/Kondo,290,289
2026-09-12,setiaawan,19314-1,1,Rumah Pangsa/Kondo,414,406
2026-09-12,setiaawan,19314-1,2,Rumah Pangsa/Kondo,414,135
2026-09-12,setiaawan,19314-1,3,Rumah Pangsa/Kondo,414,395
2026-09-12,setiaawan,19314-1,4,Rumah Pangsa/Kondo,538,396
2026-09-12,mbworld,30688-1,0,Pangsapuri Servis,911,487
2026-09-12,mbworld,30688-1,1,Pangsapuri Servis,388,260
2026-09-12,mbworld,30946-1,0,Pangsapuri Servis,1950,988
2026-09-12,mbworld,20101-2,0,Pangsapuri Servis,449,296
2026-09-12,mbworld,20101-2,1,Pangsapuri Servis,449,367
2026-09-12,mbworld,20101-2,2,Pangsapuri Servis,449,373
2026-09-12,mbworld,20101-2,3,Pangsapuri Servis,449,329
2026-09-12,mbworld,19932-2,0,Pangsapuri Servis,326,54
2026-09-12,mbworld,19932-2,1,Pangsapuri Servis,323,84
2026-09-12,mbworld,30588-4,0,Pangsapuri Servis,449,111
2026-09-12,mbworld,30588-1,0,Pangsapuri Servis,550,518
2026-09-12,mbworld,30588-1,1,Pangsapuri Servis,496,467
2026-09-12,mbworld,30588-2,0,Rumah Teres,63,63
2026-09-12,mbworld,30588-3,0,Rumah Pangsa/Kondo,105,91
2026-09-12,mbworld,30981-1,0,Pangsapuri Servis,326,235
2026-09-12,mbworld,30981-1,1,Pangsapuri Servis,319,220
2026-09-12,mbworld,30981-1,2,Pangsapuri Servis,300,183
2026-09-12,mbworld,19387-2,0,Rumah Pangsa/Kondo,278,236
2026-09-12,mbworld,14589-11,0,Rumah Teres,134,70
2026-09-12,sks,12327-2,0,Rumah Pangsa/Kondo,114,114
2026-09-12,sks,12327-2,1,Rumah Pangsa/Kondo,110,110
2026-09-12,sks,12381-1,0,Rumah Pangsa/Kondo,231,231
2026-09-12,sks,12381-1,1,Rumah Pangsa/Kondo,210,210
2026-09-12,sks,12381-1,2,Rumah Pangsa/Kondo,208,208
2026-09-12,sks,12381-1,3,Rumah Pangsa/Kondo,204,204
2026-09-12,sks,13203-1,0,Pangsapuri Servis,231,231
2026-09-12,sks,13203-1,1,Pangsapuri Servis,3,3
2026-09-12,sks,12381-2,0,Pangsapuri Servis,445,445
2026-09-12,sks,19757-1,0,Pangsapuri Servis,458,375
2026-09-12,sks,12327-4,0,Pangsapuri Servis,175,175
2026-09-12,sks,12327-1,0,Rumah Pangsa/Kondo,282,282
2026-09-12,sks,12327-3,0,Pangsapuri Servis,93,93
2026-09-12,sks,12327-3,1,Pangsapuri Servis,87,87
2026-09-12,sks,11786-2,0,Rumah Teres,351,351
2026-09-12,sks,11786-2,1,Rumah Berkembar,130,130
2026-09-12,sks,11786-2,2,Rumah Sesebuah,11,11
2026-09-12,sks,9736-4,0,Rumah Teres,234,234
2026-09-12,sks,9736-4,1,Rumah Berkembar,38,38
2026-09-12,sks,9736-4,2,Rumah Sesebuah,16,16
2026-09-12,sks,11786-1,0,Rumah Teres,340,340
2026-09-12,sks,11786-1,1,Rumah Teres,198,198
2026-09-12,sks,11786-1,2,Rumah Teres,400,400
2026-09-12,brdb,11611-2,0,Rumah Pangsa/Kondo,277,277
2026-09-12,brdb,11611-2,1,Rumah Pangsa/Kondo,275,274
2026-09-12,brdb,11807-2,0,Rumah Teres,27,27
2026-09-12,brdb,11807-2,1,Rumah Berkembar,32,32
2026-09-12,brdb,11807-2,2,Rumah Sesebuah,24,23
2026-09-12,brdb,11807-3,0,Rumah Berkembar,20,4
2026-09-12,brdb,11807-3,1,Rumah Sesebuah,14,11
2026-09-12,brdb,11807-4,0,Rumah Sesebuah,33,8
2026-09-12,brdb,11807-4,1,Rumah Sesebuah,14,9
2026-09-12,brdb,30367-1,0,Pangsapuri Servis,751,193
2026-09-12,brdb,32-15,0,Pangsapuri Servis,111,78
2026-09-12,brdb,32-16,0,Rumah Pangsa/Kondo,13,2
2026-09-12,brdb,32-16,1,Rumah Pangsa/Kondo,13,6
2026-09-12,brdb,32-16,2,Rumah Pangsa/Kondo,21,4
2026-09-12,brdb,32-16,3,Rumah Pangsa/Kondo,27,10
2026-09-12,brdb,32-16,4,Rumah Pangsa/Kondo,13,2
2026-09-12,brdb,32-16,5,Rumah Pangsa/Kondo,12,2
2026-09-12,brdb,32-16,6,Rumah Pangsa/Kondo,27,10
2026-09-12,brdb,32-16,7,Rumah Pangsa/Kondo,20,7
2026-09-12,brdb,835-12,0,Rumah Pangsa/Kondo,100,94
2026-09-12,brdb,835-13,0,Rumah Berkembar,12,7
2026-09-12,brdb,835-13,1,Rumah Sesebuah,2,2
2026-09-12,brdb,835-13,2,Rumah Kluster,124,92
2026-09-12,brdb,835-13,3,Rumah Kluster,60,44
2026-09-12,brdb,835-14,0,Pangsapuri Servis,715,316
2026-09-12,brdb,835-15,0,Rumah Pangsa/Kondo,199,0
2026-09-12,brdb,835-15,1,Rumah Pangsa/Kondo,200,0
2026-09-12,brdb,13819-1,0,Rumah Teres,82,82
2026-09-12,brdb,13819-1,1,Rumah Teres,51,51
2026-09-12,brdb,13819-1,2,Rumah Teres,137,137
2026-09-12,brdb,13819-1,3,Rumah Teres,1,1
2026-09-12,brdb,13819-1,4,Rumah Teres,1,1
2026-09-12,brdb,13819-1,5,Rumah Teres,1,1
2026-09-12,brdb,13819-1,6,Rumah Teres,1,1
2026-09-12,brdb,13819-1,7,Rumah Teres,3,3
2026-09-12,brdb,13819-1,8,Rumah Teres,7,7
2026-09-12,brdb,13819-1,9,Rumah Teres,22,22
2026-09-12,brdb,13819-1,10,Rumah Teres,173,169
2026-09-12,brdb,13819-1,11,Rumah Pangsa/Kondo,200,179
2026-09-12,brdb,13819-1,12,Rumah Teres,179,0
2026-09-12,brdb,12446-1,0,Rumah Teres,14,14
2026-09-12,brdb,12446-1,1,Rumah Teres,23,23
2026-09-12,brdb,12446-1,2,Rumah Berkembar,15,15
2026-09-12,brdb,12446-1,3,Rumah Sesebuah,14,14
2026-09-12,brdb,12446-1,4,Rumah Sesebuah,1,1
2026-09-12,brdb,12446-1,5,Rumah Sesebuah,1,1
2026-09-12,brdb,835-10,0,Rumah Pangsa/Kondo,291,281
2026-09-12,brdb,19907-1,0,Pangsapuri Servis,303,277
2026-09-12,brdb,19907-1,1,Pangsapuri Servis,276,276
2026-09-12,brdb,835-11,0,Rumah Teres,142,127
2026-09-12,brdb,835-8,0,Rumah Teres,38,38
2026-09-12,brdb,835-8,1,Rumah Teres,35,35
2026-09-12,brdb,835-8,2,Rumah Teres,50,50
2026-09-12,brdb,835-8,3,Rumah Teres,50,50
2026-09-12,brdb,835-6,0,Rumah Sesebuah,9,9
2026-09-12,brdb,835-6,1,Rumah Sesebuah,2,2
2026-09-12,brdb,835-6,2,Rumah Berkembar,20,20
2026-09-12,brdb,835-6,3,Rumah Berkembar,42,42
2026-09-12,brdb,835-6,4,Rumah Berkembar,21,21
2026-09-12,brdb,11611-1,0,Rumah Pangsa/Kondo,130,130
2026-09-12,brdb,11611-1,1,Rumah Pangsa/Kondo,131,131
2026-09-12,brdb,11611-1,2,Rumah Pangsa/Kondo,16,16
2026-09-12,uem,10555-15,0,Pangsapuri Servis,677,627
2026-09-12,uem,10555-15,1,Pangsapuri Servis,657,589
2026-09-12,uem,11186-18,0,Rumah Berkembar,20,19
2026-09-12,uem,11186-18,1,Rumah Berkembar,38,21
2026-09-12,uem,11186-18,2,Rumah Berkembar,6,6
2026-09-12,uem,11186-18,3,Rumah Berkembar,2,2
2026-09-12,uem,11186-18,4,Rumah Berkembar,2,1
2026-09-12,uem,11186-19,0,Rumah Teres,105,15
2026-09-12,uem,11186-20,0,Rumah Teres,83,0
2026-09-12,uem,11186-20,1,Rumah Teres,36,2
2026-09-12,uem,14032-10,0,Rumah Berkembar,20,4
2026-09-12,uem,14032-10,1,Rumah Berkembar,12,1
2026-09-12,uem,14032-10,2,Rumah Berkembar,22,3
2026-09-12,uem,14032-10,3,Rumah Berkembar,2,0
2026-09-12,uem,14032-11,0,Rumah Teres,150,23
2026-09-12,uem,14032-11,1,Rumah Teres,17,2
2026-09-12,uem,14032-7,0,Rumah Pangsa/Kondo,130,130
2026-09-12,uem,14032-8,0,Rumah Berkembar,34,18
2026-09-12,uem,14032-8,1,Rumah Berkembar,12,5
2026-09-12,uem,14032-9,0,Rumah Teres,116,67
2026-09-12,uem,14032-9,1,Rumah Teres,14,11
2026-09-12,uem,14032-9,2,Rumah Teres,12,3
2026-09-12,uem,14032-9,3,Rumah Teres,2,1
2026-09-12,uem,14228-12,0,Rumah Teres,25,25
2026-09-12,uem,14228-12,1,Rumah Teres,8,7
2026-09-12,uem,14228-12,2,Rumah Teres,8,8
2026-09-12,uem,14228-12,3,Rumah Teres,2,2
2026-09-12,uem,14228-12,4,Rumah Teres,14,13
2026-09-12,uem,14228-12,5,Rumah Teres,16,14
2026-09-12,uem,14228-12,6,Rumah Teres,2,2
2026-09-12,uem,14228-12,7,Rumah Teres,2,2
2026-09-12,uem,14228-12,8,Rumah Teres,28,28
2026-09-12,uem,14228-12,9,Rumah Teres,6,6
2026-09-12,uem,14228-12,10,Rumah Teres,12,12
2026-09-12,uem,14228-12,11,Rumah Teres,2,2
2026-09-12,uem,14228-13,0,Rumah Teres,93,74
2026-09-12,uem,14228-13,1,Rumah Teres,39,37
2026-09-12,uem,14228-14,0,Rumah Teres,163,150
2026-09-12,uem,14228-14,1,Rumah Teres,29,21
2026-09-12,uem,14228-15,0,Rumah Teres,37,26
2026-09-12,uem,14228-15,1,Rumah Teres,14,13
2026-09-12,uem,14228-15,2,Rumah Teres,26,16
2026-09-12,uem,14228-16,0,Rumah Teres,7,6
2026-09-12,uem,14228-16,1,Rumah Teres,40,29
2026-09-12,uem,14228-7,0,Rumah Teres,41,41
2026-09-12,uem,14228-7,1,Rumah Teres,14,13
2026-09-12,uem,14228-7,2,Rumah Teres,6,6
2026-09-12,uem,14228-7,3,Rumah Teres,2,1
2026-09-12,uem,14228-8,0,Rumah Teres,46,45
2026-09-12,uem,14228-8,1,Rumah Teres,13,11
2026-09-12,uem,14228-8,2,Rumah Teres,5,5
2026-09-12,uem,14228-8,3,Rumah Teres,1,1
2026-09-12,uem,30141-1,0,Rumah Pangsa/Kondo,496,496
2026-09-12,uem,30141-2,0,Rumah Pangsa/Kondo,247,26
2026-09-12,uem,30141-2,1,Rumah Pangsa/Kondo,248,18
2026-09-12,uem,7466-5,0,Pangsapuri Servis,1126,786
2026-09-12,uem,8024-13,0,Rumah Teres,1,1
2026-09-12,uem,8024-13,1,Rumah Teres,179,147
2026-09-12,uem,8024-13,2,Rumah Teres,103,69
2026-09-12,uem,8024-14,0,Rumah Teres,61,61
2026-09-12,uem,8024-14,1,Rumah Teres,61,61
2026-09-12,uem,8024-14,2,Rumah Teres,2,2
2026-09-12,uem,8024-14,3,Rumah Teres,89,23
2026-09-12,uem,20047-1,0,Rumah Pangsa/Kondo,257,112
2026-09-12,uem,20047-1,1,Rumah Pangsa/Kondo,260,142
2026-09-12,uem,20047-1,2,Rumah Pangsa/Kondo,198,59
2026-09-12,uem,20047-1,3,Rumah Pangsa/Kondo,209,68
2026-09-12,uem,10555-12,0,Pangsapuri Servis,476,476
2026-09-12,uem,13373-1,0,Pangsapuri Servis,79,79
2026-09-12,uem,13373-1,1,Pangsapuri Servis,141,141
2026-09-12,uem,13373-1,2,Pangsapuri Servis,127,127
2026-09-12,uem,13373-1,3,Pangsapuri Servis,131,131
2026-09-12,uem,13373-1,4,Pangsapuri Servis,47,47
2026-09-12,uem,11186-16,0,Rumah Teres,19,19
2026-09-12,uem,11186-16,1,Rumah Teres,21,21
2026-09-12,uem,11186-16,2,Rumah Teres,84,82
2026-09-12,uem,11186-17,0,Rumah Teres,19,17
2026-09-12,uem,11186-17,1,Rumah Teres,69,51
2026-09-12,uem,11186-17,2,Rumah Teres,26,26
2026-09-12,ecoworld,14020-10,0,Rumah Sesebuah,7,4
2026-09-12,ecoworld,14020-11,0,Rumah Berkembar,24,5
2026-09-12,ecoworld,14020-12,0,Rumah Berkembar,24,3
2026-09-12,ecoworld,14020-13,0,Rumah Sesebuah,16,9
2026-09-12,ecoworld,14020-14,0,Rumah Sesebuah,8,5
2026-09-12,ecoworld,14020-5,0,Pangsapuri Servis,383,383
2026-09-12,ecoworld,14020-6,0,Rumah Berkembar,76,47
2026-09-12,ecoworld,14020-7,0,Rumah Berkembar,24,9
2026-09-12,ecoworld,14020-8,0,Rumah Berkembar,24,14
2026-09-12,ecoworld,14020-9,0,Rumah Sesebuah,16,10
2026-09-12,ecoworld,14050-10,0,Pangsapuri Servis,483,336
2026-09-12,ecoworld,14320-14,0,Rumah Kluster,52,52
2026-09-12,ecoworld,14320-14,1,Rumah Kluster,72,72
2026-09-12,ecoworld,14320-17,0,Pangsapuri Servis,460,460
2026-09-12,ecoworld,14320-18,0,Pangsapuri Servis,460,460
2026-09-12,ecoworld,14320-19,0,Rumah Kluster,64,54
2026-09-12,ecoworld,14320-19,1,Rumah Kluster,68,55
2026-09-12,ecoworld,14320-20,0,Rumah Sesebuah,32,28
2026-09-12,ecoworld,14320-21,0,Rumah Berkembar,28,14
2026-09-12,ecoworld,14320-22,0,Rumah Berkembar,24,11
2026-09-12,ecoworld,14320-23,0,Rumah Pangsa/Kondo,627,260
2026-09-12,ecoworld,14320-24,0,Rumah Berkembar,30,0
2026-09-12,ecoworld,14320-25,0,Rumah Berkembar,42,0
2026-09-12,ecoworld,14504-7,0,Pangsapuri Servis,500,500
2026-09-12,ecoworld,14504-8,0,Pangsapuri Servis,575,81
2026-09-12,ecoworld,14504-8,1,Pangsapuri Servis,420,188
2026-09-12,ecoworld,14505-7,0,Rumah Teres,174,139
2026-09-12,ecoworld,14505-7,1,Rumah Teres,160,146
2026-09-12,ecoworld,14505-7,2,Rumah Teres,126,40
2026-09-12,ecoworld,14505-7,3,Rumah Teres,145,86
2026-09-12,ecoworld,19150-15,0,Pangsapuri Servis,500,392
2026-09-12,ecoworld,19150-15,1,Pangsapuri Servis,499,229
2026-09-12,ecoworld,19150-16,0,Rumah Sesebuah,9,8
2026-09-12,ecoworld,19150-16,1,Rumah Sesebuah,13,12
2026-09-12,ecoworld,19150-16,2,Rumah Sesebuah,41,29
2026-09-12,ecoworld,19150-16,3,Rumah Berkembar,20,16
2026-09-12,ecoworld,19150-16,4,Rumah Berkembar,22,11
2026-09-12,ecoworld,19150-16,5,Rumah Teres,87,44
2026-09-12,ecoworld,19150-16,6,Rumah Teres,74,28
2026-09-12,ecoworld,19150-17,0,Rumah Teres,46,46
2026-09-12,ecoworld,19150-17,1,Rumah Teres,56,56
2026-09-12,ecoworld,19150-17,2,Rumah Teres,25,24
2026-09-12,ecoworld,19150-17,3,Rumah Teres,25,10
2026-09-12,ecoworld,19150-17,4,Rumah Bandar,32,19
2026-09-12,ecoworld,19150-18,0,Rumah Teres,30,29
2026-09-12,ecoworld,19150-18,1,Rumah Teres,33,33
2026-09-12,ecoworld,19150-18,2,Rumah Teres,65,46
2026-09-12,ecoworld,19152-12,0,Rumah Teres,262,178
2026-09-12,ecoworld,19152-13,0,Rumah Teres,264,261
2026-09-12,ecoworld,19152-14,0,Rumah Teres,264,55
2026-09-12,ecoworld,19152-15,0,Pangsapuri Servis,500,167
2026-09-12,ecoworld,19152-9,0,Rumah Berkembar,112,48
2026-09-12,ecoworld,19985-10,0,Pangsapuri Servis,700,2
2026-09-12,ecoworld,19985-10,1,Pangsapuri Servis,500,355
2026-09-12,ecoworld,19985-6,0,Rumah Kluster,44,44
2026-09-12,ecoworld,19985-6,1,Rumah Kluster,64,64
2026-09-12,ecoworld,19985-6,2,Rumah Kluster,48,48
2026-09-12,ecoworld,19985-6,3,Rumah Kluster,64,64
2026-09-12,ecoworld,19985-6,4,Rumah Kluster,64,64
2026-09-12,ecoworld,19985-6,5,Rumah Kluster,80,80
2026-09-12,ecoworld,19985-7,0,Rumah Kluster,64,45
2026-09-12,ecoworld,19985-7,1,Rumah Kluster,48,38
2026-09-12,ecoworld,19985-8,0,Rumah Kluster,64,58
2026-09-12,ecoworld,19985-8,1,Rumah Kluster,64,56
2026-09-12,ecoworld,19985-9,0,Pangsapuri Servis,509,507
2026-09-12,ecoworld,6443-20,0,Rumah Bandar,108,108
2026-09-12,ecoworld,6443-20,1,Rumah Bandar,56,56
2026-09-12,ecoworld,6443-21,0,Rumah Teres,50,50
2026-09-12,ecoworld,6443-22,0,Rumah Teres,48,48
2026-09-12,ecoworld,6443-24,0,Rumah Teres,48,48
2026-09-12,ecoworld,6443-25,0,Rumah Teres,80,80
2026-09-12,ecoworld,6443-26,0,Rumah Teres,100,100
2026-09-12,ecoworld,6443-27,0,Rumah Teres,280,276
2026-09-12,ecoworld,6443-28,0,Rumah Teres,282,262
2026-09-12,ecoworld,6443-29,0,Rumah Teres,90,82
2026-09-12,ecoworld,6443-29,1,Rumah Teres,119,119
2026-09-12,ecoworld,6443-29,2,Rumah Teres,120,108
2026-09-12,ecoworld,6443-29,3,Rumah Teres,96,73
2026-09-12,ecoworld,6443-30,0,Rumah Teres,118,82
2026-09-12,ecoworld,6443-31,0,Rumah Teres,83,70
2026-09-12,ecoworld,6443-32,0,Rumah Teres,76,76
2026-09-12,ecoworld,6443-33,0,Rumah Teres,216,1
2026-09-12,ecoworld,6443-34,0,Rumah Teres,177,2
2026-09-12,ecoworld,14050-8,0,Rumah Pangsa/Kondo,107,91
2026-09-12,ecoworld,14050-8,1,Rumah Pangsa/Kondo,294,246
2026-09-12,ecoworld,14504-5,0,Pangsapuri Servis,2,2
2026-09-12,ecoworld,14504-5,1,Pangsapuri Servis,3,3
2026-09-12,ecoworld,14504-5,2,Pangsapuri Servis,93,93
2026-09-12,ecoworld,14504-5,3,Pangsapuri Servis,1,1
2026-09-12,ecoworld,14504-5,4,Pangsapuri Servis,3,3
2026-09-12,ecoworld,14504-5,5,Pangsapuri Servis,3,3
2026-09-12,ecoworld,14504-5,6,Pangsapuri Servis,248,248
2026-09-12,ecoworld,14504-5,7,Pangsapuri Servis,8,8
2026-09-12,ecoworld,14504-5,8,Pangsapuri Servis,8,8
2026-09-12,ecoworld,14504-5,9,Pangsapuri Servis,31,31
2026-09-12,ecoworld,14504-5,10,Pangsapuri Servis,403,403
2026-09-12,ecoworld,14504-5,11,Pangsapuri Servis,13,13
2026-09-12,ecoworld,14504-5,12,Pangsapuri Servis,13,13
2026-09-12,ecoworld,14504-5,13,Pangsapuri Servis,62,62
2026-09-12,ecoworld,14504-5,14,Pangsapuri Servis,93,93
2026-09-12,ecoworld,14504-5,15,Pangsapuri Servis,93,93
2026-09-12,ecoworld,14504-5,16,Pangsapuri Servis,248,248
2026-09-12,ecoworld,14504-5,17,Pangsapuri Servis,403,403
2026-09-12,ecoworld,14504-6,0,Rumah Kluster,48,31
2026-09-12,ecoworld,14504-6,1,Rumah Kluster,96,96
2026-09-12,ecoworld,14504-6,2,Rumah Kluster,24,22
2026-09-12,ecoworld,14504-6,3,Rumah Kluster,48,34
2026-09-12,ecoworld,14504-6,4,Rumah Bandar,160,160
2026-09-12,ecoworld,19152-10,0,Rumah Berkembar,70,50
2026-09-12,ecoworld,19152-11,0,Pangsapuri Servis,651,651
2026-09-12,ecoworld,19152-11,1,Pangsapuri Servis,651,651
2026-09-12,ecoworld,6443-23,0,Rumah Teres,50,50
2026-09-12,ecoworld,30561-1,0,Pangsapuri Servis,232,195
2026-09-12,ecoworld,30561-1,1,Pangsapuri Servis,236,188
2026-09-12,ecoworld,30561-1,2,Pangsapuri Servis,250,205
2026-09-12,ecoworld,30561-1,3,Pangsapuri Servis,252,79
2026-09-12,ecoworld,30561-1,4,Pangsapuri Servis,250,23
2026-09-12,ecoworld,14518-1,0,Rumah Pangsa/Kondo,273,273
2026-09-12,ecoworld,14510-1,0,Pangsapuri Servis,380,380
2026-09-12,ecoworld,14510-1,1,Pangsapuri Servis,246,246
2026-09-12,ecoworld,6443-17,0,Rumah Teres,138,138
2026-09-12,ecoworld,6443-17,1,Rumah Teres,162,162
2026-09-12,ecoworld,6443-18,0,Rumah Teres,70,70
2026-09-12,ecoworld,6443-18,1,Rumah Teres,42,42
2026-09-12,ecoworld,6443-19,0,Rumah Teres,64,64
2026-09-12,ecoworld,6443-19,1,Rumah Teres,70,70
2026-09-12,ecoworld,6443-19,2,Rumah Teres,48,48
2026-09-12,ecoworld,6443-19,3,Rumah Teres,22,22
2026-09-12,ecoworld,14504-2,0,Rumah Berkembar,18,18
2026-09-12,ecoworld,14504-2,1,Rumah Berkembar,34,34
2026-09-12,ecoworld,14504-2,2,Rumah Berkembar,14,14
2026-09-12,ecoworld,14504-2,3,Rumah Sesebuah,14,14
2026-09-12,ecoworld,14504-2,4,Rumah Sesebuah,14,14
2026-09-12,ecoworld,14504-2,5,Rumah Sesebuah,7,7
2026-09-12,ecoworld,14504-2,6,Rumah Sesebuah,1,1
2026-09-12,ecoworld,14504-2,7,Rumah Sesebuah,6,6
2026-09-12,ecoworld,14504-2,8,Rumah Sesebuah,1,1
2026-09-12,ecoworld,14504-2,9,Rumah Berkembar,38,38
2026-09-12,ecoworld,14504-2,10,Rumah Berkembar,20,20
2026-09-12,ecoworld,14504-2,11,Rumah Sesebuah,2,2
2026-09-12,ecoworld,14504-2,12,Rumah Berkembar,32,32
2026-09-12,ecoworld,14504-2,13,Rumah Berkembar,48,48
2026-09-12,ecoworld,14504-2,14,Rumah Sesebuah,2,2
2026-09-12,ecoworld,14504-2,15,Rumah Sesebuah,2,2
2026-09-12,ecoworld,14504-2,16,Rumah Sesebuah,3,3
2026-09-12,ecoworld,14504-2,17,Rumah Sesebuah,3,3
2026-09-12,ecoworld,14504-3,0,Rumah Teres,46,46
2026-09-12,ecoworld,14504-3,1,Rumah Teres,36,36
2026-09-12,ecoworld,14504-3,2,Rumah Teres,48,48
2026-09-12,ecoworld,14504-3,3,Rumah Teres,10,10
2026-09-12,ecoworld,14504-3,4,Rumah Teres,8,8
2026-09-12,ecoworld,14504-3,5,Rumah Teres,10,10
2026-09-12,ecoworld,14504-3,6,Rumah Teres,20,20
2026-09-12,ecoworld,14504-3,7,Rumah Teres,40,40
2026-09-12,ecoworld,14504-3,8,Rumah Teres,10,10
2026-09-12,ecoworld,14504-3,9,Rumah Bandar,32,32
2026-09-12,ecoworld,14504-3,10,Rumah Bandar,24,24
2026-09-12,ecoworld,14504-3,11,Rumah Bandar,24,24
2026-09-12,ecoworld,14504-4,0,Rumah Sesebuah,6,6
2026-09-12,ecoworld,14504-4,1,Rumah Sesebuah,6,6
2026-09-12,ecoworld,14504-4,2,Rumah Sesebuah,14,14
2026-09-12,ecoworld,14504-4,3,Rumah Sesebuah,12,11
2026-09-12,ecoworld,14504-4,4,Rumah Sesebuah,6,6
2026-09-12,ecoworld,14504-4,5,Rumah Berkembar,16,16
2026-09-12,ecoworld,14504-4,6,Rumah Berkembar,20,20
2026-09-12,ecoworld,14504-4,7,Rumah Berkembar,34,34
2026-09-12,ecoworld,14504-4,8,Rumah Berkembar,32,32
2026-09-12,ecoworld,14504-4,9,Rumah Teres,24,24
2026-09-12,ecoworld,14504-4,10,Rumah Teres,26,26
2026-09-12,ecoworld,14504-4,11,Rumah Teres,26,26
2026-09-12,ecoworld,14504-4,12,Rumah Teres,28,28
2026-09-12,ecoworld,19152-1,0,Rumah Teres,47,47
2026-09-12,ecoworld,19152-1,1,Rumah Teres,46,46
2026-09-12,ecoworld,19152-1,2,Rumah Teres,42,42
2026-09-12,ecoworld,19152-1,3,Rumah Teres,31,31
2026-09-12,ecoworld,19152-1,4,Rumah Teres,52,52
2026-09-12,ecoworld,19152-1,5,Rumah Teres,46,46
2026-09-12,ecoworld,19152-2,0,Rumah Teres,75,75
2026-09-12,ecoworld,19152-2,1,Rumah Teres,49,49
2026-09-12,ecoworld,19152-2,2,Rumah Teres,45,45
2026-09-12,ecoworld,19152-2,3,Rumah Teres,49,49
2026-09-12,ecoworld,19152-2,4,Rumah Teres,35,35
2026-09-12,ecoworld,19152-2,5,Rumah Teres,66,66
2026-09-12,ecoworld,19152-2,6,Rumah Teres,54,54
2026-09-12,ecoworld,19152-2,7,Rumah Teres,39,39
2026-09-12,ecoworld,19152-4,0,Rumah Bandar,224,224
2026-09-12,ecoworld,19152-5,0,Rumah Berkembar,58,57
2026-09-12,ecoworld,19152-5,1,Rumah Sesebuah,47,47
2026-09-12,ecoworld,19152-5,2,Rumah Berkembar,76,60
2026-09-12,ecoworld,19152-6,0,Rumah Teres,180,180
2026-09-12,ecoworld,19152-7,0,Rumah Bandar,235,235
2026-09-12,ecoworld,19152-8,0,Rumah Teres,114,114
2026-09-12,ecoworld,31135-1,0,Rumah Teres,721,357
2026-09-12,ecoworld,31135-2,0,Rumah Teres,125,77
2026-09-12,ecoworld,31135-2,1,Rumah Teres,100,59
2026-09-12,ecoworld,31135-2,2,Rumah Teres,115,71
2026-09-12,ecoworld,31135-2,3,Rumah Teres,182,112
2026-09-12,ecoworld,31135-2,4,Rumah Teres,119,82
2026-09-12,ecoworld,31135-2,5,Rumah Teres,125,89
2026-09-12,scientex,11295-22,0,Rumah Teres,204,203
2026-09-12,scientex,11295-23,0,Rumah Teres,291,291
2026-09-12,scientex,11295-25,0,Rumah Teres,364,364
2026-09-12,scientex,11295-26,0,Rumah Teres,227,227
2026-09-12,scientex,11295-27,0,Rumah Teres,76,75
2026-09-12,scientex,11295-27,1,Rumah Teres,73,71
2026-09-12,scientex,11295-28,0,Rumah Teres,267,266
2026-09-12,scientex,11295-29,0,Rumah Teres,336,151
2026-09-12,scientex,11295-30,0,Rumah Teres,369,256
2026-09-12,scientex,19794-18,0,Rumah Pangsa/Kondo,242,239
2026-09-12,scientex,19794-18,1,Rumah Pangsa/Kondo,243,242
2026-09-12,scientex,19794-19,0,Rumah Pangsa/Kondo,180,171
2026-09-12,scientex,19794-19,1,Rumah Pangsa/Kondo,173,156
2026-09-12,scientex,30714-5,0,Rumah Kluster,168,147
2026-09-12,scientex,30714-6,0,Rumah Teres,322,253
2026-09-12,scientex,30884-1,0,Rumah Teres,263,258
2026-09-12,scientex,30884-2,0,Rumah Teres,182,182
2026-09-12,scientex,30884-3,0,Rumah Teres,244,244
2026-09-12,scientex,30884-4,0,Rumah Pangsa/Kondo,180,126
2026-09-12,scientex,30884-4,1,Rumah Pangsa/Kondo,202,118
2026-09-12,scientex,30884-5,0,Rumah Teres,169,169
2026-09-12,scientex,30884-6,0,Rumah Teres,204,204
2026-09-12,scientex,30884-7,0,Rumah Kluster,184,129
2026-09-12,scientex,30884-8,0,Rumah Teres,183,100
2026-09-12,scientex,6331-22,0,Pangsapuri Servis,489,468
2026-09-12,scientex,6331-25,0,Pangsapuri Servis,448,365
2026-09-12,scientex,6331-25,1,Pangsapuri Servis,50,31
2026-09-12,scientex,6331-26,0,Rumah Pangsa/Kondo,192,160
2026-09-12,scientex,6331-26,1,Rumah Pangsa/Kondo,192,107
2026-09-12,scientex,6331-27,0,Rumah Teres,288,213
2026-09-12,scientex,6331-28,0,Rumah Teres,332,312
2026-09-12,scientex,6331-29,0,Rumah Teres,300,86
2026-09-12,scientex,6575-50,0,Rumah Teres,206,204
2026-09-12,scientex,6575-51,0,Rumah Teres,232,232
2026-09-12,scientex,6575-53,0,Rumah Teres,209,195
2026-09-12,scientex,6575-54,0,Rumah Teres,196,186
2026-09-12,scientex,6575-55,0,Rumah Teres,279,96
2026-09-12,scientex,6575-56,0,Rumah Teres,288,167
2026-09-12,scientex,6575-58,0,Rumah Teres,256,140
2026-09-12,scientex,6575-59,0,Rumah Teres,216,0
2026-09-12,scientex,9294-57,0,Rumah Pangsa/Kondo,210,205
2026-09-12,scientex,9294-67,0,Pangsapuri Servis,169,169
2026-09-12,scientex,9294-67,1,Pangsapuri Servis,173,173
2026-09-12,scientex,9294-67,2,Pangsapuri Servis,174,174
2026-09-12,scientex,9294-68,0,Rumah Teres,210,210
2026-09-12,scientex,9294-69,0,Rumah Teres,214,214
2026-09-12,scientex,9294-69,1,Rumah Teres,1,1
2026-09-12,scientex,9294-70,0,Pangsapuri Servis,174,173
2026-09-12,scientex,9294-70,1,Pangsapuri Servis,174,173
2026-09-12,scientex,9294-70,2,Pangsapuri Servis,174,174
2026-09-12,scientex,9294-71,0,Rumah Teres,115,114
2026-09-12,scientex,9294-72,0,Rumah Teres,252,252
2026-09-12,scientex,9294-74,0,Rumah Teres,207,207
2026-09-12,scientex,9294-75,0,Rumah Kluster,238,219
2026-09-12,scientex,9294-76,0,Rumah Kluster,134,117
2026-09-12,scientex,9294-77,0,Rumah Pangsa/Kondo,124,75
2026-09-12,scientex,9294-78,0,Rumah Kluster,200,200
2026-09-12,scientex,9294-79,0,Rumah Pangsa/Kondo,142,97
2026-09-12,scientex,9294-80,0,Rumah Teres,271,257
2026-09-12,scientex,9294-81,0,Rumah Teres,234,197
2026-09-12,scientex,9294-82,0,Rumah Teres,64,46
2026-09-12,scientex,9294-83,0,Rumah Teres,210,88
2026-09-12,scientex,9294-84,0,Rumah Teres,246,235
2026-09-12,scientex,9294-85,0,Rumah Teres,252,90
2026-09-12,scientex,9294-86,0,Rumah Teres,240,186
2026-09-12,scientex,9294-88,0,Pangsapuri Servis,169,0
2026-09-12,scientex,9294-88,1,Pangsapuri Servis,174,0
2026-09-12,scientex,9294-88,2,Pangsapuri Servis,173,18
2026-09-12,scientex,9294-88,3,Pangsapuri Servis,174,116
2026-09-12,scientex,9294-89,0,Rumah Teres,158,22
2026-09-12,scientex,6575-43,0,Rumah Teres,211,211
2026-09-12,scientex,6575-31,0,Rumah Teres,291,291
2026-09-12,scientex,6575-39,0,Rumah Teres,188,186
2026-09-12,scientex,6575-39,1,Rumah Teres,16,16
2026-09-12,scientex,6575-42,0,Rumah Kluster,28,21
2026-09-12,scientex,6575-42,1,Rumah Kluster,8,5
2026-09-12,scientex,6575-42,2,Rumah Kluster,152,106
2026-09-12,scientex,6575-44,0,Rumah Teres,289,284
2026-09-12,scientex,6575-40,0,Rumah Teres,336,316
2026-09-12,scientex,9294-62,0,Rumah Teres,342,342
2026-09-12,scientex,9294-65,0,Rumah Teres,272,272
2026-09-12,scientex,9294-66,0,Rumah Teres,235,235
2026-09-12,scientex,19794-15,0,Rumah Kluster,252,251
2026-09-12,scientex,19794-15,1,Rumah Berkembar,2,2
2026-09-12,scientex,19794-16,0,Rumah Kluster,248,248
2026-09-12,scientex,19794-16,1,Rumah Berkembar,8,8
2026-09-12,scientex,6575-38,0,Rumah Teres,215,212
2026-09-12,scientex,19794-14,0,Rumah Teres,280,277
2026-09-12,scientex,19794-14,1,Rumah Teres,1,1
2026-09-12,scientex,19794-14,2,Rumah Teres,28,28
2026-09-12,scientex,6575-18,0,Rumah Teres,234,231
2026-09-12,scientex,6575-18,1,Rumah Teres,331,307
2026-09-12,scientex,6575-18,2,Rumah Teres,192,192
2026-09-12,scientex,9294-51,0,Rumah Bandar,150,122
2026-09-12,scientex,9294-52,0,Rumah Pangsa/Kondo,210,182
2026-09-12,scientex,9294-52,1,Rumah Pangsa/Kondo,210,179
2026-09-12,scientex,9294-53,0,Rumah Teres,258,258
2026-09-12,scientex,9294-53,1,Rumah Teres,20,20
2026-09-12,scientex,9294-54,0,Rumah Teres,19,19
2026-09-12,scientex,9294-54,1,Rumah Teres,55,55
2026-09-12,scientex,9294-56,0,Rumah Pangsa/Kondo,204,204
2026-09-12,scientex,9294-56,1,Rumah Pangsa/Kondo,204,204
2026-09-12,scientex,9294-56,2,Rumah Pangsa/Kondo,206,206
2026-09-12,scientex,9294-59,0,Rumah Pangsa/Kondo,150,150
2026-09-12,scientex,9294-59,1,Rumah Pangsa/Kondo,150,150
2026-09-12,scientex,9294-60,0,Rumah Teres,304,304
2026-09-12,scientex,9294-61,0,Rumah Teres,70,70
2026-09-12,scientex,9294-63,0,Rumah Teres,238,238
2026-09-12,scientex,9294-64,0,Rumah Teres,122,120
2026-09-12,scientex,9294-73,0,Rumah Teres,207,0
2026-09-12,scientex,9294-45,0,Rumah Kluster,149,149
2026-09-12,scientex,9294-45,1,Rumah Kluster,152,152
2026-09-12,scientex,9294-45,2,Rumah Berkembar,28,28
2026-09-12,scientex,9294-45,3,Rumah Kluster,140,139
2026-09-12,scientex,9294-45,4,Rumah Berkembar,3,3
2026-09-12,scientex,9294-45,5,Rumah Berkembar,1,1
2026-09-12,scientex,6575-34,0,Rumah Teres,231,228
2026-09-12,scientex,6575-34,1,Rumah Teres,224,224
2026-09-12,scientex,6575-33,0,Rumah Teres,210,210
2026-09-12,scientex,6575-33,1,Rumah Teres,175,175
2026-09-12,scientex,6575-33,2,Rumah Teres,118,113
2026-09-12,scientex,6575-20,0,Rumah Teres,159,149
2026-09-12,scientex,6575-20,1,Rumah Teres,271,268
2026-09-12,scientex,6575-20,2,Rumah Teres,211,210
2026-09-12,simedarby,10991-4,0,Pangsapuri Servis,271,271
2026-09-12,simedarby,10991-5,0,Pangsapuri Servis,463,260
2026-09-12,simedarby,10991-5,1,Pangsapuri Servis,463,347
2026-09-12,simedarby,12408-16,0,Rumah Teres,43,0
2026-09-12,simedarby,12408-17,0,Rumah Teres,59,0
2026-09-12,simedarby,12408-18,0,Rumah Teres,49,22
2026-09-12,simedarby,12408-19,0,Rumah Teres,49,24
2026-09-12,simedarby,12408-20,0,Rumah Teres,118,116
2026-09-12,simedarby,12408-21,0,Rumah Teres,103,97
2026-09-12,simedarby,12408-22,0,Rumah Teres,123,73
2026-09-12,simedarby,12408-23,0,Rumah Teres,6,0
2026-09-12,simedarby,12408-23,1,Rumah Teres,14,0
2026-09-12,simedarby,12408-23,2,Rumah Teres,94,0
2026-09-12,simedarby,12408-24,0,Rumah Teres,133,0
2026-09-12,simedarby,13017-43,0,Rumah Teres,30,30
2026-09-12,simedarby,13017-43,1,Rumah Teres,44,42
2026-09-12,simedarby,13017-43,2,Rumah Teres,2,2
2026-09-12,simedarby,13017-43,3,Rumah Teres,2,2
2026-09-12,simedarby,13017-43,4,Rumah Teres,5,5
2026-09-12,simedarby,13017-43,5,Rumah Teres,5,5
2026-09-12,simedarby,13017-43,6,Rumah Teres,12,12
2026-09-12,simedarby,13017-43,7,Rumah Teres,1,1
2026-09-12,simedarby,13017-43,8,Rumah Teres,1,1
2026-09-12,simedarby,13017-44,0,Rumah Teres,38,38
2026-09-12,simedarby,13017-44,1,Rumah Teres,39,39
2026-09-12,simedarby,13017-44,2,Rumah Teres,3,3
2026-09-12,simedarby,13017-44,3,Rumah Teres,2,2
2026-09-12,simedarby,13017-44,4,Rumah Teres,5,5
2026-09-12,simedarby,13017-44,5,Rumah Teres,6,6
2026-09-12,simedarby,13017-45,0,Rumah Kluster,20,20
2026-09-12,simedarby,13017-45,1,Rumah Kluster,20,18
2026-09-12,simedarby,13017-45,2,Rumah Berkembar,43,42
2026-09-12,simedarby,13017-45,3,Rumah Berkembar,43,41
2026-09-12,simedarby,13017-46,0,Rumah Teres,99,99
2026-09-12,simedarby,13017-47,0,Pangsapuri Servis,449,386
2026-09-12,simedarby,13017-47,1,Pangsapuri Servis,50,25
2026-09-12,simedarby,13017-48,0,Rumah Teres,145,134
2026-09-12,simedarby,13017-49,0,Rumah Kluster,52,47
2026-09-12,simedarby,13017-49,1,Rumah Berkembar,24,24
2026-09-12,simedarby,13017-50,0,Rumah Teres,136,59
2026-09-12,simedarby,13017-51,0,Rumah Teres,70,19
2026-09-12,simedarby,14358-4,0,Rumah Teres,56,0
2026-09-12,simedarby,20060-1,0,Pangsapuri Servis,266,256
2026-09-12,simedarby,20060-1,1,Pangsapuri Servis,254,252
2026-09-12,simedarby,20171-2,0,Rumah Teres,30,9
2026-09-12,simedarby,20171-2,1,Rumah Teres,29,13
2026-09-12,simedarby,20171-3,0,Rumah Teres,64,0
2026-09-12,simedarby,20171-3,1,Rumah Teres,48,0
2026-09-12,simedarby,30500-1,0,Rumah Pangsa/Kondo,62,54
2026-09-12,simedarby,30500-1,1,Rumah Pangsa/Kondo,46,39
2026-09-12,simedarby,30500-1,2,Rumah Pangsa/Kondo,42,41
2026-09-12,simedarby,3780-6,0,Pangsapuri Servis,426,424
2026-09-12,simedarby,3780-6,1,Pangsapuri Servis,535,532
2026-09-12,simedarby,3780-7,0,Pangsapuri Servis,525,0
2026-09-12,simedarby,3780-7,1,Pangsapuri Servis,473,0
2026-09-12,simedarby,3927-154,0,Rumah Pangsa/Kondo,16,16
2026-09-12,simedarby,3927-154,1,Rumah Pangsa/Kondo,30,30
2026-09-12,simedarby,3927-154,2,Rumah Pangsa/Kondo,32,32
2026-09-12,simedarby,3927-154,3,Rumah Pangsa/Kondo,32,32
2026-09-12,simedarby,3927-154,4,Rumah Pangsa/Kondo,12,12
2026-09-12,simedarby,3927-155,0,Pangsapuri Servis,507,506
2026-09-12,simedarby,3927-155,1,Pangsapuri Servis,419,417
2026-09-12,simedarby,3927-155,2,Pangsapuri Servis,502,497
2026-09-12,simedarby,3927-160,0,Pangsapuri Servis,246,107
2026-09-12,simedarby,3927-160,1,Pangsapuri Servis,62,60
2026-09-12,simedarby,3927-161,0,Rumah Teres,108,37
2026-09-12,simedarby,3927-161,1,Rumah Teres,20,13
2026-09-12,simedarby,3927-161,2,Rumah Teres,10,10
2026-09-12,simedarby,3927-162,0,Rumah Teres,64,14
2026-09-12,simedarby,3927-162,1,Rumah Teres,9,7
2026-09-12,simedarby,3927-162,2,Rumah Teres,9,4
2026-09-12,simedarby,3927-163,0,Rumah Teres,85,81
2026-09-12,simedarby,3927-163,1,Rumah Teres,10,9
2026-09-12,simedarby,3927-163,2,Rumah Teres,14,14
2026-09-12,simedarby,3927-164,0,Rumah Berkembar,56,37
2026-09-12,simedarby,3927-164,1,Rumah Berkembar,16,7
2026-09-12,simedarby,3927-165,0,Rumah Teres,124,20
2026-09-12,simedarby,3927-165,1,Rumah Teres,12,6
2026-09-12,simedarby,3927-165,2,Rumah Teres,10,3
2026-09-12,simedarby,3927-166,0,Rumah Sesebuah,25,24
2026-09-12,simedarby,3927-167,0,Rumah Teres,122,91
2026-09-12,simedarby,3927-167,1,Rumah Teres,14,10
2026-09-12,simedarby,3927-167,2,Rumah Teres,6,5
2026-09-12,simedarby,597-13,0,Pangsapuri Servis,234,228
2026-09-12,simedarby,6755-11,0,Rumah Teres,84,68
2026-09-12,simedarby,6755-11,1,Rumah Teres,7,7
2026-09-12,simedarby,6755-11,2,Rumah Teres,9,9
2026-09-12,simedarby,6755-12,0,Rumah Teres,39,28
2026-09-12,simedarby,6755-12,1,Rumah Teres,3,3
2026-09-12,simedarby,6755-12,2,Rumah Teres,3,3
2026-09-12,simedarby,6755-13,0,Rumah Teres,55,42
2026-09-12,simedarby,6755-13,1,Rumah Teres,5,5
2026-09-12,simedarby,6755-13,2,Rumah Teres,5,4
2026-09-12,simedarby,6785-27,0,Rumah Bandar,68,55
2026-09-12,simedarby,6785-28,0,Rumah Teres,40,32
2026-09-12,simedarby,6785-29,0,Rumah Bandar,84,0
2026-09-12,simedarby,6785-30,0,Rumah Teres,211,160
2026-09-12,simedarby,6785-31,0,Rumah Teres,174,27
2026-09-12,simedarby,7277-27,0,Rumah Pangsa/Kondo,146,146
2026-09-12,simedarby,7277-27,1,Rumah Pangsa/Kondo,158,158
2026-09-12,simedarby,7277-27,2,Rumah Pangsa/Kondo,146,132
2026-09-12,simedarby,7277-28,0,Rumah Berkembar,20,18
2026-09-12,simedarby,3927-156,0,Rumah Teres,117,106
2026-09-12,simedarby,3927-156,1,Rumah Teres,5,5
2026-09-12,simedarby,3927-156,2,Rumah Teres,17,17
2026-09-12,simedarby,3927-157,0,Rumah Teres,92,82
2026-09-12,simedarby,3927-157,1,Rumah Teres,9,8
2026-09-12,simedarby,3927-157,2,Rumah Teres,7,7
2026-09-12,simedarby,3927-157,3,Rumah Teres,104,104
2026-09-12,simedarby,3927-157,4,Rumah Teres,9,9
2026-09-12,simedarby,3927-157,5,Rumah Teres,7,7
2026-09-12,simedarby,3927-157,6,Rumah Teres,102,67
2026-09-12,simedarby,3927-157,7,Rumah Teres,8,8
2026-09-12,simedarby,3927-157,8,Rumah Teres,8,8
2026-09-12,simedarby,6755-7,0,Rumah Teres,57,49
2026-09-12,simedarby,6755-7,1,Rumah Teres,34,25
2026-09-12,simedarby,6755-7,2,Rumah Teres,4,4
2026-09-12,simedarby,6755-7,3,Rumah Teres,4,2
2026-09-12,simedarby,7277-30,0,Pangsapuri Servis,998,158
2026-09-12,simedarby,14350-1,0,Pangsapuri Servis,170,96
2026-09-12,simedarby,14350-1,1,Pangsapuri Servis,259,179
2026-09-12,simedarby,13017-19,0,Rumah Teres,26,26
2026-09-12,simedarby,13017-19,1,Rumah Teres,147,147
2026-09-12,simedarby,13017-19,2,Rumah Teres,10,10
2026-09-12,simedarby,13017-20,0,Rumah Teres,25,25
2026-09-12,simedarby,13017-20,1,Rumah Teres,10,10
2026-09-12,simedarby,13017-20,2,Rumah Teres,170,170
2026-09-12,simedarby,13017-21,0,Rumah Teres,12,12
2026-09-12,simedarby,13017-21,1,Rumah Teres,12,12
2026-09-12,simedarby,13017-21,2,Rumah Teres,22,22
2026-09-12,simedarby,13017-21,3,Rumah Teres,26,26
2026-09-12,simedarby,13017-22,0,Rumah Teres,181,181
2026-09-12,simedarby,13017-23,0,Rumah Berkembar,47,47
2026-09-12,simedarby,13017-24,0,Rumah Pangsa/Kondo,186,126
2026-09-12,simedarby,13017-24,1,Rumah Pangsa/Kondo,196,126
2026-09-12,simedarby,13017-24,2,Rumah Pangsa/Kondo,180,96
2026-09-12,simedarby,13017-25,0,Rumah Teres,168,168
2026-09-12,simedarby,13017-26,0,Rumah Teres,204,204
2026-09-12,simedarby,13017-27,0,Rumah Teres,290,185
2026-09-12,simedarby,13017-27,1,Rumah Teres,223,115
2026-09-12,simedarby,13017-28,0,Rumah Teres,218,49
2026-09-12,simedarby,13017-29,0,Rumah Teres,71,11
2026-09-12,simedarby,13017-29,1,Rumah Teres,70,10
2026-09-12,simedarby,13017-29,2,Rumah Teres,8,2
2026-09-12,simedarby,13017-29,3,Rumah Teres,7,2
2026-09-12,simedarby,13017-29,4,Rumah Teres,4,1
2026-09-12,simedarby,13017-29,5,Rumah Teres,5,0
2026-09-12,simedarby,13017-29,6,Rumah Teres,12,1
2026-09-12,simedarby,13017-29,7,Rumah Teres,13,4
2026-09-12,simedarby,13017-29,8,Rumah Teres,1,0
2026-09-12,simedarby,13017-29,9,Rumah Teres,2,0
2026-09-12,simedarby,13017-29,10,Rumah Teres,1,0
2026-09-12,simedarby,13017-30,0,Rumah Sesebuah,1,1
2026-09-12,simedarby,13017-30,1,Rumah Berkembar,56,13
2026-09-12,simedarby,13017-31,0,Rumah Berkembar,17,17
2026-09-12,simedarby,13017-31,1,Rumah Berkembar,19,19
2026-09-12,simedarby,13017-31,2,Rumah Berkembar,13,12
2026-09-12,simedarby,13017-31,3,Rumah Berkembar,13,12
2026-09-12,simedarby,13017-31,4,Rumah Berkembar,4,3
2026-09-12,simedarby,13017-31,5,Rumah Berkembar,2,2
2026-09-12,simedarby,13017-31,6,Rumah Sesebuah,1,1
2026-09-12,simedarby,13017-32,0,Rumah Teres,189,1
2026-09-12,simedarby,13017-33,0,Rumah Teres,56,2
2026-09-12,simedarby,13017-33,1,Rumah Teres,56,1
2026-09-12,simedarby,13017-33,2,Rumah Teres,10,1
2026-09-12,simedarby,13017-33,3,Rumah Teres,10,1
2026-09-12,simedarby,13017-33,4,Rumah Teres,6,1
2026-09-12,simedarby,13017-33,5,Rumah Teres,6,2
2026-09-12,simedarby,13017-33,6,Rumah Teres,6,2
2026-09-12,simedarby,13017-33,7,Rumah Teres,6,3
2026-09-12,simedarby,13017-33,8,Rumah Teres,1,1
2026-09-12,simedarby,13017-33,9,Rumah Teres,2,1
2026-09-12,simedarby,13017-33,10,Rumah Teres,1,1
2026-09-12,simedarby,13017-34,0,Rumah Teres,208,117
2026-09-12,simedarby,13017-35,0,Rumah Teres,277,277
2026-09-12,simedarby,13017-36,0,Rumah Teres,116,113
2026-09-12,simedarby,13017-37,0,Rumah Teres,139,138
2026-09-12,simedarby,13017-38,0,Rumah Teres,185,180
2026-09-12,simedarby,13017-39,0,Rumah Teres,131,130
2026-09-12,simedarby,13017-40,0,Rumah Teres,241,241
2026-09-12,simedarby,13017-40,1,Rumah Bandar,62,61
2026-09-12,simedarby,13017-41,0,Rumah Berkembar,80,79
2026-09-12,simedarby,13017-42,0,Rumah Berkembar,88,88
2026-09-12,simedarby,12408-11,0,Rumah Teres,9,9
2026-09-12,simedarby,12408-11,1,Rumah Teres,38,38
2026-09-12,simedarby,12408-11,2,Rumah Teres,6,6
2026-09-12,simedarby,12408-11,3,Rumah Teres,54,54
2026-09-12,simedarby,12408-11,4,Rumah Teres,9,9
2026-09-12,simedarby,12408-11,5,Rumah Teres,9,9
2026-09-12,simedarby,12408-12,0,Rumah Teres,3,3
2026-09-12,simedarby,12408-12,1,Rumah Teres,7,7
2026-09-12,simedarby,12408-12,2,Rumah Teres,2,1
2026-09-12,simedarby,12408-12,3,Rumah Teres,47,1
2026-09-12,simedarby,12408-13,0,Rumah Teres,86,10
2026-09-12,simedarby,12408-14,0,Rumah Teres,50,43
2026-09-12,simedarby,12408-15,0,Rumah Teres,65,23
2026-09-12,simedarby,6785-7,0,Rumah Teres,247,247
2026-09-12,simedarby,6785-7,1,Rumah Teres,29,29
2026-09-12,simedarby,6785-7,2,Rumah Teres,6,6
2026-09-12,simedarby,6785-7,3,Rumah Teres,16,16
2026-09-12,simedarby,6785-8,0,Rumah Teres,226,226
2026-09-12,simedarby,6785-9,0,Rumah Teres,176,176
2026-09-12,simedarby,6785-10,0,Rumah Teres,84,84
2026-09-12,simedarby,6785-10,1,Rumah Teres,16,16
2026-09-12,simedarby,6785-11,0,Rumah Teres,84,84
2026-09-12,simedarby,6785-11,1,Rumah Teres,16,16
2026-09-12,simedarby,6785-12,0,Rumah Teres,19,19
2026-09-12,simedarby,6785-12,1,Rumah Teres,87,87
2026-09-12,simedarby,6785-12,2,Rumah Teres,16,16
2026-09-12,simedarby,6785-13,0,Rumah Teres,26,26
2026-09-12,simedarby,6785-13,1,Rumah Teres,54,54
2026-09-12,simedarby,6785-13,2,Rumah Teres,7,7
2026-09-12,simedarby,6785-14,0,Rumah Teres,16,16
2026-09-12,simedarby,6785-14,1,Rumah Teres,82,79
2026-09-12,simedarby,6785-14,2,Rumah Teres,17,16
2026-09-12,simedarby,6785-15,0,Rumah Teres,110,107
2026-09-12,simedarby,6785-16,0,Rumah Bandar,60,0
2026-09-12,simedarby,6785-17,0,Rumah Bandar,142,0
2026-09-12,simedarby,6785-18,0,Rumah Teres,120,87
2026-09-12,simedarby,6785-19,0,Rumah Teres,104,104
2026-09-12,simedarby,6785-19,1,Rumah Teres,18,18
2026-09-12,simedarby,6785-19,2,Rumah Teres,22,22
2026-09-12,simedarby,6785-20,0,Rumah Teres,102,102
2026-09-12,simedarby,6785-20,1,Rumah Teres,13,13
2026-09-12,simedarby,6785-20,2,Rumah Teres,23,23
2026-09-12,simedarby,6785-21,0,Rumah Teres,84,57
2026-09-12,simedarby,6785-22,0,Rumah Teres,116,108
2026-09-12,simedarby,6785-23,0,Rumah Teres,96,86
2026-09-12,simedarby,6785-24,0,Rumah Berkembar,72,53
2026-09-12,simedarby,6785-25,0,Rumah Teres,202,191
2026-09-12,simedarby,6785-26,0,Rumah Teres,206,203
2026-09-12,spsetia,10530-12,0,Pangsapuri Servis,216,97
2026-09-12,spsetia,10611-24,0,Rumah Teres,79,66
2026-09-12,spsetia,10611-24,1,Rumah Teres,52,44
2026-09-12,spsetia,10611-25,0,Rumah Berkembar,46,37
2026-09-12,spsetia,10611-26,0,Rumah Teres,111,92
2026-09-12,spsetia,10611-27,0,Rumah Teres,32,5
2026-09-12,spsetia,10611-28,0,Rumah Teres,89,9
2026-09-12,spsetia,10611-29,0,Rumah Sesebuah,22,0
2026-09-12,spsetia,11461-7,0,Rumah Berkembar,22,15
2026-09-12,spsetia,11978-4,0,Rumah Pangsa/Kondo,268,20
2026-09-12,spsetia,13243-26,0,Rumah Berkembar,40,25
2026-09-12,spsetia,13243-28,0,Rumah Sesebuah,37,5
2026-09-12,spsetia,14331-6,0,Rumah Teres,30,30
2026-09-12,spsetia,14331-6,1,Rumah Teres,4,4
2026-09-12,spsetia,14331-6,2,Rumah Teres,2,2
2026-09-12,spsetia,14331-6,3,Rumah Teres,2,2
2026-09-12,spsetia,14331-6,4,Rumah Berkembar,32,19
2026-09-12,spsetia,14331-7,0,Rumah Teres,25,25
2026-09-12,spsetia,14331-7,1,Rumah Bandar,246,241
2026-09-12,spsetia,14331-7,2,Rumah Pangsa/Kondo,117,113
2026-09-12,spsetia,14331-8,0,Rumah Berkembar,4,0
2026-09-12,spsetia,14331-8,1,Rumah Teres,50,1
2026-09-12,spsetia,14331-8,2,Rumah Teres,16,0
2026-09-12,spsetia,14421-22,0,Rumah Teres,113,71
2026-09-12,spsetia,19700-5,0,Rumah Berkembar,12,8
2026-09-12,spsetia,19700-6,0,Rumah Berkembar,74,26
2026-09-12,spsetia,19732-10,0,Rumah Berkembar,12,0
2026-09-12,spsetia,19732-10,1,Rumah Sesebuah,18,0
2026-09-12,spsetia,19732-10,2,Rumah Berkembar,32,0
2026-09-12,spsetia,19732-10,3,Rumah Berkembar,46,0
2026-09-12,spsetia,19732-6,0,Rumah Teres,48,16
2026-09-12,spsetia,19732-6,1,Rumah Teres,49,12
2026-09-12,spsetia,19732-6,2,Rumah Teres,30,21
2026-09-12,spsetia,19732-7,0,Rumah Teres,154,94
2026-09-12,spsetia,19732-8,0,Rumah Teres,179,0
2026-09-12,spsetia,19732-9,0,Rumah Pangsa/Kondo,640,640
2026-09-12,spsetia,19740-7,0,Rumah Berkembar,54,1
2026-09-12,spsetia,2387-21,0,Rumah Teres,48,40
2026-09-12,spsetia,2387-22,0,Rumah Teres,56,31
2026-09-12,spsetia,2387-23,0,Rumah Sesebuah,2,1
2026-09-12,spsetia,2387-23,1,Rumah Kluster,32,7
2026-09-12,spsetia,30101-8,0,Rumah Kluster,72,27
2026-09-12,spsetia,30101-9,0,Rumah Teres,60,38
2026-09-12,spsetia,30874-1,0,Pangsapuri Servis,693,232
2026-09-12,spsetia,37-10,0,Rumah Teres,162,10
2026-09-12,spsetia,37-9,0,Rumah Bandar,420,10
2026-09-12,spsetia,4924-79,0,Rumah Berkembar,18,18
2026-09-12,spsetia,4924-79,1,Rumah Berkembar,18,18
2026-09-12,spsetia,4924-79,2,Rumah Sesebuah,1,1
2026-09-12,spsetia,4924-80,0,Rumah Teres,31,31
2026-09-12,spsetia,4924-80,1,Rumah Teres,7,6
2026-09-12,spsetia,4924-81,0,Rumah Berkembar,12,12
2026-09-12,spsetia,4924-81,1,Rumah Berkembar,16,16
2026-09-12,spsetia,4924-82,0,Rumah Berkembar,30,30
2026-09-12,spsetia,4924-83,0,Rumah Berkembar,18,0
2026-09-12,spsetia,673-12,0,Pangsapuri Servis,225,96
2026-09-12,spsetia,673-12,1,Pangsapuri Servis,274,105
2026-09-12,spsetia,7180-39,0,Rumah Teres,68,41
2026-09-12,spsetia,7180-39,1,Rumah Teres,11,7
2026-09-12,spsetia,7180-39,2,Rumah Teres,7,4
2026-09-12,spsetia,7180-40,0,Rumah Teres,77,26
2026-09-12,spsetia,7180-41,0,Rumah Teres,98,0
2026-09-12,spsetia,8118-60,0,Rumah Kluster,174,168
2026-09-12,spsetia,8118-60,1,Rumah Kluster,116,111
2026-09-12,spsetia,8118-60,2,Rumah Teres,30,28
2026-09-12,spsetia,8118-60,3,Rumah Teres,35,34
2026-09-12,spsetia,8118-74,0,Rumah Berkembar,40,36
2026-09-12,spsetia,8118-75,0,Rumah Teres,103,75
2026-09-12,spsetia,8118-76,0,Rumah Teres,95,68
2026-09-12,spsetia,8118-77,0,Rumah Berkembar,30,17
2026-09-12,spsetia,8118-78,0,Pangsapuri Servis,280,48
2026-09-12,spsetia,8118-78,1,Pangsapuri Servis,320,66
2026-09-12,spsetia,8118-79,0,Rumah Bandar,60,0
2026-09-12,spsetia,8118-79,1,Rumah Bandar,48,0
2026-09-12,spsetia,8118-80,0,Rumah Teres,203,102
2026-09-12,spsetia,8118-81,0,Rumah Sesebuah,27,8
2026-09-12,spsetia,8118-82,0,Rumah Kluster,72,0
2026-09-12,spsetia,8118-82,1,Rumah Berkembar,12,0
2026-09-12,spsetia,8118-82,2,Rumah Kluster,4,0
2026-09-12,spsetia,9246-123,0,Rumah Berpagar,17,2
2026-09-12,spsetia,9246-123,1,Rumah Berpagar,16,10
2026-09-12,spsetia,9246-123,2,Rumah Berpagar,2,2
2026-09-12,spsetia,9246-123,3,Rumah Berpagar,2,2
2026-09-12,spsetia,9246-123,4,Rumah Berpagar,2,1
2026-09-12,spsetia,9246-123,5,Rumah Berpagar,4,3
2026-09-12,spsetia,9246-123,6,Rumah Berpagar,2,1
2026-09-12,spsetia,9246-123,7,Rumah Berpagar,2,2
2026-09-12,spsetia,9246-123,8,Rumah Berpagar,2,2
2026-09-12,spsetia,9246-123,9,Rumah Berpagar,2,2
2026-09-12,spsetia,9246-123,10,Rumah Berpagar,17,1
2026-09-12,spsetia,9246-124,0,Rumah Teres,43,42
2026-09-12,spsetia,9246-124,1,Rumah Teres,59,52
2026-09-12,spsetia,9246-125,0,Rumah Kluster,72,45
2026-09-12,spsetia,9246-126,0,Rumah Teres,83,21
2026-09-12,spsetia,9246-126,1,Rumah Teres,17,2
2026-09-12,spsetia,9586-34,0,Rumah Sesebuah,1,1
2026-09-12,spsetia,9586-34,1,Rumah Sesebuah,8,8
2026-09-12,spsetia,9586-34,2,Rumah Sesebuah,10,10
2026-09-12,spsetia,9586-35,0,Rumah Sesebuah,11,11
2026-09-12,spsetia,9586-36,0,Rumah Sesebuah,29,29
2026-09-12,spsetia,9586-37,0,Rumah Berkembar,58,45
2026-09-12,spsetia,9586-37,1,Rumah Sesebuah,9,7
2026-09-12,spsetia,9796-21,0,Rumah Teres,62,60
2026-09-12,spsetia,9796-21,1,Rumah Teres,21,17
2026-09-12,spsetia,9796-22,0,Rumah Berkembar,42,13
2026-09-12,spsetia,9796-23,0,Rumah Teres,95,80
2026-09-12,spsetia,9796-24,0,Rumah Berkembar,38,13
2026-09-12,spsetia,9796-25,0,Rumah Pangsa/Kondo,274,145
2026-09-12,spsetia,9796-25,1,Rumah Pangsa/Kondo,287,88
2026-09-12,spsetia,9796-26,0,Rumah Teres,82,27
2026-09-12,spsetia,9796-27,0,Rumah Teres,69,1
2026-09-12,spsetia,9829-28,0,Rumah Teres,116,115
2026-09-12,spsetia,9829-29,0,Rumah Kluster,60,33
2026-09-12,spsetia,9829-30,0,Rumah Teres,101,84
2026-09-12,spsetia,9829-31,0,Rumah Kluster,60,32
2026-09-12,spsetia,9829-31,1,Rumah Berkembar,10,8
2026-09-12,spsetia,9829-33,0,Rumah Berkembar,28,1
2026-09-12,spsetia,9829-33,1,Rumah Berkembar,12,5
2026-09-12,spsetia,9829-34,0,Rumah Teres,146,32
2026-09-12,spsetia,9851-25,0,Rumah Sesebuah,18,3
2026-09-12,spsetia,9851-25,1,Rumah Berkembar,22,3
2026-09-12,spsetia,9796-19,0,Rumah Teres,44,44
2026-09-12,spsetia,9796-19,1,Rumah Teres,54,45
2026-09-12,spsetia,14331-1,0,Rumah Berkembar,51,51
2026-09-12,spsetia,14331-1,1,Rumah Sesebuah,5,5
2026-09-12,spsetia,14331-1,2,Rumah Teres,34,34
2026-09-12,spsetia,14331-1,3,Rumah Teres,65,65
2026-09-12,spsetia,14331-1,4,Rumah Teres,72,72
2026-09-12,spsetia,14331-3,0,Rumah Teres,54,54
2026-09-12,spsetia,14331-3,1,Rumah Teres,38,38
2026-09-12,spsetia,14331-3,2,Rumah Berkembar,64,64
2026-09-12,spsetia,14331-4,0,Rumah Berkembar,68,67
2026-09-12,spsetia,14331-4,1,Rumah Sesebuah,12,5
2026-09-12,spsetia,14331-4,2,Rumah Teres,75,75
2026-09-12,spsetia,14331-5,0,Rumah Berkembar,28,28
2026-09-12,spsetia,14331-5,1,Rumah Teres,36,36
2026-09-12,spsetia,14331-5,2,Rumah Teres,4,4
2026-09-12,spsetia,14331-5,3,Rumah Teres,6,5
2026-09-12,spsetia,30101-1,0,Rumah Kluster,88,88
2026-09-12,spsetia,30101-2,0,Rumah Kluster,44,44
2026-09-12,spsetia,30101-3,0,Rumah Kluster,44,44
2026-09-12,spsetia,30101-4,0,Rumah Teres,114,111
2026-09-12,spsetia,30101-5,0,Rumah Kluster,88,88
2026-09-12,spsetia,30101-6,0,Rumah Kluster,44,43
2026-09-12,spsetia,30101-7,0,Rumah Teres,60,46
2026-09-12,spsetia,9796-20,0,Rumah Teres,48,48
2026-09-12,spsetia,9796-20,1,Rumah Teres,49,41
2026-09-12,spsetia,37-5,0,Rumah Pangsa/Kondo,272,272
2026-09-12,spsetia,37-6,0,Rumah Teres,187,186
2026-09-12,spsetia,37-7,0,Rumah Teres,135,122
2026-09-12,spsetia,37-8,0,Rumah Teres,49,0
2026-09-12,spsetia,37-8,1,Rumah Teres,3,0
2026-09-12,spsetia,37-8,2,Rumah Teres,5,0
2026-09-12,spsetia,37-8,3,Rumah Teres,51,0
2026-09-12,spsetia,37-8,4,Rumah Teres,2,0
2026-09-12,spsetia,37-8,5,Rumah Teres,5,0
2026-09-12,spsetia,37-8,6,Rumah Teres,1,0
2026-09-12,spsetia,37-8,7,Rumah Teres,1,0
2026-09-12,spsetia,12215-6,0,Rumah Sesebuah,13,13
2026-09-12,spsetia,12215-6,1,Rumah Berkembar,41,41
2026-09-12,spsetia,12215-6,2,Rumah Teres,84,84
2026-09-12,spsetia,12215-7,0,Rumah Teres,152,152
2026-09-12,spsetia,12215-8,0,Rumah Berkembar,42,41
2026-09-12,spsetia,12215-8,1,Rumah Sesebuah,18,14
2026-09-12,spsetia,12215-9,0,Rumah Teres,48,48
2026-09-12,spsetia,12215-9,1,Rumah Sesebuah,6,6
2026-09-12,spsetia,12215-9,2,Rumah Berkembar,46,43
2026-09-12,spsetia,14421-6,0,Rumah Kluster,92,92
2026-09-12,spsetia,14421-7,0,Rumah Teres,114,114
2026-09-12,spsetia,14421-8,0,Rumah Teres,80,80
2026-09-12,spsetia,14421-9,0,Rumah Teres,67,67
2026-09-12,spsetia,14421-10,0,Rumah Kluster,48,48
2026-09-12,spsetia,14421-11,0,Rumah Teres,45,45
2026-09-12,spsetia,14421-12,0,Rumah Teres,21,21
2026-09-12,spsetia,14421-12,1,Rumah Teres,44,44
2026-09-12,spsetia,14421-13,0,Rumah Teres,105,105
2026-09-12,spsetia,14421-14,0,Rumah Teres,69,69
2026-09-12,spsetia,14421-15,0,Rumah Teres,62,62
2026-09-12,spsetia,14421-16,0,Rumah Kluster,76,76
2026-09-12,spsetia,14421-17,0,Rumah Teres,76,25
2026-09-12,spsetia,14421-18,0,Rumah Teres,66,66
2026-09-12,spsetia,14421-19,0,Rumah Teres,77,2
2026-09-12,spsetia,14421-20,0,Rumah Kluster,84,78
2026-09-12,spsetia,14421-21,0,Rumah Teres,99,77
2026-09-12,spsetia,19740-1,0,Rumah Berkembar,34,34
2026-09-12,spsetia,19740-2,0,Rumah Berkembar,10,10
2026-09-12,spsetia,19740-2,1,Rumah Sesebuah,8,8
2026-09-12,spsetia,19740-3,0,Rumah Berkembar,9,9
2026-09-12,spsetia,19740-4,0,Rumah Sesebuah,5,5
2026-09-12,spsetia,19740-4,1,Rumah Berkembar,24,24
2026-09-12,spsetia,19740-5,0,Rumah Berkembar,8,8
2026-09-12,spsetia,19740-6,0,Rumah Berkembar,26,20
2026-09-12,spsetia,19732-4,0,Rumah Teres,32,32
2026-09-12,spsetia,19732-4,1,Rumah Teres,29,29
2026-09-12,spsetia,19732-4,2,Rumah Teres,50,40
2026-09-12,spsetia,19732-4,3,Rumah Teres,51,45
2026-09-12,spsetia,19732-4,4,Rumah Teres,30,30
2026-09-12,spsetia,19732-5,0,Rumah Teres,76,61
2026-09-12,spsetia,19732-5,1,Rumah Teres,74,59
2026-09-12,spsetia,19732-5,2,Rumah Teres,15,9
2026-09-12,spsetia,19732-5,3,Rumah Teres,15,5
2026-09-12,ksl,13457-2,0,Pangsapuri Servis,480,18
2026-09-12,ksl,13457-2,1,Pangsapuri Servis,800,18
2026-09-12,ksl,14641-2,0,Pangsapuri Servis,697,51
2026-09-12,ksl,14641-2,1,Pangsapuri Servis,503,97
2026-09-12,ksl,30622-1,0,Rumah Teres,146,135
2026-09-12,ksl,30622-1,1,Rumah Teres,14,13
2026-09-12,ksl,30622-2,0,Rumah Teres,175,167
2026-09-12,ksl,30622-3,0,Rumah Teres,124,113
2026-09-12,ksl,30622-3,1,Rumah Teres,8,6
2026-09-12,ksl,30622-4,0,Rumah Teres,5,5
2026-09-12,ksl,30622-4,1,Rumah Teres,124,95
2026-09-12,ksl,31041-1,0,Pangsapuri Servis,552,33
2026-09-12,ksl,31041-1,1,Pangsapuri Servis,181,17
2026-09-12,ksl,31063-1,0,Rumah Kluster,228,61
2026-09-12,ksl,31063-1,1,Rumah Berkembar,2,1
2026-09-12,ksl,31063-2,0,Rumah Teres,265,265
2026-09-12,ksl,31063-3,0,Rumah Teres,265,265
2026-09-12,ksl,31063-4,0,Pangsapuri Servis,511,77
2026-09-12,ksl,31063-4,1,Pangsapuri Servis,511,129
2026-09-12,ksl,31063-5,0,Pangsapuri Servis,1138,32
2026-09-12,ksl,3390-38,0,Rumah Teres,56,0
2026-09-12,ksl,3390-38,1,Rumah Teres,8,0
2026-09-12,ksl,3390-38,2,Rumah Teres,7,0
2026-09-12,ksl,3390-71,0,Pangsapuri Servis,1170,669
2026-09-12,ksl,3390-71,1,Pangsapuri Servis,518,342
2026-09-12,ksl,3390-77,0,Pangsapuri Servis,204,33
2026-09-12,ksl,3390-77,1,Pangsapuri Servis,204,9
2026-09-12,ksl,3390-77,2,Pangsapuri Servis,204,2
2026-09-12,ksl,3390-78,0,Rumah Teres,181,112
2026-09-12,ksl,3390-79,0,Rumah Teres,217,85
2026-09-12,ksl,3390-80,0,Pangsapuri Servis,430,182
2026-09-12,ksl,3390-80,1,Pangsapuri Servis,271,56
2026-09-12,ksl,3390-80,2,Pangsapuri Servis,963,263
2026-09-12,ksl,3390-81,0,Rumah Teres,19,12
2026-09-12,ksl,3390-82,0,Rumah Teres,181,50
2026-09-12,ksl,3390-82,1,Rumah Sesebuah,1,0
2026-09-12,ksl,3390-83,0,Pangsapuri Servis,432,75
2026-09-12,ksl,3390-83,1,Pangsapuri Servis,432,67
2026-09-12,ksl,3390-84,0,Rumah Teres,33,14
2026-09-12,ksl,3390-84,1,Rumah Teres,2,1
2026-09-12,ksl,3390-84,2,Rumah Teres,1,0
2026-09-12,ksl,3390-84,3,Rumah Teres,2,1
2026-09-12,ksl,3390-84,4,Rumah Teres,3,2
2026-09-12,ksl,3390-84,5,Rumah Teres,3,0
2026-09-12,ksl,3390-85,0,Rumah Teres,223,0
2026-09-12,ksl,3390-86,0,Rumah Kluster,24,0
2026-09-12,ksl,3390-86,1,Rumah Kluster,120,0
2026-09-12,ksl,3390-86,2,Rumah Berkembar,8,0
2026-09-12,ksl,3390-86,3,Rumah Berkembar,20,0
2026-09-12,ksl,3390-86,4,Rumah Berkembar,2,0
2026-09-12,ksl,3390-86,5,Rumah Berkembar,2,0
2026-09-12,ksl,4204-16,0,Rumah Teres,240,123
2026-09-12,ksl,4204-17,0,Rumah Teres,196,9
2026-09-12,ksl,4706-6,0,Rumah Teres,23,0
2026-09-12,ksl,4706-6,1,Rumah Teres,4,0
2026-09-12,ksl,4706-6,2,Rumah Teres,5,0
2026-09-12,ksl,5192-10,0,Rumah Berkembar,6,5
2026-09-12,ksl,5192-10,1,Rumah Teres,18,7
2026-09-12,ksl,5192-10,2,Rumah Teres,13,8
2026-09-12,ksl,5192-10,3,Rumah Teres,1,0
2026-09-12,ksl,5192-10,4,Rumah Teres,2,0
2026-09-12,ksl,5192-10,5,Rumah Teres,2,0
2026-09-12,ksl,5192-10,6,Rumah Teres,3,0
2026-09-12,ksl,5192-9,0,Rumah Berkembar,4,2
2026-09-12,ksl,5192-9,1,Rumah Teres,46,5
2026-09-12,ksl,5192-9,2,Rumah Teres,2,0
2026-09-12,ksl,5192-9,3,Rumah Teres,3,0
2026-09-12,ksl,5192-9,4,Rumah Teres,3,0
2026-09-12,ksl,5192-9,5,Rumah Teres,3,0
2026-09-12,ksl,7777-13,0,Rumah Teres,44,37
2026-09-12,ksl,7777-13,1,Rumah Teres,21,15
2026-09-12,ksl,7777-13,2,Rumah Teres,12,10
2026-09-12,ksl,7777-13,3,Rumah Teres,14,13
2026-09-12,ksl,7777-14,0,Rumah Teres,92,73
2026-09-12,ksl,7777-14,1,Rumah Teres,9,4
2026-09-12,ksl,7777-15,0,Rumah Teres,19,10
2026-09-12,ksl,7777-15,1,Rumah Teres,202,114
2026-09-12,ksl,7777-16,0,Rumah Teres,237,59
2026-09-12,ksl,7777-17,0,Rumah Teres,72,44
2026-09-12,ksl,7777-17,1,Rumah Teres,104,65
2026-09-12,ksl,7777-18,0,Pangsapuri Servis,482,332
2026-09-12,ksl,7777-18,1,Pangsapuri Servis,666,490
2026-09-12,ksl,3390-73,0,Rumah Pangsa/Kondo,238,199
2026-09-12,ksl,3390-73,1,Rumah Pangsa/Kondo,238,195
2026-09-12,ksl,3390-64,0,Pangsapuri Servis,440,271
2026-09-12,ksl,3390-64,1,Pangsapuri Servis,440,248
2026-09-12,ksl,3390-64,2,Pangsapuri Servis,396,235
2026-09-12,johor,31366-1,0,Pangsapuri Servis,253,0
2026-09-12,johor,31366-1,1,Pangsapuri Servis,368,0
2026-09-12,lagenda,20128-2,0,Rumah Teres,18,0
2026-09-12,scientex,30714-3,0,Rumah Teres,303,301
2026-09-12,scientex,30714-4,0,Rumah Teres,263,258
2026-09-12,scientex,6575-48,0,Rumah Teres,234,204
2026-09-12,scientex,6575-49,0,Rumah Teres,333,261
2026-09-12,scientex,6575-52,0,Rumah Teres,343,247
2026-09-12,scientex,9294-87,0,Rumah Teres,283,118
2026-09-12,scientex,6331-8,0,Rumah Teres,139,139
2026-09-12,scientex,6331-8,1,Rumah Berkembar,70,70
2026-09-12,scientex,6331-30,0,Rumah Teres,220,0
2026-09-12,simedarby,597-14,0,Rumah Pangsa/Kondo,480,333
2026-09-12,simedarby,597-15,0,Rumah Teres,61,7
2026-09-12,ksl,4205-10,0,Rumah Teres,60,7
2026-09-12,ksl,4205-11,0,Rumah Teres,52,0
2026-09-12,ksl,4205-12,0,Rumah Teres,60,5
